{
  "TOOL_BUG_ID": "dynamoth-Chart-25",
  "SLB": {
    "median": 61.75,
    "std": 0.8453795991545253,
    "max": 63.6,
    "min": 61.2
  },
  "PowerAvg": {
    "median": 144.45,
    "std": 0.5706721183540224,
    "max": 145.0,
    "min": 143.5
  },
  "Time": {
    "median": 9308.262471556664,
    "std": 4658.005797020949,
    "max": 19566.653585910797,
    "min": 6458.255909919739
  },
  "Joules": {
    "median": 1267359.1925501707,
    "std": 664654.2217782885,
    "max": 2734697.452947129,
    "min": 863807.5256912113
  },
  "JoulesNormalized": {
    "median": 690129.4388643983,
    "std": 364016.09868326416,
    "max": 1490258.2848832023,
    "min": 465978.9616401554
  },
  "NrPatches": {
    "median": 39.0,
    "std": 0.0,
    "max": 39,
    "min": 39
  },
  "Joules_Per_PatchMedian": [
    271.1784063577652,
    914.0279723227025,
    991.1927749991416,
    1048.3295967102051,
    4891.270224189759,
    8999.825450450182,
    9087.197039639948,
    9145.929566770792,
    9233.056659770013,
    9291.396777957678,
    11772.902800512315,
    12023.442703431845,
    12262.40786881447,
    12501.326730734108,
    14541.55577840805,
    14620.540739023685,
    259350.06775040628,
    261869.03786252736,
    262015.34529219865,
    262146.8085117221,
    262330.7516278267,
    274080.19141911267,
    275628.961174494,
    275923.15905404685,
    282280.7983955383,
    282423.8588565826,
    282535.60837477446,
    282696.84986011975,
    282837.6019110321,
    284905.86228774185,
    288924.24280953995,
    289085.10250899184,
    291769.4384893655,
    292089.39743988507,
    292944.8890471815,
    295391.8113588332,
    304791.0903141915,
    612194.9393617867,
    613017.0037998557
  ],
  "ExecutionTime_Per_PatchMedian": [
    2.0001819133758545,
    7.620041370391846,
    8.340066313743591,
    8.849772691726685,
    45.42932713031769,
    85.28862857818604,
    86.07808315753937,
    86.60821771621704,
    87.42768728733063,
    87.96828281879425,
    111.12791633605957,
    113.43777298927307,
    115.61794853210449,
    117.82807803153992,
    137.0471419095993,
    137.79720640182495,
    1857.0886105298996,
    1880.1183369159698,
    1881.4178749322891,
    1882.5974724292755,
    1884.247393488884,
    1991.6754668951035,
    2007.0150054693222,
    2009.975163936615,
    2073.3934713602066,
    2074.7838068008423,
    2075.853928208351,
    2077.4641972780228,
    2078.843702673912,
    2099.303693175316,
    2138.9928600788116,
    2140.6027586460114,
    2167.751932621002,
    2171.1220000982285,
    2179.8019012212753,
    2204.1911467313766,
    2297.239490747452,
    4782.644706726074,
    4790.624179601669
  ],
  "JoulesNormalized_Per_PatchMedian": [
    148.83326175212858,
    445.8413730084896,
    478.765771150589,
    504.5786370396614,
    2099.2956196546556,
    3757.24679557681,
    3796.0689177393906,
    3822.227070885896,
    3858.997758114337,
    3884.1132900178427,
    4941.995026826858,
    5050.566634541749,
    5155.540122926235,
    5258.609157735109,
    6117.661760091782,
    6150.532639753818,
    142484.79876078368,
    143553.35228965286,
    143617.77555153373,
    143674.9958691001,
    143755.1479109645,
    148741.5940954566,
    149325.5067815602,
    149433.94773145317,
    151806.8533661127,
    151862.56788635254,
    151907.02483695745,
    151967.19255145785,
    152021.00048705336,
    152804.13872461912,
    154327.70656434892,
    154387.17757713198,
    155363.18130095006,
    155471.58604249952,
    155779.3130184412,
    156690.36669420003,
    160230.53010762332,
    311152.5110037923,
    311471.8124566317
  ],
  "Correctness_Per_Patch": [
    "I",
    "I",
    "I",
    "I",
    "I",
    "I",
    "I",
    "I",
    "I",
    "I",
    "I",
    "I",
    "I",
    "I",
    "I",
    "I",
    "I",
    "I",
    "I",
    "I",
    "I",
    "I",
    "I",
    "I",
    "I",
    "I",
    "I",
    "I",
    "I",
    "I",
    "I",
    "I",
    "I",
    "I",
    "I",
    "I",
    "I",
    "I",
    "I"
  ]
}