{
  "TOOL_BUG_ID": "TBar-Lang-10",
  "SLB": {
    "median": 63.8,
    "std": 0.4062019202317959,
    "max": 64.1,
    "min": 63.1
  },
  "PowerAvg": {
    "median": 112.2,
    "std": 4.877806884246243,
    "max": 112.4,
    "min": 101.1
  },
  "Time": {
    "median": 17986.833049058914,
    "std": 3.660373334044004,
    "max": 17987.1752910614,
    "min": 17978.529659986496
  },
  "Joules": {
    "median": 1822494.2919827932,
    "std": 31436.99993194297,
    "max": 1826220.7802961592,
    "min": 1753338.1135443565
  },
  "JoulesNormalized": {
    "median": 675041.5616682295,
    "std": 25544.094437402757,
    "max": 680330.3933675522,
    "min": 618892.8919992086
  },
  "NrPatches": {
    "median": 2,
    "std": 0.5477225575051661,
    "max": 2,
    "min": 1
  },
  "Joules_Per_PatchMedian": [
    1057264.110739887,
    1823072.9327827808
  ],
  "ExecutionTime_Per_PatchMedian": [
    10476.004300117493,
    17966.335678100586
  ],
  "JoulesNormalized_Per_PatchMedian": [
    389377.3242036463,
    676588.4293425917
  ],
  "Correctness_Per_Patch": [
    "C",
    "na"
  ]
}