{
  "TOOL_BUG_ID": "TBar-Closure-62",
  "SLB": {
    "median": 63.3,
    "std": 0.3848314411469485,
    "max": 64.3,
    "min": 62.7
  },
  "PowerAvg": {
    "median": 117.2,
    "std": 6.78995757052456,
    "max": 117.7,
    "min": 90.9
  },
  "Time": {
    "median": 12679.165110111237,
    "std": 1401.1432485918222,
    "max": 17801.053140878677,
    "min": 12591.511322021484
  },
  "Joules": {
    "median": 1536279.2724991916,
    "std": 64234.87375873224,
    "max": 1752271.3840633752,
    "min": 1526060.9715579508
  },
  "JoulesNormalized": {
    "median": 733441.175685382,
    "std": 53785.35579033563,
    "max": 800027.1078421476,
    "min": 544000.6666971084
  },
  "NrPatches": {
    "median": 5,
    "std": 0.0,
    "max": 5,
    "min": 5
  },
  "Joules_Per_PatchMedian": [
    52040.002669978145,
    78096.06763151883,
    97710.94240869282,
    104240.98459347484,
    190471.6941209793
  ],
  "ExecutionTime_Per_PatchMedian": [
    430.850044965744,
    645.926675081253,
    807.7830066680908,
    861.0413067340851,
    1571.4450588226318
  ],
  "JoulesNormalized_Per_PatchMedian": [
    24695.077325260645,
    37178.55360974074,
    46460.88017385006,
    49567.76166301966,
    90789.67904193403
  ],
  "Correctness_Per_Patch": [
    "C",
    "na",
    "na",
    "na",
    "na"
  ]
}