{
  "TOOL_BUG_ID": "jGenProg-Math-53",
  "SLB": {
    "median": 64.6,
    "std": 0.4725815626252595,
    "max": 64.8,
    "min": 63.9
  },
  "PowerAvg": {
    "median": 108.4,
    "std": 0.665832811847937,
    "max": 109.3,
    "min": 108.0
  },
  "Time": {
    "median": 17663.427433013916,
    "std": 1.8273048210459142,
    "max": 17664.022078037262,
    "min": 17660.601948022842
  },
  "Joules": {
    "median": 1952356.0234953405,
    "std": 30500.698223244697,
    "max": 1966499.9424603577,
    "min": 1908038.8796236399
  },
  "JoulesNormalized": {
    "median": 811298.6113226416,
    "std": 37570.15476672547,
    "max": 837768.9316737766,
    "min": 763631.8733917598
  },
  "NrPatches": {
    "median": 3,
    "std": 0.5773502691896257,
    "max": 3,
    "min": 2
  },
  "Joules_Per_PatchMedian": [
    10113.674719965458,
    27245.10000323057,
    35070.84339396954
  ],
  "ExecutionTime_Per_PatchMedian": [
    92.07786011695862,
    249.11407113075256,
    321.0923706293106
  ],
  "JoulesNormalized_Per_PatchMedian": [
    4229.899458491803,
    11102.508193957807,
    14402.960555243495
  ],
  "Correctness_Per_Patch": [
    "C",
    "na",
    "na"
  ]
}