{
  "TOOL_BUG_ID": "jGenProg-Math-95",
  "SLB": {
    "median": 63.4,
    "std": 0.15275252316519297,
    "max": 63.5,
    "min": 63.2
  },
  "PowerAvg": {
    "median": 173.7,
    "std": 0.49328828623162263,
    "max": 173.8,
    "min": 172.9
  },
  "Time": {
    "median": 17980.09516811371,
    "std": 0.7942473400249055,
    "max": 17981.35302901268,
    "min": 17979.883964061737
  },
  "Joules": {
    "median": 3112845.800981975,
    "std": 8314.601489974802,
    "max": 3113696.894741523,
    "min": 3098888.9098427407
  },
  "JoulesNormalized": {
    "median": 1973772.251420009,
    "std": 10445.293961383115,
    "max": 1976424.2895483738,
    "min": 1957152.8666675203
  },
  "NrPatches": {
    "median": 20,
    "std": 0.0,
    "max": 20,
    "min": 20
  },
  "Joules_Per_PatchMedian": [
    3603.2694539725785,
    6459.300525534153,
    11719.0705681324,
    15002.457391124964,
    18405.3311096549,
    21865.99682896137,
    28387.59863575101,
    50450.72198821902,
    75253.05694220662,
    96145.69253587126,
    167577.83975676296,
    175698.2304132998,
    178471.97554989456,
    229123.24954915047,
    232235.48111813664,
    266208.5617886543,
    469543.17951289413,
    791484.9099930882,
    1073532.1790932596,
    1226117.1221113624
  ],
  "ExecutionTime_Per_PatchMedian": [
    21.41954803466797,
    38.468984961509705,
    70.86823046207428,
    91.60784602165222,
    113.54750299453735,
    135.8269124031067,
    177.77599823474884,
    323.152859210968,
    476.0395596027374,
    596.5968770980835,
    1003.2479026317596,
    1049.6567821502686,
    1065.4064922332764,
    1354.2900826931,
    1371.9796036481857,
    1566.0254790782928,
    2733.3996884822845,
    4579.158954501152,
    6203.131794214249,
    7081.222381234169
  ],
  "JoulesNormalized_Per_PatchMedian": [
    273.6741474807268,
    474.1871845424182,
    1016.5289407312875,
    1503.0697656035431,
    2110.332704520226,
    2756.72062188983,
    4014.6977549791336,
    8115.3682675242435,
    13559.594175350667,
    19309.919318050146,
    40351.511859196435,
    42797.39709441066,
    43775.61685618162,
    58466.38963930607,
    59266.12284516096,
    69371.03294032814,
    127886.86726702453,
    222122.33265702132,
    304130.4086588681,
    346726.7345508397
  ],
  "Correctness_Per_Patch": [
    "I",
    "I",
    "I",
    "I",
    "I",
    "I",
    "I",
    "I",
    "I",
    "I",
    "I",
    "I",
    "I",
    "I",
    "I",
    "I",
    "I",
    "I",
    "I",
    "I"
  ]
}