{
  "TOOL_BUG_ID": "FixMiner-Math-33",
  "SLB": {
    "median": 63.0,
    "std": 0.6877499545619753,
    "max": 63.9,
    "min": 62.1
  },
  "PowerAvg": {
    "median": 111.2,
    "std": 4.922093050725473,
    "max": 112.7,
    "min": 100.7
  },
  "Time": {
    "median": 5922.786575078964,
    "std": 2762.0929677975323,
    "max": 12088.378279924393,
    "min": 5884.75332403183
  },
  "Joules": {
    "median": 654035.1672263979,
    "std": 242672.03210528448,
    "max": 1194520.7499166366,
    "min": 645522.4216330051
  },
  "JoulesNormalized": {
    "median": 280262.19548753503,
    "std": 63372.56501969136,
    "max": 422073.377829468,
    "min": 279271.75536640873
  },
  "NrPatches": {
    "median": 0,
    "std": 0.0,
    "max": 0,
    "min": 0
  },
  "Joules_Per_PatchMedian": [],
  "ExecutionTime_Per_PatchMedian": [],
  "JoulesNormalized_Per_PatchMedian": [],
  "Correctness_Per_Patch": []
}