{
  "TOOL_BUG_ID": "Nopol-Closure-60",
  "SLB": {
    "median": 64.1,
    "std": 0.3672997289804199,
    "max": 64.3,
    "min": 63.2
  },
  "PowerAvg": {
    "median": 149.8,
    "std": 3.7822792551101165,
    "max": 151.0,
    "min": 139.8
  },
  "Time": {
    "median": 1597.6440072059631,
    "std": 6625.657153664857,
    "max": 17983.83020401001,
    "min": 636.1457848548889
  },
  "Joules": {
    "median": 240483.87352713346,
    "std": 1035781.4191197798,
    "max": 2820084.6959331627,
    "min": 85631.80662043096
  },
  "JoulesNormalized": {
    "median": 137915.12826451063,
    "std": 612114.850867576,
    "max": 1669119.562876522,
    "min": 44719.9150366068
  },
  "NrPatches": {
    "median": 1,
    "std": 0.0,
    "max": 1,
    "min": 1
  },
  "Joules_Per_PatchMedian": [
    1456.177278149128
  ],
  "ExecutionTime_Per_PatchMedian": [
    10.480334997177124
  ],
  "JoulesNormalized_Per_PatchMedian": [
    784.2447982907295
  ],
  "Correctness_Per_Patch": [
    "na"
  ]
}