{
  "TOOL_BUG_ID": "Prapr-Lang-10",
  "SLB": {
    "median": 64.2,
    "std": 0.08366600265340789,
    "max": 64.3,
    "min": 64.1
  },
  "PowerAvg": {
    "median": 64.5,
    "std": 0.1140175425099123,
    "max": 64.6,
    "min": 64.3
  },
  "Time": {
    "median": 71.09877300262451,
    "std": 0.2649429440862161,
    "max": 71.41885495185852,
    "min": 70.69792795181274
  },
  "Joules": {
    "median": 5456.947783565522,
    "std": 50.889778029200755,
    "max": 5531.713798344135,
    "min": 5412.138972556591
  },
  "JoulesNormalized": {
    "median": 899.5164340972906,
    "std": 38.34068489825908,
    "max": 946.6233104348184,
    "min": 844.3479344010357
  },
  "NrPatches": {
    "median": 0,
    "std": 0.0,
    "max": 0,
    "min": 0
  },
  "Joules_Per_PatchMedian": [],
  "ExecutionTime_Per_PatchMedian": [],
  "JoulesNormalized_Per_PatchMedian": [],
  "Correctness_Per_Patch": []
}