{
  "TOOL_BUG_ID": "kPAR-Math-104",
  "SLB": {
    "median": 62.4,
    "std": 0.5319774431308161,
    "max": 63.1,
    "min": 61.7
  },
  "PowerAvg": {
    "median": 99.75,
    "std": 1.2564500255349025,
    "max": 102.3,
    "min": 99.4
  },
  "Time": {
    "median": 17988.206457018852,
    "std": 0.9275646721503191,
    "max": 17988.41319489479,
    "min": 17986.059057950974
  },
  "Joules": {
    "median": 1815236.5174603583,
    "std": 24084.27072181529,
    "max": 1865266.815024733,
    "min": 1806308.7433501002
  },
  "JoulesNormalized": {
    "median": 695654.2502384128,
    "std": 15799.96473975541,
    "max": 730210.1367538923,
    "min": 692436.3599256042
  },
  "NrPatches": {
    "median": 0.0,
    "std": 0.0,
    "max": 0,
    "min": 0
  },
  "Joules_Per_PatchMedian": [],
  "ExecutionTime_Per_PatchMedian": [],
  "JoulesNormalized_Per_PatchMedian": [],
  "Correctness_Per_Patch": []
}