{
  "TOOL_BUG_ID": "TBar-Math-30",
  "SLB": {
    "median": 62.650000000000006,
    "std": 0.27774602993176645,
    "max": 63.1,
    "min": 62.3
  },
  "PowerAvg": {
    "median": 108.30000000000001,
    "std": 0.35025500914130125,
    "max": 108.5,
    "min": 107.5
  },
  "Time": {
    "median": 2588.87204349041,
    "std": 57.36568164559573,
    "max": 2748.440950870514,
    "min": 2572.1054260730743
  },
  "Joules": {
    "median": 277019.40691809065,
    "std": 5181.732684109297,
    "max": 291135.6232218504,
    "min": 274755.4734508753
  },
  "JoulesNormalized": {
    "median": 114860.80529730915,
    "std": 1419.7289027969105,
    "max": 117708.99922192094,
    "min": 112455.62106566431
  },
  "NrPatches": {
    "median": 7.0,
    "std": 0.0,
    "max": 7,
    "min": 7
  },
  "Joules_Per_PatchMedian": [
    199149.97066754702,
    206849.78730631474,
    229921.37576319577,
    233759.89151260856,
    265063.17471893434,
    268952.9396401942,
    272861.5365012288
  ],
  "ExecutionTime_Per_PatchMedian": [
    1862.1782360076904,
    1933.6466374397278,
    2148.801797389984,
    2184.8709864616394,
    2477.7443153858185,
    2513.313665866852,
    2550.052804350853
  ],
  "JoulesNormalized_Per_PatchMedian": [
    82657.27960602043,
    85852.74801491498,
    95414.13849853873,
    97009.70408301949,
    109947.3281446874,
    111535.94078475829,
    113124.57513174412
  ],
  "Correctness_Per_Patch": [
    "I",
    "I",
    "I",
    "I",
    "C",
    "na",
    "na"
  ]
}