{
  "TOOL_BUG_ID": "dynamoth-Math-5",
  "SLB": {
    "median": 62.6,
    "std": 0.5224940191045248,
    "max": 63.3,
    "min": 62.0
  },
  "PowerAvg": {
    "median": 141.8,
    "std": 18.254451511891556,
    "max": 145.1,
    "min": 110.0
  },
  "Time": {
    "median": 1322.1308600902557,
    "std": 3024.650951315098,
    "max": 6941.127483129501,
    "min": 806.2813320159912
  },
  "Joules": {
    "median": 172598.35705547335,
    "std": 446301.055153303,
    "max": 999205.3839278698,
    "min": 97164.63025348185
  },
  "JoulesNormalized": {
    "median": 90229.60447185041,
    "std": 255894.35155291736,
    "max": 564690.803483963,
    "min": 47175.1876684904
  },
  "NrPatches": {
    "median": 0,
    "std": 0.0,
    "max": 0,
    "min": 0
  },
  "Joules_Per_PatchMedian": [],
  "ExecutionTime_Per_PatchMedian": [],
  "JoulesNormalized_Per_PatchMedian": [],
  "Correctness_Per_Patch": []
}