{
  "TOOL_BUG_ID": "TBar-Chart-11",
  "SLB": {
    "median": 63.55,
    "std": 0.42678197846541993,
    "max": 64.2,
    "min": 62.8
  },
  "PowerAvg": {
    "median": 111.3,
    "std": 0.9818895777311946,
    "max": 111.8,
    "min": 108.8
  },
  "Time": {
    "median": 1900.3174455165863,
    "std": 109.51806092665149,
    "max": 2213.1724689006805,
    "min": 1890.7604100704193
  },
  "Joules": {
    "median": 214295.53900210856,
    "std": 10153.466779311933,
    "max": 243049.9373314857,
    "min": 212522.84038138392
  },
  "JoulesNormalized": {
    "median": 93538.45385408401,
    "std": 2772.0584482459126,
    "max": 101406.89932184215,
    "min": 93236.04242877962
  },
  "NrPatches": {
    "median": 1.0,
    "std": 0.0,
    "max": 1,
    "min": 1
  },
  "Joules_Per_PatchMedian": [
    214217.02244487405
  ],
  "ExecutionTime_Per_PatchMedian": [
    1899.6373773813248
  ],
  "JoulesNormalized_Per_PatchMedian": [
    93504.72604511975
  ],
  "Correctness_Per_Patch": [
    "C"
  ]
}