{
  "TOOL_BUG_ID": "Nopol-Closure-128",
  "SLB": {
    "median": 65.3,
    "std": 0.3865804501581099,
    "max": 65.5,
    "min": 64.6
  },
  "PowerAvg": {
    "median": 127.94999999999999,
    "std": 21.709621522879356,
    "max": 154.9,
    "min": 108.5
  },
  "Time": {
    "median": 4043.8998934030533,
    "std": 7386.213138277427,
    "max": 17961.39229607582,
    "min": 3189.4295139312744
  },
  "Joules": {
    "median": 554696.375656116,
    "std": 1164925.6336958348,
    "max": 2741598.8250014903,
    "min": 395319.0380010723
  },
  "JoulesNormalized": {
    "median": 291715.3992926717,
    "std": 681383.3662178878,
    "max": 1568719.9080677393,
    "min": 189281.891401112
  },
  "NrPatches": {
    "median": 0.0,
    "std": 0.0,
    "max": 0,
    "min": 0
  },
  "Joules_Per_PatchMedian": [],
  "ExecutionTime_Per_PatchMedian": [],
  "JoulesNormalized_Per_PatchMedian": [],
  "Correctness_Per_Patch": []
}