{
  "TOOL_BUG_ID": "SimFix-Closure-14",
  "SLB": {
    "median": 64.9,
    "std": 0.13017082793177986,
    "max": 65.0,
    "min": 64.6
  },
  "PowerAvg": {
    "median": 111.3,
    "std": 0.16914819275153647,
    "max": 111.6,
    "min": 111.0
  },
  "Time": {
    "median": 17997.051573991776,
    "std": 1.3221368285023472,
    "max": 17997.137214183807,
    "min": 17993.072011947632
  },
  "Joules": {
    "median": 2106567.766779196,
    "std": 15862.422698790277,
    "max": 2115692.008877325,
    "min": 2062725.7410799984
  },
  "JoulesNormalized": {
    "median": 938888.0187158706,
    "std": 15415.795410312667,
    "max": 947681.5786674258,
    "min": 896774.674705792
  },
  "NrPatches": {
    "median": 1,
    "std": 0.0,
    "max": 1,
    "min": 1
  },
  "Joules_Per_PatchMedian": [
    208788.4997715235
  ],
  "ExecutionTime_Per_PatchMedian": [
    1619.3842809200287
  ],
  "JoulesNormalized_Per_PatchMedian": [
    104127.52860603333
  ],
  "Correctness_Per_Patch": [
    "C"
  ]
}