{
  "TOOL_BUG_ID": "kPAR-Time-18",
  "SLB": {
    "median": 64.6,
    "std": 0,
    "max": 64.6,
    "min": 64.6
  },
  "PowerAvg": {
    "median": 67.4,
    "std": 0,
    "max": 67.4,
    "min": 67.4
  },
  "Time": {
    "median": 17977.069916009903,
    "std": 0,
    "max": 17977.069916009903,
    "min": 17977.069916009903
  },
  "Joules": {
    "median": 1471847.4450322636,
    "std": 0,
    "max": 1471847.4450322636,
    "min": 1471847.4450322636
  },
  "JoulesNormalized": {
    "median": 310528.7284580241,
    "std": 0,
    "max": 310528.7284580241,
    "min": 310528.7284580241
  },
  "NrPatches": {
    "median": 0,
    "std": 0,
    "max": 0,
    "min": 0
  },
  "Joules_Per_PatchMedian": [],
  "ExecutionTime_Per_PatchMedian": [],
  "JoulesNormalized_Per_PatchMedian": [],
  "Correctness_Per_Patch": []
}