{
  "TOOL_BUG_ID": "Prapr-Time-4",
  "SLB": {
    "median": 64.7,
    "std": 0.21679483388678777,
    "max": 64.7,
    "min": 64.2
  },
  "PowerAvg": {
    "median": 120.6,
    "std": 0.2966479394838264,
    "max": 120.8,
    "min": 120.1
  },
  "Time": {
    "median": 57.55793905258179,
    "std": 1.3439640736375178,
    "max": 59.659345865249634,
    "min": 56.618805170059204
  },
  "Joules": {
    "median": 7151.90105625391,
    "std": 150.79937760221677,
    "max": 7404.731135082246,
    "min": 7019.374178302288
  },
  "JoulesNormalized": {
    "median": 3380.946599733829,
    "std": 89.38466906882788,
    "max": 3574.601130533219,
    "min": 3361.7993643164637
  },
  "NrPatches": {
    "median": 8,
    "std": 0.0,
    "max": 8,
    "min": 8
  },
  "Joules_Per_PatchMedian": [
    2502.1339036107065,
    2502.1339036107065,
    5907.307080435752,
    5907.307080435752,
    5907.307080435752,
    5907.307080435752,
    5907.307080435752,
    5907.307080435752
  ],
  "ExecutionTime_Per_PatchMedian": [
    20.97989821434021,
    20.97989821434021,
    48.11825513839722,
    48.11825513839722,
    48.11825513839722,
    48.11825513839722,
    48.11825513839722,
    48.11825513839722
  ],
  "JoulesNormalized_Per_PatchMedian": [
    1143.67740329504,
    1143.67740329504,
    2741.1647433161734,
    2741.1647433161734,
    2741.1647433161734,
    2741.1647433161734,
    2741.1647433161734,
    2741.1647433161734
  ],
  "Correctness_Per_Patch": [
    "I",
    "I",
    "I",
    "C",
    "na",
    "na",
    "na",
    "na"
  ]
}