{
  "TOOL_BUG_ID": "jGenProg-Lang-61",
  "SLB": {
    "median": 62.45,
    "std": 0.9429563439877103,
    "max": 64.0,
    "min": 61.8
  },
  "PowerAvg": {
    "median": 186.14999999999998,
    "std": 8.131625503755888,
    "max": 196.7,
    "min": 176.8
  },
  "Time": {
    "median": 17949.572620987892,
    "std": 5.315953259111707,
    "max": 17954.494287014008,
    "min": 17941.660530805588
  },
  "Joules": {
    "median": 3335885.2700817473,
    "std": 145946.6864441212,
    "max": 3522793.329359948,
    "min": 3165489.1463315003
  },
  "JoulesNormalized": {
    "median": 2221970.497275794,
    "std": 135688.03961762684,
    "max": 2374000.9674977656,
    "min": 2042341.1971030703
  },
  "NrPatches": {
    "median": 0.0,
    "std": 0.0,
    "max": 0,
    "min": 0
  },
  "Joules_Per_PatchMedian": [],
  "ExecutionTime_Per_PatchMedian": [],
  "JoulesNormalized_Per_PatchMedian": [],
  "Correctness_Per_Patch": []
}