{
  "TOOL_BUG_ID": "dynamoth-Closure-48",
  "SLB": {
    "median": 63.0,
    "std": 0.37815340802378244,
    "max": 63.2,
    "min": 62.3
  },
  "PowerAvg": {
    "median": 146.5,
    "std": 0.32710854467591655,
    "max": 146.6,
    "min": 145.8
  },
  "Time": {
    "median": 19035.89912700653,
    "std": 260.2781074325635,
    "max": 19380.41577911377,
    "min": 18808.6612200737
  },
  "Joules": {
    "median": 2832198.369431877,
    "std": 29963.45071089153,
    "max": 2866204.992162358,
    "min": 2798814.5963282227
  },
  "JoulesNormalized": {
    "median": 1629129.5446050642,
    "std": 21333.533824512484,
    "max": 1665424.058118617,
    "min": 1613304.3909833073
  },
  "NrPatches": {
    "median": 1,
    "std": 0.0,
    "max": 1,
    "min": 1
  },
  "Joules_Per_PatchMedian": [
    14515.77186576128
  ],
  "ExecutionTime_Per_PatchMedian": [
    114.87778806686401
  ],
  "JoulesNormalized_Per_PatchMedian": [
    7278.471217548848
  ],
  "Correctness_Per_Patch": [
    "na"
  ]
}