{
  "TOOL_BUG_ID": "Prapr-Lang-25",
  "SLB": {
    "median": 62.6,
    "std": 0.08366600265340875,
    "max": 62.7,
    "min": 62.5
  },
  "PowerAvg": {
    "median": 62.9,
    "std": 0.13038404810405238,
    "max": 63.0,
    "min": 62.7
  },
  "Time": {
    "median": 71.03893184661865,
    "std": 0.47136053120205995,
    "max": 71.71759486198425,
    "min": 70.5188090801239
  },
  "Joules": {
    "median": 5269.424676322937,
    "std": 63.89512342942539,
    "max": 5336.719896161556,
    "min": 5184.419882154465
  },
  "JoulesNormalized": {
    "median": 831.157489442825,
    "std": 35.58854684630338,
    "max": 856.2418449282641,
    "min": 769.942433738709
  },
  "NrPatches": {
    "median": 0,
    "std": 0.0,
    "max": 0,
    "min": 0
  },
  "Joules_Per_PatchMedian": [],
  "ExecutionTime_Per_PatchMedian": [],
  "JoulesNormalized_Per_PatchMedian": [],
  "Correctness_Per_Patch": []
}