{
  "TOOL_BUG_ID": "kPAR-Time-19",
  "SLB": {
    "median": 65.1,
    "std": 0,
    "max": 65.1,
    "min": 65.1
  },
  "PowerAvg": {
    "median": 88.3,
    "std": 0,
    "max": 88.3,
    "min": 88.3
  },
  "Time": {
    "median": 17935.71185016632,
    "std": 0,
    "max": 17935.71185016632,
    "min": 17935.71185016632
  },
  "Joules": {
    "median": 1521839.3697006337,
    "std": 0,
    "max": 1521839.3697006337,
    "min": 1521839.3697006337
  },
  "JoulesNormalized": {
    "median": 354224.5282548063,
    "std": 0,
    "max": 354224.5282548063,
    "min": 354224.5282548063
  },
  "NrPatches": {
    "median": 0,
    "std": 0,
    "max": 0,
    "min": 0
  },
  "Joules_Per_PatchMedian": [],
  "ExecutionTime_Per_PatchMedian": [],
  "JoulesNormalized_Per_PatchMedian": [],
  "Correctness_Per_Patch": []
}