{
  "TOOL_BUG_ID": "FixMiner-Chart-24",
  "SLB": {
    "median": 63.2,
    "std": 0.1499999999999982,
    "max": 63.4,
    "min": 63.1
  },
  "PowerAvg": {
    "median": 109.75,
    "std": 10.450956893988224,
    "max": 109.9,
    "min": 88.9
  },
  "Time": {
    "median": 6768.718856573105,
    "std": 5602.049016942269,
    "max": 17960.28878593445,
    "min": 6731.313856124878
  },
  "Joules": {
    "median": 753115.8025520027,
    "std": 425839.1141804415,
    "max": 1603378.873535382,
    "min": 748912.953143132
  },
  "JoulesNormalized": {
    "median": 325332.17180833226,
    "std": 72924.88076542938,
    "max": 470084.6511429183,
    "min": 322147.65466481476
  },
  "NrPatches": {
    "median": 1.0,
    "std": 0.0,
    "max": 1,
    "min": 1
  },
  "Joules_Per_PatchMedian": [
    7876.376233029366
  ],
  "ExecutionTime_Per_PatchMedian": [
    70.84791100025177
  ],
  "JoulesNormalized_Per_PatchMedian": [
    3388.1625589132314
  ],
  "Correctness_Per_Patch": [
    "C"
  ]
}