{
  "TOOL_BUG_ID": "Nopol-Chart-26",
  "SLB": {
    "median": 63.5,
    "std": 0.45734742446707555,
    "max": 63.9,
    "min": 62.8
  },
  "PowerAvg": {
    "median": 145.45,
    "std": 7.3400158946240195,
    "max": 146.7,
    "min": 131.3
  },
  "Time": {
    "median": 10370.27725303173,
    "std": 5539.630467627695,
    "max": 16614.14911699295,
    "min": 4182.746541976929
  },
  "Joules": {
    "median": 1474651.5273749232,
    "std": 838746.8115342713,
    "max": 2427563.0876935124,
    "min": 548253.7118652582
  },
  "JoulesNormalized": {
    "median": 818816.6784638166,
    "std": 483594.24764461425,
    "max": 1365918.9591176629,
    "min": 282649.3064497232
  },
  "NrPatches": {
    "median": 8.0,
    "std": 0.0,
    "max": 8,
    "min": 8
  },
  "Joules_Per_PatchMedian": [
    3585.6430305719377,
    261264.17110120656,
    269297.462036556,
    269584.7524591863,
    269882.45630575414,
    270780.07344601746,
    303416.9728233218,
    305314.6171055972
  ],
  "ExecutionTime_Per_PatchMedian": [
    31.279663562774658,
    2176.2124965190887,
    2236.3115663528442,
    2238.4313519001007,
    2240.6514323949814,
    2247.3811713457108,
    2491.175818800926,
    2505.42604637146
  ],
  "JoulesNormalized_Per_PatchMedian": [
    1593.1324881315231,
    122640.25202175976,
    126872.04405476453,
    127023.66036527754,
    127180.6047383547,
    127654.00103440882,
    144729.63552973274,
    145719.54629184605
  ],
  "Correctness_Per_Patch": [
    "I",
    "I",
    "I",
    "I",
    "I",
    "I",
    "I",
    "I"
  ]
}