{
  "TOOL_BUG_ID": "Avatar-Lang-63",
  "SLB": {
    "median": 62.3,
    "std": 0.9537644712750966,
    "max": 63.9,
    "min": 61.1
  },
  "PowerAvg": {
    "median": 101.8,
    "std": 2.352534094687402,
    "max": 105.2,
    "min": 98.85
  },
  "Time": {
    "median": 45.079259514808655,
    "std": 0.86238729307265,
    "max": 47.178722858428955,
    "min": 44.99964785575867
  },
  "Joules": {
    "median": 4175.552331584691,
    "std": 116.97289777314536,
    "max": 4355.995331013202,
    "min": 4075.415562272072
  },
  "JoulesNormalized": {
    "median": 1379.441942733526,
    "std": 85.24119614086541,
    "max": 1473.375364363193,
    "min": 1267.7655396223067
  },
  "NrPatches": {
    "median": 1.0,
    "std": 0.0,
    "max": 1,
    "min": 1
  },
  "Joules_Per_PatchMedian": [
    2701.3458238899707
  ],
  "ExecutionTime_Per_PatchMedian": [
    20.989595413208008
  ],
  "JoulesNormalized_Per_PatchMedian": [
    158.10456029176703
  ],
  "Correctness_Per_Patch": [
    "I"
  ]
}