{
  "TOOL_BUG_ID": "dynamoth-Lang-44",
  "SLB": {
    "median": 62.9,
    "std": 0.27748873851023304,
    "max": 63.0,
    "min": 62.3
  },
  "PowerAvg": {
    "median": 142.6,
    "std": 16.29027317143577,
    "max": 142.9,
    "min": 106.3
  },
  "Time": {
    "median": 1025.7377989292145,
    "std": 120.1973732676716,
    "max": 1062.036787033081,
    "min": 767.5225088596344
  },
  "Joules": {
    "median": 135726.8991742253,
    "std": 19209.660113251783,
    "max": 140917.88008015155,
    "min": 94376.0761928916
  },
  "JoulesNormalized": {
    "median": 71207.99162157773,
    "std": 11451.277644771539,
    "max": 74009.56249706744,
    "min": 46559.423890936385
  },
  "NrPatches": {
    "median": 1,
    "std": 0.4472135954999579,
    "max": 2,
    "min": 1
  },
  "Joules_Per_PatchMedian": [
    20214.970656877755,
    37036.75165784359
  ],
  "ExecutionTime_Per_PatchMedian": [
    157.9166840314865,
    311.79272294044495
  ],
  "JoulesNormalized_Per_PatchMedian": [
    10104.814437383415,
    17612.065018653873
  ],
  "Correctness_Per_Patch": [
    "I",
    "I"
  ]
}