{
  "TOOL_BUG_ID": "kPAR-Lang-16",
  "SLB": {
    "median": 63.2,
    "std": 0.3011090610836329,
    "max": 63.6,
    "min": 62.9
  },
  "PowerAvg": {
    "median": 69.45,
    "std": 1.98938851576726,
    "max": 74.3,
    "min": 69.1
  },
  "Time": {
    "median": 17982.274389386177,
    "std": 0.12135682341421528,
    "max": 17982.315305948257,
    "min": 17982.011146068573
  },
  "Joules": {
    "median": 1632217.5800830782,
    "std": 10479.095702058708,
    "max": 1644941.9837281825,
    "min": 1620035.6768298033
  },
  "JoulesNormalized": {
    "median": 494841.9183710278,
    "std": 15723.84322623668,
    "max": 513855.2360491636,
    "min": 476379.7679398421
  },
  "NrPatches": {
    "median": 0.0,
    "std": 0.0,
    "max": 0,
    "min": 0
  },
  "Joules_Per_PatchMedian": [],
  "ExecutionTime_Per_PatchMedian": [],
  "JoulesNormalized_Per_PatchMedian": [],
  "Correctness_Per_Patch": []
}