{
  "TOOL_BUG_ID": "Nopol-Closure-48",
  "SLB": {
    "median": 62.8,
    "std": 0.17888543819998215,
    "max": 63.0,
    "min": 62.6
  },
  "PowerAvg": {
    "median": 146.5,
    "std": 0.18708286933869783,
    "max": 146.7,
    "min": 146.2
  },
  "Time": {
    "median": 17951.03151011467,
    "std": 1769.9242854817612,
    "max": 17968.84410405159,
    "min": 14616.906892061234
  },
  "Joules": {
    "median": 2592332.6053728457,
    "std": 251883.6300792574,
    "max": 2654075.3277075533,
    "min": 2162407.8858478544
  },
  "JoulesNormalized": {
    "median": 1465007.8265376445,
    "std": 142097.02768162295,
    "max": 1526674.5425762997,
    "min": 1241542.7516479967
  },
  "NrPatches": {
    "median": 0,
    "std": 0.0,
    "max": 0,
    "min": 0
  },
  "Joules_Per_PatchMedian": [],
  "ExecutionTime_Per_PatchMedian": [],
  "JoulesNormalized_Per_PatchMedian": [],
  "Correctness_Per_Patch": []
}