{
  "TOOL_BUG_ID": "dynamoth-Chart-9",
  "SLB": {
    "median": 63.0,
    "std": 0.9495613022162748,
    "max": 63.7,
    "min": 61.0
  },
  "PowerAvg": {
    "median": 145.2,
    "std": 0.3444802848736953,
    "max": 145.7,
    "min": 144.8
  },
  "Time": {
    "median": 13737.755867958069,
    "std": 7166.253704365349,
    "max": 21738.460655927658,
    "min": 5930.488703966141
  },
  "Joules": {
    "median": 1994739.155942935,
    "std": 1064470.9746543104,
    "max": 3186206.802331604,
    "min": 865753.1079863904
  },
  "JoulesNormalized": {
    "median": 1126377.3978347005,
    "std": 606115.6904023384,
    "max": 1814509.934942569,
    "min": 503993.2970444558
  },
  "NrPatches": {
    "median": 0.0,
    "std": 0.0,
    "max": 0,
    "min": 0
  },
  "Joules_Per_PatchMedian": [],
  "ExecutionTime_Per_PatchMedian": [],
  "JoulesNormalized_Per_PatchMedian": [],
  "Correctness_Per_Patch": []
}