{
  "TOOL_BUG_ID": "Prapr-Math-5",
  "SLB": {
    "median": 63.3,
    "std": 0.08944271909998928,
    "max": 63.3,
    "min": 63.1
  },
  "PowerAvg": {
    "median": 115.0,
    "std": 0.8467585252006635,
    "max": 116.5,
    "min": 114.3
  },
  "Time": {
    "median": 11.799371004104614,
    "std": 0.13558775234189974,
    "max": 12.04011583328247,
    "min": 11.699044942855835
  },
  "Joules": {
    "median": 1387.9533613443375,
    "std": 22.5068983940816,
    "max": 1429.1394560694694,
    "min": 1369.7665026903153
  },
  "JoulesNormalized": {
    "median": 642.2331138849258,
    "std": 13.362165585865792,
    "max": 667.000123822689,
    "min": 631.5567667961121
  },
  "NrPatches": {
    "median": 3,
    "std": 0.0,
    "max": 3,
    "min": 3
  },
  "Joules_Per_PatchMedian": [
    1359.4858467936515,
    1359.4858467936515,
    1359.4858467936515
  ],
  "ExecutionTime_Per_PatchMedian": [
    11.559587001800537,
    11.559587001800537,
    11.559587001800537
  ],
  "JoulesNormalized_Per_PatchMedian": [
    628.9199482798575,
    628.9199482798575,
    628.9199482798575
  ],
  "Correctness_Per_Patch": [
    "C",
    "I",
    "I"
  ]
}