{
  "TOOL_BUG_ID": "FixMiner-Mockito-38",
  "SLB": {
    "median": 63.6,
    "std": 0.24915682727776975,
    "max": 64.3,
    "min": 63.0
  },
  "PowerAvg": {
    "median": 119.8,
    "std": 1.1305015126189226,
    "max": 120.4,
    "min": 111.6
  },
  "Time": {
    "median": 670.7450551986694,
    "std": 72.38755984037907,
    "max": 1206.7340869903564,
    "min": 667.8850429058075
  },
  "Joules": {
    "median": 81175.86528269052,
    "std": 6986.885856511135,
    "max": 132802.88576403857,
    "min": 80597.98252955674
  },
  "JoulesNormalized": {
    "median": 38508.63893775941,
    "std": 2262.5292584659296,
    "max": 55209.88397055866,
    "min": 38316.86224362849
  },
  "NrPatches": {
    "median": 0,
    "std": 0.0,
    "max": 0,
    "min": 0
  },
  "Joules_Per_PatchMedian": [],
  "ExecutionTime_Per_PatchMedian": [],
  "JoulesNormalized_Per_PatchMedian": [],
  "Correctness_Per_Patch": []
}