{
  "TOOL_BUG_ID": "Nopol-Closure-124",
  "SLB": {
    "median": 63.45,
    "std": 0.2857738033247022,
    "max": 63.8,
    "min": 63.2
  },
  "PowerAvg": {
    "median": 146.15,
    "std": 15.22245052545746,
    "max": 147.4,
    "min": 109.3
  },
  "Time": {
    "median": 378.36140954494476,
    "std": 272.51626201257164,
    "max": 1042.0173389911652,
    "min": 355.8125720024109
  },
  "Joules": {
    "median": 52741.201768177736,
    "std": 31123.35482565078,
    "max": 128281.30048367976,
    "min": 49260.244501030444
  },
  "JoulesNormalized": {
    "median": 28702.591648548834,
    "std": 13681.535123654257,
    "max": 61800.594256043434,
    "min": 26772.889950478075
  },
  "NrPatches": {
    "median": 1.0,
    "std": 0.0,
    "max": 1,
    "min": 1
  },
  "Joules_Per_PatchMedian": [
    10836.693140202762
  ],
  "ExecutionTime_Per_PatchMedian": [
    97.4478714466095
  ],
  "JoulesNormalized_Per_PatchMedian": [
    4641.398869770766
  ],
  "Correctness_Per_Patch": [
    "na"
  ]
}