{
  "TOOL_BUG_ID": "TBar-Lang-63",
  "SLB": {
    "median": 64.1,
    "std": 0.287228132326902,
    "max": 64.4,
    "min": 63.7
  },
  "PowerAvg": {
    "median": 104.3,
    "std": 0.24622144504490498,
    "max": 104.5,
    "min": 104.05
  },
  "Time": {
    "median": 41.49879240989685,
    "std": 0.6990800929151763,
    "max": 42.65924906730652,
    "min": 41.0788369178772
  },
  "Joules": {
    "median": 3892.0823871135713,
    "std": 62.38565339335915,
    "max": 3991.7477331280706,
    "min": 3847.608124959469
  },
  "JoulesNormalized": {
    "median": 1236.5582264721395,
    "std": 16.776748515818458,
    "max": 1252.0748455047606,
    "min": 1214.4546785235411
  },
  "NrPatches": {
    "median": 1.0,
    "std": 0.0,
    "max": 1,
    "min": 1
  },
  "Joules_Per_PatchMedian": [
    4010.110018110275
  ],
  "ExecutionTime_Per_PatchMedian": [
    31.358651161193848
  ],
  "JoulesNormalized_Per_PatchMedian": [
    228.0707860112193
  ],
  "Correctness_Per_Patch": [
    "I"
  ]
}