{
  "TOOL_BUG_ID": "jMutRepair-Closure-115",
  "SLB": {
    "median": 63.975,
    "std": 1.499652737580714,
    "max": 64.3,
    "min": 61.1
  },
  "PowerAvg": {
    "median": 126.85,
    "std": 1.571623364550169,
    "max": 128.1,
    "min": 124.8
  },
  "Time": {
    "median": 978.818207025528,
    "std": 78.13964148141618,
    "max": 1133.1151549816132,
    "min": 973.178347826004
  },
  "Joules": {
    "median": 129237.90414266587,
    "std": 9195.05935045597,
    "max": 147225.0908079028,
    "min": 128138.97271529437
  },
  "JoulesNormalized": {
    "median": 67478.15437250733,
    "std": 3818.749574167461,
    "max": 74705.72088907956,
    "min": 66683.69128409625
  },
  "NrPatches": {
    "median": 1.0,
    "std": 0.0,
    "max": 1,
    "min": 1
  },
  "Joules_Per_PatchMedian": [
    10079.113132947683
  ],
  "ExecutionTime_Per_PatchMedian": [
    80.82791364192963
  ],
  "JoulesNormalized_Per_PatchMedian": [
    4994.566405624151
  ],
  "Correctness_Per_Patch": [
    "I"
  ]
}