{
  "TOOL_BUG_ID": "jGenProg-Closure-21",
  "SLB": {
    "median": 62.8,
    "std": 0.2516611478423586,
    "max": 63.1,
    "min": 62.6
  },
  "PowerAvg": {
    "median": 116.0,
    "std": 0.30550504633039366,
    "max": 116.2,
    "min": 115.6
  },
  "Time": {
    "median": 9585.762824058533,
    "std": 566.4742351307711,
    "max": 10145.85296010971,
    "min": 9012.928383111954
  },
  "Joules": {
    "median": 1153237.3193212037,
    "std": 61782.165236410416,
    "max": 1218533.7815349223,
    "min": 1095037.3977738859
  },
  "JoulesNormalized": {
    "median": 548375.6851231103,
    "std": 25663.63560566152,
    "max": 581374.2156400325,
    "min": 530828.0809910776
  },
  "NrPatches": {
    "median": 226,
    "std": 0.0,
    "max": 226,
    "min": 226
  },
  "Joules_Per_PatchMedian": [
    16516.89503569603,
    18423.51378196478,
    24302.6477234602,
    29103.94150134325,
    32041.66571401358,
    39853.671006476885,
    42178.59916727543,
    46296.36150705814,
    49900.778785717484,
    51932.46996454,
    56546.36959784031,
    58807.741747260094,
    63209.69859275818,
    70691.78000888825,
    73401.48994158507,
    76462.05151172877,
    79791.75717464686,
    84743.26752419473,
    93237.00574644805,
    97642.98094807864,
    103127.96480400562,
    105470.53127998114,
    111629.79744279385,
    113571.56062330007,
    116399.88162209987,
    119107.41989824771,
    122269.70652856826,
    127491.67135676145,
    130651.82767227887,
    133576.29533967972,
    136335.70939942598,
    147648.54393907785,
    153125.01595591306,
    157949.4285341382,
    164353.85151646135,
    174210.5231948018,
    177636.71551237104,
    179425.36325269935,
    181524.02135986087,
    183772.62979309555,
    188211.0916965365,
    190343.4755466222,
    198266.2737647652,
    202905.2944529056,
    205554.61537997716,
    207613.08890815967,
    211913.71687730544,
    220237.4304221391,
    224134.6037850379,
    231735.1905915617,
    234386.6785449027,
    237096.25480427733,
    242702.14361655703,
    246577.2741910099,
    257484.56407728186,
    260705.59654641143,
    262734.47329325665,
    273767.2174059271,
    276654.23272212734,
    281054.95681524265,
    283161.7350023149,
    286072.28671121586,
    288308.1964699386,
    293747.39852069604,
    301041.32441251265,
    305605.76443947543,
    308227.6591010212,
    317040.25059387676,
    319262.42248858203,
    325809.95712726103,
    328706.3632029413,
    331523.57647709834,
    334845.0073365806,
    345205.2723991512,
    349762.47367500054,
    352113.71539709554,
    356812.8180624364,
    360457.9424432991,
    362738.12527439574,
    367734.2482424734,
    371467.758548641,
    376885.5243121622,
    391744.7991609929,
    395611.15736677626,
    399705.05311994534,
    404218.349115908,
    419538.3855933426,
    427015.13993207196,
    429289.3880498884,
    431640.9248466013,
    434320.34737100586,
    437801.6716767429,
    440338.96394047723,
    442654.764999926,
    445067.5775511621,
    449577.01661174285,
    453003.9613028883,
    457669.34876075975,
    463433.61753211013,
    468635.45772744407,
    470869.57347990264,
    477461.99162422406,
    484264.12750082003,
    490036.2591341256,
    497051.5308013796,
    500681.38308756344,
    503245.47355566017,
    505531.427866125,
    508022.65719000093,
    516066.06797138444,
    523390.1654297351,
    529625.7080359815,
    534011.686518061,
    537645.6114667294,
    541747.7326856373,
    553041.6136203168,
    562361.0945011138,
    570545.5906399726,
    574172.2833229541,
    578057.842832589,
    581703.4444365858,
    584418.4359649776,
    587618.3290059804,
    589614.3155797123,
    591906.3641140221,
    594067.2040454148,
    596757.0424921869,
    605342.1185092567,
    613540.6130330323,
    616032.9872723459,
    623519.4090353488,
    626377.1043032527,
    633898.3484451771,
    640248.5391334891,
    643562.8553096771,
    652339.5322877765,
    654823.6996644139,
    666363.8690183759,
    668635.4236187935,
    670886.3110053778,
    677164.0552628636,
    679286.7842086792,
    685019.9033127784,
    689387.9893932581,
    694207.9886196376,
    697677.9407875419,
    702517.3849902749,
    706318.0132078171,
    717742.5504616142,
    720343.2117885828,
    724635.6119729519,
    726971.0576700688,
    731849.3045932056,
    735233.6332194688,
    737679.0043727161,
    742895.3891431333,
    757314.6092185499,
    762281.9855646731,
    773528.5379653098,
    777164.3134216549,
    781699.2710493567,
    789480.4078964236,
    798868.9251601102,
    802585.4343106272,
    804882.3858626606,
    808085.3062420966,
    810296.9038754107,
    821811.3522244812,
    828905.6578470946,
    833823.164127934,
    837077.7063090444,
    840632.1257436157,
    844918.0399857283,
    849864.9051031471,
    851962.810043192,
    859792.1615121366,
    867893.3219652773,
    870497.3599362613,
    873118.5394406081,
    877015.0521137477,
    880966.7845426679,
    884815.908525455,
    893127.1713643074,
    908384.376650989,
    910778.4746136427,
    922997.3800128698,
    925868.2792845607,
    937977.7785210491,
    941780.6916009308,
    945637.4309684277,
    947821.5198538303,
    952094.626804936,
    957120.5805776835,
    964845.4215144516,
    969852.7804908158,
    973530.8054450155,
    975864.623730433,
    984518.35493747,
    988065.6256365181,
    993377.0435585023,
    996729.76952765,
    999162.254740882,
    1007302.1967238904,
    1013635.383667946,
    1018115.7345567108,
    1021453.2381145121,
    1035011.7359882356,
    1037816.5093715907,
    1053700.02587868,
    1058713.2010858776,
    1062419.3654190782,
    1069687.1299216868,
    1074939.9860095622,
    1080457.38928113,
    1082533.136878574,
    1089749.1771843315,
    1093644.3820568442,
    1102594.1269673465,
    1110090.1388603924,
    1113268.3439576863,
    1122638.400982046,
    1129367.6543108104,
    1134642.0839139817,
    1143501.896700525,
    1147209.6865625975,
    1151478.096603441
  ],