{
  "TOOL_BUG_ID": "dynamoth-Closure-126",
  "SLB": {
    "median": 63.7,
    "std": 0.4438468204234392,
    "max": 64.6,
    "min": 63.6
  },
  "PowerAvg": {
    "median": 152.0,
    "std": 27.869732686195615,
    "max": 156.3,
    "min": 103.1
  },
  "Time": {
    "median": 17949.72005701065,
    "std": 8762.492431889325,
    "max": 18986.357575893402,
    "min": 2256.6905319690704
  },
  "Joules": {
    "median": 1692839.2842378384,
    "std": 1049423.1879958117,
    "max": 2836699.5548915616,
    "min": 359414.37760335207
  },
  "JoulesNormalized": {
    "median": 549442.11660626,
    "std": 579350.6735475903,
    "max": 1629167.213064741,
    "min": 213632.16923815012
  },
  "NrPatches": {
    "median": 3,
    "std": 0.0,
    "max": 3,
    "min": 3
  },
  "Joules_Per_PatchMedian": [
    990.8802122533322,
    2145.651143145561,
    2398.069658577442
  ],
  "ExecutionTime_Per_PatchMedian": [
    7.269852638244629,
    16.50967001914978,
    18.579504370689392
  ],
  "JoulesNormalized_Per_PatchMedian": [
    523.266549038887,
    878.1530802428721,
    1009.8700348258017
  ],
  "Correctness_Per_Patch": [
    "I",
    "C",
    "I"
  ]
}