{
  "TOOL_BUG_ID": "TBar-Math-57",
  "SLB": {
    "median": 64.1,
    "std": 0.17320508075689156,
    "max": 64.4,
    "min": 64.0
  },
  "PowerAvg": {
    "median": 170.95,
    "std": 0.6291528696058879,
    "max": 171.2,
    "min": 169.8
  },
  "Time": {
    "median": 17373.082507014275,
    "std": 59.82745788174818,
    "max": 17452.024831056595,
    "min": 17320.99017906189
  },
  "Joules": {
    "median": 2889189.4701749017,
    "std": 15513.473458196997,
    "max": 2903670.2274728417,
    "min": 2867024.826105773
  },
  "JoulesNormalized": {
    "median": 1772973.6300349284,
    "std": 11539.298425532166,
    "max": 1784995.4358021142,
    "min": 1758481.454645812
  },
  "NrPatches": {
    "median": 2.0,
    "std": 0.0,
    "max": 2,
    "min": 2
  },
  "Joules_Per_PatchMedian": [
    2640713.398370575,
    2647635.088147627
  ],
  "ExecutionTime_Per_PatchMedian": [
    16060.271974086761,
    16096.491199612617
  ],
  "JoulesNormalized_Per_PatchMedian": [
    1608845.6049891938,
    1613440.2185225359
  ],
  "Correctness_Per_Patch": [
    "C",
    "C"
  ]
}