{
  "TOOL_BUG_ID": "TBar-Lang-57",
  "SLB": {
    "median": 63.45,
    "std": 0.18574175621006667,
    "max": 63.8,
    "min": 63.2
  },
  "PowerAvg": {
    "median": 104.9,
    "std": 0.17026327652589304,
    "max": 105.1,
    "min": 104.5
  },
  "Time": {
    "median": 206.36558496952057,
    "std": 0.9961520382531394,
    "max": 208.87520909309387,
    "min": 205.39517283439636
  },
  "Joules": {
    "median": 19586.53114773631,
    "std": 99.82268343304078,
    "max": 19797.23488872051,
    "min": 19458.457159066198
  },
  "JoulesNormalized": {
    "median": 6491.545145958663,
    "std": 57.19146365296708,
    "max": 6603.479779887199,
    "min": 6384.489798665047
  },
  "NrPatches": {
    "median": 2.0,
    "std": 0.0,
    "max": 2,
    "min": 2
  },
  "Joules_Per_PatchMedian": [
    16796.90718226433,
    17705.91688744426
  ],
  "ExecutionTime_Per_PatchMedian": [
    176.55624794960022,
    186.3656700849533
  ],
  "JoulesNormalized_Per_PatchMedian": [
    5596.553688788414,
    5894.58426349759
  ],
  "Correctness_Per_Patch": [
    "C",
    "na"
  ]
}