{
  "TOOL_BUG_ID": "dynamoth-Closure-28",
  "SLB": {
    "median": 64.05,
    "std": 0.17888543819998354,
    "max": 64.3,
    "min": 63.9
  },
  "PowerAvg": {
    "median": 152.6,
    "std": 0.583095189484531,
    "max": 152.8,
    "min": 151.4
  },
  "Time": {
    "median": 18146.758415937424,
    "std": 6170.176773326448,
    "max": 18539.346196889877,
    "min": 4477.619806051254
  },
  "Joules": {
    "median": 2848503.9934050324,
    "std": 988047.6343673208,
    "max": 2904120.183318805,
    "min": 655999.716477704
  },
  "JoulesNormalized": {
    "median": 1686113.5069019315,
    "std": 592063.5956938221,
    "max": 1716675.0594080084,
    "min": 369879.81087102887
  },
  "NrPatches": {
    "median": 0,
    "std": 0.447213595499958,
    "max": 1,
    "min": 0
  },
  "Joules_Per_PatchMedian": [
    71236.72462409733
  ],
  "ExecutionTime_Per_PatchMedian": [
    531.4276058673859
  ],
  "JoulesNormalized_Per_PatchMedian": [
    37278.50060917138
  ],
  "Correctness_Per_Patch": [
    "na"
  ]
}