{
  "TOOL_BUG_ID": "jMutRepair-Math-58",
  "SLB": {
    "median": 63.2,
    "std": 0.6429100507328621,
    "max": 63.4,
    "min": 62.2
  },
  "PowerAvg": {
    "median": 179.0,
    "std": 0.4582575694955859,
    "max": 179.6,
    "min": 178.7
  },
  "Time": {
    "median": 3001.2368998527527,
    "std": 38.221764602636235,
    "max": 3062.392003774643,
    "min": 2992.093552827835
  },
  "Joules": {
    "median": 484692.61317685846,
    "std": 6553.909124484008,
    "max": 494612.0673881769,
    "min": 482231.7947804571
  },
  "JoulesNormalized": {
    "median": 298015.67800601723,
    "std": 4325.150521404306,
    "max": 301068.89274961944,
    "min": 292533.06353117235
  },
  "NrPatches": {
    "median": 1,
    "std": 0.0,
    "max": 1,
    "min": 1
  },
  "Joules_Per_PatchMedian": [
    9336.628745877742
  ],
  "ExecutionTime_Per_PatchMedian": [
    87.67843246459961
  ],
  "JoulesNormalized_Per_PatchMedian": [
    3733.5542860865594
  ],
  "Correctness_Per_Patch": [
    "I"
  ]
}