{
  "TOOL_BUG_ID": "Prapr-Closure-48",
  "SLB": {
    "median": 62.0,
    "std": 0.10000000000000053,
    "max": 62.2,
    "min": 61.95
  },
  "PowerAvg": {
    "median": 62.2,
    "std": 0.07071067811865324,
    "max": 62.3,
    "min": 62.1
  },
  "Time": {
    "median": 63.89865708351135,
    "std": 0.29697140777159786,
    "max": 64.07859706878662,
    "min": 63.378440856933594
  },
  "Joules": {
    "median": 4241.762708127499,
    "std": 31.97780858035346,
    "max": 4265.618244576454,
    "min": 4180.741404831409
  },
  "JoulesNormalized": {
    "median": 279.92950689792633,
    "std": 14.743337844284556,
    "max": 293.5527655482292,
    "min": 254.44699374437323
  },
  "NrPatches": {
    "median": 0,
    "std": 0.0,
    "max": 0,
    "min": 0
  },
  "Joules_Per_PatchMedian": [],
  "ExecutionTime_Per_PatchMedian": [],
  "JoulesNormalized_Per_PatchMedian": [],
  "Correctness_Per_Patch": []
}