{
  "TOOL_BUG_ID": "kPAR-Math-63",
  "SLB": {
    "median": 63.1,
    "std": 0.6946221994724932,
    "max": 64.4,
    "min": 62.9
  },
  "PowerAvg": {
    "median": 117.35,
    "std": 1.4571661996262948,
    "max": 117.7,
    "min": 114.6
  },
  "Time": {
    "median": 2217.760941505432,
    "std": 209.7866413006467,
    "max": 2629.082324028015,
    "min": 2195.8307859897614
  },
  "Joules": {
    "median": 264407.5466440022,
    "std": 18327.439877848956,
    "max": 300295.2146876573,
    "min": 262296.5509130835
  },
  "JoulesNormalized": {
    "median": 124103.76107873915,
    "std": 5780.376122424616,
    "max": 134663.02827389236,
    "min": 121824.1244836569
  },
  "NrPatches": {
    "median": 29.5,
    "std": 0.5773502691896257,
    "max": 30,
    "min": 29
  },
  "Joules_Per_PatchMedian": [
    71277.22636966706,
    72781.41408892274,
    81875.58488123417,
    83380.98220779895,
    84862.76238052844,
    87864.2970161438,
    89352.13171985149,
    229312.95379331708,
    230798.90337639448,
    233037.33896749612,
    235250.0493866682,
    236726.3185956299,
    238219.4227971673,
    239698.02276197076,
    241182.28343364,
    242669.17866841555,
    244145.5164444566,
    245635.95733599068,
    247131.01243480446,
    248619.30399851204,
    250867.36103242042,
    253142.95380070212,
    254629.10480468872,
    256107.73421689868,
    257584.68810993433,
    259078.86357924342,
    260572.21038247348,
    262051.35199086668,
    263523.43215011957,
    263460.707888335
  ],
  "ExecutionTime_Per_PatchMedian": [
    599.0268449783325,
    611.5866144895554,
    688.0647280216217,
    700.7041954994202,
    713.0642565488815,
    738.3436058759689,
    750.8532122373581,
    1923.7072752714157,
    1936.177054286003,
    1954.906553387642,
    1973.4363504648209,
    1985.8056344985962,
    1998.3156368732452,
    2010.684938788414,
    2023.0946233272552,
    2035.5439743995667,
    2047.893682360649,
    2060.3635762929916,
    2072.8531762361526,
    2085.2731367349625,
    2104.172990322113,
    2123.4130994081497,
    2135.8229558467865,
    2148.212341785431,
    2160.572240829468,
    2173.0521383285522,
    2185.5516632795334,
    2197.9015562534332,
    2210.1713247299194,
    2211.222253203392
  ],
  "JoulesNormalized_Per_PatchMedian": [
    33278.70756999254,
    33982.31789978742,
    38248.115041929486,
    38954.53802634477,
    39658.23804002404,
    41062.28782518506,
    41757.937372273205,
    107250.80176707504,
    107953.16826643347,
    108662.29832974073,
    110056.90006249545,
    110760.95237227676,
    111463.88596330283,
    112158.69087351559,
    112854.84122001525,
    113554.13253167269,
    114251.3264861941,
    114951.24746482965,
    115662.14373667834,
    116365.37433434723,
    117054.98358666297,
    118447.58085847495,
    119150.12967610953,
    119850.25318040249,
    120548.74927650092,
    121248.67210316655,
    121954.80732898711,
    122654.03360601662,
    123349.21428068279,
    124045.6663353145
  ],
  "Correctness_Per_Patch": [
    "I",
    "I",
    "I",
    "I",
    "I",
    "I",
    "I",
    "I",
    "I",
    "I",
    "I",
    "I",
    "I",
    "I",
    "I",
    "I",
    "I",
    "I",
    "I",
    "I",
    "I",
    "I",
    "I",
    "I",
    "I",
    "I",
    "I",
    "I",
    "I",
    "I"
  ]
}