{
  "TOOL_BUG_ID": "jMutRepair-Lang-59",
  "SLB": {
    "median": 64.5,
    "std": 0.6655824516917491,
    "max": 64.6,
    "min": 62.9
  },
  "PowerAvg": {
    "median": 120.775,
    "std": 0.8436527721758493,
    "max": 122.6,
    "min": 120.2
  },
  "Time": {
    "median": 5.250057101249695,
    "std": 0.037338375439127144,
    "max": 5.299829959869385,
    "min": 5.20079779624939
  },
  "Joules": {
    "median": 643.278489613533,
    "std": 6.243746345567063,
    "max": 655.0288396120071,
    "min": 639.3832707285881
  },
  "JoulesNormalized": {
    "median": 307.39960926175115,
    "std": 3.5058250056706144,
    "max": 313.9043545007706,
    "min": 303.9318128705024
  },
  "NrPatches": {
    "median": 0.0,
    "std": 0.0,
    "max": 0,
    "min": 0
  },
  "Joules_Per_PatchMedian": [],
  "ExecutionTime_Per_PatchMedian": [],
  "JoulesNormalized_Per_PatchMedian": [],
  "Correctness_Per_Patch": []
}