{
  "TOOL_BUG_ID": "Avatar-Closure-31",
  "SLB": {
    "median": 64.6,
    "std": 0,
    "max": 64.6,
    "min": 64.6
  },
  "PowerAvg": {
    "median": 92.6,
    "std": 0,
    "max": 92.6,
    "min": 92.6
  },
  "Time": {
    "median": 17852.44934487343,
    "std": 0,
    "max": 17852.44934487343,
    "min": 17852.44934487343
  },
  "Joules": {
    "median": 1707131.332420647,
    "std": 0,
    "max": 1707131.332420647,
    "min": 1707131.332420647
  },
  "JoulesNormalized": {
    "median": 553863.1047418236,
    "std": 0,
    "max": 553863.1047418236,
    "min": 553863.1047418236
  },
  "NrPatches": {
    "median": 0,
    "std": 0,
    "max": 0,
    "min": 0
  },
  "Joules_Per_PatchMedian": [],
  "ExecutionTime_Per_PatchMedian": [],
  "JoulesNormalized_Per_PatchMedian": [],
  "Correctness_Per_Patch": []
}