{
  "TOOL_BUG_ID": "jGenProg-Math-84",
  "SLB": {
    "median": 63.2,
    "std": 0.3605551275464001,
    "max": 63.7,
    "min": 63.0
  },
  "PowerAvg": {
    "median": 206.7,
    "std": 2.936551265231603,
    "max": 207.4,
    "min": 202.0
  },
  "Time": {
    "median": 4949.690305948257,
    "std": 7.47192509454307,
    "max": 4959.949688911438,
    "min": 4945.410013914108
  },
  "Joules": {
    "median": 1015196.0891923786,
    "std": 16905.5189358564,
    "max": 1022035.6668615342,
    "min": 989940.019810462
  },
  "JoulesNormalized": {
    "median": 703365.5999176383,
    "std": 18113.70593909345,
    "max": 708566.8465223314,
    "min": 674917.4019241333
  },
  "NrPatches": {
    "median": 0,
    "std": 0.0,
    "max": 0,
    "min": 0
  },
  "Joules_Per_PatchMedian": [],
  "ExecutionTime_Per_PatchMedian": [],
  "JoulesNormalized_Per_PatchMedian": [],
  "Correctness_Per_Patch": []
}