{
  "TOOL_BUG_ID": "TBar-Lang-43",
  "SLB": {
    "median": 65.5,
    "std": 1.010940156488009,
    "max": 66.1,
    "min": 63.9
  },
  "PowerAvg": {
    "median": 172.3,
    "std": 1.8074844397670426,
    "max": 173.2,
    "min": 168.8
  },
  "Time": {
    "median": 9244.031527042389,
    "std": 652.8366823871297,
    "max": 10714.864701986313,
    "min": 9226.583011865616
  },
  "Joules": {
    "median": 1560571.2322683216,
    "std": 95793.09855208603,
    "max": 1774372.3999729636,
    "min": 1555392.9347666982
  },
  "JoulesNormalized": {
    "median": 955576.1918002723,
    "std": 59304.86309131126,
    "max": 1087549.5725756409,
    "min": 948219.9165730241
  },
  "NrPatches": {
    "median": 1,
    "std": 0.0,
    "max": 1,
    "min": 1
  },
  "Joules_Per_PatchMedian": [
    639101.8316181182
  ],
  "ExecutionTime_Per_PatchMedian": [
    4112.027152061462
  ],
  "JoulesNormalized_Per_PatchMedian": [
    371915.7122190476
  ],
  "Correctness_Per_Patch": [
    "I"
  ]
}