{
  "TOOL_BUG_ID": "kPAR-Lang-43",
  "SLB": {
    "median": 63.849999999999994,
    "std": 0.3544949458972118,
    "max": 64.5,
    "min": 63.4
  },
  "PowerAvg": {
    "median": 115.6,
    "std": 1.1395905697515556,
    "max": 117.2,
    "min": 114.1
  },
  "Time": {
    "median": 3785.4752249717712,
    "std": 5.080147683908811,
    "max": 3793.879629135132,
    "min": 3779.795373916626
  },
  "Joules": {
    "median": 422102.34439811704,
    "std": 3328.1863418362286,
    "max": 425998.1353779912,
    "min": 417557.2695145726
  },
  "JoulesNormalized": {
    "median": 180476.87649593348,
    "std": 2390.9725542755773,
    "max": 183886.88657089474,
    "min": 177025.30102740522
  },
  "NrPatches": {
    "median": 1.0,
    "std": 0.0,
    "max": 1,
    "min": 1
  },
  "Joules_Per_PatchMedian": [
    122907.17553377151
  ],
  "ExecutionTime_Per_PatchMedian": [
    839.3110024929047
  ],
  "JoulesNormalized_Per_PatchMedian": [
    23475.52111824155
  ],
  "Correctness_Per_Patch": [
    "I"
  ]
}