{
  "TOOL_BUG_ID": "Prapr-Closure-93",
  "SLB": {
    "median": 63.9,
    "std": 0.16431676725154848,
    "max": 64.0,
    "min": 63.6
  },
  "PowerAvg": {
    "median": 64.0,
    "std": 0.16733200530681175,
    "max": 64.1,
    "min": 63.7
  },
  "Time": {
    "median": 63.378775119781494,
    "std": 0.2521790457814326,
    "max": 63.759044885635376,
    "min": 63.17845606803894
  },
  "Joules": {
    "median": 4281.264621222019,
    "std": 30.8959058337775,
    "max": 4330.667208755016,
    "min": 4250.267529368401
  },
  "JoulesNormalized": {
    "median": 219.81346200704502,
    "std": 32.24141601858443,
    "max": 287.2460204005238,
    "min": 210.6038470983508
  },
  "NrPatches": {
    "median": 0,
    "std": 0.0,
    "max": 0,
    "min": 0
  },
  "Joules_Per_PatchMedian": [],
  "ExecutionTime_Per_PatchMedian": [],
  "JoulesNormalized_Per_PatchMedian": [],
  "Correctness_Per_Patch": []
}