{
  "TOOL_BUG_ID": "Prapr-Closure-68",
  "SLB": {
    "median": 61.6,
    "std": 0.13038404810405482,
    "max": 61.7,
    "min": 61.4
  },
  "PowerAvg": {
    "median": 61.7,
    "std": 0.13038404810405155,
    "max": 61.8,
    "min": 61.5
  },
  "Time": {
    "median": 63.69856405258179,
    "std": 0.31874466983330296,
    "max": 63.93927502632141,
    "min": 63.198901891708374
  },
  "Joules": {
    "median": 4146.859220576287,
    "std": 26.224279333674627,
    "max": 4187.050136375427,
    "min": 4123.176259231568
  },
  "JoulesNormalized": {
    "median": 230.1239027023321,
    "std": 11.357361840631794,
    "max": 254.78472225666064,
    "min": 226.60392414331454
  },
  "NrPatches": {
    "median": 0,
    "std": 0.0,
    "max": 0,
    "min": 0
  },
  "Joules_Per_PatchMedian": [],
  "ExecutionTime_Per_PatchMedian": [],
  "JoulesNormalized_Per_PatchMedian": [],
  "Correctness_Per_Patch": []
}