{
  "TOOL_BUG_ID": "TBar-Time-2",
  "SLB": {
    "median": 64.5,
    "std": 0,
    "max": 64.5,
    "min": 64.5
  },
  "PowerAvg": {
    "median": 102.3,
    "std": 0,
    "max": 102.3,
    "min": 102.3
  },
  "Time": {
    "median": 17956.071916103363,
    "std": 0,
    "max": 17956.071916103363,
    "min": 17956.071916103363
  },
  "Joules": {
    "median": 1752942.773618019,
    "std": 0,
    "max": 1752942.773618019,
    "min": 1752942.773618019
  },
  "JoulesNormalized": {
    "median": 594776.135029352,
    "std": 0,
    "max": 594776.135029352,
    "min": 594776.135029352
  },
  "NrPatches": {
    "median": 0,
    "std": 0,
    "max": 0,
    "min": 0
  },
  "Joules_Per_PatchMedian": [],
  "ExecutionTime_Per_PatchMedian": [],
  "JoulesNormalized_Per_PatchMedian": [],
  "Correctness_Per_Patch": []
}