{
  "TOOL_BUG_ID": "TBar-Math-60",
  "SLB": {
    "median": 63.900000000000006,
    "std": 0.8539125638299686,
    "max": 64.4,
    "min": 62.5
  },
  "PowerAvg": {
    "median": 112.75,
    "std": 11.10210190309325,
    "max": 117.9,
    "min": 92.8
  },
  "Time": {
    "median": 17981.41374003887,
    "std": 18.78416018295284,
    "max": 17981.713427066803,
    "min": 17943.94643998146
  },
  "Joules": {
    "median": 2051878.4057920817,
    "std": 200033.1453984846,
    "max": 2156978.637405741,
    "min": 1699312.3590852018
  },
  "JoulesNormalized": {
    "median": 902857.7781407717,
    "std": 184265.06996040425,
    "max": 998972.898499262,
    "min": 577815.7065863605
  },
  "NrPatches": {
    "median": 0.0,
    "std": 0.0,
    "max": 0,
    "min": 0
  },
  "Joules_Per_PatchMedian": [],
  "ExecutionTime_Per_PatchMedian": [],
  "JoulesNormalized_Per_PatchMedian": [],
  "Correctness_Per_Patch": []
}