{
  "TOOL_BUG_ID": "Avatar-Lang-45",
  "SLB": {
    "median": 63.6,
    "std": 0,
    "max": 63.6,
    "min": 63.6
  },
  "PowerAvg": {
    "median": 93.2,
    "std": 0,
    "max": 93.2,
    "min": 93.2
  },
  "Time": {
    "median": 7838.9679589271545,
    "std": 0,
    "max": 7838.9679589271545,
    "min": 7838.9679589271545
  },
  "Joules": {
    "median": 721524.5992393255,
    "std": 0,
    "max": 721524.5992393255,
    "min": 721524.5992393255
  },
  "JoulesNormalized": {
    "median": 222966.23705155845,
    "std": 0,
    "max": 222966.23705155845,
    "min": 222966.23705155845
  },
  "NrPatches": {
    "median": 0,
    "std": 0,
    "max": 0,
    "min": 0
  },
  "Joules_Per_PatchMedian": [],
  "ExecutionTime_Per_PatchMedian": [],
  "JoulesNormalized_Per_PatchMedian": [],
  "Correctness_Per_Patch": []
}