{
  "TOOL_BUG_ID": "Avatar-Lang-58",
  "SLB": {
    "median": 63.1,
    "std": 0.8263517065131187,
    "max": 64.5,
    "min": 61.9
  },
  "PowerAvg": {
    "median": 101.2,
    "std": 3.5608987629529714,
    "max": 104.7,
    "min": 93.0
  },
  "Time": {
    "median": 4792.112661123276,
    "std": 1207.6820931506065,
    "max": 7982.285039186478,
    "min": 4778.614346027374
  },
  "Joules": {
    "median": 439667.9469061495,
    "std": 107532.61575747897,
    "max": 725908.3316823603,
    "min": 438157.34431480174
  },
  "JoulesNormalized": {
    "median": 138810.93092968472,
    "std": 27191.974376677004,
    "max": 211050.94665483246,
    "min": 135553.4715429903
  },
  "NrPatches": {
    "median": 5,
    "std": 0.0,
    "max": 5,
    "min": 5
  },
  "Joules_Per_PatchMedian": [
    78191.1479349196,
    84561.84278083444,
    85822.52800495029,
    87096.44299654364,
    88433.15711790323
  ],
  "ExecutionTime_Per_PatchMedian": [
    606.9770023822784,
    656.4561833143234,
    666.2759662866592,
    676.1759812831879,
    686.1559092998505
  ],
  "JoulesNormalized_Per_PatchMedian": [
    10899.867617285243,
    11741.081935012333,
    11910.509457695476,
    12077.264053314917,
    12241.57040975093
  ],
  "Correctness_Per_Patch": [
    "I",
    "I",
    "I",
    "I",
    "I"
  ]
}