{
  "TOOL_BUG_ID": "Nopol-Closure-78",
  "SLB": {
    "median": 64.6,
    "std": 0.19482898483884323,
    "max": 65.2,
    "min": 64.5
  },
  "PowerAvg": {
    "median": 148.7,
    "std": 0.2829715827899767,
    "max": 149.2,
    "min": 148.3
  },
  "Time": {
    "median": 499.8189458847046,
    "std": 17.181118355798052,
    "max": 538.5483119487762,
    "min": 459.2501118183136
  },
  "Joules": {
    "median": 71344.68594826461,
    "std": 2201.325384298525,
    "max": 74911.83702178001,
    "min": 65356.74486944675
  },
  "JoulesNormalized": {
    "median": 38958.32387143374,
    "std": 1139.3755100307378,
    "max": 40563.080873930456,
    "min": 35689.18764598369
  },
  "NrPatches": {
    "median": 0.0,
    "std": 0.0,
    "max": 0,
    "min": 0
  },
  "Joules_Per_PatchMedian": [],
  "ExecutionTime_Per_PatchMedian": [],
  "JoulesNormalized_Per_PatchMedian": [],
  "Correctness_Per_Patch": []
}