{
  "TOOL_BUG_ID": "Prapr-Lang-22",
  "SLB": {
    "median": 62.6,
    "std": 0.16431676725154915,
    "max": 62.9,
    "min": 62.5
  },
  "PowerAvg": {
    "median": 62.9,
    "std": 0.19235384061671415,
    "max": 63.2,
    "min": 62.7
  },
  "Time": {
    "median": 70.61804103851318,
    "std": 0.8997529853053131,
    "max": 72.41836905479431,
    "min": 70.19886803627014
  },
  "Joules": {
    "median": 5233.359024584293,
    "std": 88.18429938755116,
    "max": 5368.815253484249,
    "min": 5155.80501947403
  },
  "JoulesNormalized": {
    "median": 812.6696555733679,
    "std": 49.80027037911358,
    "max": 856.9514059305193,
    "min": 734.6227746248242
  },
  "NrPatches": {
    "median": 0,
    "std": 0.0,
    "max": 0,
    "min": 0
  },
  "Joules_Per_PatchMedian": [],
  "ExecutionTime_Per_PatchMedian": [],
  "JoulesNormalized_Per_PatchMedian": [],
  "Correctness_Per_Patch": []
}