{
  "TOOL_BUG_ID": "Avatar-Closure-93",
  "SLB": {
    "median": 64.0,
    "std": 0,
    "max": 64.0,
    "min": 64.0
  },
  "PowerAvg": {
    "median": 65.0,
    "std": 0,
    "max": 65.0,
    "min": 65.0
  },
  "Time": {
    "median": 79.7583110332489,
    "std": 0,
    "max": 79.7583110332489,
    "min": 79.7583110332489
  },
  "Joules": {
    "median": 5595.135993099213,
    "std": 0,
    "max": 5595.135993099213,
    "min": 5595.135993099213
  },
  "JoulesNormalized": {
    "median": 490.6040869712833,
    "std": 0,
    "max": 490.6040869712833,
    "min": 490.6040869712833
  },
  "NrPatches": {
    "median": 0,
    "std": 0,
    "max": 0,
    "min": 0
  },
  "Joules_Per_PatchMedian": [],
  "ExecutionTime_Per_PatchMedian": [],
  "JoulesNormalized_Per_PatchMedian": [],
  "Correctness_Per_Patch": []
}