{
  "TOOL_BUG_ID": "Prapr-Math-74",
  "SLB": {
    "median": 62.6,
    "std": 0.5567764362830018,
    "max": 63.3,
    "min": 61.8
  },
  "PowerAvg": {
    "median": 110.9,
    "std": 0.21679483388679008,
    "max": 111.1,
    "min": 110.6
  },
  "Time": {
    "median": 2331.027316093445,
    "std": 1.9052654406255534,
    "max": 2334.4869611263275,
    "min": 2329.429137945175
  },
  "Joules": {
    "median": 262676.91545380355,
    "std": 463.2656892340054,
    "max": 262904.87935138936,
    "min": 261753.4948608994
  },
  "JoulesNormalized": {
    "median": 116870.84415310624,
    "std": 830.6341266238372,
    "max": 117696.00672632453,
    "min": 115452.01491945979
  },
  "NrPatches": {
    "median": 2,
    "std": 0.0,
    "max": 2,
    "min": 2
  },
  "Joules_Per_PatchMedian": [
    156564.63507555722,
    223644.7851036787
  ],
  "ExecutionTime_Per_PatchMedian": [
    1384.688730955124,
    1983.3965973854065
  ],
  "JoulesNormalized_Per_PatchMedian": [
    70007.15939303636,
    99675.55117720366
  ],
  "Correctness_Per_Patch": [
    "na",
    "na"
  ]
}