{
  "TOOL_BUG_ID": "kPAR-Closure-45",
  "SLB": {
    "median": 63.9,
    "std": 0,
    "max": 63.9,
    "min": 63.9
  },
  "PowerAvg": {
    "median": 88.3,
    "std": 0,
    "max": 88.3,
    "min": 88.3
  },
  "Time": {
    "median": 391.3315329551697,
    "std": 0,
    "max": 391.3315329551697,
    "min": 391.3315329551697
  },
  "Joules": {
    "median": 36239.79334177971,
    "std": 0,
    "max": 36239.79334177971,
    "min": 36239.79334177971
  },
  "JoulesNormalized": {
    "median": 11233.70838594437,
    "std": 0,
    "max": 11233.70838594437,
    "min": 11233.70838594437
  },
  "NrPatches": {
    "median": 0,
    "std": 0,
    "max": 0,
    "min": 0
  },
  "Joules_Per_PatchMedian": [],
  "ExecutionTime_Per_PatchMedian": [],
  "JoulesNormalized_Per_PatchMedian": [],
  "Correctness_Per_Patch": []
}