{
  "TOOL_BUG_ID": "dynamoth-Closure-22",
  "SLB": {
    "median": 63.9,
    "std": 0.38686776379877497,
    "max": 64.1,
    "min": 63.1
  },
  "PowerAvg": {
    "median": 132.95,
    "std": 19.967248182962024,
    "max": 151.8,
    "min": 113.1
  },
  "Time": {
    "median": 3631.9593814611435,
    "std": 6915.0872159866385,
    "max": 19936.34306192398,
    "min": 2138.4123010635376
  },
  "Joules": {
    "median": 447720.09302307374,
    "std": 1025103.0222167748,
    "max": 2916383.7458573584,
    "min": 330143.9492911696
  },
  "JoulesNormalized": {
    "median": 215497.18272923236,
    "std": 590838.943381682,
    "max": 1658400.4986499553,
    "min": 194140.92694352858
  },
  "NrPatches": {
    "median": 6.0,
    "std": 0.0,
    "max": 6,
    "min": 6
  },
  "Joules_Per_PatchMedian": [
    1805.3604968190193,
    2017.7442362308502,
    2433.625478827953,
    2709.315261876583,
    2959.642323541641,
    3164.237384855747
  ],
  "ExecutionTime_Per_PatchMedian": [
    14.399256944656372,
    16.20952594280243,
    19.479809165000916,
    21.949299216270447,
    24.329347252845764,
    26.239007353782654
  ],
  "JoulesNormalized_Per_PatchMedian": [
    885.1260171532631,
    981.8405198812485,
    1192.93965293169,
    1311.2999370217321,
    1410.0019115447997,
    1492.944630229473
  ],
  "Correctness_Per_Patch": [
    "I",
    "I",
    "I",
    "I",
    "I",
    "I"
  ]
}