{
  "TOOL_BUG_ID": "Avatar-Math-77",
  "SLB": {
    "median": 64.9,
    "std": 0,
    "max": 64.9,
    "min": 64.9
  },
  "PowerAvg": {
    "median": 97.8,
    "std": 0,
    "max": 97.8,
    "min": 97.8
  },
  "Time": {
    "median": 631.7862129211426,
    "std": 0,
    "max": 631.7862129211426,
    "min": 631.7862129211426
  },
  "Joules": {
    "median": 63734.65006453991,
    "std": 0,
    "max": 63734.65006453991,
    "min": 63734.65006453991
  },
  "JoulesNormalized": {
    "median": 22731.724845957753,
    "std": 0,
    "max": 22731.724845957753,
    "min": 22731.724845957753
  },
  "NrPatches": {
    "median": 0,
    "std": 0,
    "max": 0,
    "min": 0
  },
  "Joules_Per_PatchMedian": [],
  "ExecutionTime_Per_PatchMedian": [],
  "JoulesNormalized_Per_PatchMedian": [],
  "Correctness_Per_Patch": []
}