{
  "TOOL_BUG_ID": "Avatar-Math-15",
  "SLB": {
    "median": 62.6,
    "std": 0,
    "max": 62.6,
    "min": 62.6
  },
  "PowerAvg": {
    "median": 106.0,
    "std": 0,
    "max": 106.0,
    "min": 106.0
  },
  "Time": {
    "median": 2908.7568550109863,
    "std": 0,
    "max": 2908.7568550109863,
    "min": 2908.7568550109863
  },
  "Joules": {
    "median": 306110.0161705017,
    "std": 0,
    "max": 306110.0161705017,
    "min": 306110.0161705017
  },
  "JoulesNormalized": {
    "median": 124021.83704681395,
    "std": 0,
    "max": 124021.83704681395,
    "min": 124021.83704681395
  },
  "NrPatches": {
    "median": 0,
    "std": 0,
    "max": 0,
    "min": 0
  },
  "Joules_Per_PatchMedian": [],
  "ExecutionTime_Per_PatchMedian": [],
  "JoulesNormalized_Per_PatchMedian": [],
  "Correctness_Per_Patch": []
}