{
  "TOOL_BUG_ID": "Nopol-Closure-113",
  "SLB": {
    "median": 63.650000000000006,
    "std": 0.24458419526091393,
    "max": 64.0,
    "min": 63.3
  },
  "PowerAvg": {
    "median": 147.9,
    "std": 0.5897941529526566,
    "max": 148.6,
    "min": 146.9
  },
  "Time": {
    "median": 13118.957682132721,
    "std": 4736.466054536199,
    "max": 13562.246133089066,
    "min": 2382.6268849372864
  },
  "Joules": {
    "median": 1990562.6067171097,
    "std": 736906.7356551785,
    "max": 2120224.746789658,
    "min": 354857.1711245656
  },
  "JoulesNormalized": {
    "median": 1168964.9008176033,
    "std": 436217.3201604888,
    "max": 1257028.830770838,
    "min": 204036.88930803537
  },
  "NrPatches": {
    "median": 4.0,
    "std": 0.0,
    "max": 4,
    "min": 4
  },
  "Joules_Per_PatchMedian": [
    5472.738535666465,
    7974.095703732968,
    8363.725120973588,
    8738.533506327869
  ],
  "ExecutionTime_Per_PatchMedian": [
    45.44929254055023,
    67.81883597373962,
    71.15875899791718,
    74.3485769033432
  ],
  "JoulesNormalized_Per_PatchMedian": [
    2580.874630737305,
    3658.4138566493993,
    3835.457191550732,
    4006.005806249381
  ],
  "Correctness_Per_Patch": [
    "na",
    "na",
    "na",
    "na"
  ]
}