{
  "TOOL_BUG_ID": "Nopol-Closure-10",
  "SLB": {
    "median": 62.9,
    "std": 0.39880774697543087,
    "max": 63.6,
    "min": 62.7
  },
  "PowerAvg": {
    "median": 148.6,
    "std": 1.0392304845413256,
    "max": 149.0,
    "min": 146.0
  },
  "Time": {
    "median": 3016.074534893036,
    "std": 910.3896301965837,
    "max": 3684.2362678050995,
    "min": 1123.615357875824
  },
  "Joules": {
    "median": 446003.81493982073,
    "std": 136675.81930575537,
    "max": 545257.7528467893,
    "min": 162591.703460443
  },
  "JoulesNormalized": {
    "median": 255387.90433458085,
    "std": 79178.24753357504,
    "max": 310940.326214385,
    "min": 92141.02052162885
  },
  "NrPatches": {
    "median": 1,
    "std": 0.0,
    "max": 1,
    "min": 1
  },
  "Joules_Per_PatchMedian": [
    9299.446965515614
  ],
  "ExecutionTime_Per_PatchMedian": [
    73.29817485809326
  ],
  "JoulesNormalized_Per_PatchMedian": [
    4645.914448964596
  ],
  "Correctness_Per_Patch": [
    "I"
  ]
}