{
  "TOOL_BUG_ID": "FixMiner-Math-64",
  "SLB": {
    "median": 63.65,
    "std": 0.40861263528467334,
    "max": 64.2,
    "min": 63.0
  },
  "PowerAvg": {
    "median": 121.65,
    "std": 9.513139409709678,
    "max": 122.5,
    "min": 94.7
  },
  "Time": {
    "median": 8167.067470550537,
    "std": 3445.06302345024,
    "max": 17970.766550064087,
    "min": 8115.025278091431
  },
  "Joules": {
    "median": 1009860.5334746004,
    "std": 262273.7806128423,
    "max": 1754768.2948831203,
    "min": 1000181.79297328
  },
  "JoulesNormalized": {
    "median": 488497.08163062343,
    "std": 40501.490027213375,
    "max": 602842.1590240125,
    "min": 484377.05261464126
  },
  "NrPatches": {
    "median": 0.0,
    "std": 0.0,
    "max": 0,
    "min": 0
  },
  "Joules_Per_PatchMedian": [],
  "ExecutionTime_Per_PatchMedian": [],
  "JoulesNormalized_Per_PatchMedian": [],
  "Correctness_Per_Patch": []
}