{
  "Group_ID": "s_200_299",
  "TOOL_BUG_ID": "jMutRepair-Lang-45",
  "ExecutionsIds": [
    "200",
    "265",
    "266",
    "267",
    "268",
    "269"
  ],
  "NrExecutions": 6,
  "NrOutliers": 0,
  "SLB": {
    "median": 62.5,
    "std": 0.26583202716502463,
    "max": 63.0,
    "min": 62.2
  },
  "PowerAvg": {
    "median": 99.9,
    "std": 2.1103712153710434,
    "max": 105.1,
    "min": 99.8
  },
  "Time": {
    "median": 60.94863450527191,
    "std": 0.2073900681919125,
    "max": 61.0793240070343,
    "min": 60.53918099403381
  },
  "Joules": {
    "median": 5735.319583368302,
    "std": 107.38593645857829,
    "max": 5974.321463108063,
    "min": 5675.7517316102985
  },
  "JoulesNormalized": {
    "median": 1916.0938759803776,
    "std": 109.39205472363024,
    "max": 2176.4827599048613,
    "min": 1892.0529194831852
  },
  "NrPatches": {
    "median": 0.0,
    "std": 0.0,
    "max": 0,
    "min": 0
  },
  "Joules_Per_PatchMedian": [],
  "ExecutionTime_Per_PatchMedian": [],
  "JoulesNormalized_Per_PatchMedian": [],
  "Correctness_Per_Patch": []
}