{
  "Group_ID": "s_200_299",
  "TOOL_BUG_ID": "Avatar-Math-84",
  "ExecutionsIds": [
    "210",
    "280",
    "281",
    "282"
  ],
  "NrExecutions": 4,
  "NrOutliers": 2,
  "SLB": {
    "median": 62.900000000000006,
    "std": 0.8919781387455658,
    "max": 63.6,
    "min": 61.55
  },
  "PowerAvg": {
    "median": 106.95,
    "std": 1.314977819838296,
    "max": 108.2,
    "min": 105.6
  },
  "Time": {
    "median": 17992.86023592949,
    "std": 0.06011924669667199,
    "max": 17992.892622947693,
    "min": 17992.759687185287
  },
  "Joules": {
    "median": 2026449.9719811617,
    "std": 23252.965312762306,
    "max": 2039279.476256275,
    "min": 1988279.0452263716
  },
  "JoulesNormalized": {
    "median": 902004.275902158,
    "std": 27646.087986314717,
    "max": 910014.3523706193,
    "min": 851131.577769554
  },
  "NrPatches": {
    "median": 4.0,
    "std": 0.0,
    "max": 4,
    "min": 4
  },
  "Joules_Per_PatchMedian": [
    64661.49161982536,
    1212680.2273169337,
    1213676.5254228055,
    1229493.8662831723
  ],
  "ExecutionTime_Per_PatchMedian": [
    539.628128528595,
    11349.461330413818,
    11357.601460456848,
    11483.148733377457
  ],
  "JoulesNormalized_Per_PatchMedian": [
    30604.55923934579,
    482756.01281198265,
    483277.2363657236,
    491385.87040073867
  ],
  "Correctness_Per_Patch": [
    "I",
    "I",
    "I",
    "I"
  ]
}