{
  "Group_ID": "s_200_299",
  "TOOL_BUG_ID": "jGenProg-Lang-16",
  "ExecutionsIds": [
    "201",
    "250",
    "255"
  ],
  "NrExecutions": 3,
  "NrOutliers": 11,
  "SLB": {
    "median": 63.2,
    "std": 0.09999999999999787,
    "max": 63.3,
    "min": 63.1
  },
  "PowerAvg": {
    "median": 144.7,
    "std": 0.115470053837935,
    "max": 144.9,
    "min": 144.7
  },
  "Time": {
    "median": 1774.4399559497833,
    "std": 2.354835726176177,
    "max": 1774.5192651748657,
    "min": 1770.4014937877655
  },
  "Joules": {
    "median": 243771.6867666125,
    "std": 117.89763832767908,
    "max": 243859.04854388235,
    "min": 243625.6955717087
  },
  "JoulesNormalized": {
    "median": 131804.52554618116,
    "std": 349.6459653324303,
    "max": 131969.67413649557,
    "min": 131298.6260861397
  },
  "NrPatches": {
    "median": 0,
    "std": 0.0,
    "max": 0,
    "min": 0
  },
  "Joules_Per_PatchMedian": [],
  "ExecutionTime_Per_PatchMedian": [],
  "JoulesNormalized_Per_PatchMedian": [],
  "Correctness_Per_Patch": []
}