{
  "TOOL_BUG_ID": "jMutRepair-Lang-43",
  "SLB": {
    "median": 64.5,
    "std": 0.6078847008469684,
    "max": 65.8,
    "min": 64.0
  },
  "PowerAvg": {
    "median": 110.7,
    "std": 0.8479667558622901,
    "max": 112.7,
    "min": 110.4
  },
  "Time": {
    "median": 37.07889795303345,
    "std": 0.19776864059929647,
    "max": 37.499223947525024,
    "min": 36.91868805885315
  },
  "Joules": {
    "median": 4399.8291052818295,
    "std": 56.40381267371431,
    "max": 4545.800091660023,
    "min": 4385.787449848653
  },
  "JoulesNormalized": {
    "median": 2022.991414082051,
    "std": 27.063523527218766,
    "max": 2078.3511559128765,
    "min": 2000.3572128415099
  },
  "NrPatches": {
    "median": 0,
    "std": 0.0,
    "max": 0,
    "min": 0
  },
  "Joules_Per_PatchMedian": [],
  "ExecutionTime_Per_PatchMedian": [],
  "JoulesNormalized_Per_PatchMedian": [],
  "Correctness_Per_Patch": []
}