{
  "Group_ID": "s_200_299",
  "TOOL_BUG_ID": "FixMiner-Math-75",
  "ExecutionsIds": [
    "200",
    "210",
    "211",
    "212",
    "250",
    "251",
    "260",
    "261"
  ],
  "NrExecutions": 8,
  "NrOutliers": 0,
  "SLB": {
    "median": 65.05,
    "std": 0.40266966255586556,
    "max": 65.3,
    "min": 64.4
  },
  "PowerAvg": {
    "median": 124.05,
    "std": 8.618377374623865,
    "max": 124.3,
    "min": 99.7
  },
  "Time": {
    "median": 3497.541876912117,
    "std": 2786.2691301406016,
    "max": 11400.090518951416,
    "min": 3474.504979133606
  },
  "Joules": {
    "median": 441761.880683291,
    "std": 252219.2871381616,
    "max": 1156934.605314195,
    "min": 436990.8895428062
  },
  "JoulesNormalized": {
    "median": 214837.82338712813,
    "std": 70073.97633867672,
    "max": 413648.70347856253,
    "min": 213222.48376668696
  },
  "NrPatches": {
    "median": 2.0,
    "std": 0.0,
    "max": 2,
    "min": 2
  },
  "Joules_Per_PatchMedian": [
    8104.272628301382,
    229438.39610575442
  ],
  "ExecutionTime_Per_PatchMedian": [
    64.65844941139221,
    1816.8193664550781
  ],
  "JoulesNormalized_Per_PatchMedian": [
    3917.7499818265437,
    111649.85388070942
  ],
  "Correctness_Per_Patch": [
    "C",
    "C"
  ]
}