{
  "Group_ID": "s_200_299",
  "TOOL_BUG_ID": "dynamoth-Closure-21",
  "ExecutionsIds": [
    "200",
    "210",
    "211",
    "212",
    "213",
    "214"
  ],
  "NrExecutions": 6,
  "NrOutliers": 0,
  "SLB": {
    "median": 64.15,
    "std": 0.5314288914489534,
    "max": 64.6,
    "min": 63.2
  },
  "PowerAvg": {
    "median": 115.75,
    "std": 4.698829641517133,
    "max": 118.2,
    "min": 107.6
  },
  "Time": {
    "median": 4959.610046505928,
    "std": 1252.0693972421436,
    "max": 5585.336870908737,
    "min": 2791.4200179576874
  },
  "Joules": {
    "median": 594557.9572767615,
    "std": 153584.5737959672,
    "max": 671496.0767872453,
    "min": 329388.9403746486
  },
  "JoulesNormalized": {
    "median": 278409.3472066581,
    "std": 73542.96113129969,
    "max": 313475.9833619953,
    "min": 150947.85533636803
  },
  "NrPatches": {
    "median": 3.0,
    "std": 0.0,
    "max": 3,
    "min": 3
  },
  "Joules_Per_PatchMedian": [
    888.205692499876,
    1741.5749001920224,
    2276.4122414767744
  ],
  "ExecutionTime_Per_PatchMedian": [
    7.359884023666382,
    13.439607501029968,
    17.839348554611206
  ],
  "JoulesNormalized_Per_PatchMedian": [
    404.44384749531747,
    875.2981763005257,
    1109.9526884019374
  ],
  "Correctness_Per_Patch": [
    "I",
    "I",
    "I"
  ]
}