{
  "Group_ID": "s_200_299",
  "TOOL_BUG_ID": "dynamoth-Mockito-38",
  "ExecutionsIds": [
    "200",
    "210",
    "211",
    "212",
    "213",
    "214"
  ],
  "NrExecutions": 6,
  "NrOutliers": 0,
  "SLB": {
    "median": 63.55,
    "std": 0.5344779384283929,
    "max": 64.6,
    "min": 63.3
  },
  "PowerAvg": {
    "median": 82.225,
    "std": 6.834940867825169,
    "max": 94.1,
    "min": 75.1
  },
  "Time": {
    "median": 0.22036254405975342,
    "std": 0.016620985588049895,
    "max": 0.2598128318786621,
    "min": 0.21978211402893066
  },
  "Joules": {
    "median": 20.560145032405856,
    "std": 1.581497464137654,
    "max": 23.585644280910493,
    "min": 19.225398910045623
  },
  "JoulesNormalized": {
    "median": 6.025524854660035,
    "std": 0.8153674548879947,
    "max": 7.139492022991181,
    "min": 5.234231078624724
  },
  "NrPatches": {
    "median": 0.0,
    "std": 0.0,
    "max": 0,
    "min": 0
  },
  "Joules_Per_PatchMedian": [],
  "ExecutionTime_Per_PatchMedian": [],
  "JoulesNormalized_Per_PatchMedian": [],
  "Correctness_Per_Patch": []
}