{
  "TOOL_BUG_ID": "Prapr-Closure-126",
  "SLB": {
    "median": 64.2,
    "std": 0.11401754250991666,
    "max": 64.4,
    "min": 64.1
  },
  "PowerAvg": {
    "median": 64.4,
    "std": 0.11401754250991168,
    "max": 64.6,
    "min": 64.3
  },
  "Time": {
    "median": 63.858426094055176,
    "std": 0.3354992837257108,
    "max": 64.17777895927429,
    "min": 63.37853288650513
  },
  "Joules": {
    "median": 4335.128381764889,
    "std": 36.2789242664102,
    "max": 4401.291968297959,
    "min": 4310.917801356316
  },
  "JoulesNormalized": {
    "median": 233.53301658630244,
    "std": 18.45615279104685,
    "max": 274.6607812166221,
    "min": 231.97039361000043
  },
  "NrPatches": {
    "median": 0,
    "std": 0.0,
    "max": 0,
    "min": 0
  },
  "Joules_Per_PatchMedian": [],
  "ExecutionTime_Per_PatchMedian": [],
  "JoulesNormalized_Per_PatchMedian": [],
  "Correctness_Per_Patch": []
}