{
  "Group_ID": "s_200_299",
  "TOOL_BUG_ID": "Prapr-Math-49",
  "ExecutionsIds": [
    "250",
    "251",
    "252",
    "253",
    "254"
  ],
  "NrExecutions": 5,
  "NrOutliers": 0,
  "SLB": {
    "median": 63.5,
    "std": 0.141421356237309,
    "max": 63.8,
    "min": 63.5
  },
  "PowerAvg": {
    "median": 111.1,
    "std": 0.32710854467591977,
    "max": 111.6,
    "min": 110.7
  },
  "Time": {
    "median": 39.85893702507019,
    "std": 0.2020571172100461,
    "max": 40.01909518241882,
    "min": 39.53978896141052
  },
  "Joules": {
    "median": 4582.908897674084,
    "std": 35.28403427235187,
    "max": 4616.348329746723,
    "min": 4537.169468903541
  },
  "JoulesNormalized": {
    "median": 2051.866396582127,
    "std": 18.52550272700995,
    "max": 2067.1319666266436,
    "min": 2022.564887666702
  },
  "NrPatches": {
    "median": 11,
    "std": 0.0,
    "max": 11,
    "min": 11
  },
  "Joules_Per_PatchMedian": [
    1568.8530927300453,
    1568.8530927300453,
    1568.8530927300453,
    1568.8530927300453,
    1568.8530927300453,
    2139.559916496277,
    2139.559916496277,
    2139.559916496277,
    2139.559916496277,
    2139.559916496277,
    2139.559916496277
  ],
  "ExecutionTime_Per_PatchMedian": [
    13.240166902542114,
    13.240166902542114,
    13.240166902542114,
    13.240166902542114,
    13.240166902542114,
    18.159498929977417,
    18.159498929977417,
    18.159498929977417,
    18.159498929977417,
    18.159498929977417,
    18.159498929977417
  ],
  "JoulesNormalized_Per_PatchMedian": [
    728.1024944186211,
    728.1024944186211,
    728.1024944186211,
    728.1024944186211,
    728.1024944186211,
    987.6899849176408,
    987.6899849176408,
    987.6899849176408,
    987.6899849176408,
    987.6899849176408,
    987.6899849176408
  ],
  "Correctness_Per_Patch": [
    "na",
    "na",
    "na",
    "na",
    "na",
    "na",
    "na",
    "na",
    "na",
    "na",
    "na"
  ]
}