{
  "Group_ID": "s_200_299",
  "TOOL_BUG_ID": "Prapr-Math-29",
  "ExecutionsIds": [
    "250",
    "251",
    "252",
    "253",
    "254"
  ],
  "NrExecutions": 5,
  "NrOutliers": 0,
  "SLB": {
    "median": 63.9,
    "std": 0.33615472627943416,
    "max": 64.2,
    "min": 63.3
  },
  "PowerAvg": {
    "median": 106.3,
    "std": 0.1949358868961806,
    "max": 106.7,
    "min": 106.3
  },
  "Time": {
    "median": 326.57253408432007,
    "std": 0.9283761578490861,
    "max": 327.9528241157532,
    "min": 325.9932689666748
  },
  "Joules": {
    "median": 36670.64664708376,
    "std": 130.9121716172003,
    "max": 36749.23264394998,
    "min": 36439.91333093643
  },
  "JoulesNormalized": {
    "median": 15704.689958870415,
    "std": 121.99069886320335,
    "max": 15936.848528981209,
    "min": 15608.943443965913
  },
  "NrPatches": {
    "median": 3,
    "std": 0.0,
    "max": 3,
    "min": 3
  },
  "Joules_Per_PatchMedian": [
    34398.74327762127,
    34398.74327762127,
    34398.74327762127
  ],
  "ExecutionTime_Per_PatchMedian": [
    305.99266505241394,
    305.99266505241394,
    305.99266505241394
  ],
  "JoulesNormalized_Per_PatchMedian": [
    14754.014181256298,
    14754.014181256298,
    14754.014181256298
  ],
  "Correctness_Per_Patch": [
    "na",
    "na",
    "na"
  ]
}