{
  "Group_ID": "s_200_299",
  "TOOL_BUG_ID": "SimFix-Math-57",
  "ExecutionsIds": [
    "200",
    "280",
    "281",
    "282"
  ],
  "NrExecutions": 4,
  "NrOutliers": 6,
  "SLB": {
    "median": 64.15,
    "std": 1.5556349186104022,
    "max": 67.1,
    "min": 63.8
  },
  "PowerAvg": {
    "median": 107.15,
    "std": 1.2579745625409118,
    "max": 109.1,
    "min": 106.1
  },
  "Time": {
    "median": 17998.230563998222,
    "std": 19.82275219043413,
    "max": 17998.418266057968,
    "min": 17958.64810705185
  },
  "Joules": {
    "median": 1930519.3049558992,
    "std": 16830.93310250459,
    "max": 1945735.2749095676,
    "min": 1909932.1204420913
  },
  "JoulesNormalized": {
    "median": 779411.9541370567,
    "std": 39883.15304533572,
    "max": 790477.8846588011,
    "min": 704906.8324589122
  },
  "NrPatches": {
    "median": 1.0,
    "std": 0.0,
    "max": 1,
    "min": 1
  },
  "Joules_Per_PatchMedian": [
    55812.290104568005
  ],
  "ExecutionTime_Per_PatchMedian": [
    287.7735733985901
  ],
  "JoulesNormalized_Per_PatchMedian": [
    1257.615898603206
  ],
  "Correctness_Per_Patch": [
    "C"
  ]
}