{
  "Group_ID": "s_200_299",
  "TOOL_BUG_ID": "kPAR-Math-62",
  "ExecutionsIds": [
    "200",
    "210",
    "211",
    "250",
    "251",
    "260",
    "261"
  ],
  "NrExecutions": 7,
  "NrOutliers": 0,
  "SLB": {
    "median": 63.0,
    "std": 1.3904435743076138,
    "max": 66.5,
    "min": 62.5
  },
  "PowerAvg": {
    "median": 116.2,
    "std": 7.748333154083312,
    "max": 117.4,
    "min": 95.9
  },
  "Time": {
    "median": 17970.13347387314,
    "std": 16.377772885860107,
    "max": 17970.790932178497,
    "min": 17926.547572135925
  },
  "Joules": {
    "median": 2117914.1716390844,
    "std": 143287.51486719737,
    "max": 2137927.1150389067,
    "min": 1741099.3431881429
  },
  "JoulesNormalized": {
    "median": 982160.1847254033,
    "std": 135149.46140512274,
    "max": 987621.4307541251,
    "min": 618897.465172434
  },
  "NrPatches": {
    "median": 3,
    "std": 0.0,
    "max": 3,
    "min": 3
  },
  "Joules_Per_PatchMedian": [
    118827.36732765436,
    153998.11600354908,
    173788.09060658215
  ],
  "ExecutionTime_Per_PatchMedian": [
    1007.8980112075806,
    1305.9319031238556,
    1473.5880210399628
  ],
  "JoulesNormalized_Per_PatchMedian": [
    55128.213019335264,
    71724.40610674619,
    80657.32767685651
  ],
  "Correctness_Per_Patch": [
    "I",
    "I",
    "I"
  ]
}