{
  "TOOL_BUG_ID": "Nopol-Math-85",
  "SLB": {
    "median": 64.25,
    "std": 0.48442405665560123,
    "max": 65.4,
    "min": 64.1
  },
  "PowerAvg": {
    "median": 64.3,
    "std": 35.75451952783965,
    "max": 151.9,
    "min": 64.2
  },
  "Time": {
    "median": 61.41824650764465,
    "std": 199.2470499140274,
    "max": 549.3879261016846,
    "min": 61.01916694641113
  },
  "Joules": {
    "median": 4155.787109202147,
    "std": 32246.534834382088,
    "max": 83118.26030687094,
    "min": 4031.3279064416884
  },
  "JoulesNormalized": {
    "median": 210.81135789155928,
    "std": 19186.752644367894,
    "max": 47188.28993982077,
    "min": 102.37296144962284
  },
  "NrPatches": {
    "median": 0.0,
    "std": 0.408248290463863,
    "max": 1,
    "min": 0
  },
  "Joules_Per_PatchMedian": [
    1463.697737812996
  ],
  "ExecutionTime_Per_PatchMedian": [
    11.419711112976074
  ],
  "JoulesNormalized_Per_PatchMedian": [
    242.84824463129075
  ],
  "Correctness_Per_Patch": [
    "I"
  ]
}