{
  "Group_ID": "s_200_299",
  "TOOL_BUG_ID": "Prapr-Math-7",
  "ExecutionsIds": [
    "250",
    "251",
    "252",
    "253",
    "254"
  ],
  "NrExecutions": 5,
  "NrOutliers": 0,
  "SLB": {
    "median": 63.4,
    "std": 0.13038404810405238,
    "max": 63.5,
    "min": 63.2
  },
  "PowerAvg": {
    "median": 109.4,
    "std": 0.14832396974191106,
    "max": 109.6,
    "min": 109.2
  },
  "Time": {
    "median": 1558.1853110790253,
    "std": 14.444900193219448,
    "max": 1585.6654160022736,
    "min": 1554.9663271903992
  },
  "Joules": {
    "median": 179177.8326805115,
    "std": 1701.443250569517,
    "max": 182700.08704144953,
    "min": 179077.45476595164
  },
  "JoulesNormalized": {
    "median": 80783.44946581125,
    "std": 850.590493883307,
    "max": 82168.89966690539,
    "min": 80134.28577357534
  },
  "NrPatches": {
    "median": 0,
    "std": 0.0,
    "max": 0,
    "min": 0
  },
  "Joules_Per_PatchMedian": [],
  "ExecutionTime_Per_PatchMedian": [],
  "JoulesNormalized_Per_PatchMedian": [],
  "Correctness_Per_Patch": []
}