{
  "Group_ID": "s_200_299",
  "TOOL_BUG_ID": "Prapr-Closure-127",
  "ExecutionsIds": [
    "250",
    "251",
    "252",
    "253",
    "254"
  ],
  "NrExecutions": 5,
  "NrOutliers": 0,
  "SLB": {
    "median": 62.6,
    "std": 0.15165750888103316,
    "max": 62.7,
    "min": 62.4
  },
  "PowerAvg": {
    "median": 62.8,
    "std": 0.16431676725154828,
    "max": 62.8,
    "min": 62.5
  },
  "Time": {
    "median": 63.9191358089447,
    "std": 0.2610727687564495,
    "max": 64.25819611549377,
    "min": 63.55802297592163
  },
  "Joules": {
    "median": 4279.619225776195,
    "std": 51.3213369247837,
    "max": 4332.608523595333,
    "min": 4190.657603168487
  },
  "JoulesNormalized": {
    "median": 271.8894105553618,
    "std": 35.6524543716024,
    "max": 313.6283123373987,
    "min": 224.63696947097742
  },
  "NrPatches": {
    "median": 0,
    "std": 0.0,
    "max": 0,
    "min": 0
  },
  "Joules_Per_PatchMedian": [],
  "ExecutionTime_Per_PatchMedian": [],
  "JoulesNormalized_Per_PatchMedian": [],
  "Correctness_Per_Patch": []
}