{
  "Group_ID": "s_200_299",
  "TOOL_BUG_ID": "dynamoth-Chart-17",
  "ExecutionsIds": [
    "200",
    "210",
    "211",
    "212",
    "213",
    "214"
  ],
  "NrExecutions": 6,
  "NrOutliers": 0,
  "SLB": {
    "median": 62.25,
    "std": 0.33115957885386044,
    "max": 62.9,
    "min": 62.0
  },
  "PowerAvg": {
    "median": 105.15,
    "std": 9.26730813127523,
    "max": 106.3,
    "min": 82.8
  },
  "Time": {
    "median": 55.24861145019531,
    "std": 64.46332911005547,
    "max": 209.49545288085938,
    "min": 45.239269971847534
  },
  "Joules": {
    "median": 5932.191535592079,
    "std": 5109.493337650605,
    "max": 18214.144837331773,
    "min": 5205.106362569331
  },
  "JoulesNormalized": {
    "median": 2493.0359861493107,
    "std": 1041.8332333809938,
    "max": 5036.8808511257175,
    "min": 2400.2716243147843
  },
  "NrPatches": {
    "median": 2.0,
    "std": 0.0,
    "max": 2,
    "min": 2
  },
  "Joules_Per_PatchMedian": [
    2519.4645498931404,
    3664.733145481348
  ],
  "ExecutionTime_Per_PatchMedian": [
    21.0297349691391,
    32.319401025772095
  ],
  "JoulesNormalized_Per_PatchMedian": [
    1213.039191418886,
    1713.5764476656914
  ],
  "Correctness_Per_Patch": [
    "I",
    "I"
  ]
}