{
  "TOOL_BUG_ID": "Prapr-Closure-76",
  "SLB": {
    "median": 62.4,
    "std": 0.19235384061671323,
    "max": 62.5,
    "min": 62.0
  },
  "PowerAvg": {
    "median": 62.5,
    "std": 0.2073644135332771,
    "max": 62.6,
    "min": 62.1
  },
  "Time": {
    "median": 63.87860608100891,
    "std": 0.36814419810522353,
    "max": 64.05872702598572,
    "min": 63.13826584815979
  },
  "Joules": {
    "median": 4234.574479568005,
    "std": 18.425653654172265,
    "max": 4244.030437624455,
    "min": 4197.073476016521
  },
  "JoulesNormalized": {
    "median": 245.79918662309683,
    "std": 19.912952466262215,
    "max": 288.4328640580179,
    "min": 239.0198227763176
  },
  "NrPatches": {
    "median": 0,
    "std": 0.0,
    "max": 0,
    "min": 0
  },
  "Joules_Per_PatchMedian": [],
  "ExecutionTime_Per_PatchMedian": [],
  "JoulesNormalized_Per_PatchMedian": [],
  "Correctness_Per_Patch": []
}