{
  "Group_ID": "s_200_299",
  "TOOL_BUG_ID": "Prapr-Chart-5",
  "ExecutionsIds": [
    "250",
    "251",
    "252",
    "253",
    "254"
  ],
  "NrExecutions": 5,
  "NrOutliers": 0,
  "SLB": {
    "median": 61.6,
    "std": 0.14832396974191273,
    "max": 61.8,
    "min": 61.4
  },
  "PowerAvg": {
    "median": 119.95,
    "std": 0.7528280016046153,
    "max": 121.2,
    "min": 119.2
  },
  "Time": {
    "median": 9.619786024093628,
    "std": 0.04429942189698623,
    "max": 9.70032000541687,
    "min": 9.578920125961304
  },
  "Joules": {
    "median": 1173.7837760806085,
    "std": 7.574786656556293,
    "max": 1179.3901413798333,
    "min": 1160.0737462997436
  },
  "JoulesNormalized": {
    "median": 579.954291522503,
    "std": 5.71962152877444,
    "max": 586.814156806469,
    "min": 571.9280505657196
  },
  "NrPatches": {
    "median": 2,
    "std": 0.0,
    "max": 2,
    "min": 2
  },
  "Joules_Per_PatchMedian": [
    602.6269930958747,
    602.6269930958747
  ],
  "ExecutionTime_Per_PatchMedian": [
    5.00036883354187,
    5.00036883354187
  ],
  "JoulesNormalized_Per_PatchMedian": [
    291.40253695249555,
    291.40253695249555
  ],
  "Correctness_Per_Patch": [
    "na",
    "na"
  ]
}