{
  "Group_ID": "s_200_299",
  "TOOL_BUG_ID": "Nopol-Closure-11",
  "ExecutionsIds": [
    "200",
    "210",
    "211",
    "250",
    "251",
    "260",
    "261"
  ],
  "NrExecutions": 7,
  "NrOutliers": 0,
  "SLB": {
    "median": 63.0,
    "std": 0.35989416433697446,
    "max": 63.6,
    "min": 62.6
  },
  "PowerAvg": {
    "median": 146.8,
    "std": 16.322552321426766,
    "max": 148.7,
    "min": 103.6
  },
  "Time": {
    "median": 1739.6423151493073,
    "std": 1721.0480678156414,
    "max": 4949.967267036438,
    "min": 741.7033989429474
  },
  "Joules": {
    "median": 245266.94137156007,
    "std": 266708.80350371543,
    "max": 723996.9260263203,
    "min": 103408.61144428253
  },
  "JoulesNormalized": {
    "median": 136191.3682116985,
    "std": 158147.48955063007,
    "max": 409179.00784280285,
    "min": 56384.615951299675
  },
  "NrPatches": {
    "median": 0,
    "std": 0.0,
    "max": 0,
    "min": 0
  },
  "Joules_Per_PatchMedian": [],
  "ExecutionTime_Per_PatchMedian": [],
  "JoulesNormalized_Per_PatchMedian": [],
  "Correctness_Per_Patch": []
}