{
  "TOOL_BUG_ID": "dynamoth-Closure-13",
  "SLB": {
    "median": 64.6,
    "std": 0.1095445115010309,
    "max": 64.7,
    "min": 64.4
  },
  "PowerAvg": {
    "median": 162.6,
    "std": 1.6170961628796192,
    "max": 163.4,
    "min": 159.3
  },
  "Time": {
    "median": 17969.222989797592,
    "std": 36.19507596250818,
    "max": 18047.318021059036,
    "min": 17961.84198999405
  },
  "Joules": {
    "median": 2880324.516024899,
    "std": 47841.20220973234,
    "max": 2893805.3371516936,
    "min": 2779318.973981022
  },
  "JoulesNormalized": {
    "median": 1717715.7885849949,
    "std": 46269.812585228836,
    "max": 1733449.938114714,
    "min": 1622576.349825405
  },
  "NrPatches": {
    "median": 2,
    "std": 0.0,
    "max": 2,
    "min": 2
  },
  "Joules_Per_PatchMedian": [
    114667.77708471418,
    115217.62233041525
  ],
  "ExecutionTime_Per_PatchMedian": [
    892.6005704402924,
    897.0801210403442
  ],
  "JoulesNormalized_Per_PatchMedian": [
    56515.536082178354,
    56765.81079721451
  ],
  "Correctness_Per_Patch": [
    "na",
    "na"
  ]
}