{
  "Group_ID": "s_200_299",
  "TOOL_BUG_ID": "jMutRepair-Math-81",
  "ExecutionsIds": [
    "280",
    "281",
    "282",
    "283",
    "284"
  ],
  "NrExecutions": 5,
  "NrOutliers": 3,
  "SLB": {
    "median": 63.4,
    "std": 0.296647939483828,
    "max": 63.7,
    "min": 62.9
  },
  "PowerAvg": {
    "median": 125.3,
    "std": 10.478931243213685,
    "max": 148.7,
    "min": 124.9
  },
  "Time": {
    "median": 463.1111960411072,
    "std": 563.0546206521062,
    "max": 1722.7837500572205,
    "min": 460.829509973526
  },
  "Joules": {
    "median": 60504.562927317624,
    "std": 83897.44925226027,
    "max": 248051.51058757308,
    "min": 60071.42684693336
  },
  "JoulesNormalized": {
    "median": 31097.001978707318,
    "std": 48189.31234686251,
    "max": 138827.0208339453,
    "min": 30956.87894489765
  },
  "NrPatches": {
    "median": 28,
    "std": 0.8944271909999159,
    "max": 28,
    "min": 26
  },
  "Joules_Per_PatchMedian": [
    951.820165514946,
    1784.2495039999485,
    2573.436210078001,
    3354.0254643976687,
    4124.8726004421715,
    4908.186783891917,
    5653.712144768238,
    6396.869469600915,
    7140.0221324205395,
    7915.162631118297,
    8773.764323061705,
    9586.32723876834,
    10351.225755286217,
    11059.481456750631,
    14034.2048797369,
    17425.535778081416,
    18226.014910912512,
    18979.762419998646,
    19780.428994584083,
    46459.55726892352,
    49488.90773740411,
    50609.0006786704,
    51627.563310015204,
    52621.3780682981,
    55097.337759447095,
    57301.14312869906,
    57280.33890398741,
    58606.017609643946
  ],
  "ExecutionTime_Per_PatchMedian": [
    7.470297455787659,
    14.199100494384766,
    20.628973960876465,
    27.039772033691406,
    33.26002597808838,
    39.539549469947815,
    45.38921654224396,
    51.34948003292084,
    57.31932759284973,
    63.43999660015106,
    70.38997316360474,
    76.959787607193,
    83.0597791671753,
    88.75923562049866,
    114.22850906848907,
    143.57762002944946,
    150.09785211086273,
    156.08690071105957,
    162.67742681503296,
    373.24272322654724,
    392.4517687559128,
    399.5819215774536,
    406.02157294750214,
    412.31160748004913,
    429.0106507539749,
    442.6207928657532,
    443.29031467437744,
    451.7310161590576
  ],
  "JoulesNormalized_Per_PatchMedian": [
    475.1961788594723,
    878.5635772228243,
    1254.8243203639986,
    1624.145336985588,
    1996.2154131174088,
    2380.413380253315,
    2749.9508869051933,
    3116.5336726963524,
    3487.781295955181,
    3864.3902355551722,
    4280.58351225853,
    4676.478844183684,
    5045.508166301251,
    5392.862719970942,
    6745.661238729954,
    8257.120878720285,
    8634.62052140832,
    8997.99199193716,
    9375.15962061286,
    22691.327612119912,
    24476.97768754959,
    25190.050121796132,
    25803.64114109874,
    26393.83214352727,
    27839.006563353534,
    28496.942884510754,
    29184.803236079213,
    29830.751880311967
  ],
  "Correctness_Per_Patch": [
    "I",
    "I",
    "I",
    "I",
    "I",
    "I",
    "I",
    "I",
    "I",
    "I",
    "I",
    "I",
    "I",
    "I",
    "I",
    "I",
    "I",
    "I",
    "I",
    "I",
    "I",
    "I",
    "I",
    "I",
    "I",
    "I",
    "I",
    "I"
  ]
}