{
  "TOOL_BUG_ID": "kPAR-Closure-46",
  "SLB": {
    "median": 63.3,
    "std": 0.15118578920369058,
    "max": 63.6,
    "min": 63.2
  },
  "PowerAvg": {
    "median": 106.7,
    "std": 6.728475380974578,
    "max": 107.5,
    "min": 89.1
  },
  "Time": {
    "median": 165.79626393318176,
    "std": 81.98741452405085,
    "max": 383.05171394348145,
    "min": 164.9567530155182
  },
  "Joules": {
    "median": 17501.320997428895,
    "std": 6975.077209898083,
    "max": 35912.084424972534,
    "min": 17260.721489024163
  },
  "JoulesNormalized": {
    "median": 6932.5845610856995,
    "std": 1791.0425576289103,
    "max": 11664.910932350158,
    "min": 6792.519588923455
  },
  "NrPatches": {
    "median": 0,
    "std": 0.0,
    "max": 0,
    "min": 0
  },
  "Joules_Per_PatchMedian": [],
  "ExecutionTime_Per_PatchMedian": [],
  "JoulesNormalized_Per_PatchMedian": [],
  "Correctness_Per_Patch": []
}