{
  "TOOL_BUG_ID": "Prapr-Closure-8",
  "SLB": {
    "median": 62.1,
    "std": 0.11401754250991541,
    "max": 62.2,
    "min": 61.9
  },
  "PowerAvg": {
    "median": 62.3,
    "std": 0.13416407864998559,
    "max": 62.4,
    "min": 62.1
  },
  "Time": {
    "median": 63.63931703567505,
    "std": 0.44670819444715104,
    "max": 64.29923796653748,
    "min": 63.298938035964966
  },
  "Joules": {
    "median": 4185.773595511913,
    "std": 46.58878485520756,
    "max": 4285.378020632267,
    "min": 4177.42953722477
  },
  "JoulesNormalized": {
    "median": 245.45574671030136,
    "std": 21.71424245925708,
    "max": 292.39534291028986,
    "min": 239.29015915393848
  },
  "NrPatches": {
    "median": 0,
    "std": 0.0,
    "max": 0,
    "min": 0
  },
  "Joules_Per_PatchMedian": [],
  "ExecutionTime_Per_PatchMedian": [],
  "JoulesNormalized_Per_PatchMedian": [],
  "Correctness_Per_Patch": []
}