{
  "Group_ID": "s_200_299",
  "TOOL_BUG_ID": "jMutRepair-Math-28",
  "ExecutionsIds": [
    "200",
    "201",
    "202",
    "250",
    "251",
    "255",
    "256"
  ],
  "NrExecutions": 7,
  "NrOutliers": 0,
  "SLB": {
    "median": 63.3,
    "std": 0.5407226205560033,
    "max": 63.5,
    "min": 62.0
  },
  "PowerAvg": {
    "median": 101.0,
    "std": 0.829515062006254,
    "max": 101.9,
    "min": 99.4
  },
  "Time": {
    "median": 207.95523881912231,
    "std": 11.531569255978575,
    "max": 227.03593802452087,
    "min": 195.83571600914001
  },
  "Joules": {
    "median": 21530.260958468913,
    "std": 978.7482126962458,
    "max": 23027.330290555954,
    "min": 20337.143699336048
  },
  "JoulesNormalized": {
    "median": 8355.316092932224,
    "std": 336.7633104691297,
    "max": 8746.769788813592,
    "min": 7921.159304356572
  },
  "NrPatches": {
    "median": 1,
    "std": 0.0,
    "max": 1,
    "min": 1
  },
  "Joules_Per_PatchMedian": [
    18163.904725265504
  ],
  "ExecutionTime_Per_PatchMedian": [
    179.0560541152954
  ],
  "JoulesNormalized_Per_PatchMedian": [
    6937.090132236481
  ],
  "Correctness_Per_Patch": [
    "I"
  ]
}