{
  "TOOL_BUG_ID": "dynamoth-Closure-76",
  "SLB": {
    "median": 64.6,
    "std": 0.17511900715418405,
    "max": 65.0,
    "min": 64.5
  },
  "PowerAvg": {
    "median": 146.89999999999998,
    "std": 16.579827100023287,
    "max": 147.3,
    "min": 106.3
  },
  "Time": {
    "median": 10276.665012955666,
    "std": 8939.10183672862,
    "max": 20090.61679506302,
    "min": 2167.271431207657
  },
  "Joules": {
    "median": 1113332.0623434666,
    "std": 1166529.3635849082,
    "max": 2876887.7423429014,
    "min": 300753.0320456624
  },
  "JoulesNormalized": {
    "median": 450226.6528273347,
    "std": 613091.5924133434,
    "max": 1579033.8973818305,
    "min": 160747.2975896478
  },
  "NrPatches": {
    "median": 0.5,
    "std": 0.5477225575051661,
    "max": 1,
    "min": 0
  },
  "Joules_Per_PatchMedian": [
    494974.73586691613
  ],
  "ExecutionTime_Per_PatchMedian": [
    4112.06841301918
  ],
  "JoulesNormalized_Per_PatchMedian": [
    227690.2890206694
  ],
  "Correctness_Per_Patch": [
    "na"
  ]
}