{
  "Group_ID": "s_200_299",
  "TOOL_BUG_ID": "dynamoth-Math-28",
  "ExecutionsIds": [
    "200",
    "210",
    "211",
    "212",
    "213",
    "214"
  ],
  "NrExecutions": 6,
  "NrOutliers": 0,
  "SLB": {
    "median": 62.85,
    "std": 0.5269408568963553,
    "max": 63.8,
    "min": 62.5
  },
  "PowerAvg": {
    "median": 148.55,
    "std": 3.6460480889130773,
    "max": 151.0,
    "min": 140.7
  },
  "Time": {
    "median": 10002.488731980324,
    "std": 2818.043729159131,
    "max": 12084.292963027954,
    "min": 4577.279172897339
  },
  "Joules": {
    "median": 1433689.0129838348,
    "std": 378254.4913966743,
    "max": 1744156.0540552612,
    "min": 683777.1596315264
  },
  "JoulesNormalized": {
    "median": 799646.4153674962,
    "std": 205821.8719338016,
    "max": 982845.5973845001,
    "min": 391746.74840067624
  },
  "NrPatches": {
    "median": 10.0,
    "std": 3.265986323710904,
    "max": 10,
    "min": 2
  },
  "Joules_Per_PatchMedian": [
    21862.101491248606,
    22109.40694012642,
    286111.72949441674,
    286197.0390722394,
    376485.2576626182,
    376560.87554991245,
    376634.9020994067,
    555502.3654304028,
    558678.6236799837,
    763578.5321527838
  ],
  "ExecutionTime_Per_PatchMedian": [
    204.3757690191269,
    206.53536760807037,
    1991.136057138443,
    1991.8765649795532,
    2609.842355966568,
    2610.5031640529633,
    2611.142641067505,
    3986.032895088196,
    4013.791795015335,
    5430.921529054642
  ],
  "JoulesNormalized_Per_PatchMedian": [
    8918.423039984704,
    9051.596236354113,
    161665.72592326405,
    161704.75376101735,
    213370.11041470768,
    213404.42779660228,
    213438.4870326877,
    306375.30948739056,
    307816.6364915252,
    424145.9365868688
  ],
  "Correctness_Per_Patch": [
    "I",
    "I",
    "I",
    "I",
    "I",
    "I",
    "I",
    "I",
    "I",
    "I"
  ]
}