{
  "Group_ID": "s_200_299",
  "TOOL_BUG_ID": "kPAR-Closure-2",
  "ExecutionsIds": [
    "200",
    "250",
    "251",
    "252",
    "253",
    "254",
    "255"
  ],
  "NrExecutions": 7,
  "NrOutliers": 0,
  "SLB": {
    "median": 64.3,
    "std": 0.5520524474738832,
    "max": 64.9,
    "min": 63.5
  },
  "PowerAvg": {
    "median": 107.3,
    "std": 3.0885348660890326,
    "max": 108.1,
    "min": 99.4
  },
  "Time": {
    "median": 206.87503218650818,
    "std": 16.660381568848496,
    "max": 250.95466017723083,
    "min": 204.8748700618744
  },
  "Joules": {
    "median": 21500.363955414294,
    "std": 1429.5857528478653,
    "max": 25193.49629893303,
    "min": 21025.69504407644
  },
  "JoulesNormalized": {
    "median": 8160.110110485552,
    "std": 443.9963049683898,
    "max": 9257.875377678873,
    "min": 7968.88648751974
  },
  "NrPatches": {
    "median": 0,
    "std": 0.0,
    "max": 0,
    "min": 0
  },
  "Joules_Per_PatchMedian": [],
  "ExecutionTime_Per_PatchMedian": [],
  "JoulesNormalized_Per_PatchMedian": [],
  "Correctness_Per_Patch": []
}