{
  "TOOL_BUG_ID": "FixMiner-Math-77",
  "SLB": {
    "median": 65.05,
    "std": 0.5591766907056953,
    "max": 65.5,
    "min": 64.1
  },
  "PowerAvg": {
    "median": 123.1,
    "std": 8.451711576445836,
    "max": 123.5,
    "min": 99.2
  },
  "Time": {
    "median": 94.66777300834656,
    "std": 72.28575570790238,
    "max": 300.3333580493927,
    "min": 93.93745017051697
  },
  "Joules": {
    "median": 11895.429517281056,
    "std": 6549.1370937199345,
    "max": 30540.129061317442,
    "min": 11783.710168552398
  },
  "JoulesNormalized": {
    "median": 5781.465219503641,
    "std": 1830.7935001901963,
    "max": 10988.427452301978,
    "min": 5732.005372500419
  },
  "NrPatches": {
    "median": 0.0,
    "std": 0.0,
    "max": 0,
    "min": 0
  },
  "Joules_Per_PatchMedian": [],
  "ExecutionTime_Per_PatchMedian": [],
  "JoulesNormalized_Per_PatchMedian": [],
  "Correctness_Per_Patch": []
}