{
  "Group_ID": "s_200_299",
  "TOOL_BUG_ID": "Prapr-Mockito-8",
  "ExecutionsIds": [
    "250",
    "251",
    "252",
    "253",
    "254"
  ],
  "NrExecutions": 5,
  "NrOutliers": 0,
  "SLB": {
    "median": 62.6,
    "std": 0.2683281572999728,
    "max": 62.9,
    "min": 62.2
  },
  "PowerAvg": {
    "median": 111.4,
    "std": 0.41472882706655156,
    "max": 112.1,
    "min": 111.0
  },
  "Time": {
    "median": 17.099758863449097,
    "std": 0.2101639688898371,
    "max": 17.499988794326782,
    "min": 16.999258995056152
  },
  "Joules": {
    "median": 1955.5073819160461,
    "std": 24.71420743822151,
    "max": 2003.1469228029252,
    "min": 1942.7482048511506
  },
  "JoulesNormalized": {
    "median": 885.3942953586579,
    "std": 11.037849620707062,
    "max": 907.6476242780686,
    "min": 879.2470131516457
  },
  "NrPatches": {
    "median": 1,
    "std": 0.0,
    "max": 1,
    "min": 1
  },
  "Joules_Per_PatchMedian": [
    1878.9393986821174
  ],
  "ExecutionTime_Per_PatchMedian": [
    16.4201500415802
  ],
  "JoulesNormalized_Per_PatchMedian": [
    852.087313401699
  ],
  "Correctness_Per_Patch": [
    "na"
  ]
}