{
  "TOOL_BUG_ID": "TBar-Lang-41",
  "SLB": {
    "median": 63.1,
    "std": 0.5269408568963561,
    "max": 63.9,
    "min": 62.6
  },
  "PowerAvg": {
    "median": 68.19999999999999,
    "std": 1.599583279065728,
    "max": 71.8,
    "min": 67.5
  },
  "Time": {
    "median": 1089.8456060886383,
    "std": 239.7081942546324,
    "max": 1102.2962851524353,
    "min": 505.5684370994568
  },
  "Joules": {
    "median": 97554.21600098611,
    "std": 21434.544060993463,
    "max": 101466.35425477028,
    "min": 46443.39603090286
  },
  "JoulesNormalized": {
    "median": 29178.96019947529,
    "std": 6304.00048845045,
    "max": 31029.621633529663,
    "min": 14491.470806217192
  },
  "NrPatches": {
    "median": 0.0,
    "std": 0.0,
    "max": 0,
    "min": 0
  },
  "Joules_Per_PatchMedian": [],
  "ExecutionTime_Per_PatchMedian": [],
  "JoulesNormalized_Per_PatchMedian": [],
  "Correctness_Per_Patch": []
}