{
  "TOOL_BUG_ID": "jGenProg-Math-5",
  "SLB": {
    "median": 63.4,
    "std": 0.2309401076758495,
    "max": 63.8,
    "min": 63.4
  },
  "PowerAvg": {
    "median": 105.8,
    "std": 1.4798648586948764,
    "max": 108.2,
    "min": 105.5
  },
  "Time": {
    "median": 16843.818531036377,
    "std": 6.457511259472847,
    "max": 16844.736750125885,
    "min": 16833.121206998825
  },
  "Joules": {
    "median": 1823302.9981085302,
    "std": 27313.71316936874,
    "max": 1869731.8992973915,
    "min": 1821589.8609317413
  },
  "JoulesNormalized": {
    "median": 755404.9032408239,
    "std": 29957.376870343203,
    "max": 802512.0147736662,
    "min": 746895.6562737098
  },
  "NrPatches": {
    "median": 0,
    "std": 0.0,
    "max": 0,
    "min": 0
  },
  "Joules_Per_PatchMedian": [],
  "ExecutionTime_Per_PatchMedian": [],
  "JoulesNormalized_Per_PatchMedian": [],
  "Correctness_Per_Patch": []
}