{
  "TOOL_BUG_ID": "Nopol-Closure-34",
  "SLB": {
    "median": 63.0,
    "std": 0.434028746030666,
    "max": 63.2,
    "min": 61.6
  },
  "PowerAvg": {
    "median": 122.3,
    "std": 5.077944841126554,
    "max": 128.7,
    "min": 111.9
  },
  "Time": {
    "median": 1411.3490421772003,
    "std": 362.71108920158883,
    "max": 2188.472452878952,
    "min": 793.1632270812988
  },
  "Joules": {
    "median": 171789.35150550603,
    "std": 48314.732214755255,
    "max": 263589.2024807453,
    "min": 89286.8412181139
  },
  "JoulesNormalized": {
    "median": 82874.3618483424,
    "std": 25734.47191716027,
    "max": 125496.59070408344,
    "min": 39476.190557408336
  },
  "NrPatches": {
    "median": 0,
    "std": 0.0,
    "max": 0,
    "min": 0
  },
  "Joules_Per_PatchMedian": [],
  "ExecutionTime_Per_PatchMedian": [],
  "JoulesNormalized_Per_PatchMedian": [],
  "Correctness_Per_Patch": []
}