{
  "Group_ID": "s_200_299",
  "TOOL_BUG_ID": "Prapr-Lang-51",
  "ExecutionsIds": [
    "250",
    "251",
    "252",
    "253",
    "254"
  ],
  "NrExecutions": 5,
  "NrOutliers": 0,
  "SLB": {
    "median": 62.5,
    "std": 0.2863564212655276,
    "max": 62.6,
    "min": 61.9
  },
  "PowerAvg": {
    "median": 120.2,
    "std": 0.9311283477587831,
    "max": 121.5,
    "min": 119.3
  },
  "Time": {
    "median": 4.080564975738525,
    "std": 0.0862904052215979,
    "max": 4.199941873550415,
    "min": 4.0192461013793945
  },
  "Joules": {
    "median": 489.24162071943283,
    "std": 8.221111008886336,
    "max": 502.323867225647,
    "min": 482.90329993963246
  },
  "JoulesNormalized": {
    "median": 237.8265922665596,
    "std": 2.4934354795128746,
    "max": 239.40750594139104,
    "min": 234.11196626424794
  },
  "NrPatches": {
    "median": 2,
    "std": 0.0,
    "max": 2,
    "min": 2
  },
  "Joules_Per_PatchMedian": [
    466.19750472307203,
    466.19750472307203
  ],
  "ExecutionTime_Per_PatchMedian": [
    3.8608460426330566,
    3.8608460426330566
  ],
  "JoulesNormalized_Per_PatchMedian": [
    228.13685081005102,
    228.13685081005102
  ],
  "Correctness_Per_Patch": [
    "na",
    "na"
  ]
}