{
  "Group_ID": "s_200_299",
  "TOOL_BUG_ID": "Prapr-Closure-38",
  "ExecutionsIds": [
    "250",
    "251",
    "252",
    "253",
    "254"
  ],
  "NrExecutions": 5,
  "NrOutliers": 0,
  "SLB": {
    "median": 63.1,
    "std": 0.11401754250991541,
    "max": 63.2,
    "min": 62.9
  },
  "PowerAvg": {
    "median": 63.2,
    "std": 0.15165750888102952,
    "max": 63.4,
    "min": 63.0
  },
  "Time": {
    "median": 63.53846192359924,
    "std": 0.286853817122542,
    "max": 63.91905999183655,
    "min": 63.23835301399231
  },
  "Joules": {
    "median": 4229.8290515780445,
    "std": 36.140145088590636,
    "max": 4292.201544439793,
    "min": 4223.189631235599
  },
  "JoulesNormalized": {
    "median": 248.02919877767545,
    "std": 17.818478328050432,
    "max": 262.5204771161084,
    "min": 220.22564154863312
  },
  "NrPatches": {
    "median": 0,
    "std": 0.0,
    "max": 0,
    "min": 0
  },
  "Joules_Per_PatchMedian": [],
  "ExecutionTime_Per_PatchMedian": [],
  "JoulesNormalized_Per_PatchMedian": [],
  "Correctness_Per_Patch": []
}