{
  "Group_ID": "s_200_299",
  "TOOL_BUG_ID": "dynamoth-Math-87",
  "ExecutionsIds": [
    "210",
    "211",
    "212",
    "213",
    "214"
  ],
  "NrExecutions": 5,
  "NrOutliers": 1,
  "SLB": {
    "median": 64.7,
    "std": 0.27018512172212605,
    "max": 64.9,
    "min": 64.2
  },
  "PowerAvg": {
    "median": 147.5,
    "std": 1.5572411502397387,
    "max": 150.6,
    "min": 146.8
  },
  "Time": {
    "median": 3830.2568168640137,
    "std": 970.0141574751519,
    "max": 5979.567845821381,
    "min": 3763.4769291877747
  },
  "Joules": {
    "median": 508417.2464847446,
    "std": 175543.22026834005,
    "max": 898073.4733068583,
    "min": 496876.6555461049
  },
  "JoulesNormalized": {
    "median": 261518.57737854723,
    "std": 112039.91307734538,
    "max": 509999.5201130507,
    "min": 253756.04592057466
  },
  "NrPatches": {
    "median": 1,
    "std": 0.0,
    "max": 1,
    "min": 1
  },
  "Joules_Per_PatchMedian": [
    78110.5031296134
  ],
  "ExecutionTime_Per_PatchMedian": [
    553.5582560300827
  ],
  "JoulesNormalized_Per_PatchMedian": [
    41031.934553140396
  ],
  "Correctness_Per_Patch": [
    "I"
  ]
}