{
  "Group_ID": "s_200_299",
  "TOOL_BUG_ID": "Nopol-Time-12",
  "ExecutionsIds": [
    "200",
    "210",
    "211",
    "212",
    "213",
    "250",
    "251",
    "252",
    "260",
    "261",
    "262"
  ],
  "NrExecutions": 11,
  "NrOutliers": 0,
  "SLB": {
    "median": 63.8,
    "std": 0.49817850032073857,
    "max": 64.9,
    "min": 63.2
  },
  "PowerAvg": {
    "median": 110.3,
    "std": 5.603748745259731,
    "max": 111.3,
    "min": 91.8
  },
  "Time": {
    "median": 116.31797099113464,
    "std": 124.32716955017493,
    "max": 531.028645992279,
    "min": 114.89727997779846
  },
  "Joules": {
    "median": 13327.731662797927,
    "std": 10886.26860440689,
    "max": 49583.2235147953,
    "min": 13104.212298381328
  },
  "JoulesNormalized": {
    "median": 5832.837423467637,
    "std": 2857.9330030848496,
    "max": 15384.97871289253,
    "min": 5788.201364672183
  },
  "NrPatches": {
    "median": 2,
    "std": 0.0,
    "max": 2,
    "min": 2
  },
  "Joules_Per_PatchMedian": [
    4438.596184694767,
    4941.1316498756405
  ],
  "ExecutionTime_Per_PatchMedian": [
    37.23920392990112,
    41.67925000190735
  ],
  "JoulesNormalized_Per_PatchMedian": [
    2059.7993471741684,
    2280.3390969395637
  ],
  "Correctness_Per_Patch": [
    "I",
    "I"
  ]
}