{
  "TOOL_BUG_ID": "TBar-Math-65",
  "SLB": {
    "median": 64.35,
    "std": 0.2041241452319306,
    "max": 64.6,
    "min": 64.0
  },
  "PowerAvg": {
    "median": 121.8,
    "std": 10.779131071968031,
    "max": 122.4,
    "min": 95.5
  },
  "Time": {
    "median": 1943.4982149600983,
    "std": 2067.097314406561,
    "max": 6994.028760910034,
    "min": 1886.379753112793
  },
  "Joules": {
    "median": 239408.00065354706,
    "std": 183406.642353426,
    "max": 687311.8420635462,
    "min": 233355.57574354415
  },
  "JoulesNormalized": {
    "median": 114468.54854387642,
    "std": 50204.74962366263,
    "max": 236896.38986093993,
    "min": 112249.99559370283
  },
  "NrPatches": {
    "median": 1.0,
    "std": 0.0,
    "max": 1,
    "min": 1
  },
  "Joules_Per_PatchMedian": [
    238461.71789984702
  ],
  "ExecutionTime_Per_PatchMedian": [
    1838.6208255290985
  ],
  "JoulesNormalized_Per_PatchMedian": [
    79298.30097650288
  ],
  "Correctness_Per_Patch": [
    "C"
  ]
}