{
  "Group_ID": "s_200_299",
  "TOOL_BUG_ID": "FixMiner-Mockito-38",
  "ExecutionsIds": [
    "200",
    "210",
    "211",
    "212",
    "213",
    "214",
    "215",
    "216",
    "217",
    "218",
    "219",
    "220",
    "221",
    "222",
    "223",
    "224",
    "225",
    "226",
    "227",
    "228",
    "229",
    "230",
    "231",
    "232",
    "233",
    "234",
    "235",
    "236",
    "237",
    "238",
    "239",
    "240",
    "241",
    "242",
    "243",
    "244",
    "245",
    "246",
    "247",
    "248",
    "249",
    "250",
    "251",
    "252",
    "253",
    "254",
    "255",
    "256",
    "257",
    "258",
    "260",
    "261",
    "262",
    "263",
    "264"
  ],
  "NrExecutions": 55,
  "NrOutliers": 0,
  "SLB": {
    "median": 63.6,
    "std": 0.24915682727776975,
    "max": 64.3,
    "min": 63.0
  },
  "PowerAvg": {
    "median": 119.8,
    "std": 1.1305015126189226,
    "max": 120.4,
    "min": 111.6
  },
  "Time": {
    "median": 670.7450551986694,
    "std": 72.38755984037907,
    "max": 1206.7340869903564,
    "min": 667.8850429058075
  },
  "Joules": {
    "median": 81175.86528269052,
    "std": 6986.885856511135,
    "max": 132802.88576403857,
    "min": 80597.98252955674
  },
  "JoulesNormalized": {
    "median": 38508.63893775941,
    "std": 2262.5292584659296,
    "max": 55209.88397055866,
    "min": 38316.86224362849
  },
  "NrPatches": {
    "median": 0,
    "std": 0.0,
    "max": 0,
    "min": 0
  },
  "Joules_Per_PatchMedian": [],
  "ExecutionTime_Per_PatchMedian": [],
  "JoulesNormalized_Per_PatchMedian": [],
  "Correctness_Per_Patch": []
}