{
  "Group_ID": "s_200_299",
  "TOOL_BUG_ID": "Nopol-Math-2",
  "ExecutionsIds": [
    "200",
    "210",
    "250",
    "260"
  ],
  "NrExecutions": 4,
  "NrOutliers": 0,
  "SLB": {
    "median": 63.0,
    "std": 0.2217355782608342,
    "max": 63.1,
    "min": 62.6
  },
  "PowerAvg": {
    "median": 107.2,
    "std": 0.04999999999999716,
    "max": 107.3,
    "min": 107.2
  },
  "Time": {
    "median": 4137.2683309316635,
    "std": 358.25938549002285,
    "max": 4837.734537124634,
    "min": 4098.8922600746155
  },
  "Joules": {
    "median": 444057.1058143676,
    "std": 35193.929631737105,
    "max": 512254.8922660708,
    "min": 439068.31960181
  },
  "JoulesNormalized": {
    "median": 183210.59228051908,
    "std": 13683.204891704536,
    "max": 209412.71024206874,
    "min": 180825.14357571604
  },
  "NrPatches": {
    "median": 5.0,
    "std": 0.5,
    "max": 6,
    "min": 5
  },
  "Joules_Per_PatchMedian": [
    8358.880813580752,
    8645.008486199378,
    8898.421788185835,
    10250.587355583906,
    10517.721759599446,
    410311.189304328
  ],
  "ExecutionTime_Per_PatchMedian": [
    67.61864459514618,
    70.1485550403595,
    72.44850957393646,
    84.00841057300568,
    86.3882532119751,
    3844.933482170105
  ],
  "JoulesNormalized_Per_PatchMedian": [
    4095.668264478445,
    4222.285587751865,
    4330.6877572238445,
    4954.004551130533,
    5071.095873433352,
    168080.37992761142
  ],
  "Correctness_Per_Patch": [
    "I",
    "I",
    "I",
    "I",
    "I",
    "I"
  ]
}