{
  "Group_ID": "s_200_299",
  "TOOL_BUG_ID": "jMutRepair-Math-85",
  "ExecutionsIds": [
    "200",
    "201",
    "250",
    "255"
  ],
  "NrExecutions": 4,
  "NrOutliers": 3,
  "SLB": {
    "median": 65.5,
    "std": 0.7088723439378911,
    "max": 65.7,
    "min": 64.2
  },
  "PowerAvg": {
    "median": 166.15,
    "std": 1.725301905947667,
    "max": 167.2,
    "min": 163.5
  },
  "Time": {
    "median": 248.82451140880585,
    "std": 3.348183650963642,
    "max": 255.0340759754181,
    "min": 247.6944649219513
  },
  "Joules": {
    "median": 39742.21158400178,
    "std": 508.488388975171,
    "max": 40592.62028583288,
    "min": 39431.18507875204
  },
  "JoulesNormalized": {
    "median": 23492.61555135846,
    "std": 187.4584174109477,
    "max": 23836.881494247915,
    "min": 23434.150280797476
  },
  "NrPatches": {
    "median": 3.0,
    "std": 0.5,
    "max": 3,
    "min": 2
  },
  "Joules_Per_PatchMedian": [
    9917.810411715507,
    11202.709032416344,
    15209.356071943044
  ],
  "ExecutionTime_Per_PatchMedian": [
    77.93834590911865,
    84.89858818054199,
    93.4080855846405
  ],
  "JoulesNormalized_Per_PatchMedian": [
    4522.592914080619,
    4912.227779984473,
    3243.6162328064447
  ],
  "Correctness_Per_Patch": [
    "I",
    "I",
    "C"
  ]
}