{
  "Group_ID": "s_200_299",
  "TOOL_BUG_ID": "dynamoth-Closure-49",
  "ExecutionsIds": [
    "200",
    "210",
    "211",
    "212",
    "213"
  ],
  "NrExecutions": 5,
  "NrOutliers": 0,
  "SLB": {
    "median": 63.3,
    "std": 0.17888543819998295,
    "max": 63.5,
    "min": 63.0
  },
  "PowerAvg": {
    "median": 145.5,
    "std": 3.1799371062962836,
    "max": 146.7,
    "min": 138.9
  },
  "Time": {
    "median": 18056.819194078445,
    "std": 4749.511677198152,
    "max": 18449.764986038208,
    "min": 7977.162636041641
  },
  "Joules": {
    "median": 2418268.154127514,
    "std": 613292.9895958409,
    "max": 2533124.5631991494,
    "min": 1123650.0809610966
  },
  "JoulesNormalized": {
    "median": 1256597.3474330064,
    "std": 314117.97825253755,
    "max": 1365254.4395829309,
    "min": 618695.6860996607
  },
  "NrPatches": {
    "median": 0,
    "std": 0.0,
    "max": 0,
    "min": 0
  },
  "Joules_Per_PatchMedian": [],
  "ExecutionTime_Per_PatchMedian": [],
  "JoulesNormalized_Per_PatchMedian": [],
  "Correctness_Per_Patch": []
}