{
  "Group_ID": "s_200_299",
  "TOOL_BUG_ID": "FixMiner-Closure-46",
  "ExecutionsIds": [
    "200",
    "210",
    "211",
    "212",
    "230",
    "250",
    "251",
    "252",
    "260",
    "261",
    "262"
  ],
  "NrExecutions": 11,
  "NrOutliers": 0,
  "SLB": {
    "median": 63.6,
    "std": 0.3165151152501532,
    "max": 63.9,
    "min": 62.7
  },
  "PowerAvg": {
    "median": 120.6,
    "std": 2.795385808467556,
    "max": 121.1,
    "min": 111.4
  },
  "Time": {
    "median": 2874.0357658863068,
    "std": 805.1928006858568,
    "max": 5554.638648986816,
    "min": 2850.558312892914
  },
  "Joules": {
    "median": 350938.1538271427,
    "std": 75905.20585845744,
    "max": 604146.4859637856,
    "min": 349020.20294016594
  },
  "JoulesNormalized": {
    "median": 168776.02766592504,
    "std": 24784.984950542817,
    "max": 251426.9317531227,
    "min": 168274.328003335
  },
  "NrPatches": {
    "median": 0,
    "std": 0.0,
    "max": 0,
    "min": 0
  },
  "Joules_Per_PatchMedian": [],
  "ExecutionTime_Per_PatchMedian": [],
  "JoulesNormalized_Per_PatchMedian": [],
  "Correctness_Per_Patch": []
}