{
  "Group_ID": "s_200_299",
  "TOOL_BUG_ID": "Nopol-Lang-53",
  "ExecutionsIds": [
    "200",
    "210",
    "211",
    "212",
    "213",
    "214",
    "250",
    "251",
    "252",
    "253",
    "260",
    "261",
    "262",
    "263"
  ],
  "NrExecutions": 14,
  "NrOutliers": 0,
  "SLB": {
    "median": 63.4,
    "std": 0.3274946522506101,
    "max": 64.2,
    "min": 62.9
  },
  "PowerAvg": {
    "median": 124.95,
    "std": 0.8626323755717837,
    "max": 126.0,
    "min": 122.85
  },
  "Time": {
    "median": 9.920283555984497,
    "std": 0.24510569037136584,
    "max": 10.259687900543213,
    "min": 9.439389944076538
  },
  "Joules": {
    "median": 1246.3646231889725,
    "std": 28.86282242435308,
    "max": 1273.5879477143287,
    "min": 1185.2365440845488
  },
  "JoulesNormalized": {
    "median": 617.1927109479905,
    "std": 13.6734004614085,
    "max": 632.3784030556678,
    "min": 589.5782271862028
  },
  "NrPatches": {
    "median": 4.0,
    "std": 0.0,
    "max": 4,
    "min": 4
  },
  "Joules_Per_PatchMedian": [
    757.7435505270957,
    812.7583293259144,
    864.3438425064087,
    914.7878978967667
  ],
  "ExecutionTime_Per_PatchMedian": [
    5.789870858192444,
    6.239842772483826,
    6.669866323471069,
    7.059537053108215
  ],
  "JoulesNormalized_Per_PatchMedian": [
    392.05970880389214,
    417.5926749408245,
    442.1128883004189,
    469.1623898267747
  ],
  "Correctness_Per_Patch": [
    "I",
    "I",
    "I",
    "I"
  ]
}