{
  "Group_ID": "s_200_299",
  "TOOL_BUG_ID": "Avatar-Math-50",
  "ExecutionsIds": [
    "200",
    "210",
    "280",
    "281",
    "282",
    "283",
    "284"
  ],
  "NrExecutions": 7,
  "NrOutliers": 7,
  "SLB": {
    "median": 62.2,
    "std": 2.4123689206926477,
    "max": 66.9,
    "min": 61.1
  },
  "PowerAvg": {
    "median": 113.8,
    "std": 3.4013302719741327,
    "max": 118.5,
    "min": 108.5
  },
  "Time": {
    "median": 586.4476130008698,
    "std": 207.6529120043228,
    "max": 1136.2749419212341,
    "min": 585.0064561367035
  },
  "Joules": {
    "median": 67522.80355305671,
    "std": 20620.271868322536,
    "max": 121749.24291270971,
    "min": 65352.240702342984
  },
  "JoulesNormalized": {
    "median": 31660.892611682422,
    "std": 5846.123952112354,
    "max": 45732.44929817914,
    "min": 28787.820344316962
  },
  "NrPatches": {
    "median": 7,
    "std": 0.0,
    "max": 7,
    "min": 7
  },
  "Joules_Per_PatchMedian": [
    8084.915024840831,
    16141.242839103936,
    24321.78056519031,
    32162.134690922496,
    40094.45065712929,
    48124.92772424221,
    63856.413899886604
  ],
  "ExecutionTime_Per_PatchMedian": [
    53.148624897003174,
    105.49767482280731,
    157.08674705028534,
    208.32518553733826,
    260.2841100692749,
    312.51316916942596,
    415.290584564209
  ],
  "JoulesNormalized_Per_PatchMedian": [
    794.0859046101572,
    1599.752253460883,
    2382.8834002077574,
    3177.4443911552426,
    4009.34969804287,
    4816.290531176328,
    6486.188008910419
  ],
  "Correctness_Per_Patch": [
    "I",
    "I",
    "I",
    "I",
    "I",
    "I",
    "I"
  ]
}