{
  "TOOL_BUG_ID": "jMutRepair-Lang-27",
  "SLB": {
    "median": 65.0,
    "std": 0.7767453465154021,
    "max": 66.1,
    "min": 64.6
  },
  "PowerAvg": {
    "median": 67.2,
    "std": 0.5507570547286081,
    "max": 68.1,
    "min": 67.1
  },
  "Time": {
    "median": 1230.2331719398499,
    "std": 21.250814744774477,
    "max": 1266.5511989593506,
    "min": 1229.2730309963226
  },
  "Joules": {
    "median": 107768.5562901497,
    "std": 1522.771431194837,
    "max": 110035.32615308762,
    "min": 107140.46051313877
  },
  "JoulesNormalized": {
    "median": 27667.397605824473,
    "std": 678.6201579737238,
    "max": 27709.49822072983,
    "min": 26513.608941292783
  },
  "NrPatches": {
    "median": 0,
    "std": 0.0,
    "max": 0,
    "min": 0
  },
  "Joules_Per_PatchMedian": [],
  "ExecutionTime_Per_PatchMedian": [],
  "JoulesNormalized_Per_PatchMedian": [],
  "Correctness_Per_Patch": []
}