{
  "Group_ID": "s_200_299",
  "TOOL_BUG_ID": "Prapr-Lang-59",
  "ExecutionsIds": [
    "210",
    "211",
    "212",
    "213",
    "214"
  ],
  "NrExecutions": 5,
  "NrOutliers": 0,
  "SLB": {
    "median": 64.0,
    "std": 0.08944271909999287,
    "max": 64.0,
    "min": 63.8
  },
  "PowerAvg": {
    "median": 126.55000000000001,
    "std": 1.1637224755069435,
    "max": 127.6,
    "min": 124.44999999999999
  },
  "Time": {
    "median": 2.920102119445801,
    "std": 0.05185138311606958,
    "max": 2.9802920818328857,
    "min": 2.8399510383605957
  },
  "Joules": {
    "median": 369.95525707006453,
    "std": 8.014451837790913,
    "max": 377.4829022169113,
    "min": 357.15521852970124
  },
  "JoulesNormalized": {
    "median": 184.68659862279893,
    "std": 4.934481094810119,
    "max": 189.36673705577851,
    "min": 175.96634228229524
  },
  "NrPatches": {
    "median": 2,
    "std": 0.0,
    "max": 2,
    "min": 2
  },
  "Joules_Per_PatchMedian": [
    345.9491553902626,
    345.9491553902626
  ],
  "ExecutionTime_Per_PatchMedian": [
    2.7002620697021484,
    2.7002620697021484
  ],
  "JoulesNormalized_Per_PatchMedian": [
    174.26608802080153,
    174.26608802080153
  ],
  "Correctness_Per_Patch": [
    "I",
    "C"
  ]
}