{
  "TOOL_BUG_ID": "TBar-Math-81",
  "SLB": {
    "median": 62.650000000000006,
    "std": 0.17078251276599263,
    "max": 62.9,
    "min": 62.5
  },
  "PowerAvg": {
    "median": 140.10000000000002,
    "std": 0.6396613687465184,
    "max": 140.7,
    "min": 139.2
  },
  "Time": {
    "median": 9803.96729850769,
    "std": 84.40033355093757,
    "max": 9899.677307844162,
    "min": 9729.25108885765
  },
  "Joules": {
    "median": 1328579.6321841897,
    "std": 14273.862983058827,
    "max": 1339143.355845845,
    "min": 1308794.4325029848
  },
  "JoulesNormalized": {
    "median": 712705.3343049946,
    "std": 9684.861088426112,
    "max": 720795.4353719119,
    "min": 699743.3143404959
  },
  "NrPatches": {
    "median": 48.0,
    "std": 0.0,
    "max": 48,
    "min": 48
  },
  "Joules_Per_PatchMedian": [
    461022.43706801534,
    649371.0222269654,
    651948.525026995,
    653237.2454973817,
    662113.9580019116,
    669750.3143195689,
    672273.6255651414,
    677379.6790616631,
    685063.3070779264,
    687636.3018896282,
    692681.3263819396,
    695223.2479581117,
    697724.3485419154,
    708057.1485292673,
    710675.2568769336,
    713155.458056277,
    723301.3976773977,
    725901.2661123215,
    728446.9029491602,
    738666.980935812,
    741272.947453308,
    743811.9670175671,
    754061.0485098003,
    761706.3353471279,
    764334.4846019684,
    769447.5922237635,
    777079.7909980892,
    779730.2748531579,
    782209.9093461453,
    787294.3806139231,
    792367.5000717163,
    800062.3495382189,
    807679.0273272693,
    810212.6929769635,
    815317.1105132579,
    817924.2305449425,
    820474.95420084,
    830696.3461628079,
    831934.093365407,
    833225.5783504248,
    837083.0652063428,
    838394.3000136851,
    839708.6159387052,
    841037.073688817,
    845585.2049979924,
    852073.5374083101,
    859828.3697143494,
    867440.3292362987
  ],
  "ExecutionTime_Per_PatchMedian": [
    3821.777311682701,
    5192.757605314255,
    5211.00741481781,
    5219.566814303398,
    5280.045476198196,
    5332.474481701851,
    5349.454435110092,
    5384.623598575592,
    5437.10257256031,
    5454.232239127159,
    5489.121155142784,
    5506.100915670395,
    5523.540490150452,
    5593.3892431259155,
    5611.4287840127945,
    5628.3784193992615,
    5697.116581439972,
    5715.096195936203,
    5732.035950422287,
    5801.164745330811,
    5818.664210796356,
    5835.693883180618,
    5904.9323971271515,
    5957.131396651268,
    5974.3907777071,
    6009.440261244774,
    6061.528964161873,
    6078.598512172699,
    6096.348211169243,
    6130.65735411644,
    6165.6965309381485,
    6218.02583694458,
    6270.284513473511,
    6287.514257907867,
    6322.1431349515915,
    6339.1527708768845,
    6356.6323717832565,
    6426.301109790802,
    6434.871187210083,
    6443.440519213676,
    6469.090066194534,
    6478.130087256432,
    6486.589748740196,
    6495.759492754936,
    6526.189051747322,
    6570.138049840927,
    6622.2666664123535,
    6673.995201826096
  ],
  "JoulesNormalized_Per_PatchMedian": [
    221242.24234727022,
    323519.8939412355,
    324987.70950993896,
    325720.3846036077,
    330782.0709072233,
    335130.15559297206,
    336565.7316712439,
    339470.6055292368,
    343842.84051883814,
    345309.32241624,
    348188.21475886705,
    349636.18301182985,
    351063.8830669165,
    356946.61159845593,
    358434.4838811755,
    359849.46472235327,
    365630.0363563299,
    367111.46926712396,
    368561.8551013649,
    374383.32816673524,
    375866.5505754233,
    377314.667774427,
    383151.3340785146,
    387505.7659986974,
    388997.341480738,
    391909.2818616391,
    396261.3127770544,
    397767.7807117701,
    399182.7925114215,
    402088.00711239583,
    404988.6963647009,
    409377.77263646136,
    413721.1725306929,
    415167.0393822671,
    418082.8294508816,
    419568.4815253437,
    421023.32232685096,
    426859.89063103206,
    427565.93942321546,
    428302.5704169632,
    430505.5916603983,
    431252.0177267671,
    432000.8864538969,
    432758.76452456723,
    435355.8337073327,
    439056.1641491116,
    443475.15338657505,
    447832.6811884941
  ],
  "Correctness_Per_Patch": [
    "I",
    "I",
    "I",
    "I",
    "I",
    "I",
    "I",
    "I",
    "I",
    "I",
    "I",
    "I",
    "I",
    "I",
    "I",
    "I",
    "I",
    "I",
    "I",
    "I",
    "I",
    "I",
    "I",
    "I",
    "I",
    "I",
    "I",
    "I",
    "I",
    "I",
    "I",
    "I",
    "I",
    "I",
    "I",
    "I",
    "I",
    "I",
    "I",
    "I",
    "I",
    "I",
    "I",
    "I",
    "I",
    "I",
    "I",
    "I"
  ]
}