{
  "Group_ID": "s_200_299",
  "TOOL_BUG_ID": "TBar-Lang-51",
  "ExecutionsIds": [
    "200",
    "210",
    "211",
    "212",
    "213",
    "214",
    "230",
    "250",
    "251",
    "252",
    "253",
    "254",
    "260",
    "261",
    "262",
    "263"
  ],
  "NrExecutions": 16,
  "NrOutliers": 0,
  "SLB": {
    "median": 63.5,
    "std": 0.2080664957811963,
    "max": 63.8,
    "min": 63.0
  },
  "PowerAvg": {
    "median": 104.3,
    "std": 0.798096694225288,
    "max": 104.7,
    "min": 101.2
  },
  "Time": {
    "median": 5096.006540060043,
    "std": 283.6684671450259,
    "max": 6234.6042721271515,
    "min": 5080.312064170837
  },
  "Joules": {
    "median": 477040.84979109763,
    "std": 25049.341273530343,
    "max": 576859.3175204517,
    "min": 474207.22783114924
  },
  "JoulesNormalized": {
    "median": 152746.15374906652,
    "std": 7207.793574280938,
    "max": 180961.9462403776,
    "min": 149947.37118575576
  },
  "NrPatches": {
    "median": 9.0,
    "std": 0.0,
    "max": 9,
    "min": 9
  },
  "Joules_Per_PatchMedian": [
    263980.75202584267,
    266909.808127588,
    268851.7857249677,
    274705.0958062768,
    276679.12430749537,
    342146.5045153141,
    345088.52426363237,
    351001.36580261594,
    354896.5509801388
  ],
  "ExecutionTime_Per_PatchMedian": [
    2820.5484865903854,
    2851.977748632431,
    2872.8672535419464,
    2935.6860305070877,
    2956.5856000185013,
    3657.0175042152405,
    3688.3768812417984,
    3751.3854607343674,
    3793.244458794594
  ],
  "JoulesNormalized_Per_PatchMedian": [
    84578.57383412718,
    85508.35258459448,
    86157.99722114205,
    87974.81320570708,
    88620.7333081603,
    109598.39108375908,
    110573.60468279125,
    112450.6355384946,
    113694.01760706307
  ],
  "Correctness_Per_Patch": [
    "I",
    "I",
    "I",
    "I",
    "I",
    "I",
    "I",
    "I",
    "I"
  ]
}