{
  "TOOL_BUG_ID": "Nopol-Lang-55",
  "SLB": {
    "median": 63.5,
    "std": 0.14898926873369847,
    "max": 63.7,
    "min": 63.1
  },
  "PowerAvg": {
    "median": 64.0,
    "std": 0.14392458342578532,
    "max": 64.2,
    "min": 63.8
  },
  "Time": {
    "median": 118.59717655181885,
    "std": 0.3450369532478503,
    "max": 119.85743403434753,
    "min": 118.51741099357605
  },
  "Joules": {
    "median": 8044.067409789563,
    "std": 71.40244607665758,
    "max": 8187.470864593983,
    "min": 7959.733957707882
  },
  "JoulesNormalized": {
    "median": 502.1351227641103,
    "std": 72.67502698631806,
    "max": 668.599555408955,
    "min": 425.6127551078798
  },
  "NrPatches": {
    "median": 1.0,
    "std": 0.0,
    "max": 1,
    "min": 1
  },
  "Joules_Per_PatchMedian": [
    4653.9096197843555
  ],
  "ExecutionTime_Per_PatchMedian": [
    68.11874461174011
  ],
  "JoulesNormalized_Per_PatchMedian": [
    336.6159542143346
  ],
  "Correctness_Per_Patch": [
    "I"
  ]
}