{
  "Group_ID": "s_200_299",
  "TOOL_BUG_ID": "jGenProg-Math-80",
  "ExecutionsIds": [
    "250",
    "255",
    "280",
    "281"
  ],
  "NrExecutions": 4,
  "NrOutliers": 3,
  "SLB": {
    "median": 63.4,
    "std": 1.627626083185776,
    "max": 66.2,
    "min": 62.7
  },
  "PowerAvg": {
    "median": 196.35000000000002,
    "std": 2.8101008285587663,
    "max": 198.7,
    "min": 193.2
  },
  "Time": {
    "median": 17793.5843834877,
    "std": 4.2278073628479484,
    "max": 17800.677763938904,
    "min": 17790.987997055054
  },
  "Joules": {
    "median": 3477895.350501543,
    "std": 46310.89704113322,
    "max": 3515108.3116120463,
    "min": 3422555.171183169
  },
  "JoulesNormalized": {
    "median": 2333735.059158849,
    "std": 27421.759256956437,
    "max": 2371211.241090036,
    "min": 2304672.607607806
  },
  "NrPatches": {
    "median": 116.5,
    "std": 0.9574271077563381,
    "max": 117,
    "min": 115
  },
  "Joules_Per_PatchMedian": [
    2765.1743097782137,
    11297.175016629697,
    20693.25386618376,
    21934.995860898496,
    30833.161279654505,
    32232.570580613617,
    34098.49647598267,
    46750.86465898753,
    53574.048962187764,
    56956.790708434586,
    64485.08807862997,
    66457.55743945837,
    98307.16880316734,
    101843.86598887443,
    125002.56402055024,
    146098.76554468868,
    160148.1140555143,
    170096.27747142312,
    172607.47036992307,
    185403.8645932436,
    195144.96292406326,
    214921.55230193143,
    250925.2118946314,
    262932.24526441103,
    300178.57441706664,
    328157.4866658569,
    344606.7616676689,
    361138.52577557566,
    367816.54888669256,
    410331.9138704777,
    468106.9410912038,
    497407.4628885985,
    512888.7861340404,
    524698.5620030999,
    535716.9544653654,
    544243.8931204319,
    552953.7730190993,
    612403.9773959041,
    618665.2695038796,
    693646.3510573745,
    704587.052873242,
    715765.5605508209,
    738416.7325281143,
    743516.228454864,
    822991.4807950496,
    848787.1688508153,
    873292.7033953071,
    880414.6826217411,
    911482.2972763894,
    941517.579979646,
    1010598.6760818718,
    1037233.1204771278,
    1060721.6258518933,
    1094792.9082394717,
    1144228.9187140702,
    1182513.3458492875,
    1291611.7370625853,
    1350612.6343168854,
    1367263.952531731,
    1390482.6763367055,
    1409165.3561345814,
    1442387.2533248782,
    1468493.869349122,
    1507752.049309289,
    1526150.5495352268,
    1579396.529585254,
    1633173.291217899,
    1750304.3086269256,
    1777364.2213385936,
    1832173.07032572,
    1882598.3254307027,
    1895222.6770145292,
    1908475.5418992157,
    1966476.70990622,
    2041596.4588490957,
    2065078.8420695418,
    2079298.6992099874,
    2142358.4280182114,
    2174659.8188568465,
    2197152.2911021225,
    2206832.841041731,
    2262835.7787341825,
    2277973.301089179,
    2285775.7803341737,
    2324845.849730872,
    2372991.235334491,
    2385007.691566061,
    2400270.439277505,
    2410768.1491156095,
    2429441.2187641016,
    2499367.8242714047,
    2514376.376241792,
    2599625.914653671,
    2675137.672552275,
    2697999.450715268,
    2753267.4474290134,
    2765395.066013742,
    2786036.219618762,
    2871743.665357912,
    2897157.565965987,
    2924771.3021423346,
    2970983.6336482293,
    2996366.379958332,
    3035548.7204781654,
    3083256.2337653046,
    3091866.475142396,
    3092402.7185269417,
    3148015.750409615,
    3265441.0650174795,
    3286441.1867743195,
    3316396.0776516795,
    3346125.779570359,
    3377384.730579877,
    3398855.006363928,
    3420241.5909520267,
    3411298.0247311345,
    3413090.9918142073
  ],
  "ExecutionTime_Per_PatchMedian": [
    23.659186840057373,
    89.57727003097534,
    156.2160701751709,
    164.37565922737122,
    222.79382920265198,
    231.45425820350647,
    243.29420614242554,
    322.8324911594391,
    377.531494140625,
    395.8910081386566,
    444.4303660392761,
    455.890065908432,
    632.9863140583038,
    651.6459400653839,
    774.1433842182159,
    881.1810154914856,
    954.9394114017487,
    1005.8383414745331,
    1018.6781985759735,
    1078.6167714595795,
    1102.8964114189148,
    1202.3739054203033,
    1394.269460439682,
    1443.5690784454346,
    1630.7453434467316,
    1771.3217325210571,
    1853.9008214473724,
    1941.49795627594,
    2007.9766774177551,
    2228.0311002731323,
    2516.518563747406,
    2664.5949268341064,
    2721.0731179714203,
    2774.711746931076,
    2817.511142730713,
    2861.4300105571747,
    2914.2888157367706,
    3233.149512052536,
    3264.729467153549,
    3643.321316242218,
    3698.520000219345,
    3753.7383692264557,
    3832.918370485306,
    3892.615662097931,
    4334.15708398819,
    4459.813950061798,
    4557.4719960689545,
    4604.742763519287,
    4804.495718955994,
    4958.492388963699,
    5312.6245930194855,
    5449.201459169388,
    5569.618630170822,
    5744.27468419075,
    5997.589143276215,
    6110.326554298401,
    6611.559783697128,
    7028.906186342239,
    7111.4481456279755,
    7198.006523609161,
    7286.840437412262,
    7369.323223829269,
    7612.372396230698,
    7735.810172319412,
    7822.768641471863,
    8095.081258296967,
    8364.775435209274,
    8952.00322318077,
    9087.679960250854,
    9362.294186115265,
    9614.968449115753,
    9724.10698223114,
    9788.865584135056,
    10035.538765907288,
    10413.010269880295,
    10531.549302339554,
    10683.393371582031,
    10918.999300003052,
    11081.076150894165,
    11202.30261349678,
    11305.160151481628,
    11524.024593830109,
    11600.103111743927,
    11664.004529714584,
    11902.846299648285,
    12077.77258181572,
    12235.53180360794,
    12418.575252532959,
    12478.653683662415,
    12555.092861652374,
    12683.369946718216,
    13015.373965501785,
    13187.6189057827,
    13596.417695522308,
    13682.228709697723,
    13960.142578601837,
    14021.1018075943,
    14124.860052585602,
    14555.670826673508,
    14683.488410711288,
    14822.324606657028,
    15054.720228672028,
    15182.33788561821,
    15379.432909727097,
    15619.408136606216,
    15662.667734622955,
    15819.188151478767,
    16101.612110972404,
    16698.009163975716,
    16821.960784316063,
    16957.243203401566,
    17117.349828243256,
    17266.976552248,
    17395.177728295326,
    17513.316016316414,
    17613.1718583107,
    17684.674852132797
  ],