{
  "TOOL_BUG_ID": "Prapr-Closure-63",
  "SLB": {
    "median": 62.6,
    "std": 0.18027756377320053,
    "max": 62.8,
    "min": 62.349999999999994
  },
  "PowerAvg": {
    "median": 62.7,
    "std": 0.18708286933869686,
    "max": 63.0,
    "min": 62.5
  },
  "Time": {
    "median": 63.73847699165344,
    "std": 0.3433015421983378,
    "max": 64.4184341430664,
    "min": 63.51892590522766
  },
  "Joules": {
    "median": 4276.844270551204,
    "std": 44.357017987084404,
    "max": 4310.578758728505,
    "min": 4191.934707403183
  },
  "JoulesNormalized": {
    "median": 257.13398002386066,
    "std": 34.329886128487004,
    "max": 318.06031004190527,
    "min": 231.52967721223877
  },
  "NrPatches": {
    "median": 0,
    "std": 0.0,
    "max": 0,
    "min": 0
  },
  "Joules_Per_PatchMedian": [],
  "ExecutionTime_Per_PatchMedian": [],
  "JoulesNormalized_Per_PatchMedian": [],
  "Correctness_Per_Patch": []
}