{
  "TOOL_BUG_ID": "Nopol-Closure-21",
  "SLB": {
    "median": 63.8,
    "std": 0.25625508125043117,
    "max": 64.1,
    "min": 63.5
  },
  "PowerAvg": {
    "median": 151.4,
    "std": 1.3048627003124382,
    "max": 152.1,
    "min": 149.2
  },
  "Time": {
    "median": 3350.89422750473,
    "std": 6459.803704793131,
    "max": 17963.016119003296,
    "min": 854.24240899086
  },
  "Joules": {
    "median": 508133.11702669854,
    "std": 1001290.6470072397,
    "max": 2769608.2160452604,
    "min": 117477.98318139314
  },
  "JoulesNormalized": {
    "median": 294541.51372654433,
    "std": 586986.8881292377,
    "max": 1618178.8828171492,
    "min": 63062.741728675355
  },
  "NrPatches": {
    "median": 3.0,
    "std": 0.0,
    "max": 3,
    "min": 3
  },
  "Joules_Per_PatchMedian": [
    1450.927481150627,
    1839.244522714615,
    2056.2010036706924
  ],
  "ExecutionTime_Per_PatchMedian": [
    11.0994291305542,
    14.279799222946167,
    16.199538946151733
  ],
  "JoulesNormalized_Per_PatchMedian": [
    709.5919809699059,
    922.9266896009445,
    997.4826812624931
  ],
  "Correctness_Per_Patch": [
    "I",
    "I",
    "I"
  ]
}