{
  "Group_ID": "s_200_299",
  "TOOL_BUG_ID": "jMutRepair-Chart-1",
  "ExecutionsIds": [
    "200",
    "250",
    "255"
  ],
  "NrExecutions": 3,
  "NrOutliers": 0,
  "SLB": {
    "median": 63.0,
    "std": 0.3605551275464001,
    "max": 63.5,
    "min": 62.8
  },
  "PowerAvg": {
    "median": 111.3,
    "std": 2.3271943050233923,
    "max": 111.55,
    "min": 107.4
  },
  "Time": {
    "median": 42.179210901260376,
    "std": 5.370952377927488,
    "max": 51.33882713317871,
    "min": 41.89923906326294
  },
  "Joules": {
    "median": 4806.866560053825,
    "std": 474.4851041751368,
    "max": 5602.591981041432,
    "min": 4756.930059909821
  },
  "JoulesNormalized": {
    "median": 2128.4866678237913,
    "std": 147.69516932652365,
    "max": 2378.5136370778087,
    "min": 2117.2779989242554
  },
  "NrPatches": {
    "median": 2,
    "std": 0.0,
    "max": 2,
    "min": 2
  },
  "Joules_Per_PatchMedian": [
    1174.734594333172,
    1894.6039960026742
  ],
  "ExecutionTime_Per_PatchMedian": [
    9.739807844161987,
    15.999595880508423
  ],
  "JoulesNormalized_Per_PatchMedian": [
    561.8173062443734,
    885.0875249505043
  ],
  "Correctness_Per_Patch": [
    "C",
    "C"
  ]
}