{
  "Group_ID": "s_200_299",
  "TOOL_BUG_ID": "Prapr-Closure-46",
  "ExecutionsIds": [
    "210",
    "211",
    "212",
    "213",
    "214"
  ],
  "NrExecutions": 5,
  "NrOutliers": 0,
  "SLB": {
    "median": 63.2,
    "std": 0.08366600265340535,
    "max": 63.3,
    "min": 63.1
  },
  "PowerAvg": {
    "median": 63.4,
    "std": 0.08366600265340875,
    "max": 63.5,
    "min": 63.3
  },
  "Time": {
    "median": 63.7183051109314,
    "std": 0.30145517298670177,
    "max": 64.0383689403534,
    "min": 63.299437046051025
  },
  "Joules": {
    "median": 4279.513184070587,
    "std": 38.27411554174343,
    "max": 4329.762916088104,
    "min": 4245.638371336459
  },
  "JoulesNormalized": {
    "median": 272.6588190555576,
    "std": 26.64054535447258,
    "max": 288.94183595180493,
    "min": 232.54012590646653
  },
  "NrPatches": {
    "median": 0,
    "std": 0.0,
    "max": 0,
    "min": 0
  },
  "Joules_Per_PatchMedian": [],
  "ExecutionTime_Per_PatchMedian": [],
  "JoulesNormalized_Per_PatchMedian": [],
  "Correctness_Per_Patch": []
}