{
  "Group_ID": "s_200_299",
  "TOOL_BUG_ID": "kPAR-Chart-8",
  "ExecutionsIds": [
    "200"
  ],
  "NrExecutions": 1,
  "NrOutliers": 0,
  "SLB": {
    "median": 60.8,
    "std": 0,
    "max": 60.8,
    "min": 60.8
  },
  "PowerAvg": {
    "median": 88.8,
    "std": 0,
    "max": 88.8,
    "min": 88.8
  },
  "Time": {
    "median": 17900.170201063156,
    "std": 0,
    "max": 17900.170201063156,
    "min": 17900.170201063156
  },
  "Joules": {
    "median": 1619029.1485063192,
    "std": 0,
    "max": 1619029.1485063192,
    "min": 1619029.1485063192
  },
  "JoulesNormalized": {
    "median": 530698.8002816793,
    "std": 0,
    "max": 530698.8002816793,
    "min": 530698.8002816793
  },
  "NrPatches": {
    "median": 0,
    "std": 0,
    "max": 0,
    "min": 0
  },
  "Joules_Per_PatchMedian": [],
  "ExecutionTime_Per_PatchMedian": [],
  "JoulesNormalized_Per_PatchMedian": [],
  "Correctness_Per_Patch": []
}