{
  "Group_ID": "s_200_299",
  "TOOL_BUG_ID": "Prapr-Chart-15",
  "ExecutionsIds": [
    "250",
    "251",
    "252",
    "253",
    "254"
  ],
  "NrExecutions": 5,
  "NrOutliers": 0,
  "SLB": {
    "median": 61.5,
    "std": 0.31144823004794736,
    "max": 61.9,
    "min": 61.2
  },
  "PowerAvg": {
    "median": 113.8,
    "std": 0.1816590212458466,
    "max": 114.1,
    "min": 113.7
  },
  "Time": {
    "median": 305.53237891197205,
    "std": 0.7079469550734889,
    "max": 305.9136381149292,
    "min": 304.25294494628906
  },
  "Joules": {
    "median": 36091.93948938846,
    "std": 85.66859669518311,
    "max": 36144.445898926264,
    "min": 35923.97854155302
  },
  "JoulesNormalized": {
    "median": 17242.847721850874,
    "std": 74.92894338769896,
    "max": 17386.525623548026,
    "min": 17188.535443091398
  },
  "NrPatches": {
    "median": 1,
    "std": 0.0,
    "max": 1,
    "min": 1
  },
  "Joules_Per_PatchMedian": [
    9450.869286334513
  ],
  "ExecutionTime_Per_PatchMedian": [
    81.85808086395264
  ],
  "JoulesNormalized_Per_PatchMedian": [
    4401.337975144386
  ],
  "Correctness_Per_Patch": [
    "na"
  ]
}