{
  "Group_ID": "s_200_299",
  "TOOL_BUG_ID": "Prapr-Chart-13",
  "ExecutionsIds": [
    "250",
    "251",
    "252",
    "253",
    "254"
  ],
  "NrExecutions": 5,
  "NrOutliers": 0,
  "SLB": {
    "median": 61.9,
    "std": 0.12247448713916065,
    "max": 62.1,
    "min": 61.8
  },
  "PowerAvg": {
    "median": 105.9,
    "std": 0.651920240520266,
    "max": 106.8,
    "min": 105.1
  },
  "Time": {
    "median": 48.83877992630005,
    "std": 0.352420777515412,
    "max": 49.378798961639404,
    "min": 48.41972899436951
  },
  "Joules": {
    "median": 5346.263477241993,
    "std": 44.17399792143524,
    "max": 5423.085469222069,
    "min": 5300.176737546921
  },
  "JoulesNormalized": {
    "median": 2327.219481408596,
    "std": 28.04079053573383,
    "max": 2366.53781349659,
    "min": 2293.311566996574
  },
  "NrPatches": {
    "median": 13,
    "std": 0.0,
    "max": 13,
    "min": 13
  },
  "Joules_Per_PatchMedian": [
    1940.8598965764045,
    1940.8598965764045,
    1940.8598965764045,
    1940.8598965764045,
    1940.8598965764045,
    1940.8598965764045,
    1940.8598965764045,
    1940.8598965764045,
    1940.8598965764045,
    1940.8598965764045,
    4603.742956960201,
    4603.742956960201,
    4603.742956960201
  ],
  "ExecutionTime_Per_PatchMedian": [
    17.979994773864746,
    17.979994773864746,
    17.979994773864746,
    17.979994773864746,
    17.979994773864746,
    17.979994773864746,
    17.979994773864746,
    17.979994773864746,
    17.979994773864746,
    17.979994773864746,
    42.47857666015625,
    42.47857666015625,
    42.47857666015625
  ],
  "JoulesNormalized_Per_PatchMedian": [
    829.6962195515632,
    829.6962195515632,
    829.6962195515632,
    829.6962195515632,
    829.6962195515632,
    829.6962195515632,
    829.6962195515632,
    829.6962195515632,
    829.6962195515632,
    829.6962195515632,
    1972.126524996758,
    1972.126524996758,
    1972.126524996758
  ],
  "Correctness_Per_Patch": [
    "na",
    "na",
    "na",
    "na",
    "na",
    "na",
    "na",
    "na",
    "na",
    "na",
    "na",
    "na",
    "na"
  ]
}