{
  "TOOL_BUG_ID": "Prapr-Closure-11",
  "SLB": {
    "median": 62.9,
    "std": 0.10000000000000142,
    "max": 63.0,
    "min": 62.8
  },
  "PowerAvg": {
    "median": 63.0,
    "std": 0.08366600265340875,
    "max": 63.1,
    "min": 62.9
  },
  "Time": {
    "median": 63.7589168548584,
    "std": 0.24899764019616832,
    "max": 64.11840605735779,
    "min": 63.45793890953064
  },
  "Joules": {
    "median": 4259.110122931003,
    "std": 41.777432324171116,
    "max": 4331.163156950473,
    "min": 4218.272184944153
  },
  "JoulesNormalized": {
    "median": 238.61357659101486,
    "std": 44.7570752862456,
    "max": 332.1359626412391,
    "min": 220.4220336437229
  },
  "NrPatches": {
    "median": 0,
    "std": 0.0,
    "max": 0,
    "min": 0
  },
  "Joules_Per_PatchMedian": [],
  "ExecutionTime_Per_PatchMedian": [],
  "JoulesNormalized_Per_PatchMedian": [],
  "Correctness_Per_Patch": []
}