{
  "TOOL_BUG_ID": "SimFix-Math-33",
  "SLB": {
    "median": 63.75,
    "std": 0.20615528128088195,
    "max": 63.9,
    "min": 63.5
  },
  "PowerAvg": {
    "median": 115.05000000000001,
    "std": 0.4966554808583803,
    "max": 115.9,
    "min": 114.8
  },
  "Time": {
    "median": 2565.8233749866486,
    "std": 47.81675898508523,
    "max": 2640.022210121155,
    "min": 2539.602709054947
  },
  "Joules": {
    "median": 295051.9998424113,
    "std": 5961.187179713525,
    "max": 305649.752306819,
    "min": 292618.0628755927
  },
  "JoulesNormalized": {
    "median": 132034.0382347763,
    "std": 2883.898682302208,
    "max": 136952.33308007722,
    "min": 130254.20915385481
  },
  "NrPatches": {
    "median": 3.0,
    "std": 0.0,
    "max": 3,
    "min": 3
  },
  "Joules_Per_PatchMedian": [
    17349.35988625288,
    75396.99249938727,
    109588.25760350228
  ],
  "ExecutionTime_Per_PatchMedian": [
    151.25654292106628,
    653.1656560897827,
    953.7190330028534
  ],
  "JoulesNormalized_Per_PatchMedian": [
    7729.443756473065,
    33661.0760306716,
    48453.870546209815
  ],
  "Correctness_Per_Patch": [
    "C",
    "na",
    "na"
  ]
}