{
  "Group_ID": "s_200_299",
  "TOOL_BUG_ID": "FixMiner-Math-80",
  "ExecutionsIds": [
    "200",
    "280",
    "281",
    "282"
  ],
  "NrExecutions": 4,
  "NrOutliers": 2,
  "SLB": {
    "median": 62.3,
    "std": 1.0045728777279779,
    "max": 63.7,
    "min": 61.4
  },
  "PowerAvg": {
    "median": 106.8,
    "std": 2.041241452319315,
    "max": 108.8,
    "min": 104.8
  },
  "Time": {
    "median": 17991.998584508896,
    "std": 7.541299760298319,
    "max": 17992.438525915146,
    "min": 17977.071213960648
  },
  "Joules": {
    "median": 1979027.6474389671,
    "std": 35178.53516865589,
    "max": 2012535.9428326006,
    "min": 1944004.9997357843
  },
  "JoulesNormalized": {
    "median": 853351.933951598,
    "std": 19436.661972024096,
    "max": 877030.9510855677,
    "min": 839182.7785548205
  },
  "NrPatches": {
    "median": 0.0,
    "std": 0.0,
    "max": 0,
    "min": 0
  },
  "Joules_Per_PatchMedian": [],
  "ExecutionTime_Per_PatchMedian": [],
  "JoulesNormalized_Per_PatchMedian": [],
  "Correctness_Per_Patch": []
}