{
  "TOOL_BUG_ID": "FixMiner-Closure-115",
  "SLB": {
    "median": 63.5,
    "std": 0.34641016151377535,
    "max": 63.7,
    "min": 62.6
  },
  "PowerAvg": {
    "median": 119.80000000000001,
    "std": 1.442316809087996,
    "max": 122.15,
    "min": 117.4
  },
  "Time": {
    "median": 1.3999390602111816,
    "std": 0.06013711340437586,
    "max": 1.5199999809265137,
    "min": 1.3196730613708496
  },
  "Joules": {
    "median": 168.5736691594124,
    "std": 6.908796010301115,
    "max": 182.69866783618926,
    "min": 160.4502556324005
  },
  "JoulesNormalized": {
    "median": 80.44975609779357,
    "std": 3.1539083874860503,
    "max": 86.17866904735564,
    "min": 75.22670083045959
  },
  "NrPatches": {
    "median": 0,
    "std": 0.0,
    "max": 0,
    "min": 0
  },
  "Joules_Per_PatchMedian": [],
  "ExecutionTime_Per_PatchMedian": [],
  "JoulesNormalized_Per_PatchMedian": [],
  "Correctness_Per_Patch": []
}