{
  "Group_ID": "s_200_299",
  "TOOL_BUG_ID": "Avatar-Math-81",
  "ExecutionsIds": [
    "210",
    "280",
    "281",
    "282",
    "283",
    "284"
  ],
  "NrExecutions": 6,
  "NrOutliers": 2,
  "SLB": {
    "median": 62.85,
    "std": 0.4875106836436166,
    "max": 63.3,
    "min": 62.1
  },
  "PowerAvg": {
    "median": 120.15,
    "std": 3.2333676974118903,
    "max": 122.9,
    "min": 115.0
  },
  "Time": {
    "median": 1514.5671970844269,
    "std": 6.317169035542676,
    "max": 1524.385064125061,
    "min": 1509.127431154251
  },
  "Joules": {
    "median": 184749.56745434995,
    "std": 5756.18392198523,
    "max": 191326.50553827288,
    "min": 176734.23295331
  },
  "JoulesNormalized": {
    "median": 89819.03722745177,
    "std": 4942.086082411775,
    "max": 94834.08304922582,
    "min": 82361.80364995004
  },
  "NrPatches": {
    "median": 40.0,
    "std": 0.0,
    "max": 40,
    "min": 40
  },
  "Joules_Per_PatchMedian": [
    116583.9679381311,
    117548.1344666183,
    118507.90592727662,
    124340.12156515122,
    128397.32067447306,
    129401.77319371105,
    130390.5934060991,
    131355.35528646113,
    132325.89339872,
    133306.93466289638,
    136470.51609467267,
    138435.04338323476,
    140435.4405366123,
    141398.86450631023,
    143338.46587007644,
    150158.7135345757,
    152485.15845192672,
    153451.6034016192,
    154417.76708698872,
    155384.6983715415,
    156361.29903094174,
    158322.9527982116,
    159282.19586927298,
    160242.1780482233,
    161210.76015456324,
    162171.77224099042,
    164092.58726928238,
    167238.72579489351,
    168216.15036928657,
    170205.89370118384,
    172282.54965759517,
    173315.2879247606,
    175249.9883141518,
    177187.4759165228,
    178147.99727776053,
    179106.01304237847,
    180066.80913649208,
    181027.29587592487,
    181999.39928190116,
    185303.73404884344
  ],
  "ExecutionTime_Per_PatchMedian": [
    950.6286290884018,
    958.4581906795502,
    966.3075711727142,
    1013.7865636348724,
    1047.2661081552505,
    1055.576238155365,
    1063.8054159879684,
    1071.6953415870667,
    1079.5951249599457,
    1087.5257914066315,
    1113.2643189430237,
    1129.2834749221802,
    1145.5631424188614,
    1153.442816734314,
    1169.1726450920105,
    1225.432496190071,
    1244.2321282625198,
    1252.1018368005753,
    1259.9419099092484,
    1267.8120023012161,
    1275.7517716884613,
    1291.7717156410217,
    1299.5815811157227,
    1307.391365647316,
    1315.3216466903687,
    1323.0914517641068,
    1338.7812356948853,
    1364.470784664154,
    1372.330595612526,
    1388.7304700613022,
    1405.0078840255737,
    1413.3475469350815,
    1429.1170819997787,
    1445.0253522396088,
    1452.8454282283783,
    1460.6655762195587,
    1468.5151077508926,
    1476.368807554245,
    1484.3992850780487,
    1511.2084629535675
  ],
  "JoulesNormalized_Per_PatchMedian": [
    53923.98329509497,
    54370.4327827692,
    54817.32659524679,
    57526.04088904262,
    59326.72537022233,
    59776.16105055213,
    60219.53159046173,
    60677.20401483774,
    61124.67350224852,
    61578.53980950118,
    63047.75928398967,
    63947.590614825494,
    64876.82140504122,
    65317.30097292662,
    66210.81709650159,
    69375.53431441188,
    70454.57486376166,
    70898.39137639404,
    71342.2109438479,
    71792.98455888033,
    72247.51387960315,
    73149.94815854431,
    73595.06580367088,
    74046.02433001398,
    74492.72448885441,
    74938.42183244825,
    75827.71595784425,
    77295.31680999995,
    77745.34844722747,
    78652.3869758904,
    79588.69129519463,
    80074.1582217753,
    80979.72026202083,
    81880.37482550145,
    82329.70284157991,
    82775.5206764877,
    83220.6119184196,
    83666.46896525622,
    84108.10794184208,
    85641.74616714715
  ],
  "Correctness_Per_Patch": [
    "I",
    "I",
    "I",
    "I",
    "I",
    "I",
    "I",
    "I",
    "I",
    "I",
    "I",
    "I",
    "I",
    "I",
    "I",
    "I",
    "I",
    "I",
    "I",
    "I",
    "I",
    "I",
    "I",
    "I",
    "I",
    "I",
    "I",
    "I",
    "I",
    "I",
    "I",
    "I",
    "I",
    "I",
    "I",
    "I",
    "I",
    "I",
    "I",
    "I"
  ]
}