{
  "Group_ID": "s_200_299",
  "TOOL_BUG_ID": "kPAR-Time-7",
  "ExecutionsIds": [
    "200",
    "210",
    "211",
    "230",
    "250",
    "260",
    "261"
  ],
  "NrExecutions": 7,
  "NrOutliers": 6,
  "SLB": {
    "median": 65.0,
    "std": 0.34086724129854024,
    "max": 65.4,
    "min": 64.3
  },
  "PowerAvg": {
    "median": 65.8,
    "std": 0.6421689437998012,
    "max": 67.3,
    "min": 65.3
  },
  "Time": {
    "median": 17977.215811014175,
    "std": 24.483983964656744,
    "max": 17977.49593091011,
    "min": 17911.9463391304
  },
  "Joules": {
    "median": 1476622.7843950042,
    "std": 13362.911035550547,
    "max": 1504917.9283857697,
    "min": 1464008.7591491945
  },
  "JoulesNormalized": {
    "median": 313540.4913749567,
    "std": 16679.784067685356,
    "max": 344223.80561011983,
    "min": 293673.7740469463
  },
  "NrPatches": {
    "median": 1,
    "std": 0.0,
    "max": 1,
    "min": 1
  },
  "Joules_Per_PatchMedian": [
    153032.87652945518
  ],
  "ExecutionTime_Per_PatchMedian": [
    1192.1331610679626
  ],
  "JoulesNormalized_Per_PatchMedian": [
    65944.83235369922
  ],
  "Correctness_Per_Patch": [
    "C"
  ]
}