{
  "TOOL_BUG_ID": "FixMiner-Closure-109",
  "SLB": {
    "median": 63.1,
    "std": 0.4429339411136559,
    "max": 63.4,
    "min": 62.4
  },
  "PowerAvg": {
    "median": 118.2,
    "std": 5.0642067963493025,
    "max": 118.7,
    "min": 104.9
  },
  "Time": {
    "median": 17927.204159021378,
    "std": 67.066574441275,
    "max": 17928.872107982635,
    "min": 17749.350596904755
  },
  "Joules": {
    "median": 2163915.546316015,
    "std": 137499.9963156397,
    "max": 2181336.310567093,
    "min": 1805146.2593991398
  },
  "JoulesNormalized": {
    "median": 1043361.0395671003,
    "std": 136890.53164248346,
    "max": 1049866.5585967426,
    "min": 679837.4315553785
  },
  "NrPatches": {
    "median": 0,
    "std": 0.0,
    "max": 0,
    "min": 0
  },
  "Joules_Per_PatchMedian": [],
  "ExecutionTime_Per_PatchMedian": [],
  "JoulesNormalized_Per_PatchMedian": [],
  "Correctness_Per_Patch": []
}