{
  "TOOL_BUG_ID": "Prapr-Math-42",
  "SLB": {
    "median": 63.3,
    "std": 0.20493901531919176,
    "max": 63.6,
    "min": 63.2
  },
  "PowerAvg": {
    "median": 120.6,
    "std": 0.7563068160475604,
    "max": 122.1,
    "min": 120.3
  },
  "Time": {
    "median": 153.75605297088623,
    "std": 3.0831128650229136,
    "max": 158.0370171070099,
    "min": 151.1969439983368
  },
  "Joules": {
    "median": 19479.643429481985,
    "std": 483.41058343737825,
    "max": 20315.045498526095,
    "min": 19267.704268836973
  },
  "JoulesNormalized": {
    "median": 9746.885276424886,
    "std": 291.5566022282578,
    "max": 10329.650454199313,
    "min": 9712.057408142087
  },
  "NrPatches": {
    "median": 1,
    "std": 0.0,
    "max": 1,
    "min": 1
  },
  "Joules_Per_PatchMedian": [
    14726.935969483853
  ],
  "ExecutionTime_Per_PatchMedian": [
    114.17709612846375
  ],
  "JoulesNormalized_Per_PatchMedian": [
    7499.525784552098
  ],
  "Correctness_Per_Patch": [
    "na"
  ]
}