{
  "TOOL_BUG_ID": "Prapr-Mockito-5",
  "SLB": {
    "median": 63.7,
    "std": 0.3435112807463508,
    "max": 64.3,
    "min": 63.5
  },
  "PowerAvg": {
    "median": 134.0,
    "std": 1.3358517881860958,
    "max": 136.2,
    "min": 132.5
  },
  "Time": {
    "median": 31.33984398841858,
    "std": 1.8664742491844313,
    "max": 35.419008016586304,
    "min": 30.899152994155884
  },
  "Joules": {
    "median": 4361.845977914334,
    "std": 237.34882411065146,
    "max": 4878.627210485935,
    "min": 4309.687406432628
  },
  "JoulesNormalized": {
    "median": 2361.3898452758785,
    "std": 123.44232237207646,
    "max": 2625.9783006310463,
    "min": 2329.0516995072367
  },
  "NrPatches": {
    "median": 31,
    "std": 0.0,
    "max": 31,
    "min": 31
  },
  "Joules_Per_PatchMedian": [
    1176.4149723887444,
    1176.4149723887444,
    1176.4149723887444,
    1176.4149723887444,
    1176.4149723887444,
    1176.4149723887444,
    1176.4149723887444,
    1176.4149723887444,
    1176.4149723887444,
    1178.796719789505,
    1178.796719789505,
    1178.796719789505,
    2184.157887649536,
    2184.157887649536,
    2184.157887649536,
    2184.157887649536,
    2184.157887649536,
    2204.466511046887,
    2352.292194259167,
    2352.292194259167,
    2352.292194259167,
    2898.3546012163165,
    2898.3546012163165,
    2898.3546012163165,
    3144.4166522502906,
    3149.8557208061225,
    3201.085795283318,
    3294.0640386700634,
    3632.7347590684894,
    4274.988527977467,
    4274.988527977467
  ],
  "ExecutionTime_Per_PatchMedian": [
    8.560452938079834,
    8.560452938079834,
    8.560452938079834,
    8.560452938079834,
    8.560452938079834,
    8.560452938079834,
    8.560452938079834,
    8.560452938079834,
    8.560452938079834,
    8.619753122329712,
    8.619753122329712,
    8.619753122329712,
    15.500241994857788,
    15.500241994857788,
    15.500241994857788,
    15.500241994857788,
    15.500241994857788,
    15.500241994857788,
    16.560489892959595,
    16.560489892959595,
    16.560489892959595,
    20.419879913330078,
    20.419879913330078,
    20.419879913330078,
    22.13966393470764,
    22.179655075073242,
    22.53931999206543,
    23.19881296157837,
    25.479195833206177,
    30.63937497138977,
    30.63937497138977
  ],
  "JoulesNormalized_Per_PatchMedian": [
    629.7184458971024,
    629.7184458971024,
    629.7184458971024,
    629.7184458971024,
    629.7184458971024,
    629.7184458971024,
    629.7184458971024,
    629.7184458971024,
    629.7184458971024,
    630.3168246388436,
    630.3168246388436,
    630.3168246388436,
    1193.4816675662996,
    1193.4816675662996,
    1193.4816675662996,
    1193.4816675662996,
    1193.4816675662996,
    1207.800950777531,
    1287.2267344594,
    1287.2267344594,
    1287.2267344594,
    1589.9859758138655,
    1589.9859758138655,
    1589.9859758138655,
    1720.836261248589,
    1723.7038994789127,
    1751.807519793511,
    1802.3803652405743,
    1994.4224669933324,
    2321.9106258153915,
    2321.9106258153915
  ],
  "Correctness_Per_Patch": [
    "na",
    "na",
    "na",
    "na",
    "na",
    "na",
    "na",
    "na",
    "na",
    "na",
    "na",
    "na",
    "na",
    "na",
    "na",
    "na",
    "na",
    "na",
    "na",
    "na",
    "na",
    "na",
    "na",
    "na",
    "na",
    "na",
    "na",
    "na",
    "na",
    "na",
    "na"
  ]
}