{
  "Group_ID": "s_200_299",
  "TOOL_BUG_ID": "Prapr-Math-28",
  "ExecutionsIds": [
    "250",
    "251",
    "252",
    "253",
    "254"
  ],
  "NrExecutions": 5,
  "NrOutliers": 0,
  "SLB": {
    "median": 63.5,
    "std": 0.11401754250991541,
    "max": 63.6,
    "min": 63.3
  },
  "PowerAvg": {
    "median": 146.8,
    "std": 15.535121499363948,
    "max": 149.2,
    "min": 118.2
  },
  "Time": {
    "median": 454.70994901657104,
    "std": 199.81106011256452,
    "max": 689.5444359779358,
    "min": 224.03457283973694
  },
  "Joules": {
    "median": 62445.233037424085,
    "std": 30266.29215290406,
    "max": 98055.07480740547,
    "min": 27588.30547562838
  },
  "JoulesNormalized": {
    "median": 33571.15127487182,
    "std": 17624.169168439395,
    "max": 54337.957566404344,
    "min": 13362.110100305083
  },
  "NrPatches": {
    "median": 36,
    "std": 0.0,
    "max": 36,
    "min": 36
  },
  "Joules_Per_PatchMedian": [
    51706.174045526976,
    51706.174045526976,
    55653.546426999565,
    55653.546426999565,
    55653.546426999565,
    55653.546426999565,
    55653.546426999565,
    55653.546426999565,
    55653.546426999565,
    55653.546426999565,
    55653.546426999565,
    55653.546426999565,
    55653.546426999565,
    55653.546426999565,
    55653.546426999565,
    55653.546426999565,
    55653.546426999565,
    55653.546426999565,
    55653.546426999565,
    55653.546426999565,
    55653.546426999565,
    55653.546426999565,
    55653.546426999565,
    55653.546426999565,
    55653.546426999565,
    55653.546426999565,
    55653.546426999565,
    55653.546426999565,
    55653.546426999565,
    55653.546426999565,
    55653.546426999565,
    55653.546426999565,
    55653.546426999565,
    55653.546426999565,
    55653.546426999565,
    55653.546426999565
  ],
  "ExecutionTime_Per_PatchMedian": [
    362.69161200523376,
    362.69161200523376,
    397.09030199050903,
    397.09030199050903,
    397.09030199050903,
    397.09030199050903,
    397.09030199050903,
    397.09030199050903,
    397.09030199050903,
    397.09030199050903,
    397.09030199050903,
    397.09030199050903,
    397.09030199050903,
    397.09030199050903,
    397.09030199050903,
    397.09030199050903,
    397.09030199050903,
    397.09030199050903,
    397.09030199050903,
    397.09030199050903,
    397.09030199050903,
    397.09030199050903,
    397.09030199050903,
    397.09030199050903,
    397.09030199050903,
    397.09030199050903,
    397.09030199050903,
    397.09030199050903,
    397.09030199050903,
    397.09030199050903,
    397.09030199050903,
    397.09030199050903,
    397.09030199050903,
    397.09030199050903,
    397.09030199050903,
    397.09030199050903
  ],
  "JoulesNormalized_Per_PatchMedian": [
    28675.25668319463,
    28675.25668319463,
    30438.31225060224,
    30438.31225060224,
    30438.31225060224,
    30438.31225060224,
    30438.31225060224,
    30438.31225060224,
    30438.31225060224,
    30438.31225060224,
    30438.31225060224,
    30438.31225060224,
    30438.31225060224,
    30438.31225060224,
    30438.31225060224,
    30438.31225060224,
    30438.31225060224,
    30438.31225060224,
    30438.31225060224,
    30438.31225060224,
    30438.31225060224,
    30438.31225060224,
    30438.31225060224,
    30438.31225060224,
    30438.31225060224,
    30438.31225060224,
    30438.31225060224,
    30438.31225060224,
    30438.31225060224,
    30438.31225060224,
    30438.31225060224,
    30438.31225060224,
    30438.31225060224,
    30438.31225060224,
    30438.31225060224,
    30438.31225060224
  ],
  "Correctness_Per_Patch": [
    "na",
    "na",
    "na",
    "na",
    "na",
    "na",
    "na",
    "na",
    "na",
    "na",
    "na",
    "na",
    "na",
    "na",
    "na",
    "na",
    "na",
    "na",
    "na",
    "na",
    "na",
    "na",
    "na",
    "na",
    "na",
    "na",
    "na",
    "na",
    "na",
    "na",
    "na",
    "na",
    "na",
    "na",
    "na",
    "na"
  ]
}