{
  "Group_ID": "s_200_299",
  "TOOL_BUG_ID": "Nopol-Math-80",
  "ExecutionsIds": [
    "200",
    "265",
    "266",
    "267",
    "268",
    "269"
  ],
  "NrExecutions": 6,
  "NrOutliers": 1,
  "SLB": {
    "median": 63.099999999999994,
    "std": 0.38166302763912946,
    "max": 63.7,
    "min": 62.7
  },
  "PowerAvg": {
    "median": 146.05,
    "std": 1.6501515081955405,
    "max": 149.8,
    "min": 145.1
  },
  "Time": {
    "median": 537.0681254863739,
    "std": 222.8440669625154,
    "max": 977.2172040939331,
    "min": 364.9514870643616
  },
  "Joules": {
    "median": 78115.01702189445,
    "std": 32510.65650723828,
    "max": 142209.48666121962,
    "min": 52761.5979077816
  },
  "JoulesNormalized": {
    "median": 43815.37764495015,
    "std": 18365.62224108907,
    "max": 80351.63764207365,
    "min": 29879.13966884613
  },
  "NrPatches": {
    "median": 2.0,
    "std": 0.0,
    "max": 2,
    "min": 2
  },
  "Joules_Per_PatchMedian": [
    984.7964497327805,
    1085.3514420986176
  ],
  "ExecutionTime_Per_PatchMedian": [
    7.7194929122924805,
    8.640054941177368
  ],
  "JoulesNormalized_Per_PatchMedian": [
    496.8065710186959,
    541.8919862985612
  ],
  "Correctness_Per_Patch": [
    "I",
    "I"
  ]
}