{
  "Group_ID": "s_200_299",
  "TOOL_BUG_ID": "Prapr-Chart-24",
  "ExecutionsIds": [
    "210",
    "211",
    "212",
    "213",
    "214"
  ],
  "NrExecutions": 5,
  "NrOutliers": 0,
  "SLB": {
    "median": 63.0,
    "std": 0.10954451150103478,
    "max": 63.2,
    "min": 63.0
  },
  "PowerAvg": {
    "median": 120.4,
    "std": 1.1584472366059695,
    "max": 121.3,
    "min": 118.8
  },
  "Time": {
    "median": 3.559462070465088,
    "std": 0.030266026942522374,
    "max": 3.5798370838165283,
    "min": 3.499833106994629
  },
  "Joules": {
    "median": 426.6517495274544,
    "std": 4.200503266116792,
    "max": 435.34013931751247,
    "min": 425.72436698675153
  },
  "JoulesNormalized": {
    "median": 204.53491462469097,
    "std": 2.975538333015729,
    "max": 209.81040303707118,
    "min": 202.30819450616838
  },
  "NrPatches": {
    "median": 2,
    "std": 0.0,
    "max": 2,
    "min": 2
  },
  "Joules_Per_PatchMedian": [
    403.7765098214149,
    403.7765098214149
  ],
  "ExecutionTime_Per_PatchMedian": [
    3.3396780490875244,
    3.3396780490875244
  ],
  "JoulesNormalized_Per_PatchMedian": [
    194.62509301900866,
    194.62509301900866
  ],
  "Correctness_Per_Patch": [
    "I",
    "C"
  ]
}