{
  "Group_ID": "s_200_299",
  "TOOL_BUG_ID": "Prapr-Time-20",
  "ExecutionsIds": [
    "250",
    "251",
    "252",
    "253",
    "254"
  ],
  "NrExecutions": 5,
  "NrOutliers": 0,
  "SLB": {
    "median": 62.3,
    "std": 0.30331501776206227,
    "max": 62.9,
    "min": 62.2
  },
  "PowerAvg": {
    "median": 111.4,
    "std": 0.38078865529319433,
    "max": 111.9,
    "min": 110.9
  },
  "Time": {
    "median": 255.7337818145752,
    "std": 1.9315794953056926,
    "max": 259.8136131763458,
    "min": 255.23465299606323
  },
  "Joules": {
    "median": 29550.854290938376,
    "std": 286.49163716752486,
    "max": 30108.289263665676,
    "min": 29435.127005314826
  },
  "JoulesNormalized": {
    "median": 13622.727637469765,
    "std": 160.91450886942354,
    "max": 13921.901162779332,
    "min": 13534.008123660087
  },
  "NrPatches": {
    "median": 3,
    "std": 0.0,
    "max": 3,
    "min": 3
  },
  "Joules_Per_PatchMedian": [
    25905.7346069932,
    25905.7346069932,
    25905.7346069932
  ],
  "ExecutionTime_Per_PatchMedian": [
    226.71471285820007,
    226.71471285820007,
    226.71471285820007
  ],
  "JoulesNormalized_Per_PatchMedian": [
    11755.42308449745,
    11755.42308449745,
    11755.42308449745
  ],
  "Correctness_Per_Patch": [
    "na",
    "na",
    "na"
  ]
}