{
  "Group_ID": "s_200_299",
  "TOOL_BUG_ID": "kPAR-Closure-31",
  "ExecutionsIds": [
    "200"
  ],
  "NrExecutions": 1,
  "NrOutliers": 0,
  "SLB": {
    "median": 62.6,
    "std": 0,
    "max": 62.6,
    "min": 62.6
  },
  "PowerAvg": {
    "median": 89.9,
    "std": 0,
    "max": 89.9,
    "min": 89.9
  },
  "Time": {
    "median": 362.8921239376068,
    "std": 0,
    "max": 362.8921239376068,
    "min": 362.8921239376068
  },
  "Joules": {
    "median": 33955.77154151201,
    "std": 0,
    "max": 33955.77154151201,
    "min": 33955.77154151201
  },
  "JoulesNormalized": {
    "median": 11238.724583017825,
    "std": 0,
    "max": 11238.724583017825,
    "min": 11238.724583017825
  },
  "NrPatches": {
    "median": 0,
    "std": 0,
    "max": 0,
    "min": 0
  },
  "Joules_Per_PatchMedian": [],
  "ExecutionTime_Per_PatchMedian": [],
  "JoulesNormalized_Per_PatchMedian": [],
  "Correctness_Per_Patch": []
}