{
  "TOOL_BUG_ID": "Prapr-Math-40",
  "SLB": {
    "median": 63.3,
    "std": 0.15165750888102988,
    "max": 63.5,
    "min": 63.2
  },
  "PowerAvg": {
    "median": 115.3,
    "std": 0.061237243569581774,
    "max": 115.4,
    "min": 115.25
  },
  "Time": {
    "median": 94.41875100135803,
    "std": 0.33382277419898765,
    "max": 94.93760704994202,
    "min": 94.0379319190979
  },
  "Joules": {
    "median": 11128.685005760193,
    "std": 38.68130662430459,
    "max": 11167.389415252208,
    "min": 11069.646877431871
  },
  "JoulesNormalized": {
    "median": 5133.094317173958,
    "std": 24.124330323178164,
    "max": 5167.3326496958725,
    "min": 5109.899373972416
  },
  "NrPatches": {
    "median": 3,
    "std": 0.0,
    "max": 3,
    "min": 3
  },
  "Joules_Per_PatchMedian": [
    6732.719541299343,
    6732.719541299343,
    6732.719541299343
  ],
  "ExecutionTime_Per_PatchMedian": [
    56.6790189743042,
    56.6790189743042,
    56.6790189743042
  ],
  "JoulesNormalized_Per_PatchMedian": [
    3133.6018364310266,
    3133.6018364310266,
    3133.6018364310266
  ],
  "Correctness_Per_Patch": [
    "na",
    "na",
    "na"
  ]
}