{
  "Group_ID": "s_200_299",
  "TOOL_BUG_ID": "Prapr-Closure-62",
  "ExecutionsIds": [
    "210",
    "211",
    "212",
    "213",
    "214"
  ],
  "NrExecutions": 5,
  "NrOutliers": 0,
  "SLB": {
    "median": 63.2,
    "std": 0.11401754250991199,
    "max": 63.4,
    "min": 63.1
  },
  "PowerAvg": {
    "median": 63.4,
    "std": 0.11401754250991293,
    "max": 63.5,
    "min": 63.2
  },
  "Time": {
    "median": 63.49896597862244,
    "std": 0.29546295835408454,
    "max": 63.91836905479431,
    "min": 63.17902684211731
  },
  "Joules": {
    "median": 4261.24077655077,
    "std": 35.65229624147303,
    "max": 4315.597602093219,
    "min": 4232.435442352295
  },
  "JoulesNormalized": {
    "median": 255.6904747605322,
    "std": 22.222273346088926,
    "max": 275.9566778302187,
    "min": 225.65068910121863
  },
  "NrPatches": {
    "median": 0,
    "std": 0.0,
    "max": 0,
    "min": 0
  },
  "Joules_Per_PatchMedian": [],
  "ExecutionTime_Per_PatchMedian": [],
  "JoulesNormalized_Per_PatchMedian": [],
  "Correctness_Per_Patch": []
}