{
  "Group_ID": "s_200_299",
  "TOOL_BUG_ID": "jGenProg-Math-71",
  "ExecutionsIds": [
    "200",
    "265",
    "280"
  ],
  "NrExecutions": 3,
  "NrOutliers": 4,
  "SLB": {
    "median": 62.5,
    "std": 1.1930353445448876,
    "max": 64.2,
    "min": 61.9
  },
  "PowerAvg": {
    "median": 198.3,
    "std": 1.6703293088490139,
    "max": 199.5,
    "min": 196.2
  },
  "Time": {
    "median": 10482.5845849514,
    "std": 238.18644649070478,
    "max": 10544.883083105087,
    "min": 10104.725860118866
  },
  "Joules": {
    "median": 2046361.4212940575,
    "std": 35508.42762344859,
    "max": 2081000.3291193482,
    "min": 2009990.514383066
  },
  "JoulesNormalized": {
    "median": 1391199.884734595,
    "std": 33565.8085103812,
    "max": 1428272.0662751433,
    "min": 1361267.1141634346
  },
  "NrPatches": {
    "median": 0,
    "std": 0.0,
    "max": 0,
    "min": 0
  },
  "Joules_Per_PatchMedian": [],
  "ExecutionTime_Per_PatchMedian": [],
  "JoulesNormalized_Per_PatchMedian": [],
  "Correctness_Per_Patch": []
}