{
  "Group_ID": "s_200_299",
  "TOOL_BUG_ID": "Avatar-Time-11",
  "ExecutionsIds": [
    "200"
  ],
  "NrExecutions": 1,
  "NrOutliers": 0,
  "SLB": {
    "median": 64.7,
    "std": 0,
    "max": 64.7,
    "min": 64.7
  },
  "PowerAvg": {
    "median": 112.2,
    "std": 0,
    "max": 112.2,
    "min": 112.2
  },
  "Time": {
    "median": 17990.107976913452,
    "std": 0,
    "max": 17990.107976913452,
    "min": 17990.107976913452
  },
  "Joules": {
    "median": 2008926.265012442,
    "std": 0,
    "max": 2008926.265012442,
    "min": 2008926.265012442
  },
  "JoulesNormalized": {
    "median": 844966.2789061414,
    "std": 0,
    "max": 844966.2789061414,
    "min": 844966.2789061414
  },
  "NrPatches": {
    "median": 13,
    "std": 0,
    "max": 13,
    "min": 13
  },
  "Joules_Per_PatchMedian": [
    746942.838154304,
    752494.7698729992,
    753895.9918360471,
    755323.0605642914,
    757614.5063691258,
    759062.3369696259,
    760718.3881976485,
    762570.6783914804,
    765428.1593265652,
    768323.3777176379,
    769755.8085656522,
    771214.8382117747,
    775073.4113837122
  ],
  "ExecutionTime_Per_PatchMedian": [
    6347.441313028336,
    6393.8003940582275,
    6405.4603390693665,
    6417.3402190208435,
    6436.939937114716,
    6448.959740161896,
    6462.839326143265,
    6478.35890007019,
    6502.058512210846,
    6526.877982139587,
    6538.797771215439,
    6550.837541103363,
    6583.59699511528
  ],
  "JoulesNormalized_Per_PatchMedian": [
    336263.38520137063,
    338815.88437743176,
    339462.70789825905,
    340121.1483936428,
    341144.49243780365,
    341814.6417811512,
    342572.6837961792,
    343420.857556939,
    344744.97358652344,
    346034.3722732066,
    346695.59276801336,
    347375.64930238714,
    349114.6857997536
  ],
  "Correctness_Per_Patch": [
    "I",
    "I",
    "I",
    "I",
    "I",
    "I",
    "I",
    "I",
    "I",
    "I",
    "I",
    "I",
    "I"
  ]
}