{
  "Group_ID": "s_200_299",
  "TOOL_BUG_ID": "TBar-Lang-45",
  "ExecutionsIds": [
    "200",
    "210",
    "211",
    "212",
    "213",
    "214",
    "230",
    "250",
    "251",
    "252",
    "253",
    "254",
    "260",
    "261",
    "262",
    "263"
  ],
  "NrExecutions": 16,
  "NrOutliers": 0,
  "SLB": {
    "median": 63.5,
    "std": 0.17293423605521385,
    "max": 63.9,
    "min": 63.3
  },
  "PowerAvg": {
    "median": 105.1,
    "std": 2.543938875051834,
    "max": 105.3,
    "min": 94.9
  },
  "Time": {
    "median": 6943.4545814991,
    "std": 1051.4589281348337,
    "max": 11165.675790071487,
    "min": 6920.112119913101
  },
  "Joules": {
    "median": 673174.0959359885,
    "std": 91492.84889525454,
    "max": 1039660.771925199,
    "min": 668406.6314291117
  },
  "JoulesNormalized": {
    "median": 232014.08791514038,
    "std": 25346.979934297706,
    "max": 332873.4944136739,
    "min": 228443.14950881014
  },
  "NrPatches": {
    "median": 1.0,
    "std": 0.0,
    "max": 1,
    "min": 1
  },
  "Joules_Per_PatchMedian": [
    307428.01341737504
  ],
  "ExecutionTime_Per_PatchMedian": [
    3213.478042602539
  ],
  "JoulesNormalized_Per_PatchMedian": [
    103342.77664085032
  ],
  "Correctness_Per_Patch": [
    "I"
  ]
}