{
  "Group_ID": "s_200_299",
  "TOOL_BUG_ID": "FixMiner-Math-70",
  "ExecutionsIds": [
    "210",
    "211",
    "212",
    "250",
    "251",
    "260",
    "261"
  ],
  "NrExecutions": 7,
  "NrOutliers": 1,
  "SLB": {
    "median": 63.6,
    "std": 0.5437961803049775,
    "max": 64.3,
    "min": 62.7
  },
  "PowerAvg": {
    "median": 120.7,
    "std": 0.835520938154895,
    "max": 121.8,
    "min": 119.3
  },
  "Time": {
    "median": 1756.6407270431519,
    "std": 81.79996047334247,
    "max": 1972.677386045456,
    "min": 1747.6027038097382
  },
  "Joules": {
    "median": 215946.1244395733,
    "std": 7789.850891238022,
    "max": 236074.84075199367,
    "min": 214559.36584494112
  },
  "JoulesNormalized": {
    "median": 103680.18060296775,
    "std": 2571.661483989886,
    "max": 110415.29126089813,
    "min": 103092.68015429971
  },
  "NrPatches": {
    "median": 15,
    "std": 0.0,
    "max": 15,
    "min": 15
  },
  "Joules_Per_PatchMedian": [
    2203.4312346339225,
    9023.621753233672,
    28421.17155546546,
    38233.132994025946,
    53401.7589328289,
    60839.844364309305,
    76853.38048602342,
    126093.30425780415,
    140743.6679585576,
    144450.4930466056,
    150125.34322080016,
    192445.1029381812,
    193563.0160623014,
    195060.10193305614,
    206392.12314037682
  ],
  "ExecutionTime_Per_PatchMedian": [
    17.98974311351776,
    74.10847997665405,
    232.87483716011047,
    312.3727296590805,
    435.3807199001312,
    495.859273314476,
    625.0964032411575,
    1026.6166657209396,
    1144.964077591896,
    1174.7434620857239,
    1220.7223409414291,
    1566.8846935033798,
    1575.9345879554749,
    1588.0544945001602,
    1678.232593536377
  ],
  "JoulesNormalized_Per_PatchMedian": [
    1044.339880537987,
    4284.882000106572,
    13525.04674614668,
    18253.04960770607,
    25533.310257583857,
    29115.152830922605,
    36784.02495986819,
    60278.55168021321,
    67332.68185058236,
    69109.89812197685,
    71848.87772104144,
    92160.25999876857,
    92699.39949206114,
    93421.53064721226,
    98831.50666638017
  ],
  "Correctness_Per_Patch": [
    "C",
    "na",
    "na",
    "na",
    "na",
    "na",
    "na",
    "na",
    "na",
    "na",
    "na",
    "na",
    "na",
    "na",
    "na"
  ]
}