{
  "TOOL_BUG_ID": "Prapr-Closure-70",
  "SLB": {
    "median": 62.6,
    "std": 0.19235384061671323,
    "max": 62.7,
    "min": 62.2
  },
  "PowerAvg": {
    "median": 62.7,
    "std": 0.19235384061671304,
    "max": 62.9,
    "min": 62.4
  },
  "Time": {
    "median": 63.838401079177856,
    "std": 0.09111098423821018,
    "max": 63.89864492416382,
    "min": 63.678465127944946
  },
  "Joules": {
    "median": 4255.203880751133,
    "std": 34.95315036975569,
    "max": 4276.150848090649,
    "min": 4186.5199581503875
  },
  "JoulesNormalized": {
    "median": 256.3240562558176,
    "std": 23.411986243536756,
    "max": 279.86694053411475,
    "min": 225.7194271922117
  },
  "NrPatches": {
    "median": 0,
    "std": 0.0,
    "max": 0,
    "min": 0
  },
  "Joules_Per_PatchMedian": [],
  "ExecutionTime_Per_PatchMedian": [],
  "JoulesNormalized_Per_PatchMedian": [],
  "Correctness_Per_Patch": []
}