{
  "Group_ID": "s_200_299",
  "TOOL_BUG_ID": "Avatar-Closure-45",
  "ExecutionsIds": [
    "210",
    "211",
    "212",
    "230",
    "250",
    "251",
    "252",
    "260",
    "261",
    "262"
  ],
  "NrExecutions": 10,
  "NrOutliers": 0,
  "SLB": {
    "median": 63.849999999999994,
    "std": 0.44733780424988684,
    "max": 64.3,
    "min": 62.6
  },
  "PowerAvg": {
    "median": 120.2,
    "std": 0.634297511687797,
    "max": 120.8,
    "min": 119.2
  },
  "Time": {
    "median": 17948.467582941055,
    "std": 2.8172985523146723,
    "max": 17951.435310840607,
    "min": 17941.40037703514
  },
  "Joules": {
    "median": 2223729.844470989,
    "std": 14746.093158726291,
    "max": 2236225.395014262,
    "min": 2199936.4382366645
  },
  "JoulesNormalized": {
    "median": 1081376.830163866,
    "std": 12861.073522706754,
    "max": 1088525.8531211496,
    "min": 1053480.954144119
  },
  "NrPatches": {
    "median": 1.0,
    "std": 0.0,
    "max": 1,
    "min": 1
  },
  "Joules_Per_PatchMedian": [
    375599.3111120105
  ],
  "ExecutionTime_Per_PatchMedian": [
    3046.2634114027023
  ],
  "JoulesNormalized_Per_PatchMedian": [
    181740.29238607886
  ],
  "Correctness_Per_Patch": [
    "I"
  ]
}