{
  "Group_ID": "s_200_299",
  "TOOL_BUG_ID": "Prapr-Math-82",
  "ExecutionsIds": [
    "210",
    "211",
    "212",
    "213",
    "214"
  ],
  "NrExecutions": 5,
  "NrOutliers": 0,
  "SLB": {
    "median": 62.6,
    "std": 0.07071067811865576,
    "max": 62.7,
    "min": 62.5
  },
  "PowerAvg": {
    "median": 109.5,
    "std": 2.369599122214556,
    "max": 114.6,
    "min": 109.0
  },
  "Time": {
    "median": 56.79832100868225,
    "std": 3.995537612182156,
    "max": 65.6390700340271,
    "min": 56.43897986412048
  },
  "Joules": {
    "median": 6460.483889973164,
    "std": 604.2663721123585,
    "max": 7787.156775152684,
    "min": 6382.615162122249
  },
  "JoulesNormalized": {
    "median": 2899.229162728787,
    "std": 354.2072548242304,
    "max": 3678.150991022587,
    "min": 2849.5350226283067
  },
  "NrPatches": {
    "median": 7,
    "std": 0.0,
    "max": 7,
    "min": 7
  },
  "Joules_Per_PatchMedian": [
    4922.374108433723,
    4922.374108433723,
    4922.374108433723,
    4922.374108433723,
    4922.374108433723,
    4922.374108433723,
    4922.374108433723
  ],
  "ExecutionTime_Per_PatchMedian": [
    44.238266944885254,
    44.238266944885254,
    44.238266944885254,
    44.238266944885254,
    44.238266944885254,
    44.238266944885254,
    44.238266944885254
  ],
  "JoulesNormalized_Per_PatchMedian": [
    2153.0585976839066,
    2153.0585976839066,
    2153.0585976839066,
    2153.0585976839066,
    2153.0585976839066,
    2153.0585976839066,
    2153.0585976839066
  ],
  "Correctness_Per_Patch": [
    "I",
    "C",
    "na",
    "na",
    "na",
    "na",
    "na"
  ]
}