{
  "TOOL_BUG_ID": "TBar-Closure-115",
  "SLB": {
    "median": 63.4,
    "std": 0.3265986323710896,
    "max": 64.0,
    "min": 63.2
  },
  "PowerAvg": {
    "median": 115.7,
    "std": 0.5126959555693252,
    "max": 116.1,
    "min": 114.6
  },
  "Time": {
    "median": 312.93325901031494,
    "std": 4.009039061216839,
    "max": 315.45253586769104,
    "min": 305.09370517730713
  },
  "Joules": {
    "median": 37571.79391663075,
    "std": 377.67412213151556,
    "max": 37850.46111195088,
    "min": 36839.09268863201
  },
  "JoulesNormalized": {
    "median": 17681.881897199157,
    "std": 217.38694720867326,
    "max": 17886.072387027743,
    "min": 17236.21887390614
  },
  "NrPatches": {
    "median": 0,
    "std": 0.0,
    "max": 0,
    "min": 0
  },
  "Joules_Per_PatchMedian": [],
  "ExecutionTime_Per_PatchMedian": [],
  "JoulesNormalized_Per_PatchMedian": [],
  "Correctness_Per_Patch": []
}