{
  "Group_ID": "s_200_299",
  "TOOL_BUG_ID": "FixMiner-Math-30",
  "ExecutionsIds": [
    "200",
    "210",
    "211",
    "250",
    "251",
    "260",
    "261"
  ],
  "NrExecutions": 7,
  "NrOutliers": 0,
  "SLB": {
    "median": 62.5,
    "std": 0.4386125310350278,
    "max": 63.0,
    "min": 61.8
  },
  "PowerAvg": {
    "median": 108.5,
    "std": 5.149387388436656,
    "max": 108.8,
    "min": 94.8
  },
  "Time": {
    "median": 17964.317795991898,
    "std": 11.459139464611564,
    "max": 17965.336714982986,
    "min": 17934.10998916626
  },
  "Joules": {
    "median": 1927546.174715054,
    "std": 88158.4639365682,
    "max": 1933406.6521721599,
    "min": 1692933.5473496683
  },
  "JoulesNormalized": {
    "median": 804282.7128598096,
    "std": 87371.51961623823,
    "max": 809697.9556981325,
    "min": 572051.6730267771
  },
  "NrPatches": {
    "median": 3,
    "std": 0.0,
    "max": 3,
    "min": 3
  },
  "Joules_Per_PatchMedian": [
    54134.33357771635,
    57944.85431169272,
    61795.71380923987
  ],
  "ExecutionTime_Per_PatchMedian": [
    505.14861607551575,
    540.9077570438385,
    576.7668602466583
  ],
  "JoulesNormalized_Per_PatchMedian": [
    22605.76048828364,
    24203.15132925511,
    25787.36201871634
  ],
  "Correctness_Per_Patch": [
    "C",
    "na",
    "na"
  ]
}