{
  "Group_ID": "s_200_299",
  "TOOL_BUG_ID": "kPAR-Math-75",
  "ExecutionsIds": [
    "210",
    "211",
    "212",
    "213",
    "230",
    "250",
    "251",
    "252",
    "260",
    "261",
    "262"
  ],
  "NrExecutions": 11,
  "NrOutliers": 0,
  "SLB": {
    "median": 65.0,
    "std": 0.5363174094101039,
    "max": 65.4,
    "min": 63.8
  },
  "PowerAvg": {
    "median": 125.0,
    "std": 0.47501196157187797,
    "max": 125.2,
    "min": 123.7
  },
  "Time": {
    "median": 2420.186003923416,
    "std": 67.00941197415924,
    "max": 2640.022971868515,
    "min": 2404.5076971054077
  },
  "Joules": {
    "median": 307201.0522444248,
    "std": 6950.72582122961,
    "max": 329293.6647003054,
    "min": 304842.392660141
  },
  "JoulesNormalized": {
    "median": 150456.33726159332,
    "std": 2368.629245186938,
    "max": 157692.1715288519,
    "min": 149184.4330582618
  },
  "NrPatches": {
    "median": 1,
    "std": 0.0,
    "max": 1,
    "min": 1
  },
  "Joules_Per_PatchMedian": [
    11351.160754692555
  ],
  "ExecutionTime_Per_PatchMedian": [
    90.27809882164001
  ],
  "JoulesNormalized_Per_PatchMedian": [
    5519.949189615249
  ],
  "Correctness_Per_Patch": [
    "C"
  ]
}