{
  "Group_ID": "s_200_299",
  "TOOL_BUG_ID": "Prapr-Lang-44",
  "ExecutionsIds": [
    "250",
    "251",
    "252",
    "253",
    "254"
  ],
  "NrExecutions": 5,
  "NrOutliers": 0,
  "SLB": {
    "median": 62.6,
    "std": 0.18165902124584973,
    "max": 62.8,
    "min": 62.3
  },
  "PowerAvg": {
    "median": 121.9,
    "std": 0.985266461420462,
    "max": 122.85,
    "min": 120.25
  },
  "Time": {
    "median": 9.040168046951294,
    "std": 0.3802284153153662,
    "max": 9.820075988769531,
    "min": 8.960002899169922
  },
  "Joules": {
    "median": 1103.4955739617346,
    "std": 36.938930890729885,
    "max": 1178.3056635022162,
    "min": 1094.7469405412673
  },
  "JoulesNormalized": {
    "median": 537.5810542225836,
    "std": 14.498233302605346,
    "max": 564.5509142041205,
    "min": 532.0587584733963
  },
  "NrPatches": {
    "median": 4,
    "std": 0.0,
    "max": 4,
    "min": 4
  },
  "Joules_Per_PatchMedian": [
    1077.8062084197998,
    1077.8062084197998,
    1077.8062084197998,
    1077.8062084197998
  ],
  "ExecutionTime_Per_PatchMedian": [
    8.820395946502686,
    8.820395946502686,
    8.820395946502686,
    8.820395946502686
  ],
  "JoulesNormalized_Per_PatchMedian": [
    525.6494221687316,
    525.6494221687316,
    525.6494221687316,
    525.6494221687316
  ],
  "Correctness_Per_Patch": [
    "na",
    "na",
    "na",
    "na"
  ]
}