{
  "Group_ID": "s_200_299",
  "TOOL_BUG_ID": "jGenProg-Closure-126",
  "ExecutionsIds": [
    "201",
    "250",
    "255"
  ],
  "NrExecutions": 3,
  "NrOutliers": 12,
  "SLB": {
    "median": 64.5,
    "std": 0.09999999999999432,
    "max": 64.6,
    "min": 64.4
  },
  "PowerAvg": {
    "median": 189.6,
    "std": 0.793725393319375,
    "max": 189.9,
    "min": 188.4
  },
  "Time": {
    "median": 6354.538460969925,
    "std": 392.5900588327137,
    "max": 6675.3086359500885,
    "min": 5894.270075082779
  },
  "Joules": {
    "median": 1158479.5693524124,
    "std": 68093.44611554345,
    "max": 1209761.6128096227,
    "min": 1074860.505844867
  },
  "JoulesNormalized": {
    "median": 749247.2924659492,
    "std": 42558.53900298894,
    "max": 778536.674927247,
    "min": 694680.0860020278
  },
  "NrPatches": {
    "median": 27,
    "std": 0.0,
    "max": 27,
    "min": 27
  },
  "Joules_Per_PatchMedian": [
    4067.384672212601,
    41500.693090349436,
    50330.68644126058,
    75123.38665817976,
    126660.00155183078,
    178412.01676874163,
    184399.83900927904,
    223148.11849949957,
    231344.40096152428,
    246613.3078577161,
    280409.3553929031,
    285335.4520483733,
    367694.00105581887,
    371277.8773542822,
    418660.6404673279,
    487383.98925877217,
    555164.2521430315,
    566323.9399858476,
    639510.2657184422,
    685055.0521391451,
    798537.9339735687,
    808099.5661247671,
    948218.12916767,
    982368.0579122067,
    1092310.6492390572,
    1135705.1458796621,
    1155721.746241194
  ],
  "ExecutionTime_Per_PatchMedian": [
    31.329314947128296,
    321.12296628952026,
    387.16148936748505,
    567.6473348140717,
    920.4596219062805,
    1224.33331656456,
    1255.7922866344452,
    1463.6479706764221,
    1511.4669495821,
    1598.5453466176987,
    1782.7309501171112,
    1808.6704441308975,
    2257.6004226207733,
    2277.0203860998154,
    2536.2146751880646,
    2901.9365776777267,
    3268.97865319252,
    3328.4172780513763,
    3714.807116627693,
    3952.621517062187,
    4540.578085660934,
    4589.606906652451,
    5306.900619626045,
    5481.756723165512,
    6044.6741597652435,
    6266.898983716965,
    6369.4167556762695
  ],
  "JoulesNormalized_Per_PatchMedian": [
    2031.5033724308014,
    20616.065645134455,
    25183.957211685185,
    38274.7729120493,
    66602.97682628632,
    97375.35932008625,
    100785.192413193,
    122360.90566474796,
    127591.41804700495,
    136713.0498179436,
    157137.30701126455,
    160161.48250515462,
    209646.71774069668,
    212005.0933343768,
    241254.18422448635,
    283038.5148661316,
    324981.0961817801,
    331988.9581713915,
    378222.8545080662,
    406415.4301598847,
    476303.3864442408,
    482330.07189880015,
    571489.2293004156,
    593317.3903008699,
    663337.862885815,
    690951.7317814708,
    703754.1173040152
  ],
  "Correctness_Per_Patch": [
    "C",
    "na",
    "na",
    "na",
    "na",
    "na",
    "na",
    "na",
    "na",
    "na",
    "na",
    "na",
    "na",
    "na",
    "na",
    "na",
    "na",
    "na",
    "na",
    "na",
    "na",
    "na",
    "na",
    "na",
    "na",
    "na",
    "na"
  ]
}