{
  "Group_ID": "s_200_299",
  "TOOL_BUG_ID": "Prapr-Chart-12",
  "ExecutionsIds": [
    "210",
    "211",
    "212",
    "213",
    "214"
  ],
  "NrExecutions": 5,
  "NrOutliers": 0,
  "SLB": {
    "median": 63.1,
    "std": 0.10000000000000142,
    "max": 63.2,
    "min": 63.0
  },
  "PowerAvg": {
    "median": 114.6,
    "std": 0.109544511501027,
    "max": 114.6,
    "min": 114.4
  },
  "Time": {
    "median": 55.35924005508423,
    "std": 0.20466663162899357,
    "max": 55.677937030792236,
    "min": 55.11873912811279
  },
  "Joules": {
    "median": 6441.396745228767,
    "std": 27.44917615785176,
    "max": 6491.107791137696,
    "min": 6418.530331361294
  },
  "JoulesNormalized": {
    "median": 2946.505127072334,
    "std": 15.806402965162393,
    "max": 2972.2621707916264,
    "min": 2938.6271765351294
  },
  "NrPatches": {
    "median": 2,
    "std": 0.0,
    "max": 2,
    "min": 2
  },
  "Joules_Per_PatchMedian": [
    4078.0784451007844,
    5772.751576733589
  ],
  "ExecutionTime_Per_PatchMedian": [
    36.19905400276184,
    49.95928621292114
  ],
  "JoulesNormalized_Per_PatchMedian": [
    1791.2870544552798,
    2626.266794514656
  ],
  "Correctness_Per_Patch": [
    "C",
    "I"
  ]
}