{
  "Group_ID": "s_200_299",
  "TOOL_BUG_ID": "kPAR-Math-46",
  "ExecutionsIds": [
    "200"
  ],
  "NrExecutions": 1,
  "SLB": {
    "median": 106.1,
    "std": 0,
    "max": 106.1,
    "min": 106.1
  },
  "PowerAvg": {
    "median": 123.0,
    "std": 0,
    "max": 123.0,
    "min": 123.0
  },
  "Time": {
    "median": 17848.29410290718,
    "std": 0,
    "max": 17848.29410290718,
    "min": 17848.29410290718
  },
  "Joules": {
    "median": 2215257.2275426993,
    "std": 0,
    "max": 2215257.2275426993,
    "min": 2215257.2275426993
  },
  "JoulesNormalized": {
    "median": 321553.2232242476,
    "std": 0,
    "max": 321553.2232242476,
    "min": 321553.2232242476
  },
  "NrPatches": {
    "median": 0,
    "std": 0,
    "max": 0,
    "min": 0
  },
  "Joules_Per_PatchMedian": [],
  "JoulesNormalized_Per_PatchMedian": [],
  "Correctness_Per_Patch": []
}