{
  "TOOL_BUG_ID": "Prapr-Math-18",
  "SLB": {
    "median": 62.5,
    "std": 0.16733200530681472,
    "max": 62.8,
    "min": 62.4
  },
  "PowerAvg": {
    "median": 118.1,
    "std": 0.47434164902525544,
    "max": 118.8,
    "min": 117.5
  },
  "Time": {
    "median": 706.924674987793,
    "std": 26.099529115049553,
    "max": 760.9828219413757,
    "min": 697.4255239963531
  },
  "Joules": {
    "median": 86812.22890685797,
    "std": 3733.648129338473,
    "max": 94678.51775076389,
    "min": 85440.17866878508
  },
  "JoulesNormalized": {
    "median": 42629.43672012091,
    "std": 2198.9628942506824,
    "max": 47193.18966162204,
    "min": 41641.855761814106
  },
  "NrPatches": {
    "median": 2,
    "std": 0.0,
    "max": 2,
    "min": 2
  },
  "Joules_Per_PatchMedian": [
    44803.75437840224,
    44803.75437840224
  ],
  "ExecutionTime_Per_PatchMedian": [
    363.13170886039734,
    363.13170886039734
  ],
  "JoulesNormalized_Per_PatchMedian": [
    22116.17761151791,
    22116.17761151791
  ],
  "Correctness_Per_Patch": [
    "na",
    "na"
  ]
}