{
  "Group_ID": "s_200_299",
  "TOOL_BUG_ID": "FixMiner-Chart-19",
  "ExecutionsIds": [
    "200",
    "210",
    "250",
    "260"
  ],
  "NrExecutions": 4,
  "NrOutliers": 0,
  "SLB": {
    "median": 62.849999999999994,
    "std": 0.41932485418030446,
    "max": 63.5,
    "min": 62.5
  },
  "PowerAvg": {
    "median": 114.05,
    "std": 12.721242077721817,
    "max": 115.4,
    "min": 89.1
  },
  "Time": {
    "median": 3420.714974999428,
    "std": 7057.760848859476,
    "max": 17532.958479881287,
    "min": 3410.9062480926514
  },
  "Joules": {
    "median": 399685.46605337865,
    "std": 592325.476507492,
    "max": 1583535.6166349645,
    "min": 397300.0939897656
  },
  "JoulesNormalized": {
    "median": 184049.59957594876,
    "std": 149381.2024846658,
    "max": 482465.82409841963,
    "min": 183024.69886461494
  },
  "NrPatches": {
    "median": 0.0,
    "std": 0.0,
    "max": 0,
    "min": 0
  },
  "Joules_Per_PatchMedian": [],
  "ExecutionTime_Per_PatchMedian": [],
  "JoulesNormalized_Per_PatchMedian": [],
  "Correctness_Per_Patch": []
}