{
  "TOOL_BUG_ID": "Prapr-Closure-21",
  "SLB": {
    "median": 63.9,
    "std": 0.2190890230020647,
    "max": 64.1,
    "min": 63.5
  },
  "PowerAvg": {
    "median": 64.0,
    "std": 0.2167948338867855,
    "max": 64.3,
    "min": 63.7
  },
  "Time": {
    "median": 63.83904314041138,
    "std": 0.3001704930998402,
    "max": 64.3991448879242,
    "min": 63.738730907440186
  },
  "Joules": {
    "median": 4362.220646214486,
    "std": 28.89552186574581,
    "max": 4394.591170918942,
    "min": 4314.878250360489
  },
  "JoulesNormalized": {
    "median": 276.56799504757055,
    "std": 13.194451314917252,
    "max": 290.2920718789096,
    "min": 257.0125684738168
  },
  "NrPatches": {
    "median": 0,
    "std": 0.0,
    "max": 0,
    "min": 0
  },
  "Joules_Per_PatchMedian": [],
  "ExecutionTime_Per_PatchMedian": [],
  "JoulesNormalized_Per_PatchMedian": [],
  "Correctness_Per_Patch": []
}