{
  "TOOL_BUG_ID": "Nopol-Math-39",
  "SLB": {
    "median": 63.1,
    "std": 0.21908902300206679,
    "max": 63.5,
    "min": 62.9
  },
  "PowerAvg": {
    "median": 103.9,
    "std": 22.505888118445803,
    "max": 144.6,
    "min": 102.8
  },
  "Time": {
    "median": 1761.8415789604187,
    "std": 587.069327637909,
    "max": 2783.378087043762,
    "min": 1552.0069780349731
  },
  "Joules": {
    "median": 195494.94408638478,
    "std": 97797.07802160717,
    "max": 373369.7989940047,
    "min": 178078.5697900176
  },
  "JoulesNormalized": {
    "median": 86636.43492379185,
    "std": 61039.343657998834,
    "max": 197738.64170154333,
    "min": 79991.72877820728
  },
  "NrPatches": {
    "median": 0,
    "std": 0.0,
    "max": 0,
    "min": 0
  },
  "Joules_Per_PatchMedian": [],
  "ExecutionTime_Per_PatchMedian": [],
  "JoulesNormalized_Per_PatchMedian": [],
  "Correctness_Per_Patch": []
}