{
  "Group_ID": "s_200_299",
  "TOOL_BUG_ID": "FixMiner-Math-85",
  "ExecutionsIds": [
    "200",
    "210",
    "280",
    "281"
  ],
  "NrExecutions": 4,
  "NrOutliers": 6,
  "SLB": {
    "median": 64.15,
    "std": 0.9255628917943242,
    "max": 65.0,
    "min": 63.3
  },
  "PowerAvg": {
    "median": 102.2,
    "std": 0.4991659710623966,
    "max": 103.0,
    "min": 101.9
  },
  "Time": {
    "median": 17992.74781346321,
    "std": 9.752890689967389,
    "max": 17993.179286956787,
    "min": 17973.39125418663
  },
  "Joules": {
    "median": 1859867.341052914,
    "std": 18604.799110027965,
    "max": 1869667.5984226463,
    "min": 1827237.55884521
  },
  "JoulesNormalized": {
    "median": 709517.0243406893,
    "std": 27946.902203834008,
    "max": 721130.9557586671,
    "min": 660764.4664484975
  },
  "NrPatches": {
    "median": 1.0,
    "std": 0.0,
    "max": 1,
    "min": 1
  },
  "Joules_Per_PatchMedian": [
    7092.746348339319
  ],
  "ExecutionTime_Per_PatchMedian": [
    54.84881293773651
  ],
  "JoulesNormalized_Per_PatchMedian": [
    1374.656535774469
  ],
  "Correctness_Per_Patch": [
    "I"
  ]
}