{
  "Group_ID": "s_200_299",
  "TOOL_BUG_ID": "Prapr-Math-8",
  "ExecutionsIds": [
    "250",
    "251",
    "252",
    "253",
    "254"
  ],
  "NrExecutions": 5,
  "NrOutliers": 0,
  "SLB": {
    "median": 62.7,
    "std": 0.1516575088810313,
    "max": 62.8,
    "min": 62.4
  },
  "PowerAvg": {
    "median": 114.2,
    "std": 0.6496152707564682,
    "max": 114.9,
    "min": 113.2
  },
  "Time": {
    "median": 35.35922980308533,
    "std": 0.9461364707402753,
    "max": 37.21877694129944,
    "min": 34.898833990097046
  },
  "Joules": {
    "median": 4197.747800850869,
    "std": 87.9017672520267,
    "max": 4351.318455898761,
    "min": 4130.018602478503
  },
  "JoulesNormalized": {
    "median": 1980.7240921974185,
    "std": 32.815490073507426,
    "max": 2021.4230193734165,
    "min": 1938.3718279004092
  },
  "NrPatches": {
    "median": 8,
    "std": 0.0,
    "max": 8,
    "min": 8
  },
  "Joules_Per_PatchMedian": [
    3241.604617702961,
    3241.604617702961,
    3241.604617702961,
    3241.604617702961,
    3241.604617702961,
    3241.604617702961,
    3241.604617702961,
    3241.604617702961
  ],
  "ExecutionTime_Per_PatchMedian": [
    27.39904499053955,
    27.39904499053955,
    27.39904499053955,
    27.39904499053955,
    27.39904499053955,
    27.39904499053955,
    27.39904499053955,
    27.39904499053955
  ],
  "JoulesNormalized_Per_PatchMedian": [
    1524.9089566826822,
    1524.9089566826822,
    1524.9089566826822,
    1524.9089566826822,
    1524.9089566826822,
    1524.9089566826822,
    1524.9089566826822,
    1524.9089566826822
  ],
  "Correctness_Per_Patch": [
    "na",
    "na",
    "na",
    "na",
    "na",
    "na",
    "na",
    "na"
  ]
}