{
  "Group_ID": "s_200_299",
  "TOOL_BUG_ID": "Avatar-Math-96",
  "ExecutionsIds": [
    "200"
  ],
  "NrExecutions": 1,
  "NrOutliers": 0,
  "SLB": {
    "median": 64.2,
    "std": 0,
    "max": 64.2,
    "min": 64.2
  },
  "PowerAvg": {
    "median": 118.0,
    "std": 0,
    "max": 118.0,
    "min": 118.0
  },
  "Time": {
    "median": 626.3466649055481,
    "std": 0,
    "max": 626.3466649055481,
    "min": 626.3466649055481
  },
  "Joules": {
    "median": 74236.93629609347,
    "std": 0,
    "max": 74236.93629609347,
    "min": 74236.93629609347
  },
  "JoulesNormalized": {
    "median": 34025.48040915728,
    "std": 0,
    "max": 34025.48040915728,
    "min": 34025.48040915728
  },
  "NrPatches": {
    "median": 0,
    "std": 0,
    "max": 0,
    "min": 0
  },
  "Joules_Per_PatchMedian": [],
  "ExecutionTime_Per_PatchMedian": [],
  "JoulesNormalized_Per_PatchMedian": [],
  "Correctness_Per_Patch": []
}