{
  "TOOL_BUG_ID": "SimFix-Lang-10",
  "SLB": {
    "median": 63.6,
    "std": 0.15275252316519683,
    "max": 63.7,
    "min": 63.4
  },
  "PowerAvg": {
    "median": 101.2,
    "std": 0.05773502691895929,
    "max": 101.3,
    "min": 101.2
  },
  "Time": {
    "median": 17998.610534906387,
    "std": 0.025868582446283976,
    "max": 17998.62724685669,
    "min": 17998.57648706436
  },
  "Joules": {
    "median": 1832714.8347235553,
    "std": 1303.8133470404052,
    "max": 1834311.2389032727,
    "min": 1831727.4254326825
  },
  "JoulesNormalized": {
    "median": 687014.7325325969,
    "std": 3827.7139017941167,
    "max": 693201.4896233922,
    "min": 686203.3436500183
  },
  "NrPatches": {
    "median": 0,
    "std": 0.0,
    "max": 0,
    "min": 0
  },
  "Joules_Per_PatchMedian": [],
  "ExecutionTime_Per_PatchMedian": [],
  "JoulesNormalized_Per_PatchMedian": [],
  "Correctness_Per_Patch": []
}