{
  "TOOL_BUG_ID": "dynamoth-Closure-116",
  "SLB": {
    "median": 63.5,
    "std": 0.6379655163094619,
    "max": 64.6,
    "min": 63.1
  },
  "PowerAvg": {
    "median": 127.4,
    "std": 29.58929986780131,
    "max": 155.7,
    "min": 96.1
  },
  "Time": {
    "median": 17949.62999546528,
    "std": 8291.087146101294,
    "max": 19708.904151916504,
    "min": 2202.4913420677185
  },
  "Joules": {
    "median": 1775845.3369309371,
    "std": 986377.0796775661,
    "max": 2943791.4037919044,
    "min": 344984.67731026415
  },
  "JoulesNormalized": {
    "median": 635601.6633356874,
    "std": 540746.493452598,
    "max": 1700159.551805973,
    "min": 202923.9857468963
  },
  "NrPatches": {
    "median": 0.0,
    "std": 0.0,
    "max": 0,
    "min": 0
  },
  "Joules_Per_PatchMedian": [],
  "ExecutionTime_Per_PatchMedian": [],
  "JoulesNormalized_Per_PatchMedian": [],
  "Correctness_Per_Patch": []
}