{
  "Group_ID": "s_200_299",
  "TOOL_BUG_ID": "TBar-Chart-20",
  "ExecutionsIds": [
    "200",
    "210",
    "211",
    "250",
    "260"
  ],
  "NrExecutions": 5,
  "NrOutliers": 0,
  "SLB": {
    "median": 63.0,
    "std": 0.3114482300479495,
    "max": 63.2,
    "min": 62.5
  },
  "PowerAvg": {
    "median": 112.9,
    "std": 1.6754103974847465,
    "max": 114.6,
    "min": 110.0
  },
  "Time": {
    "median": 17989.190160036087,
    "std": 7921.283361463469,
    "max": 17989.317451000214,
    "min": 276.6938519477844
  },
  "Joules": {
    "median": 2043173.2368208515,
    "std": 897606.0969916993,
    "max": 2054808.6206872237,
    "min": 31971.652858626843
  },
  "JoulesNormalized": {
    "median": 915251.0137865888,
    "std": 399475.742261954,
    "max": 917883.7577840101,
    "min": 14539.940185916425
  },
  "NrPatches": {
    "median": 1,
    "std": 0.0,
    "max": 1,
    "min": 1
  },
  "Joules_Per_PatchMedian": [
    981567.4752014162
  ],
  "ExecutionTime_Per_PatchMedian": [
    8581.02785396576
  ],
  "JoulesNormalized_Per_PatchMedian": [
    439005.5186691405
  ],
  "Correctness_Per_Patch": [
    "C"
  ]
}