{
  "TOOL_BUG_ID": "Nopol-Mockito-38",
  "SLB": {
    "median": 63.5,
    "std": 0.3303706723436288,
    "max": 64.9,
    "min": 63.0
  },
  "PowerAvg": {
    "median": 71.1,
    "std": 9.452623582508329,
    "max": 98.6,
    "min": 65.5
  },
  "Time": {
    "median": 0.22000408172607422,
    "std": 0.008118380672107,
    "max": 0.2599179744720459,
    "min": 0.21980714797973633
  },
  "Joules": {
    "median": 18.377020955085754,
    "std": 1.6292476792622648,
    "max": 24.338708817958832,
    "min": 17.652500891685488
  },
  "JoulesNormalized": {
    "median": 4.351400339603424,
    "std": 1.4792192571850944,
    "max": 9.094771921634674,
    "min": 3.663744044303895
  },
  "NrPatches": {
    "median": 0,
    "std": 0.0,
    "max": 0,
    "min": 0
  },
  "Joules_Per_PatchMedian": [],
  "ExecutionTime_Per_PatchMedian": [],
  "JoulesNormalized_Per_PatchMedian": [],
  "Correctness_Per_Patch": []
}