{
  "TOOL_BUG_ID": "Prapr-Mockito-38",
  "SLB": {
    "median": 63.6,
    "std": 0.21679483388678847,
    "max": 63.9,
    "min": 63.3
  },
  "PowerAvg": {
    "median": 63.7,
    "std": 0.21213203435596475,
    "max": 64.0,
    "min": 63.4
  },
  "Time": {
    "median": 62.75809597969055,
    "std": 0.605237121533498,
    "max": 64.03833508491516,
    "min": 62.518430948257446
  },
  "Joules": {
    "median": 4194.117003667355,
    "std": 68.59854604478646,
    "max": 4321.306904256344,
    "min": 4136.68521386385
  },
  "JoulesNormalized": {
    "median": 192.46912492513684,
    "std": 29.9346609218416,
    "max": 254.8726263642311,
    "min": 179.2685348391533
  },
  "NrPatches": {
    "median": 0,
    "std": 0.0,
    "max": 0,
    "min": 0
  },
  "Joules_Per_PatchMedian": [],
  "ExecutionTime_Per_PatchMedian": [],
  "JoulesNormalized_Per_PatchMedian": [],
  "Correctness_Per_Patch": []
}