{
  "Group_ID": "s_200_299",
  "TOOL_BUG_ID": "TBar-Time-19",
  "ExecutionsIds": [
    "200"
  ],
  "NrExecutions": 1,
  "NrOutliers": 0,
  "SLB": {
    "median": 65.2,
    "std": 0,
    "max": 65.2,
    "min": 65.2
  },
  "PowerAvg": {
    "median": 103.3,
    "std": 0,
    "max": 103.3,
    "min": 103.3
  },
  "Time": {
    "median": 17931.0293571949,
    "std": 0,
    "max": 17931.0293571949,
    "min": 17931.0293571949
  },
  "Joules": {
    "median": 1772128.995778919,
    "std": 0,
    "max": 1772128.995778919,
    "min": 1772128.995778919
  },
  "JoulesNormalized": {
    "median": 603025.8816898114,
    "std": 0,
    "max": 603025.8816898114,
    "min": 603025.8816898114
  },
  "NrPatches": {
    "median": 0,
    "std": 0,
    "max": 0,
    "min": 0
  },
  "Joules_Per_PatchMedian": [],
  "ExecutionTime_Per_PatchMedian": [],
  "JoulesNormalized_Per_PatchMedian": [],
  "Correctness_Per_Patch": []
}