{
  "Group_ID": "s_200_299",
  "TOOL_BUG_ID": "Avatar-Closure-13",
  "ExecutionsIds": [
    "200"
  ],
  "NrExecutions": 1,
  "SLB": {
    "median": 108.3,
    "std": 0,
    "max": 108.3,
    "min": 108.3
  },
  "PowerAvg": {
    "median": 118.8,
    "std": 0,
    "max": 118.8,
    "min": 118.8
  },
  "Time": {
    "median": 17962.65269589424,
    "std": 0,
    "max": 17962.65269589424,
    "min": 17962.65269589424
  },
  "Joules": {
    "median": 2211156.112490164,
    "std": 0,
    "max": 2211156.112490164,
    "min": 2211156.112490164
  },
  "JoulesNormalized": {
    "median": 265800.8255248179,
    "std": 0,
    "max": 265800.8255248179,
    "min": 265800.8255248179
  },
  "NrPatches": {
    "median": 0,
    "std": 0,
    "max": 0,
    "min": 0
  },
  "Joules_Per_PatchMedian": [],
  "JoulesNormalized_Per_PatchMedian": [],
  "Correctness_Per_Patch": []
}