{
  "Group_ID": "s_200_299",
  "TOOL_BUG_ID": "Avatar-Lang-44",
  "ExecutionsIds": [
    "210",
    "280",
    "281",
    "282",
    "283"
  ],
  "NrExecutions": 5,
  "NrOutliers": 9,
  "SLB": {
    "median": 63.3,
    "std": 0.8408329203831166,
    "max": 63.9,
    "min": 61.8
  },
  "PowerAvg": {
    "median": 102.6,
    "std": 1.5610893632332516,
    "max": 105.0,
    "min": 100.7
  },
  "Time": {
    "median": 4563.7232048511505,
    "std": 7.8718527295667755,
    "max": 4577.19687795639,
    "min": 4560.9792149066925
  },
  "Joules": {
    "median": 429656.896426618,
    "std": 7081.54819900286,
    "max": 440228.03812017443,
    "min": 420927.5271713137
  },
  "JoulesNormalized": {
    "median": 138889.43311151263,
    "std": 4273.4493571525445,
    "max": 148202.87730655674,
    "min": 138142.6578752636
  },
  "NrPatches": {
    "median": 5,
    "std": 0.0,
    "max": 5,
    "min": 5
  },
  "Joules_Per_PatchMedian": [
    28637.20814960003,
    36650.06809123755,
    38633.079745870826,
    65440.90623884201,
    67494.10515871047
  ],
  "ExecutionTime_Per_PatchMedian": [
    166.12631011009216,
    212.10544753074646,
    223.56485617160797,
    378.01185369491577,
    389.9517047405243
  ],
  "JoulesNormalized_Per_PatchMedian": [
    584.3777146458615,
    788.1414068400845,
    840.337647479771,
    1500.5417580902542,
    1551.753089332577
  ],
  "Correctness_Per_Patch": [
    "I",
    "I",
    "I",
    "I",
    "I"
  ]
}