{
  "Group_ID": "s_200_299",
  "TOOL_BUG_ID": "FixMiner-Math-57",
  "ExecutionsIds": [
    "200",
    "280",
    "281"
  ],
  "NrExecutions": 3,
  "NrOutliers": 6,
  "SLB": {
    "median": 64.0,
    "std": 2.4879710609249486,
    "max": 67.2,
    "min": 62.3
  },
  "PowerAvg": {
    "median": 110.0,
    "std": 1.266227994214838,
    "max": 110.9,
    "min": 108.4
  },
  "Time": {
    "median": 17980.299215078354,
    "std": 18.70135938358635,
    "max": 17980.50146508217,
    "min": 17948.009109020233
  },
  "Joules": {
    "median": 2025740.9700550674,
    "std": 17402.250383032795,
    "max": 2031768.258444285,
    "min": 1999068.442364669
  },
  "JoulesNormalized": {
    "median": 874988.8762898087,
    "std": 29671.065826249844,
    "max": 878895.8012652874,
    "min": 825662.0463181252
  },
  "NrPatches": {
    "median": 0,
    "std": 0.0,
    "max": 0,
    "min": 0
  },
  "Joules_Per_PatchMedian": [],
  "ExecutionTime_Per_PatchMedian": [],
  "JoulesNormalized_Per_PatchMedian": [],
  "Correctness_Per_Patch": []
}