{
  "Group_ID": "s_200_299",
  "TOOL_BUG_ID": "Prapr-Math-64",
  "ExecutionsIds": [
    "250",
    "251",
    "252",
    "253",
    "254"
  ],
  "NrExecutions": 5,
  "NrOutliers": 0,
  "SLB": {
    "median": 63.8,
    "std": 0.15165750888102847,
    "max": 64.1,
    "min": 63.7
  },
  "PowerAvg": {
    "median": 108.5,
    "std": 0.23874672772626446,
    "max": 108.8,
    "min": 108.2
  },
  "Time": {
    "median": 266.13490080833435,
    "std": 0.399588008486749,
    "max": 266.8336191177368,
    "min": 265.7541310787201
  },
  "Joules": {
    "median": 30195.239910197255,
    "std": 81.56732084964503,
    "max": 30244.78962095976,
    "min": 30032.551666533946
  },
  "JoulesNormalized": {
    "median": 13199.336581921576,
    "std": 58.04616365436192,
    "max": 13220.80472124815,
    "min": 13077.438103711604
  },
  "NrPatches": {
    "median": 1,
    "std": 0.0,
    "max": 1,
    "min": 1
  },
  "Joules_Per_PatchMedian": [
    28087.713516414165
  ],
  "ExecutionTime_Per_PatchMedian": [
    247.855055809021
  ],
  "JoulesNormalized_Per_PatchMedian": [
    12270.014626193042
  ],
  "Correctness_Per_Patch": [
    "na"
  ]
}