{
  "TOOL_BUG_ID": "dynamoth-Closure-130",
  "SLB": {
    "median": 64.35,
    "std": 0.21602468994692736,
    "max": 64.6,
    "min": 64.0
  },
  "PowerAvg": {
    "median": 152.4,
    "std": 1.0634848376916304,
    "max": 155.0,
    "min": 152.3
  },
  "Time": {
    "median": 2440.845927596092,
    "std": 119.00042521642023,
    "max": 2628.163102865219,
    "min": 2344.968143939972
  },
  "Joules": {
    "median": 383162.7735152245,
    "std": 19007.845774300364,
    "max": 411484.7411637306,
    "min": 366816.7383265376
  },
  "JoulesNormalized": {
    "median": 225963.03592832095,
    "std": 11637.423387280729,
    "max": 243282.3025803566,
    "min": 215800.7898568034
  },
  "NrPatches": {
    "median": 0.0,
    "std": 0.0,
    "max": 0,
    "min": 0
  },
  "Joules_Per_PatchMedian": [],
  "ExecutionTime_Per_PatchMedian": [],
  "JoulesNormalized_Per_PatchMedian": [],
  "Correctness_Per_Patch": []
}