{
  "Group_ID": "s_200_299",
  "TOOL_BUG_ID": "Avatar-Closure-126",
  "ExecutionsIds": [
    "210",
    "211",
    "230",
    "231",
    "250",
    "251",
    "252",
    "253",
    "260",
    "261",
    "262",
    "263",
    "264"
  ],
  "NrExecutions": 13,
  "NrOutliers": 6,
  "SLB": {
    "median": 64.9,
    "std": 0.4225987974305481,
    "max": 65.2,
    "min": 63.8
  },
  "PowerAvg": {
    "median": 118.8,
    "std": 1.1832159566199207,
    "max": 119.8,
    "min": 115.4
  },
  "Time": {
    "median": 674.1456029415131,
    "std": 31.390172122698484,
    "max": 765.2640271186829,
    "min": 661.1048979759216
  },
  "Joules": {
    "median": 83133.59170645475,
    "std": 2960.5063789696233,
    "max": 91519.45920138358,
    "min": 81886.98197848797
  },
  "JoulesNormalized": {
    "median": 39583.78575643301,
    "std": 924.244805833854,
    "max": 42236.455854940396,
    "min": 39203.21690839529
  },
  "NrPatches": {
    "median": 2,
    "std": 0.0,
    "max": 2,
    "min": 2
  },
  "Joules_Per_PatchMedian": [
    8740.692730283736,
    17357.463147485258
  ],
  "ExecutionTime_Per_PatchMedian": [
    70.67848801612854,
    141.1168830394745
  ],
  "JoulesNormalized_Per_PatchMedian": [
    4005.1863724827763,
    7981.437303709985
  ],
  "Correctness_Per_Patch": [
    "I",
    "I"
  ]
}