{
  "Group_ID": "s_200_299",
  "TOOL_BUG_ID": "Nopol-Closure-46",
  "ExecutionsIds": [
    "200",
    "260",
    "261"
  ],
  "NrExecutions": 3,
  "NrOutliers": 5,
  "SLB": {
    "median": 64.4,
    "std": 0.46188021535170304,
    "max": 64.4,
    "min": 63.6
  },
  "PowerAvg": {
    "median": 135.0,
    "std": 25.623101555692536,
    "max": 157.2,
    "min": 106.1
  },
  "Time": {
    "median": 985.3985290527344,
    "std": 1011.08280600541,
    "max": 2480.305235147476,
    "min": 553.5275938510895
  },
  "Joules": {
    "median": 114516.50979601145,
    "std": 164268.86435967448,
    "max": 377537.7992474675,
    "min": 75534.83690736293
  },
  "JoulesNormalized": {
    "median": 51845.16334825754,
    "std": 99449.32937762022,
    "max": 217806.14210397,
    "min": 39887.65986335276
  },
  "NrPatches": {
    "median": 0,
    "std": 0.0,
    "max": 0,
    "min": 0
  },
  "Joules_Per_PatchMedian": [],
  "ExecutionTime_Per_PatchMedian": [],
  "JoulesNormalized_Per_PatchMedian": [],
  "Correctness_Per_Patch": []
}