{
  "TOOL_BUG_ID": "Avatar-Math-33",
  "SLB": {
    "median": 63.5,
    "std": 0.7176350047203638,
    "max": 64.1,
    "min": 62.5
  },
  "PowerAvg": {
    "median": 111.3,
    "std": 5.435807207765924,
    "max": 112.5,
    "min": 99.4
  },
  "Time": {
    "median": 17964.89460492134,
    "std": 10.537544046871206,
    "max": 17965.962399959564,
    "min": 17941.68718791008
  },
  "Joules": {
    "median": 1977326.9298466323,
    "std": 98031.94223613912,
    "max": 1996754.9215129141,
    "min": 1761140.973523319
  },
  "JoulesNormalized": {
    "median": 837663.5348919737,
    "std": 99045.82750669133,
    "max": 852672.1202959653,
    "min": 621843.8370910289
  },
  "NrPatches": {
    "median": 0,
    "std": 0.0,
    "max": 0,
    "min": 0
  },
  "Joules_Per_PatchMedian": [],
  "ExecutionTime_Per_PatchMedian": [],
  "JoulesNormalized_Per_PatchMedian": [],
  "Correctness_Per_Patch": []
}