{
  "TOOL_BUG_ID": "dynamoth-Math-2",
  "SLB": {
    "median": 62.85,
    "std": 0.4119061381755137,
    "max": 63.4,
    "min": 62.2
  },
  "PowerAvg": {
    "median": 127.25,
    "std": 16.584209357096285,
    "max": 145.4,
    "min": 108.8
  },
  "Time": {
    "median": 9339.304964542389,
    "std": 3593.571145105468,
    "max": 14374.162863969803,
    "min": 3204.268378973007
  },
  "Joules": {
    "median": 1102341.0716282604,
    "std": 482260.1431013872,
    "max": 1859117.0958144062,
    "min": 452001.52840738295
  },
  "JoulesNormalized": {
    "median": 519516.51661851385,
    "std": 271038.0458176956,
    "max": 957857.0842434994,
    "min": 250132.6205320835
  },
  "NrPatches": {
    "median": 4.0,
    "std": 2.065591117977289,
    "max": 4,
    "min": 0
  },
  "Joules_Per_PatchMedian": [
    350248.42248334887,
    350731.59408412577,
    536034.8073525608,
    536586.3593515814
  ],
  "ExecutionTime_Per_PatchMedian": [
    2568.3335164785385,
    2573.7534564733505,
    4419.472823023796,
    4424.422902941704
  ],
  "JoulesNormalized_Per_PatchMedian": [
    188560.13351626397,
    188729.43647463917,
    260237.5374444425,
    260479.8224977672
  ],
  "Correctness_Per_Patch": [
    "I",
    "I",
    "I",
    "I"
  ]
}