{
  "Group_ID": "s_200_299",
  "TOOL_BUG_ID": "TBar-Math-95",
  "ExecutionsIds": [
    "200",
    "210",
    "211",
    "212",
    "213",
    "230",
    "250",
    "251",
    "252",
    "260",
    "261",
    "262"
  ],
  "NrExecutions": 12,
  "NrOutliers": 0,
  "SLB": {
    "median": 63.75,
    "std": 0.3957156922474882,
    "max": 64.3,
    "min": 62.9
  },
  "PowerAvg": {
    "median": 138.45,
    "std": 2.7635478953144585,
    "max": 139.5,
    "min": 129.1
  },
  "Time": {
    "median": 17991.76824259758,
    "std": 2.837856808739027,
    "max": 17993.13247704506,
    "min": 17982.130614995956
  },
  "Joules": {
    "median": 2465247.7718917364,
    "std": 42194.03175468461,
    "max": 2474346.9072291246,
    "min": 2320885.7580447434
  },
  "JoulesNormalized": {
    "median": 1321257.6255886187,
    "std": 44631.84514477804,
    "max": 1331174.5706439996,
    "min": 1168231.1856235028
  },
  "NrPatches": {
    "median": 7.0,
    "std": 0.0,
    "max": 7,
    "min": 7
  },
  "Joules_Per_PatchMedian": [
    2039.4068038344385,
    2896.484693723917,
    3742.5646886110303,
    4574.895920443534,
    5434.8006364405155,
    6295.297366434335,
    22281.73897868395
  ],
  "ExecutionTime_Per_PatchMedian": [
    17.559886932373047,
    24.979586958885193,
    32.41902577877045,
    39.57880890369415,
    46.88864481449127,
    54.24860882759094,
    190.5659157037735
  ],
  "JoulesNormalized_Per_PatchMedian": [
    922.9291255950927,
    1303.878659313917,
    1690.0831364691257,
    2065.0163098216053,
    2456.7389532148836,
    2844.31693469882,
    10111.123313605785
  ],
  "Correctness_Per_Patch": [
    "I",
    "I",
    "I",
    "I",
    "I",
    "I",
    "I"
  ]
}