{
  "Group_ID": "s_200_299",
  "TOOL_BUG_ID": "Nopol-Chart-13",
  "ExecutionsIds": [
    "200",
    "210",
    "211",
    "250",
    "260"
  ],
  "NrExecutions": 5,
  "NrOutliers": 0,
  "SLB": {
    "median": 63.5,
    "std": 0.38078865529319617,
    "max": 63.8,
    "min": 62.8
  },
  "PowerAvg": {
    "median": 106.3,
    "std": 0.29154759474226427,
    "max": 106.7,
    "min": 105.9
  },
  "Time": {
    "median": 56.55870985984802,
    "std": 2.045572438095272,
    "max": 60.758695125579834,
    "min": 55.71813893318176
  },
  "Joules": {
    "median": 6252.399681472779,
    "std": 219.74931327263164,
    "max": 6686.454276823998,
    "min": 6112.770276510715
  },
  "JoulesNormalized": {
    "median": 2652.1833776712415,
    "std": 84.2629895689358,
    "max": 2828.2771363496786,
    "min": 2613.6711515069005
  },
  "NrPatches": {
    "median": 5,
    "std": 0.0,
    "max": 5,
    "min": 5
  },
  "Joules_Per_PatchMedian": [
    922.8609990715981,
    971.0025548934937,
    1056.90607919693,
    1143.226214170456,
    1298.7159646630287
  ],
  "ExecutionTime_Per_PatchMedian": [
    7.499891996383667,
    7.9399518966674805,
    8.71987795829773,
    9.459975004196167,
    10.519326210021973
  ],
  "JoulesNormalized_Per_PatchMedian": [
    451.0156526207925,
    471.7858552217484,
    506.6507497668267,
    542.0614956021309,
    629.6868177056314
  ],
  "Correctness_Per_Patch": [
    "I",
    "I",
    "I",
    "I",
    "I"
  ]
}