{
  "Group_ID": "s_200_299",
  "TOOL_BUG_ID": "Avatar-Math-3",
  "ExecutionsIds": [
    "200"
  ],
  "NrExecutions": 1,
  "NrOutliers": 0,
  "SLB": {
    "median": 62.7,
    "std": 0,
    "max": 62.7,
    "min": 62.7
  },
  "PowerAvg": {
    "median": 99.0,
    "std": 0,
    "max": 99.0,
    "min": 99.0
  },
  "Time": {
    "median": 17894.00925207138,
    "std": 0,
    "max": 17894.00925207138,
    "min": 17894.00925207138
  },
  "Joules": {
    "median": 1754359.1389245873,
    "std": 0,
    "max": 1754359.1389245873,
    "min": 1754359.1389245873
  },
  "JoulesNormalized": {
    "median": 632404.7588197116,
    "std": 0,
    "max": 632404.7588197116,
    "min": 632404.7588197116
  },
  "NrPatches": {
    "median": 0,
    "std": 0,
    "max": 0,
    "min": 0
  },
  "Joules_Per_PatchMedian": [],
  "ExecutionTime_Per_PatchMedian": [],
  "JoulesNormalized_Per_PatchMedian": [],
  "Correctness_Per_Patch": []
}