{
  "TOOL_BUG_ID": "TBar-Closure-31",
  "SLB": {
    "median": 62.8,
    "std": 0,
    "max": 62.8,
    "min": 62.8
  },
  "PowerAvg": {
    "median": 93.2,
    "std": 0,
    "max": 93.2,
    "min": 93.2
  },
  "Time": {
    "median": 17806.55485510826,
    "std": 0,
    "max": 17806.55485510826,
    "min": 17806.55485510826
  },
  "Joules": {
    "median": 1714339.5775892972,
    "std": 0,
    "max": 1714339.5775892972,
    "min": 1714339.5775892972
  },
  "JoulesNormalized": {
    "median": 596087.9326884984,
    "std": 0,
    "max": 596087.9326884984,
    "min": 596087.9326884984
  },
  "NrPatches": {
    "median": 0,
    "std": 0,
    "max": 0,
    "min": 0
  },
  "Joules_Per_PatchMedian": [],
  "ExecutionTime_Per_PatchMedian": [],
  "JoulesNormalized_Per_PatchMedian": [],
  "Correctness_Per_Patch": []
}