{
  "Group_ID": "s_200_299",
  "TOOL_BUG_ID": "Nopol-Closure-2",
  "ExecutionsIds": [
    "200",
    "210",
    "211",
    "250",
    "251",
    "260"
  ],
  "NrExecutions": 6,
  "NrOutliers": 1,
  "SLB": {
    "median": 64.0,
    "std": 0.32506409624359883,
    "max": 64.4,
    "min": 63.4
  },
  "PowerAvg": {
    "median": 150.55,
    "std": 2.779688231918589,
    "max": 157.3,
    "min": 150.3
  },
  "Time": {
    "median": 9624.590395092964,
    "std": 2909.858799535239,
    "max": 10771.546489953995,
    "min": 2814.996011018753
  },
  "Joules": {
    "median": 1449452.9649768886,
    "std": 434131.9126314274,
    "max": 1638866.7292363408,
    "min": 443590.5778498769
  },
  "JoulesNormalized": {
    "median": 835837.8821265756,
    "std": 247504.62479624394,
    "max": 945179.1352833036,
    "min": 263430.8331446767
  },
  "NrPatches": {
    "median": 4.0,
    "std": 0.0,
    "max": 4,
    "min": 4
  },
  "Joules_Per_PatchMedian": [
    6298.883915412425,
    7202.263153505324,
    26760.12820870876,
    32577.143618333335
  ],
  "ExecutionTime_Per_PatchMedian": [
    49.83860206604004,
    56.678459882736206,
    211.87546396255493,
    261.91446900367737
  ],
  "JoulesNormalized_Per_PatchMedian": [
    2583.471640980244,
    3125.6607709884647,
    12775.956192326545,
    15386.735838806628
  ],
  "Correctness_Per_Patch": [
    "I",
    "I",
    "I",
    "I"
  ]
}