{
  "TOOL_BUG_ID": "Avatar-Math-6",
  "SLB": {
    "median": 63.3,
    "std": 0.533853912601565,
    "max": 63.8,
    "min": 62.5
  },
  "PowerAvg": {
    "median": 115.30000000000001,
    "std": 0.41382363393117366,
    "max": 115.9,
    "min": 114.6
  },
  "Time": {
    "median": 17932.106516599655,
    "std": 4.137410582300596,
    "max": 17933.515920877457,
    "min": 17920.81012392044
  },
  "Joules": {
    "median": 2109355.3872043784,
    "std": 13499.833764247436,
    "max": 2124557.198401498,
    "min": 2086371.7439958572
  },
  "JoulesNormalized": {
    "median": 976982.7602687774,
    "std": 12364.873001045635,
    "max": 988120.6736603731,
    "min": 954072.1939914702
  },
  "NrPatches": {
    "median": 1.0,
    "std": 0.0,
    "max": 1,
    "min": 1
  },
  "Joules_Per_PatchMedian": [
    8177.703071326017
  ],
  "ExecutionTime_Per_PatchMedian": [
    69.82850301265717
  ],
  "JoulesNormalized_Per_PatchMedian": [
    3771.398687201738
  ],
  "Correctness_Per_Patch": [
    "I"
  ]
}