{
  "Group_ID": "s_200_299",
  "TOOL_BUG_ID": "Nopol-Math-41",
  "ExecutionsIds": [
    "200",
    "210",
    "211",
    "212",
    "250",
    "251",
    "260"
  ],
  "NrExecutions": 7,
  "NrOutliers": 0,
  "SLB": {
    "median": 63.6,
    "std": 0.34086724129853607,
    "max": 64.1,
    "min": 63.1
  },
  "PowerAvg": {
    "median": 103.1,
    "std": 0.335232683939011,
    "max": 103.5,
    "min": 102.6
  },
  "Time": {
    "median": 1947.855812072754,
    "std": 180.3084627569947,
    "max": 2423.987653017044,
    "min": 1936.418965101242
  },
  "Joules": {
    "median": 201969.22368446586,
    "std": 15504.1078035089,
    "max": 243093.19250266554,
    "min": 201216.5992978215
  },
  "JoulesNormalized": {
    "median": 78487.20919784307,
    "std": 4125.32779010452,
    "max": 89169.97653608324,
    "min": 77638.67568088774
  },
  "NrPatches": {
    "median": 1,
    "std": 0.0,
    "max": 1,
    "min": 1
  },
  "Joules_Per_PatchMedian": [
    3610.8962936520575
  ],
  "ExecutionTime_Per_PatchMedian": [
    31.479296922683716
  ],
  "JoulesNormalized_Per_PatchMedian": [
    1602.5171499848366
  ],
  "Correctness_Per_Patch": [
    "I"
  ]
}