{
  "Group_ID": "s_200_299",
  "TOOL_BUG_ID": "Prapr-Chart-7",
  "ExecutionsIds": [
    "250",
    "251",
    "252",
    "253",
    "254"
  ],
  "NrExecutions": 5,
  "NrOutliers": 0,
  "SLB": {
    "median": 62.1,
    "std": 0.14142135623731153,
    "max": 62.1,
    "min": 61.8
  },
  "PowerAvg": {
    "median": 108.5,
    "std": 0.7193747284969083,
    "max": 109.4,
    "min": 107.4
  },
  "Time": {
    "median": 23.239448070526123,
    "std": 0.09159436284852412,
    "max": 23.400056838989258,
    "min": 23.15891408920288
  },
  "Joules": {
    "median": 2593.066390311718,
    "std": 6.605941124718346,
    "max": 2598.2655762434006,
    "min": 2580.81794359684
  },
  "JoulesNormalized": {
    "median": 1155.085205221176,
    "std": 7.138310434131591,
    "max": 1155.618341100216,
    "min": 1141.850435113907
  },
  "NrPatches": {
    "median": 16,
    "std": 0.0,
    "max": 16,
    "min": 16
  },
  "Joules_Per_PatchMedian": [
    1674.8284273386002,
    1674.8284273386002,
    1674.8284273386002,
    1674.8284273386002,
    1674.8284273386002,
    1674.8284273386002,
    1674.8284273386002,
    1674.8284273386002,
    1674.8284273386002,
    1674.8284273386002,
    1674.8284273386002,
    1674.8284273386002,
    1674.8284273386002,
    1674.8284273386002,
    1674.8284273386002,
    1674.8284273386002
  ],
  "ExecutionTime_Per_PatchMedian": [
    15.379417896270752,
    15.379417896270752,
    15.379417896270752,
    15.379417896270752,
    15.379417896270752,
    15.379417896270752,
    15.379417896270752,
    15.379417896270752,
    15.379417896270752,
    15.379417896270752,
    15.379417896270752,
    15.379417896270752,
    15.379417896270752,
    15.379417896270752,
    15.379417896270752,
    15.379417896270752
  ],
  "JoulesNormalized_Per_PatchMedian": [
    723.9023052811623,
    723.9023052811623,
    723.9023052811623,
    723.9023052811623,
    723.9023052811623,
    723.9023052811623,
    723.9023052811623,
    723.9023052811623,
    723.9023052811623,
    723.9023052811623,
    723.9023052811623,
    723.9023052811623,
    723.9023052811623,
    723.9023052811623,
    723.9023052811623,
    723.9023052811623
  ],
  "Correctness_Per_Patch": [
    "na",
    "na",
    "na",
    "na",
    "na",
    "na",
    "na",
    "na",
    "na",
    "na",
    "na",
    "na",
    "na",
    "na",
    "na",
    "na"
  ]
}