{
  "Group_ID": "s_200_299",
  "TOOL_BUG_ID": "TBar-Math-75",
  "ExecutionsIds": [
    "200",
    "210",
    "211",
    "230",
    "250",
    "260"
  ],
  "NrExecutions": 6,
  "NrOutliers": 6,
  "SLB": {
    "median": 65.05,
    "std": 0.2639444385977183,
    "max": 65.6,
    "min": 64.9
  },
  "PowerAvg": {
    "median": 124.3,
    "std": 11.057079180326058,
    "max": 124.8,
    "min": 97.2
  },
  "Time": {
    "median": 193.87577748298645,
    "std": 203.73713720010423,
    "max": 692.784814119339,
    "min": 190.67509293556213
  },
  "Joules": {
    "median": 24387.74114585519,
    "std": 18376.197583195466,
    "max": 69363.41170852185,
    "min": 24018.35463258028
  },
  "JoulesNormalized": {
    "median": 11808.995978540184,
    "std": 5145.303732912453,
    "max": 24332.39879076481,
    "min": 11543.011500775814
  },
  "NrPatches": {
    "median": 1.0,
    "std": 0.0,
    "max": 1,
    "min": 1
  },
  "Joules_Per_PatchMedian": [
    13693.104115086795
  ],
  "ExecutionTime_Per_PatchMedian": [
    91.14789593219757
  ],
  "JoulesNormalized_Per_PatchMedian": [
    3206.9720326066013
  ],
  "Correctness_Per_Patch": [
    "C"
  ]
}