{
  "Group_ID": "s_200_299",
  "TOOL_BUG_ID": "dynamoth-Closure-3",
  "ExecutionsIds": [
    "200",
    "210",
    "211",
    "212",
    "213",
    "214"
  ],
  "NrExecutions": 6,
  "NrOutliers": 0,
  "SLB": {
    "median": 62.95,
    "std": 0.6833739825307938,
    "max": 64.6,
    "min": 62.8
  },
  "PowerAvg": {
    "median": 148.45,
    "std": 1.3170674495509525,
    "max": 150.1,
    "min": 146.8
  },
  "Time": {
    "median": 17409.016495466232,
    "std": 5415.6426612495325,
    "max": 21222.304018974304,
    "min": 5912.207808017731
  },
  "Joules": {
    "median": 2563716.812968737,
    "std": 795555.754601688,
    "max": 2939779.3298996086,
    "min": 803202.4561387062
  },
  "JoulesNormalized": {
    "median": 1469614.1410081089,
    "std": 459037.81516962656,
    "max": 1602774.1767042275,
    "min": 431324.58501439093
  },
  "NrPatches": {
    "median": 0.0,
    "std": 0.0,
    "max": 0,
    "min": 0
  },
  "Joules_Per_PatchMedian": [],
  "ExecutionTime_Per_PatchMedian": [],
  "JoulesNormalized_Per_PatchMedian": [],
  "Correctness_Per_Patch": []
}