{
  "Group_ID": "s_200_299",
  "TOOL_BUG_ID": "Nopol-Chart-17",
  "ExecutionsIds": [
    "200",
    "210",
    "250",
    "260"
  ],
  "NrExecutions": 4,
  "NrOutliers": 0,
  "SLB": {
    "median": 63.099999999999994,
    "std": 0.3000000000000003,
    "max": 63.5,
    "min": 62.9
  },
  "PowerAvg": {
    "median": 114.19999999999999,
    "std": 16.38828341631098,
    "max": 114.7,
    "min": 81.6
  },
  "Time": {
    "median": 18.160001039505005,
    "std": 66.04316529826352,
    "max": 150.07669711112976,
    "min": 17.65948987007141
  },
  "Joules": {
    "median": 2162.8995148837566,
    "std": 5282.090574286961,
    "max": 12706.408764576912,
    "min": 2102.0506849884987
  },
  "JoulesNormalized": {
    "median": 1015.3194572865963,
    "std": 1131.0387211685168,
    "max": 3266.58451628685,
    "min": 984.2049762129784
  },
  "NrPatches": {
    "median": 3.0,
    "std": 0.0,
    "max": 3,
    "min": 3
  },
  "Joules_Per_PatchMedian": [
    231.80891031622886,
    382.52386260032654,
    480.87863033413885
  ],
  "ExecutionTime_Per_PatchMedian": [
    1.640425443649292,
    2.7104103565216064,
    3.4702694416046143
  ],
  "JoulesNormalized_Per_PatchMedian": [
    128.29415790438654,
    211.2471004247666,
    261.91069703698156
  ],
  "Correctness_Per_Patch": [
    "I",
    "I",
    "I"
  ]
}