{
  "Group_ID": "s_200_299",
  "TOOL_BUG_ID": "Cardumen-Closure-133",
  "ExecutionsIds": [
    "200"
  ],
  "NrExecutions": 1,
  "NrOutliers": 0,
  "SLB": {
    "median": 63.3,
    "std": 0,
    "max": 63.3,
    "min": 63.3
  },
  "PowerAvg": {
    "median": 197.8,
    "std": 0,
    "max": 197.8,
    "min": 197.8
  },
  "Time": {
    "median": 17475.947129011154,
    "std": 0,
    "max": 17475.947129011154,
    "min": 17475.947129011154
  },
  "Joules": {
    "median": 3316174.336306369,
    "std": 0,
    "max": 3316174.336306369,
    "min": 3316174.336306369
  },
  "JoulesNormalized": {
    "median": 2209946.883039963,
    "std": 0,
    "max": 2209946.883039963,
    "min": 2209946.883039963
  },
  "NrPatches": {
    "median": 5,
    "std": 0,
    "max": 5,
    "min": 5
  },
  "Joules_Per_PatchMedian": [
    209212.24277641776,
    351722.0371245027,
    359319.7417323828,
    470740.53811336757,
    935551.2907568931
  ],
  "ExecutionTime_Per_PatchMedian": [
    1488.409616947174,
    2385.210124015808,
    2429.049233198166,
    3063.615650177002,
    5588.28048324585
  ],
  "JoulesNormalized_Per_PatchMedian": [
    114995.91402366164,
    200738.23627430203,
    205560.9252709389,
    276813.66745716333,
    581813.1361674309
  ],
  "Correctness_Per_Patch": [
    "I",
    "I",
    "I",
    "I",
    "I"
  ]
}