{
  "Group_ID": "s_200_299",
  "TOOL_BUG_ID": "SimFix-Closure-79",
  "ExecutionsIds": [
    "200",
    "210",
    "211",
    "212",
    "213",
    "214",
    "230",
    "250",
    "251",
    "252",
    "253",
    "254",
    "260",
    "261",
    "262",
    "263"
  ],
  "NrExecutions": 16,
  "NrOutliers": 0,
  "SLB": {
    "median": 64.4,
    "std": 0.19682373671214842,
    "max": 64.7,
    "min": 63.9
  },
  "PowerAvg": {
    "median": 101.5,
    "std": 0.1787689383906867,
    "max": 101.8,
    "min": 101.3
  },
  "Time": {
    "median": 17981.100123524666,
    "std": 3.0855836368621077,
    "max": 17981.54766702652,
    "min": 17968.85059285164
  },
  "Joules": {
    "median": 1830073.3025994715,
    "std": 2262.1015284995083,
    "max": 1834115.0221437805,
    "min": 1826153.0772912628
  },
  "JoulesNormalized": {
    "median": 671220.2120103834,
    "std": 3621.23402798454,
    "max": 681035.442366981,
    "min": 667493.9076043603
  },
  "NrPatches": {
    "median": 1.0,
    "std": 0.0,
    "max": 1,
    "min": 1
  },
  "Joules_Per_PatchMedian": [
    101135.84235710502
  ],
  "ExecutionTime_Per_PatchMedian": [
    981.8980255126953
  ],
  "JoulesNormalized_Per_PatchMedian": [
    37980.02637897132
  ],
  "Correctness_Per_Patch": [
    "C"
  ]
}