{
  "Group_ID": "s_200_299",
  "TOOL_BUG_ID": "kPAR-Math-59",
  "ExecutionsIds": [
    "200"
  ],
  "NrExecutions": 1,
  "NrOutliers": 0,
  "SLB": {
    "median": 63.4,
    "std": 0,
    "max": 63.4,
    "min": 63.4
  },
  "PowerAvg": {
    "median": 99.5,
    "std": 0,
    "max": 99.5,
    "min": 99.5
  },
  "Time": {
    "median": 17932.33124399185,
    "std": 0,
    "max": 17932.33124399185,
    "min": 17932.33124399185
  },
  "Joules": {
    "median": 1765670.903515732,
    "std": 0,
    "max": 1765670.903515732,
    "min": 1765670.903515732
  },
  "JoulesNormalized": {
    "median": 628761.1026466487,
    "std": 0,
    "max": 628761.1026466487,
    "min": 628761.1026466487
  },
  "NrPatches": {
    "median": 0,
    "std": 0,
    "max": 0,
    "min": 0
  },
  "Joules_Per_PatchMedian": [],
  "ExecutionTime_Per_PatchMedian": [],
  "JoulesNormalized_Per_PatchMedian": [],
  "Correctness_Per_Patch": []
}