{
  "Group_ID": "s_200_299",
  "TOOL_BUG_ID": "Prapr-Closure-115",
  "ExecutionsIds": [
    "250",
    "251",
    "252",
    "253",
    "254"
  ],
  "NrExecutions": 5,
  "NrOutliers": 0,
  "SLB": {
    "median": 64.1,
    "std": 0.30000000000000426,
    "max": 64.4,
    "min": 63.8
  },
  "PowerAvg": {
    "median": 64.2,
    "std": 0.32863353450309696,
    "max": 64.6,
    "min": 63.9
  },
  "Time": {
    "median": 63.81791710853577,
    "std": 0.33286810763057345,
    "max": 64.37898206710815,
    "min": 63.497782945632935
  },
  "Joules": {
    "median": 4355.52207596302,
    "std": 41.085574353354524,
    "max": 4393.2551487445835,
    "min": 4300.592059826851
  },
  "JoulesNormalized": {
    "median": 249.35933940410632,
    "std": 20.528739511842723,
    "max": 283.3812869548801,
    "min": 232.81852400302932
  },
  "NrPatches": {
    "median": 0,
    "std": 0.0,
    "max": 0,
    "min": 0
  },
  "Joules_Per_PatchMedian": [],
  "ExecutionTime_Per_PatchMedian": [],
  "JoulesNormalized_Per_PatchMedian": [],
  "Correctness_Per_Patch": []
}