{
  "Group_ID": "s_200_299",
  "TOOL_BUG_ID": "Nopol-Chart-3",
  "ExecutionsIds": [
    "200",
    "210",
    "250",
    "260"
  ],
  "NrExecutions": 4,
  "NrOutliers": 0,
  "SLB": {
    "median": 63.5,
    "std": 0.2061552812808828,
    "max": 63.8,
    "min": 63.3
  },
  "PowerAvg": {
    "median": 101.8,
    "std": 0.3304037933599805,
    "max": 102.1,
    "min": 101.4
  },
  "Time": {
    "median": 133.937131524086,
    "std": 1.2600272704360345,
    "max": 135.1369731426239,
    "min": 132.57660007476807
  },
  "Joules": {
    "median": 13947.015275067091,
    "std": 100.06806268429249,
    "max": 14034.61563603878,
    "min": 13838.206089293957
  },
  "JoulesNormalized": {
    "median": 5442.00742328763,
    "std": 44.25778825295074,
    "max": 5480.445236110687,
    "min": 5379.819004523755
  },
  "NrPatches": {
    "median": 0.0,
    "std": 0.0,
    "max": 0,
    "min": 0
  },
  "Joules_Per_PatchMedian": [],
  "ExecutionTime_Per_PatchMedian": [],
  "JoulesNormalized_Per_PatchMedian": [],
  "Correctness_Per_Patch": []
}