{
  "Group_ID": "s_200_299",
  "TOOL_BUG_ID": "Nopol-Closure-13",
  "ExecutionsIds": [
    "210",
    "230",
    "250",
    "251",
    "252",
    "260",
    "261",
    "262",
    "263",
    "264"
  ],
  "NrExecutions": 10,
  "NrOutliers": 6,
  "SLB": {
    "median": 65.375,
    "std": 0.8027902728746906,
    "max": 67.3,
    "min": 64.5
  },
  "PowerAvg": {
    "median": 153.14999999999998,
    "std": 2.5997916583193117,
    "max": 156.3,
    "min": 148.75
  },
  "Time": {
    "median": 1212.7431144714355,
    "std": 1602.3810318295107,
    "max": 6099.529352903366,
    "min": 738.4036729335785
  },
  "Joules": {
    "median": 178668.76114673016,
    "std": 261286.628005308,
    "max": 975514.5881090398,
    "min": 102294.69328048229
  },
  "JoulesNormalized": {
    "median": 99696.39898553488,
    "std": 155654.1533114666,
    "max": 574165.5566879984,
    "min": 54040.01325427293
  },
  "NrPatches": {
    "median": 1.0,
    "std": 0.0,
    "max": 1,
    "min": 1
  },
  "Joules_Per_PatchMedian": [
    57135.1695614636
  ],
  "ExecutionTime_Per_PatchMedian": [
    443.8302938938141
  ],
  "JoulesNormalized_Per_PatchMedian": [
    27414.466370141505
  ],
  "Correctness_Per_Patch": [
    "na"
  ]
}