{
  "Group_ID": "s_200_299",
  "TOOL_BUG_ID": "Avatar-Closure-68",
  "ExecutionsIds": [
    "210",
    "211",
    "212",
    "230",
    "250",
    "251",
    "252",
    "260",
    "261"
  ],
  "NrExecutions": 9,
  "NrOutliers": 0,
  "SLB": {
    "median": 62.8,
    "std": 0.6260546656997646,
    "max": 63.6,
    "min": 62.0
  },
  "PowerAvg": {
    "median": 108.7,
    "std": 0.431405970184827,
    "max": 109.3,
    "min": 108.1
  },
  "Time": {
    "median": 17953.037578821182,
    "std": 1.1070980067573208,
    "max": 17953.4720389843,
    "min": 17950.129703998566
  },
  "Joules": {
    "median": 1999575.515561426,
    "std": 9166.643670460755,
    "max": 2022321.710100769,
    "min": 1994024.2963036299
  },
  "JoulesNormalized": {
    "median": 872560.441192901,
    "std": 9592.378363927006,
    "max": 888790.1051128744,
    "min": 857703.9711310745
  },
  "NrPatches": {
    "median": 0,
    "std": 0.0,
    "max": 0,
    "min": 0
  },
  "Joules_Per_PatchMedian": [],
  "ExecutionTime_Per_PatchMedian": [],
  "JoulesNormalized_Per_PatchMedian": [],
  "Correctness_Per_Patch": []
}