{
  "Group_ID": "s_200_299",
  "TOOL_BUG_ID": "Prapr-Math-70",
  "ExecutionsIds": [
    "210",
    "211",
    "212",
    "213",
    "214"
  ],
  "NrExecutions": 5,
  "NrOutliers": 0,
  "SLB": {
    "median": 63.7,
    "std": 0.15811388300841783,
    "max": 63.9,
    "min": 63.5
  },
  "PowerAvg": {
    "median": 124.6,
    "std": 0.4324349662087933,
    "max": 125.1,
    "min": 124.1
  },
  "Time": {
    "median": 5.319424867630005,
    "std": 0.02995119900630307,
    "max": 5.360684871673584,
    "min": 5.279677867889404
  },
  "Joules": {
    "median": 672.5005093693733,
    "std": 2.9247415051710464,
    "max": 676.6997025847436,
    "min": 668.4850313067436
  },
  "JoulesNormalized": {
    "median": 333.5236273407936,
    "std": 0.9508390718021408,
    "max": 334.1868619084358,
    "min": 332.1695511221886
  },
  "NrPatches": {
    "median": 1,
    "std": 0.0,
    "max": 1,
    "min": 1
  },
  "Joules_Per_PatchMedian": [
    383.3770868659019
  ],
  "ExecutionTime_Per_PatchMedian": [
    2.9997711181640625
  ],
  "JoulesNormalized_Per_PatchMedian": [
    192.63172814846035
  ],
  "Correctness_Per_Patch": [
    "C"
  ]
}