{
  "Group_ID": "s_200_299",
  "TOOL_BUG_ID": "Nopol-Closure-27",
  "ExecutionsIds": [
    "200",
    "210",
    "211",
    "212",
    "213",
    "214",
    "215",
    "216",
    "217",
    "230",
    "231",
    "250",
    "251",
    "252",
    "253",
    "254",
    "260",
    "261",
    "262",
    "263",
    "264"
  ],
  "NrExecutions": 21,
  "NrOutliers": 0,
  "SLB": {
    "median": 64.6,
    "std": 0.31922525261132156,
    "max": 65.0,
    "min": 63.8
  },
  "PowerAvg": {
    "median": 107.6,
    "std": 1.4006801069140535,
    "max": 108.1,
    "min": 101.6
  },
  "Time": {
    "median": 575.687047958374,
    "std": 96.61263442514226,
    "max": 1014.198117017746,
    "min": 568.1071979999542
  },
  "Joules": {
    "median": 64341.047861707215,
    "std": 8727.471168204074,
    "max": 103878.39463437795,
    "min": 63694.36183993817
  },
  "JoulesNormalized": {
    "median": 27215.406886911383,
    "std": 2478.2516761292386,
    "max": 38259.77646332979,
    "min": 26783.57789028882
  },
  "NrPatches": {
    "median": 0,
    "std": 0.0,
    "max": 0,
    "min": 0
  },
  "Joules_Per_PatchMedian": [],
  "ExecutionTime_Per_PatchMedian": [],
  "JoulesNormalized_Per_PatchMedian": [],
  "Correctness_Per_Patch": []
}