{
  "Group_ID": "s_200_299",
  "TOOL_BUG_ID": "TBar-Lang-47",
  "ExecutionsIds": [
    "200",
    "210",
    "211",
    "212",
    "213",
    "214",
    "230",
    "250",
    "251",
    "252",
    "253",
    "254",
    "260",
    "261",
    "262",
    "263"
  ],
  "NrExecutions": 16,
  "NrOutliers": 0,
  "SLB": {
    "median": 63.3,
    "std": 0.19493588689617897,
    "max": 63.6,
    "min": 63.0
  },
  "PowerAvg": {
    "median": 104.65,
    "std": 2.6786112695449735,
    "max": 105.0,
    "min": 94.0
  },
  "Time": {
    "median": 3487.6626394987106,
    "std": 529.2407353807736,
    "max": 5612.278668880463,
    "min": 3474.0253570079803
  },
  "Joules": {
    "median": 331152.56638422015,
    "std": 45343.07346453918,
    "max": 512748.0537785292,
    "min": 328888.2717380167
  },
  "JoulesNormalized": {
    "median": 110169.38915195465,
    "std": 11896.340096699754,
    "max": 157490.81403839594,
    "min": 108241.86861256356
  },
  "NrPatches": {
    "median": 0.0,
    "std": 0.0,
    "max": 0,
    "min": 0
  },
  "Joules_Per_PatchMedian": [],
  "ExecutionTime_Per_PatchMedian": [],
  "JoulesNormalized_Per_PatchMedian": [],
  "Correctness_Per_Patch": []
}