{
  "TOOL_BUG_ID": "dynamoth-Math-57",
  "SLB": {
    "median": 64.05,
    "std": 1.3367871932360795,
    "max": 67.1,
    "min": 63.3
  },
  "PowerAvg": {
    "median": 106.35,
    "std": 1.0538817137927148,
    "max": 108.7,
    "min": 105.8
  },
  "Time": {
    "median": 585.8372625112534,
    "std": 61.88898242799553,
    "max": 717.3042240142822,
    "min": 549.1475319862366
  },
  "Joules": {
    "median": 65332.38373319508,
    "std": 6108.352042338159,
    "max": 77842.75173147918,
    "min": 61149.06844351292
  },
  "JoulesNormalized": {
    "median": 27751.09684447647,
    "std": 1444.1258084032488,
    "max": 29821.63879352808,
    "min": 26388.029668784147
  },
  "NrPatches": {
    "median": 0.0,
    "std": 0.0,
    "max": 0,
    "min": 0
  },
  "Joules_Per_PatchMedian": [],
  "ExecutionTime_Per_PatchMedian": [],
  "JoulesNormalized_Per_PatchMedian": [],
  "Correctness_Per_Patch": []
}