{
  "TOOL_BUG_ID": "dynamoth-Closure-5",
  "SLB": {
    "median": 62.9,
    "std": 0.11690451944500065,
    "max": 63.0,
    "min": 62.7
  },
  "PowerAvg": {
    "median": 149.1,
    "std": 1.2033287165193032,
    "max": 149.7,
    "min": 146.5
  },
  "Time": {
    "median": 2598.6420015096664,
    "std": 2871.7509395934776,
    "max": 8660.031383037567,
    "min": 2243.81027507782
  },
  "Joules": {
    "median": 397505.6098240614,
    "std": 420977.1877884227,
    "max": 1278675.8282007934,
    "min": 341595.7943460226
  },
  "JoulesNormalized": {
    "median": 233918.70288130047,
    "std": 240436.39621543372,
    "max": 734825.8573460341,
    "min": 200908.8900986433
  },
  "NrPatches": {
    "median": 0.0,
    "std": 0.0,
    "max": 0,
    "min": 0
  },
  "Joules_Per_PatchMedian": [],
  "ExecutionTime_Per_PatchMedian": [],
  "JoulesNormalized_Per_PatchMedian": [],
  "Correctness_Per_Patch": []
}