{
  "Group_ID": "s_200_299",
  "TOOL_BUG_ID": "Prapr-Closure-7",
  "ExecutionsIds": [
    "250",
    "251",
    "252",
    "253",
    "254"
  ],
  "NrExecutions": 5,
  "NrOutliers": 0,
  "SLB": {
    "median": 62.2,
    "std": 0.2588435821108957,
    "max": 62.6,
    "min": 62.0
  },
  "PowerAvg": {
    "median": 62.4,
    "std": 0.25884358211089525,
    "max": 62.8,
    "min": 62.2
  },
  "Time": {
    "median": 63.9389169216156,
    "std": 0.2314547813773775,
    "max": 64.25886487960815,
    "min": 63.698501110076904
  },
  "Joules": {
    "median": 4226.223652458191,
    "std": 30.115852645128555,
    "max": 4269.856566345692,
    "min": 4192.098880708218
  },
  "JoulesNormalized": {
    "median": 245.05866060256994,
    "std": 8.268927415280382,
    "max": 257.3502533793453,
    "min": 236.4219617724416
  },
  "NrPatches": {
    "median": 0,
    "std": 0.0,
    "max": 0,
    "min": 0
  },
  "Joules_Per_PatchMedian": [],
  "ExecutionTime_Per_PatchMedian": [],
  "JoulesNormalized_Per_PatchMedian": [],
  "Correctness_Per_Patch": []
}