{
  "TOOL_BUG_ID": "Nopol-Lang-58",
  "SLB": {
    "median": 62.6,
    "std": 0.810966501568756,
    "max": 64.5,
    "min": 62.3
  },
  "PowerAvg": {
    "median": 62.75,
    "std": 17.498847581102783,
    "max": 105.5,
    "min": 62.3
  },
  "Time": {
    "median": 62.18811845779419,
    "std": 4.753430588738015,
    "max": 73.49842691421509,
    "min": 60.978652000427246
  },
  "Joules": {
    "median": 4037.78421766758,
    "std": 1585.0326534671658,
    "max": 7887.049571073055,
    "min": 3888.3378549337385
  },
  "JoulesNormalized": {
    "median": 130.49339389801003,
    "std": 1233.7584461882136,
    "max": 3146.4010351061816,
    "min": 77.17210490703565
  },
  "NrPatches": {
    "median": 0.0,
    "std": 0.816496580927726,
    "max": 2,
    "min": 0
  },
  "Joules_Per_PatchMedian": [
    1382.4420740365981,
    1680.6240772724152
  ],
  "ExecutionTime_Per_PatchMedian": [
    10.44029712677002,
    12.420039176940918
  ],
  "JoulesNormalized_Per_PatchMedian": [
    127.6436123251915,
    174.1838987827301
  ],
  "Correctness_Per_Patch": [
    "I",
    "I"
  ]
}