{
  "Group_ID": "s_200_299",
  "TOOL_BUG_ID": "Avatar-Chart-19",
  "ExecutionsIds": [
    "200",
    "210",
    "211",
    "250",
    "260"
  ],
  "NrExecutions": 5,
  "NrOutliers": 0,
  "SLB": {
    "median": 63.0,
    "std": 0.7635443667528432,
    "max": 64.0,
    "min": 62.3
  },
  "PowerAvg": {
    "median": 113.1,
    "std": 10.73000465983123,
    "max": 113.8,
    "min": 88.9
  },
  "Time": {
    "median": 17990.143774986267,
    "std": 6.798420890484605,
    "max": 18004.366096019745,
    "min": 17987.210859775543
  },
  "Joules": {
    "median": 2073042.1955589529,
    "std": 201749.46623841254,
    "max": 2083152.1665031433,
    "min": 1615457.0101864215
  },
  "JoulesNormalized": {
    "median": 931782.9649040222,
    "std": 194650.3173322299,
    "max": 948145.2704988592,
    "min": 493785.0024043913
  },
  "NrPatches": {
    "median": 0,
    "std": 0.0,
    "max": 0,
    "min": 0
  },
  "Joules_Per_PatchMedian": [],
  "ExecutionTime_Per_PatchMedian": [],
  "JoulesNormalized_Per_PatchMedian": [],
  "Correctness_Per_Patch": []
}