{
  "TOOL_BUG_ID": "Avatar-Chart-11",
  "SLB": {
    "median": 63.45,
    "std": 0.27222627143085065,
    "max": 63.7,
    "min": 62.9
  },
  "PowerAvg": {
    "median": 110.75,
    "std": 5.349616141102357,
    "max": 111.7,
    "min": 95.8
  },
  "Time": {
    "median": 2829.5489186048508,
    "std": 1823.9064845101286,
    "max": 8030.026017904282,
    "min": 2807.817001104355
  },
  "Joules": {
    "median": 318910.1738442301,
    "std": 161688.0861895218,
    "max": 779501.9529480815,
    "min": 314924.6697336555
  },
  "JoulesNormalized": {
    "median": 139375.74760390518,
    "std": 45404.28112989486,
    "max": 268792.29820936924,
    "min": 138312.9803641916
  },
  "NrPatches": {
    "median": 1.0,
    "std": 0.0,
    "max": 1,
    "min": 1
  },
  "Joules_Per_PatchMedian": [
    295370.7018667221
  ],
  "ExecutionTime_Per_PatchMedian": [
    2619.9838676452637
  ],
  "JoulesNormalized_Per_PatchMedian": [
    129132.56062899828
  ],
  "Correctness_Per_Patch": [
    "C"
  ]
}