{
  "Group_ID": "s_200_299",
  "TOOL_BUG_ID": "TBar-Time-11",
  "ExecutionsIds": [
    "200",
    "210",
    "211",
    "212",
    "213",
    "230",
    "250",
    "251",
    "252",
    "253",
    "260",
    "261",
    "262"
  ],
  "NrExecutions": 13,
  "NrOutliers": 0,
  "SLB": {
    "median": 64.1,
    "std": 0.2567049588485504,
    "max": 64.5,
    "min": 63.5
  },
  "PowerAvg": {
    "median": 116.3,
    "std": 6.7964451492428495,
    "max": 117.8,
    "min": 92.5
  },
  "Time": {
    "median": 17987.13742208481,
    "std": 15.652632041634915,
    "max": 17987.335155010223,
    "min": 17930.647949934006
  },
  "Joules": {
    "median": 2035190.2093042368,
    "std": 107235.53456452758,
    "max": 2055220.647712136,
    "min": 1658389.1608865012
  },
  "JoulesNormalized": {
    "median": 887599.7396305555,
    "std": 108450.40914720908,
    "max": 904043.8526987082,
    "min": 501862.3681157578
  },
  "NrPatches": {
    "median": 14,
    "std": 3.605551275463989,
    "max": 14,
    "min": 1
  },
  "Joules_Per_PatchMedian": [
    39396.45473829508,
    1096453.6774797917,
    1097865.605030495,
    1103381.0099633634,
    1106099.4011838916,
    1108339.2191735448,
    1112402.1121550384,
    1120359.8130643012,
    1123079.8139627161,
    1136317.0286395552,
    1144304.8821191313,
    1161526.250907332,
    1162927.3354853275,
    1173954.0594364228
  ],
  "ExecutionTime_Per_PatchMedian": [
    337.0334241390228,
    11194.678387403488,
    11206.488107323647,
    11252.337233901024,
    11275.346861958504,
    11294.35653746128,
    11328.065898537636,
    11395.174200057983,
    11417.754078030586,
    11527.88162446022,
    11594.37005341053,
    11737.916606903076,
    11750.106670379639,
    11841.825066447258
  ],
  "JoulesNormalized_Per_PatchMedian": [
    17819.48104091883,
    380788.5842431423,
    381452.03692153667,
    384069.9550406932,
    385338.21354840987,
    386347.5461847066,
    388235.8009561717,
    391961.6568197429,
    393238.5539337158,
    399439.0780180394,
    403174.9133546412,
    411245.64592918754,
    411897.0731860399,
    417027.18712973595
  ],
  "Correctness_Per_Patch": [
    "I",
    "I",
    "I",
    "I",
    "I",
    "I",
    "I",
    "I",
    "I",
    "I",
    "I",
    "I",
    "I",
    "I"
  ]
}