{
  "TOOL_BUG_ID": "Nopol-Math-76",
  "SLB": {
    "median": 65.0,
    "std": 0.38172540616820905,
    "max": 65.3,
    "min": 64.4
  },
  "PowerAvg": {
    "median": 110.65,
    "std": 7.552471213356026,
    "max": 111.2,
    "min": 89.3
  },
  "Time": {
    "median": 133.69718599319458,
    "std": 316.4126517956949,
    "max": 1034.7373859882355,
    "min": 132.01693201065063
  },
  "Joules": {
    "median": 15152.514623457193,
    "std": 26994.209749332716,
    "max": 92065.86463388204,
    "min": 14923.935505962372
  },
  "JoulesNormalized": {
    "median": 6475.679238468409,
    "std": 6461.161207784316,
    "max": 24911.408283245546,
    "min": 6408.843391275406
  },
  "NrPatches": {
    "median": 0.0,
    "std": 0.0,
    "max": 0,
    "min": 0
  },
  "Joules_Per_PatchMedian": [],
  "ExecutionTime_Per_PatchMedian": [],
  "JoulesNormalized_Per_PatchMedian": [],
  "Correctness_Per_Patch": []
}