{
  "TOOL_BUG_ID": "Nopol-Time-7",
  "SLB": {
    "median": 63.3,
    "std": 0.9793097666456829,
    "max": 65.2,
    "min": 62.6
  },
  "PowerAvg": {
    "median": 63.4,
    "std": 27.01054467813494,
    "max": 123.8,
    "min": 62.6
  },
  "Time": {
    "median": 61.45905804634094,
    "std": 620.0906985386771,
    "max": 1500.1071920394897,
    "min": 60.93861985206604
  },
  "Joules": {
    "median": 4020.6222629785543,
    "std": 77060.46513638097,
    "max": 188274.90595538617,
    "min": 3949.5885841012005
  },
  "JoulesNormalized": {
    "median": 165.5309789896014,
    "std": 36843.639478511184,
    "max": 90917.94919202328,
    "min": 83.30217636823727
  },
  "NrPatches": {
    "median": 0,
    "std": 1.9518001458970664,
    "max": 4,
    "min": 0
  },
  "Joules_Per_PatchMedian": [
    1276.3131284475326,
    17254.480941009522,
    90516.62533128262,
    91066.29776605367
  ],
  "ExecutionTime_Per_PatchMedian": [
    9.179805040359497,
    138.37624716758728,
    757.3832318782806,
    761.6032478809357
  ],
  "JoulesNormalized_Per_PatchMedian": [
    313.79945995807634,
    2406.7096199274074,
    9442.867752683158,
    9534.465475130077
  ],
  "Correctness_Per_Patch": [
    "I",
    "I",
    "I",
    "I"
  ]
}