{
  "TOOL_BUG_ID": "Nopol-Closure-67",
  "SLB": {
    "median": 63.150000000000006,
    "std": 0.4570382134695397,
    "max": 63.6,
    "min": 62.1
  },
  "PowerAvg": {
    "median": 117.55,
    "std": 0.5667892024377336,
    "max": 118.4,
    "min": 116.6
  },
  "Time": {
    "median": 12828.34765946865,
    "std": 564.9855241311315,
    "max": 14383.928966999054,
    "min": 12734.83485507965
  },
  "Joules": {
    "median": 1519376.9729510844,
    "std": 79466.58348387614,
    "max": 1721985.0818534975,
    "min": 1488947.798976588
  },
  "JoulesNormalized": {
    "median": 707984.6626548113,
    "std": 43765.78996535143,
    "max": 820112.7356226568,
    "min": 694924.5834894181
  },
  "NrPatches": {
    "median": 1.0,
    "std": 0.0,
    "max": 1,
    "min": 1
  },
  "Joules_Per_PatchMedian": [
    1286.0984889566898
  ],
  "ExecutionTime_Per_PatchMedian": [
    9.229858040809631
  ],
  "JoulesNormalized_Per_PatchMedian": [
    707.842340940237
  ],
  "Correctness_Per_Patch": [
    "na"
  ]
}