{
  "Group_ID": "s_200_299",
  "TOOL_BUG_ID": "kPAR-Lang-27",
  "ExecutionsIds": [
    "210",
    "252",
    "280",
    "281",
    "282",
    "283"
  ],
  "NrExecutions": 6,
  "NrOutliers": 6,
  "SLB": {
    "median": 64.35,
    "std": 0.6473020933072912,
    "max": 65.5,
    "min": 63.8
  },
  "PowerAvg": {
    "median": 108.25,
    "std": 1.7048949136725917,
    "max": 109.5,
    "min": 105.5
  },
  "Time": {
    "median": 17983.08836352825,
    "std": 0.18474668943571684,
    "max": 17983.30105996132,
    "min": 17982.800352811813
  },
  "Joules": {
    "median": 1888173.7530193622,
    "std": 28610.45838670399,
    "max": 1908778.840625608,
    "min": 1842618.3334070917
  },
  "JoulesNormalized": {
    "median": 722863.6183970389,
    "std": 22123.555853285266,
    "max": 743473.1154346825,
    "min": 693496.993842816
  },
  "NrPatches": {
    "median": 0.0,
    "std": 0.0,
    "max": 0,
    "min": 0
  },
  "Joules_Per_PatchMedian": [],
  "ExecutionTime_Per_PatchMedian": [],
  "JoulesNormalized_Per_PatchMedian": [],
  "Correctness_Per_Patch": []
}