{
  "TOOL_BUG_ID": "TBar-Chart-7",
  "SLB": {
    "median": 61.9,
    "std": 0.5981452814975453,
    "max": 62.6,
    "min": 60.5
  },
  "PowerAvg": {
    "median": 110.4,
    "std": 7.503665770808293,
    "max": 111.1,
    "min": 88.0
  },
  "Time": {
    "median": 9753.626484155655,
    "std": 2710.5071632220524,
    "max": 17944.02671098709,
    "min": 9652.051052093506
  },
  "Joules": {
    "median": 1094807.1600858448,
    "std": 163311.41723352723,
    "max": 1586709.9540896525,
    "min": 1079083.18293575
  },
  "JoulesNormalized": {
    "median": 488330.7184373258,
    "std": 8515.40239278838,
    "max": 508050.4529682158,
    "min": 483551.63302158075
  },
  "NrPatches": {
    "median": 12,
    "std": 2.666666666666667,
    "max": 12,
    "min": 4
  },
  "Joules_Per_PatchMedian": [
    2476.873870682716,
    7300.961749207973,
    9704.757783281802,
    12107.230665504932,
    713232.591659701,
    718217.4667829395,
    957321.5481704952,
    959735.916530657,
    963382.4104856313,
    970386.8045322301,
    972810.5024107755,
    976434.5685992838
  ],
  "ExecutionTime_Per_PatchMedian": [
    22.179173946380615,
    65.47860503196716,
    86.89803290367126,
    108.17808604240417,
    6340.577188014984,
    6385.126186609268,
    8524.557897925377,
    8545.98767209053,
    8578.237211108208,
    8640.335719108582,
    8661.804979085922,
    8694.463962078094
  ],
  "JoulesNormalized_Per_PatchMedian": [
    1092.8749143958096,
    3237.0141458868984,
    4299.964484238625,
    5372.2960836648945,
    319417.6688300015,
    321660.4382069708,
    428005.4533096672,
    429079.60285660625,
    430686.6276102364,
    433788.0819271028,
    434863.53389391303,
    436491.5527093589
  ],
  "Correctness_Per_Patch": [
    "I",
    "I",
    "I",
    "I",
    "I",
    "I",
    "I",
    "I",
    "I",
    "I",
    "I",
    "I"
  ]
}