{
  "TOOL_BUG_ID": "Nopol-Math-4",
  "SLB": {
    "median": 63.4,
    "std": 0.5215361924162102,
    "max": 63.9,
    "min": 62.6
  },
  "PowerAvg": {
    "median": 101.8,
    "std": 0.5215361924162094,
    "max": 102.6,
    "min": 101.3
  },
  "Time": {
    "median": 2562.5452740192413,
    "std": 8.696695541135616,
    "max": 2578.8632810115814,
    "min": 2557.2230660915375
  },
  "Joules": {
    "median": 265566.38909945486,
    "std": 914.4994011568792,
    "max": 267444.03010487556,
    "min": 265139.675214982
  },
  "JoulesNormalized": {
    "median": 103858.56628544332,
    "std": 1315.5111013299033,
    "max": 104578.13453614712,
    "min": 101199.0332227945
  },
  "NrPatches": {
    "median": 2,
    "std": 0.0,
    "max": 2,
    "min": 2
  },
  "Joules_Per_PatchMedian": [
    11474.149499475956,
    61034.1089354992
  ],
  "ExecutionTime_Per_PatchMedian": [
    98.437833070755,
    586.3278222084045
  ],
  "JoulesNormalized_Per_PatchMedian": [
    5289.52902008295,
    24037.557046175
  ],
  "Correctness_Per_Patch": [
    "I",
    "I"
  ]
}