{
  "Group_ID": "s_200_299",
  "TOOL_BUG_ID": "Avatar-Math-79",
  "ExecutionsIds": [
    "200"
  ],
  "NrExecutions": 1,
  "SLB": {
    "median": 136.7,
    "std": 0,
    "max": 136.7,
    "min": 136.7
  },
  "PowerAvg": {
    "median": 146.4,
    "std": 0,
    "max": 146.4,
    "min": 146.4
  },
  "Time": {
    "median": 2054.855443954468,
    "std": 0,
    "max": 2054.855443954468,
    "min": 2054.855443954468
  },
  "Joules": {
    "median": 305353.7923605204,
    "std": 0,
    "max": 305353.7923605204,
    "min": 305353.7923605204
  },
  "JoulesNormalized": {
    "median": 24455.053171944688,
    "std": 0,
    "max": 24455.053171944688,
    "min": 24455.053171944688
  },
  "NrPatches": {
    "median": 0,
    "std": 0,
    "max": 0,
    "min": 0
  },
  "Joules_Per_PatchMedian": [],
  "JoulesNormalized_Per_PatchMedian": [],
  "Correctness_Per_Patch": []
}