{
  "Group_ID": "s_200_299",
  "TOOL_BUG_ID": "jMutRepair-Lang-7",
  "ExecutionsIds": [
    "200",
    "265",
    "280",
    "281",
    "282",
    "283",
    "284"
  ],
  "NrExecutions": 7,
  "NrOutliers": 4,
  "SLB": {
    "median": 63.9,
    "std": 1.0127755357009192,
    "max": 64.0,
    "min": 61.2
  },
  "PowerAvg": {
    "median": 153.7,
    "std": 1.1795883059053123,
    "max": 154.5,
    "min": 150.9
  },
  "Time": {
    "median": 2282.912180185318,
    "std": 22.93511403804708,
    "max": 2315.950781106949,
    "min": 2247.9727640151978
  },
  "Joules": {
    "median": 338287.28477834456,
    "std": 3707.890024764386,
    "max": 344125.1522455692,
    "min": 333906.7805360794
  },
  "JoulesNormalized": {
    "median": 192929.97855436805,
    "std": 2074.0936257258336,
    "max": 195904.3022547245,
    "min": 190379.70191789867
  },
  "NrPatches": {
    "median": 0,
    "std": 0.0,
    "max": 0,
    "min": 0
  },
  "Joules_Per_PatchMedian": [],
  "ExecutionTime_Per_PatchMedian": [],
  "JoulesNormalized_Per_PatchMedian": [],
  "Correctness_Per_Patch": []
}