{
  "TOOL_BUG_ID": "dynamoth-Closure-124",
  "SLB": {
    "median": 63.5,
    "std": 0.5609515724790046,
    "max": 64.7,
    "min": 63.1
  },
  "PowerAvg": {
    "median": 153.5,
    "std": 2.063411414785398,
    "max": 154.1,
    "min": 148.7
  },
  "Time": {
    "median": 3615.380599498749,
    "std": 6103.906579846091,
    "max": 18039.87749505043,
    "min": 2087.2131218910217
  },
  "Joules": {
    "median": 547115.6885250687,
    "std": 971529.622119112,
    "max": 2851542.123427582,
    "min": 317452.38667290204
  },
  "JoulesNormalized": {
    "median": 317195.0299651026,
    "std": 587203.9279601587,
    "max": 1713225.8534898998,
    "min": 185331.79605720038
  },
  "NrPatches": {
    "median": 0.0,
    "std": 0.0,
    "max": 0,
    "min": 0
  },
  "Joules_Per_PatchMedian": [],
  "ExecutionTime_Per_PatchMedian": [],
  "JoulesNormalized_Per_PatchMedian": [],
  "Correctness_Per_Patch": []
}