{
  "Group_ID": "s_200_299",
  "TOOL_BUG_ID": "Avatar-Math-57",
  "ExecutionsIds": [
    "200",
    "250",
    "251",
    "252"
  ],
  "NrExecutions": 4,
  "NrOutliers": 0,
  "SLB": {
    "median": 63.1,
    "std": 2.0451161336217587,
    "max": 66.9,
    "min": 62.4
  },
  "PowerAvg": {
    "median": 105.95,
    "std": 2.5013329779672833,
    "max": 110.9,
    "min": 105.8
  },
  "Time": {
    "median": 17979.856233477592,
    "std": 15.321619902649239,
    "max": 17982.312933921814,
    "min": 17950.127079963684
  },
  "Joules": {
    "median": 1965341.7714222972,
    "std": 34002.941429527535,
    "max": 2032523.8884580603,
    "min": 1962983.5822355398
  },
  "JoulesNormalized": {
    "median": 830943.4333124458,
    "std": 6877.562652859263,
    "max": 843686.9289994603,
    "min": 828597.3180222274
  },
  "NrPatches": {
    "median": 0.0,
    "std": 0.0,
    "max": 0,
    "min": 0
  },
  "Joules_Per_PatchMedian": [],
  "ExecutionTime_Per_PatchMedian": [],
  "JoulesNormalized_Per_PatchMedian": [],
  "Correctness_Per_Patch": []
}