{
  "Group_ID": "s_200_299",
  "TOOL_BUG_ID": "Cardumen-Closure-10",
  "ExecutionsIds": [
    "200"
  ],
  "NrExecutions": 1,
  "SLB": {
    "median": 118.0,
    "std": 0,
    "max": 118.0,
    "min": 118.0
  },
  "PowerAvg": {
    "median": 182.2,
    "std": 0,
    "max": 182.2,
    "min": 182.2
  },
  "Time": {
    "median": 17331.009998083115,
    "std": 0,
    "max": 17331.009998083115,
    "min": 17331.009998083115
  },
  "Joules": {
    "median": 3086114.925165176,
    "std": 0,
    "max": 3086114.925165176,
    "min": 3086114.925165176
  },
  "JoulesNormalized": {
    "median": 1041055.7453913684,
    "std": 0,
    "max": 1041055.7453913684,
    "min": 1041055.7453913684
  },
  "NrPatches": {
    "median": 0,
    "std": 0,
    "max": 0,
    "min": 0
  },
  "Joules_Per_PatchMedian": [],
  "JoulesNormalized_Per_PatchMedian": [],
  "Correctness_Per_Patch": []
}