{
  "TOOL_BUG_ID": "kPAR-Math-42",
  "SLB": {
    "median": 63.4,
    "std": 0.44614753058558904,
    "max": 64.0,
    "min": 62.5
  },
  "PowerAvg": {
    "median": 115.0,
    "std": 4.084523636035581,
    "max": 121.7,
    "min": 110.2
  },
  "Time": {
    "median": 17853.218470811844,
    "std": 5.644521403175161,
    "max": 17855.576324939728,
    "min": 17841.956309080124
  },
  "Joules": {
    "median": 2245833.554940366,
    "std": 34891.81777761167,
    "max": 2288671.5541591416,
    "min": 2192134.433361386
  },
  "JoulesNormalized": {
    "median": 1103399.096764707,
    "std": 30923.907874069795,
    "max": 1155682.22603438,
    "min": 1076275.9677941548
  },
  "NrPatches": {
    "median": 0,
    "std": 0.0,
    "max": 0,
    "min": 0
  },
  "Joules_Per_PatchMedian": [],
  "ExecutionTime_Per_PatchMedian": [],
  "JoulesNormalized_Per_PatchMedian": [],
  "Correctness_Per_Patch": []
}