{
  "TOOL_BUG_ID": "Nopol-Math-44",
  "SLB": {
    "median": 63.25,
    "std": 0.16329931618554405,
    "max": 63.5,
    "min": 63.1
  },
  "PowerAvg": {
    "median": 63.349999999999994,
    "std": 35.55045241156105,
    "max": 150.4,
    "min": 63.2
  },
  "Time": {
    "median": 61.94876539707184,
    "std": 3009.032874764153,
    "max": 7432.433830976486,
    "min": 61.39854121208191
  },
  "Joules": {
    "median": 4085.6014458775517,
    "std": 457915.5776936328,
    "max": 1125734.9922588228,
    "min": 4021.998829948902
  },
  "JoulesNormalized": {
    "median": 175.3885681867598,
    "std": 266834.9235021857,
    "max": 653775.4439918159,
    "min": 127.31504422426224
  },
  "NrPatches": {
    "median": 0.0,
    "std": 0.0,
    "max": 0,
    "min": 0
  },
  "Joules_Per_PatchMedian": [],
  "ExecutionTime_Per_PatchMedian": [],
  "JoulesNormalized_Per_PatchMedian": [],
  "Correctness_Per_Patch": []
}