{
  "Group_ID": "s_200_299",
  "TOOL_BUG_ID": "jMutRepair-Math-84",
  "ExecutionsIds": [
    "265",
    "280",
    "281",
    "282",
    "283",
    "284"
  ],
  "NrExecutions": 6,
  "NrOutliers": 6,
  "SLB": {
    "median": 63.9,
    "std": 0.4370354676682432,
    "max": 64.4,
    "min": 63.1
  },
  "PowerAvg": {
    "median": 119.05,
    "std": 0.4546060565661936,
    "max": 119.7,
    "min": 118.4
  },
  "Time": {
    "median": 39.0086954832077,
    "std": 0.17581108768264705,
    "max": 39.1791090965271,
    "min": 38.69964098930359
  },
  "Joules": {
    "median": 4724.5425299704075,
    "std": 13.021231105452042,
    "max": 4753.941930401325,
    "min": 4719.496294653416
  },
  "JoulesNormalized": {
    "median": 2232.9087438344955,
    "std": 13.499769406152907,
    "max": 2261.2101424455636,
    "min": 2228.7655507683758
  },
  "NrPatches": {
    "median": 4.0,
    "std": 0.0,
    "max": 4,
    "min": 4
  },
  "Joules_Per_PatchMedian": [
    716.7167312741279,
    1284.9648286700249,
    1818.0189665317534,
    2346.3739834427834
  ],
  "ExecutionTime_Per_PatchMedian": [
    5.600372076034546,
    9.918896198272705,
    14.059691190719604,
    18.119640350341797
  ],
  "JoulesNormalized_Per_PatchMedian": [
    342.0311471581459,
    618.2586849570274,
    900.2988790988923,
    1173.9739369392391
  ],
  "Correctness_Per_Patch": [
    "I",
    "I",
    "I",
    "I"
  ]
}