{
  "Group_ID": "s_200_299",
  "TOOL_BUG_ID": "Avatar-Math-35",
  "ExecutionsIds": [
    "200"
  ],
  "NrExecutions": 1,
  "NrOutliers": 0,
  "SLB": {
    "median": 63.2,
    "std": 0,
    "max": 63.2,
    "min": 63.2
  },
  "PowerAvg": {
    "median": 109.1,
    "std": 0,
    "max": 109.1,
    "min": 109.1
  },
  "Time": {
    "median": 17956.3332259655,
    "std": 0,
    "max": 17956.3332259655,
    "min": 17956.3332259655
  },
  "Joules": {
    "median": 1932094.0224433537,
    "std": 0,
    "max": 1932094.0224433537,
    "min": 1932094.0224433537
  },
  "JoulesNormalized": {
    "median": 797253.7625623341,
    "std": 0,
    "max": 797253.7625623341,
    "min": 797253.7625623341
  },
  "NrPatches": {
    "median": 0,
    "std": 0,
    "max": 0,
    "min": 0
  },
  "Joules_Per_PatchMedian": [],
  "ExecutionTime_Per_PatchMedian": [],
  "JoulesNormalized_Per_PatchMedian": [],
  "Correctness_Per_Patch": []
}