{
  "Group_ID": "s_200_299",
  "TOOL_BUG_ID": "FixMiner-Math-35",
  "ExecutionsIds": [
    "200",
    "210",
    "211",
    "250",
    "260"
  ],
  "NrExecutions": 5,
  "NrOutliers": 0,
  "SLB": {
    "median": 62.9,
    "std": 0.5118593556827888,
    "max": 63.5,
    "min": 62.1
  },
  "PowerAvg": {
    "median": 110.8,
    "std": 3.113679495388053,
    "max": 112.0,
    "min": 104.3
  },
  "Time": {
    "median": 177.65604782104492,
    "std": 40.73186921117795,
    "max": 268.63440108299255,
    "min": 177.25639295578003
  },
  "Joules": {
    "median": 19502.74625874758,
    "std": 3568.250738306307,
    "max": 27500.36266787052,
    "min": 19421.324059379098
  },
  "JoulesNormalized": {
    "median": 8388.883489692207,
    "std": 1017.7354107607597,
    "max": 10630.122279858588,
    "min": 8315.01471632719
  },
  "NrPatches": {
    "median": 0,
    "std": 0.0,
    "max": 0,
    "min": 0
  },
  "Joules_Per_PatchMedian": [],
  "ExecutionTime_Per_PatchMedian": [],
  "JoulesNormalized_Per_PatchMedian": [],
  "Correctness_Per_Patch": []
}