{
  "TOOL_BUG_ID": "kPAR-Closure-38",
  "SLB": {
    "median": 64.4,
    "std": 0.7994045402971016,
    "max": 64.9,
    "min": 62.5
  },
  "PowerAvg": {
    "median": 107.8,
    "std": 7.479973261984299,
    "max": 109.0,
    "min": 88.1
  },
  "Time": {
    "median": 166.45652198791504,
    "std": 86.00601510964654,
    "max": 394.3311769962311,
    "min": 165.5569839477539
  },
  "Joules": {
    "median": 17739.28495824337,
    "std": 6925.496272624687,
    "max": 36054.3521774292,
    "min": 17476.097109389306
  },
  "JoulesNormalized": {
    "median": 7020.698513019084,
    "std": 1679.163692359502,
    "max": 11408.65361516476,
    "min": 6801.3823168516155
  },
  "NrPatches": {
    "median": 0,
    "std": 0.0,
    "max": 0,
    "min": 0
  },
  "Joules_Per_PatchMedian": [],
  "ExecutionTime_Per_PatchMedian": [],
  "JoulesNormalized_Per_PatchMedian": [],
  "Correctness_Per_Patch": []
}