{
  "Group_ID": "s_200_299",
  "TOOL_BUG_ID": "Avatar-Closure-73",
  "ExecutionsIds": [
    "200",
    "210",
    "211",
    "212",
    "250",
    "251",
    "260",
    "261"
  ],
  "NrExecutions": 8,
  "NrOutliers": 0,
  "SLB": {
    "median": 62.7,
    "std": 0.653425042154252,
    "max": 63.7,
    "min": 61.6
  },
  "PowerAvg": {
    "median": 114.55000000000001,
    "std": 7.641977586238487,
    "max": 115.2,
    "min": 92.9
  },
  "Time": {
    "median": 2514.945068001747,
    "std": 1652.1738368269666,
    "max": 7206.984050989151,
    "min": 2500.945301055908
  },
  "Joules": {
    "median": 291737.5193581224,
    "std": 140894.08837696206,
    "max": 691612.575535679,
    "min": 290190.3906807781
  },
  "JoulesNormalized": {
    "median": 134075.40485811234,
    "std": 35740.23303390845,
    "max": 235410.48510806577,
    "min": 132522.7265703678
  },
  "NrPatches": {
    "median": 1.0,
    "std": 0.0,
    "max": 1,
    "min": 1
  },
  "Joules_Per_PatchMedian": [
    212396.21444458963
  ],
  "ExecutionTime_Per_PatchMedian": [
    1828.6700911521912
  ],
  "JoulesNormalized_Per_PatchMedian": [
    97506.67283422947
  ],
  "Correctness_Per_Patch": [
    "C"
  ]
}