{
  "Group_ID": "s_200_299",
  "TOOL_BUG_ID": "Avatar-Lang-51",
  "ExecutionsIds": [
    "200",
    "210",
    "211",
    "212",
    "213",
    "214",
    "230",
    "250",
    "251",
    "252",
    "253",
    "254",
    "260",
    "261",
    "262",
    "263"
  ],
  "NrExecutions": 16,
  "NrOutliers": 0,
  "SLB": {
    "median": 63.5,
    "std": 0.2851169350751845,
    "max": 64.2,
    "min": 63.0
  },
  "PowerAvg": {
    "median": 104.2,
    "std": 2.6331144423793402,
    "max": 104.5,
    "min": 93.7
  },
  "Time": {
    "median": 3328.597158432007,
    "std": 466.44955436161933,
    "max": 5201.9072959423065,
    "min": 3316.409441947937
  },
  "Joules": {
    "median": 310794.88192431326,
    "std": 39875.68604834712,
    "max": 470554.07722783095,
    "min": 308650.26095263957
  },
  "JoulesNormalized": {
    "median": 99346.8377787173,
    "std": 10588.937191425619,
    "max": 141273.34539468295,
    "min": 97480.66970455647
  },
  "NrPatches": {
    "median": 1.0,
    "std": 0.0,
    "max": 1,
    "min": 1
  },
  "Joules_Per_PatchMedian": [
    130338.43515129686
  ],
  "ExecutionTime_Per_PatchMedian": [
    1395.3092418909073
  ],
  "JoulesNormalized_Per_PatchMedian": [
    41589.79258238675
  ],
  "Correctness_Per_Patch": [
    "I"
  ]
}