{
  "Group_ID": "s_200_299",
  "TOOL_BUG_ID": "Nopol-Closure-72",
  "ExecutionsIds": [
    "200",
    "280",
    "281",
    "282",
    "283",
    "284"
  ],
  "NrExecutions": 6,
  "NrOutliers": 7,
  "SLB": {
    "median": 62.625,
    "std": 0.19600170067289288,
    "max": 63.0,
    "min": 62.5
  },
  "PowerAvg": {
    "median": 62.7,
    "std": 16.94313036798887,
    "max": 104.2,
    "min": 62.5
  },
  "Time": {
    "median": 61.669154047966,
    "std": 599.3330876464233,
    "max": 1529.6670699119568,
    "min": 61.37873315811157
  },
  "Joules": {
    "median": 4007.0975893199447,
    "std": 68922.68010693148,
    "max": 172834.69313281775,
    "min": 3970.475420975685
  },
  "JoulesNormalized": {
    "median": 139.78558673858652,
    "std": 31155.900799039293,
    "max": 76465.66772836447,
    "min": 117.79794557094556
  },
  "NrPatches": {
    "median": 0.0,
    "std": 0.816496580927726,
    "max": 2,
    "min": 0
  },
  "Joules_Per_PatchMedian": [
    1503.4900925695897,
    4472.100730061531
  ],
  "ExecutionTime_Per_PatchMedian": [
    10.319712519645691,
    33.66924345493317
  ],
  "JoulesNormalized_Per_PatchMedian": [
    427.7530360102654,
    917.5973791182038
  ],
  "Correctness_Per_Patch": [
    "na",
    "na"
  ]
}