{
  "TOOL_BUG_ID": "Prapr-Closure-73",
  "SLB": {
    "median": 62.6,
    "std": 0.05477225575051739,
    "max": 62.6,
    "min": 62.5
  },
  "PowerAvg": {
    "median": 62.7,
    "std": 0.09999999999999787,
    "max": 62.8,
    "min": 62.6
  },
  "Time": {
    "median": 63.9183509349823,
    "std": 0.4565164549318254,
    "max": 64.05843114852905,
    "min": 63.03899812698364
  },
  "Joules": {
    "median": 4233.494047236443,
    "std": 65.25272372953218,
    "max": 4322.989555466175,
    "min": 4145.112621533871
  },
  "JoulesNormalized": {
    "median": 238.56578260660172,
    "std": 43.88988681927823,
    "max": 321.7007869362833,
    "min": 205.17523859739322
  },
  "NrPatches": {
    "median": 0,
    "std": 0.0,
    "max": 0,
    "min": 0
  },
  "Joules_Per_PatchMedian": [],
  "ExecutionTime_Per_PatchMedian": [],
  "JoulesNormalized_Per_PatchMedian": [],
  "Correctness_Per_Patch": []
}