{
  "Group_ID": "s_200_299",
  "TOOL_BUG_ID": "Nopol-Math-50",
  "ExecutionsIds": [
    "200",
    "280",
    "281",
    "282",
    "283",
    "284"
  ],
  "NrExecutions": 6,
  "NrOutliers": 5,
  "SLB": {
    "median": 63.099999999999994,
    "std": 1.8196153439669596,
    "max": 67.3,
    "min": 62.5
  },
  "PowerAvg": {
    "median": 63.15,
    "std": 38.05845066035487,
    "max": 156.2,
    "min": 62.5
  },
  "Time": {
    "median": 61.81796753406525,
    "std": 7299.080728589042,
    "max": 17940.809890031815,
    "min": 61.599164962768555
  },
  "Joules": {
    "median": 4076.900002962351,
    "std": 1052231.9246557276,
    "max": 2581502.65538739,
    "min": 4018.257366502285
  },
  "JoulesNormalized": {
    "median": 179.70459975600284,
    "std": 560893.3206785109,
    "max": 1374086.1497882488,
    "min": 134.15523021221225
  },
  "NrPatches": {
    "median": 0.0,
    "std": 2.449489742783178,
    "max": 6,
    "min": 0
  },
  "Joules_Per_PatchMedian": [
    37336.781536221504,
    70775.62633876801,
    71403.15274283887,
    893596.556482476,
    942968.8857311904,
    983317.0390281379
  ],
  "ExecutionTime_Per_PatchMedian": [
    194.93559658527374,
    369.6018440723419,
    372.88179063796997,
    4664.1156977415085,
    4919.249883770943,
    5142.434936881065
  ],
  "JoulesNormalized_Per_PatchMedian": [
    615.11684442759,
    1050.3339487195044,
    1059.0974269151716,
    13721.958697378599,
    15000.135815733636,
    16005.109523904288
  ],
  "Correctness_Per_Patch": [
    "I",
    "I",
    "I",
    "I",
    "I",
    "I"
  ]
}