{
  "Group_ID": "s_200_299",
  "TOOL_BUG_ID": "jMutRepair-Lang-39",
  "ExecutionsIds": [
    "200",
    "250",
    "265",
    "266",
    "267",
    "268",
    "269"
  ],
  "NrExecutions": 7,
  "NrOutliers": 0,
  "SLB": {
    "median": 64.0,
    "std": 0.7810249675906656,
    "max": 65.8,
    "min": 63.8
  },
  "PowerAvg": {
    "median": 65.4,
    "std": 1.1716898663286037,
    "max": 68.2,
    "min": 65.2
  },
  "Time": {
    "median": 1408.8687279224396,
    "std": 3.999607787651513,
    "max": 1419.5289318561554,
    "min": 1408.3281757831573
  },
  "Joules": {
    "median": 120629.10471134186,
    "std": 1619.4352203528879,
    "max": 124330.73390266896,
    "min": 120239.4165297389
  },
  "JoulesNormalized": {
    "median": 30305.295154714593,
    "std": 350.40632616151225,
    "max": 31029.022287869462,
    "min": 30191.26410694122
  },
  "NrPatches": {
    "median": 0,
    "std": 0.0,
    "max": 0,
    "min": 0
  },
  "Joules_Per_PatchMedian": [],
  "ExecutionTime_Per_PatchMedian": [],
  "JoulesNormalized_Per_PatchMedian": [],
  "Correctness_Per_Patch": []
}