{
  "Group_ID": "s_200_299",
  "TOOL_BUG_ID": "FixMiner-Chart-12",
  "ExecutionsIds": [
    "200",
    "210",
    "211",
    "250",
    "260"
  ],
  "NrExecutions": 5,
  "NrOutliers": 0,
  "SLB": {
    "median": 63.5,
    "std": 0.39749213828703556,
    "max": 63.7,
    "min": 62.7
  },
  "PowerAvg": {
    "median": 111.7,
    "std": 10.230200389044192,
    "max": 112.3,
    "min": 88.9
  },
  "Time": {
    "median": 5263.1616060733795,
    "std": 5675.8968634537505,
    "max": 17950.12665104866,
    "min": 5233.186830997467
  },
  "Joules": {
    "median": 594535.2973329306,
    "std": 447358.5950884241,
    "max": 1594471.1542922137,
    "min": 592919.1055133818
  },
  "JoulesNormalized": {
    "median": 262203.21625723835,
    "std": 85675.62263001535,
    "max": 452843.099285519,
    "min": 259565.1043788431
  },
  "NrPatches": {
    "median": 0,
    "std": 0.0,
    "max": 0,
    "min": 0
  },
  "Joules_Per_PatchMedian": [],
  "ExecutionTime_Per_PatchMedian": [],
  "JoulesNormalized_Per_PatchMedian": [],
  "Correctness_Per_Patch": []
}