{
  "Group_ID": "s_200_299",
  "TOOL_BUG_ID": "Prapr-Lang-33",
  "ExecutionsIds": [
    "250",
    "251",
    "252",
    "253",
    "254"
  ],
  "NrExecutions": 5,
  "NrOutliers": 0,
  "SLB": {
    "median": 61.7,
    "std": 0.2280350850198279,
    "max": 62.1,
    "min": 61.5
  },
  "PowerAvg": {
    "median": 121.7,
    "std": 1.2547908192204833,
    "max": 122.9,
    "min": 119.69999999999999
  },
  "Time": {
    "median": 1.3408398628234863,
    "std": 0.022924067644348022,
    "max": 1.3799030780792236,
    "min": 1.3191730976104736
  },
  "Joules": {
    "median": 162.1684751868248,
    "std": 2.583771586937865,
    "max": 164.59342321157456,
    "min": 157.89348919391634
  },
  "JoulesNormalized": {
    "median": 79.31077259778976,
    "std": 1.6318717531696318,
    "max": 80.82296651601791,
    "min": 76.50050907135011
  },
  "NrPatches": {
    "median": 1,
    "std": 0.0,
    "max": 1,
    "min": 1
  },
  "Joules_Per_PatchMedian": [
    137.85157059431077
  ],
  "ExecutionTime_Per_PatchMedian": [
    1.1201958656311035
  ],
  "JoulesNormalized_Per_PatchMedian": [
    68.4107057094574
  ],
  "Correctness_Per_Patch": [
    "na"
  ]
}