{
  "TOOL_BUG_ID": "Avatar-Math-104",
  "SLB": {
    "median": 62.05,
    "std": 0.3997767233987338,
    "max": 62.5,
    "min": 61.5
  },
  "PowerAvg": {
    "median": 99.05,
    "std": 0.426781978465419,
    "max": 99.7,
    "min": 98.5
  },
  "Time": {
    "median": 17993.331088662148,
    "std": 0.6118413842720455,
    "max": 17993.629433870316,
    "min": 17991.70990204811
  },
  "Joules": {
    "median": 1784798.9215218425,
    "std": 7372.4790800565,
    "max": 1798211.030582905,
    "min": 1778510.4404181952
  },
  "JoulesNormalized": {
    "median": 675170.309775246,
    "std": 9504.927403897585,
    "max": 677218.5694051976,
    "min": 654193.7555693865
  },
  "NrPatches": {
    "median": 0.0,
    "std": 0.0,
    "max": 0,
    "min": 0
  },
  "Joules_Per_PatchMedian": [],
  "ExecutionTime_Per_PatchMedian": [],
  "JoulesNormalized_Per_PatchMedian": [],
  "Correctness_Per_Patch": []
}