{
  "TOOL_BUG_ID": "SimFix-Math-6",
  "SLB": {
    "median": 63.2,
    "std": 0.3361547262794311,
    "max": 63.8,
    "min": 62.9
  },
  "PowerAvg": {
    "median": 116.8,
    "std": 7.394254526319739,
    "max": 117.5,
    "min": 100.4
  },
  "Time": {
    "median": 12410.280590057373,
    "std": 586.7111593019384,
    "max": 12973.068578958511,
    "min": 11417.57587313652
  },
  "Joules": {
    "median": 1469249.4297871233,
    "std": 160852.08276264486,
    "max": 1514028.5979019282,
    "min": 1116166.628297508
  },
  "JoulesNormalized": {
    "median": 683137.4832273956,
    "std": 131774.63069714236,
    "max": 698022.584285438,
    "min": 387725.287591398
  },
  "NrPatches": {
    "median": 21,
    "std": 1.140175425099138,
    "max": 22,
    "min": 19
  },
  "Joules_Per_PatchMedian": [
    9107.200978374482,
    79897.12460831404,
    151631.8551225901,
    223496.37990157603,
    295121.20433230395,
    366281.7727496862,
    437251.95711735485,
    508132.061662662,
    579906.3785930157,
    650681.5238277197,
    722228.6913772345,
    793474.5638162732,
    864356.4248566031,
    935879.5478865862,
    1006671.4951433062,
    1077728.0471297144,
    1149121.2377999781,
    1221031.1655989168,
    1291506.9909130929,
    1364005.6004456696,
    1434324.887348163,
    1485269.3642447588
  ],
  "ExecutionTime_Per_PatchMedian": [
    76.3983941078186,
    680.1250653266907,
    1285.3325612545013,
    1893.797423362732,
    2500.423894405365,
    3104.1502923965454,
    3706.5168993473053,
    4310.427777051926,
    4913.629413366318,
    5517.175756454468,
    6124.582031488419,
    6730.328254461288,
    7334.475497245789,
    7941.581926107407,
    8542.528526067734,
    9146.194889068604,
    9752.448832988739,
    10358.126226186752,
    10957.972821235657,
    11563.529876232147,
    12165.585974216461,
    12726.332666635513
  ],
  "JoulesNormalized_Per_PatchMedian": [
    4278.822470760346,
    36978.15183655024,
    70396.98748354914,
    103992.53182537554,
    137307.6585873365,
    170227.92526359556,
    203245.57606610056,
    236144.0689306855,
    269573.33578264713,
    302442.60599358083,
    335606.8367672444,
    368686.88502684835,
    401530.3669768453,
    434746.3312896014,
    467554.1921528459,
    500545.8961112857,
    533741.7164383888,
    567080.7533167123,
    599785.7236527085,
    633043.7983784496,
    666162.1960371136,
    684783.0395133852
  ],
  "Correctness_Per_Patch": [
    "I",
    "I",
    "I",
    "I",
    "I",
    "I",
    "I",
    "I",
    "I",
    "I",
    "I",
    "I",
    "I",
    "I",
    "I",
    "I",
    "I",
    "I",
    "I",
    "I",
    "I",
    "I"
  ]
}