{
  "Group_ID": "s_200_299",
  "TOOL_BUG_ID": "FixMiner-Closure-10",
  "ExecutionsIds": [
    "200",
    "210",
    "211",
    "212",
    "250",
    "251",
    "260",
    "261"
  ],
  "NrExecutions": 8,
  "NrOutliers": 0,
  "SLB": {
    "median": 62.85,
    "std": 0.39545407896673407,
    "max": 63.4,
    "min": 62.3
  },
  "PowerAvg": {
    "median": 120.8,
    "std": 3.612453657636515,
    "max": 121.4,
    "min": 110.8
  },
  "Time": {
    "median": 1023.8979731798172,
    "std": 307.97498902743274,
    "max": 1901.098581790924,
    "min": 1022.8169391155243
  },
  "Joules": {
    "median": 126706.51965171099,
    "std": 28576.997706097285,
    "max": 207745.25131236317,
    "min": 125679.95643253328
  },
  "JoulesNormalized": {
    "median": 62032.8311235428,
    "std": 9323.023185829841,
    "max": 88546.37023407222,
    "min": 61770.39775941372
  },
  "NrPatches": {
    "median": 0.0,
    "std": 0.0,
    "max": 0,
    "min": 0
  },
  "Joules_Per_PatchMedian": [],
  "ExecutionTime_Per_PatchMedian": [],
  "JoulesNormalized_Per_PatchMedian": [],
  "Correctness_Per_Patch": []
}