{
  "Group_ID": "s_200_299",
  "TOOL_BUG_ID": "jGenProg-Lang-22",
  "ExecutionsIds": [
    "280",
    "281",
    "282",
    "283",
    "284"
  ],
  "NrExecutions": 5,
  "NrOutliers": 13,
  "SLB": {
    "median": 63.2,
    "std": 0.13038404810405155,
    "max": 63.3,
    "min": 63.0
  },
  "PowerAvg": {
    "median": 67.3,
    "std": 0.6985699678629148,
    "max": 68.6,
    "min": 66.9
  },
  "Time": {
    "median": 58.599238872528076,
    "std": 0.3723741212042322,
    "max": 59.218491077423096,
    "min": 58.318318128585815
  },
  "Joules": {
    "median": 5260.868786346912,
    "std": 40.74829177087135,
    "max": 5322.106541597844,
    "min": 5214.410882747174
  },
  "JoulesNormalized": {
    "median": 1562.5254109144212,
    "std": 21.790478350863726,
    "max": 1591.3416037201887,
    "min": 1534.5250088334087
  },
  "NrPatches": {
    "median": 0,
    "std": 0.0,
    "max": 0,
    "min": 0
  },
  "Joules_Per_PatchMedian": [],
  "ExecutionTime_Per_PatchMedian": [],
  "JoulesNormalized_Per_PatchMedian": [],
  "Correctness_Per_Patch": []
}