{
  "Group_ID": "s_200_299",
  "TOOL_BUG_ID": "Avatar-Math-49",
  "ExecutionsIds": [
    "210",
    "211",
    "230",
    "250",
    "260"
  ],
  "NrExecutions": 5,
  "NrOutliers": 5,
  "SLB": {
    "median": 63.7,
    "std": 0.23874672772626657,
    "max": 64.0,
    "min": 63.4
  },
  "PowerAvg": {
    "median": 117.8,
    "std": 0.32710854467591804,
    "max": 118.1,
    "min": 117.4
  },
  "Time": {
    "median": 805.0026078224182,
    "std": 12.332206379683399,
    "max": 824.7213101387024,
    "min": 799.5429470539093
  },
  "Joules": {
    "median": 96561.7460263133,
    "std": 1283.221396649752,
    "max": 98103.63587042093,
    "min": 95128.08670309783
  },
  "JoulesNormalized": {
    "median": 45041.57912567853,
    "std": 600.1943583844964,
    "max": 45856.78381658792,
    "min": 44197.2009757638
  },
  "NrPatches": {
    "median": 3,
    "std": 0.0,
    "max": 3,
    "min": 3
  },
  "Joules_Per_PatchMedian": [
    4269.787024968862,
    7698.785708111525,
    11140.96400875449
  ],
  "ExecutionTime_Per_PatchMedian": [
    34.5392609834671,
    63.36901247501373,
    91.81814694404602
  ],
  "JoulesNormalized_Per_PatchMedian": [
    1319.9507606148718,
    2405.73714107275,
    3453.444144678115
  ],
  "Correctness_Per_Patch": [
    "I",
    "I",
    "I"
  ]
}