{
  "Group_ID": "s_200_299",
  "TOOL_BUG_ID": "TBar-Closure-70",
  "ExecutionsIds": [
    "200"
  ],
  "NrExecutions": 1,
  "NrOutliers": 0,
  "SLB": {
    "median": 62.2,
    "std": 0,
    "max": 62.2,
    "min": 62.2
  },
  "PowerAvg": {
    "median": 97.9,
    "std": 0,
    "max": 97.9,
    "min": 97.9
  },
  "Time": {
    "median": 17943.25099015236,
    "std": 0,
    "max": 17943.25099015236,
    "min": 17943.25099015236
  },
  "Joules": {
    "median": 1825605.6927919504,
    "std": 0,
    "max": 1825605.6927919504,
    "min": 1825605.6927919504
  },
  "JoulesNormalized": {
    "median": 709535.4812044736,
    "std": 0,
    "max": 709535.4812044736,
    "min": 709535.4812044736
  },
  "NrPatches": {
    "median": 0,
    "std": 0,
    "max": 0,
    "min": 0
  },
  "Joules_Per_PatchMedian": [],
  "ExecutionTime_Per_PatchMedian": [],
  "JoulesNormalized_Per_PatchMedian": [],
  "Correctness_Per_Patch": []
}