{
  "Group_ID": "s_200_299",
  "TOOL_BUG_ID": "jGenProg-Math-50",
  "ExecutionsIds": [
    "250",
    "255",
    "280"
  ],
  "NrExecutions": 3,
  "NrOutliers": 1,
  "SLB": {
    "median": 64.0,
    "std": 0.5999999999999979,
    "max": 64.6,
    "min": 63.4
  },
  "PowerAvg": {
    "median": 104.7,
    "std": 1.501110699893032,
    "max": 104.7,
    "min": 102.1
  },
  "Time": {
    "median": 17620.52816581726,
    "std": 1.916053494696218,
    "max": 17622.561480998993,
    "min": 17618.731817007065
  },
  "Joules": {
    "median": 1896057.5060041656,
    "std": 29960.391023092936,
    "max": 1900731.3113883017,
    "min": 1846659.5872681732
  },
  "JoulesNormalized": {
    "median": 762561.2360096453,
    "std": 20901.104438449485,
    "max": 768213.5712202301,
    "min": 729518.1015553589
  },
  "NrPatches": {
    "median": 184,
    "std": 2.309401076758503,
    "max": 184,
    "min": 180
  },
  "Joules_Per_PatchMedian": [
    8195.287358480691,
    16651.486311095952,
    25374.944984781745,
    41615.10074605942,
    49794.91663082838,
    58219.86178722978,
    66488.96428302527,
    83096.25123918056,
    91151.23084613681,
    99212.47103787662,
    107420.07441189885,
    115870.76832227707,
    140571.6173263669,
    148951.0360675931,
    157850.56334748864,
    165920.90091695785,
    174021.83230894804,
    199387.18121679424,
    216564.66544606088,
    232899.84932069178,
    245434.8541576564,
    253935.19618527888,
    262099.56797536608,
    270690.10642775893,
    279184.8955460489,
    287258.1358036637,
    295585.9374601423,
    304014.1258514761,
    312506.82448953384,
    321039.5458185076,
    329263.42718008155,
    337362.5425790071,
    345424.15122922056,
    353642.39423836465,
    366221.37598699925,
    378608.24306479096,
    386711.9714062273,
    394843.64066971536,
    403149.4274140417,
    411411.6608089566,
    423854.891789931,
    436500.7862247109,
    444776.64853408333,
    453103.90148441785,
    465590.8193346262,
    478153.3545100689,
    486832.3250380814,
    495259.8426342725,
    503635.9988778412,
    512204.1544219613,
    520726.1578003168,
    529251.6783331633,
    541951.4084844054,
    554449.694011736,
    562995.1001806736,
    571408.5510196926,
    579563.3864025236,
    591977.655873257,
    600137.6000823141,
    608518.9654773653,
    617167.293197626,
    625391.1392018319,
    642073.2419537248,
    650242.5908005179,
    658469.2354715408,
    666879.045106423,
    675162.0032502355,
    683646.6377630176,
    692382.9432264984,
    704739.8324819983,
    721398.0621462644,
    737836.4476901531,
    746327.5025998473,
    754963.3796281576,
    763516.4552431166,
    771807.7393525541,
    780079.0274754106,
    788531.8833818018,
    797063.083169204,
    805554.210401511,
    813922.747688049,
    822234.482641816,
    830489.7919463275,
    839042.2013606785,
    847519.4313767313,
    855782.9805890798,
    864368.5872161209,
    872862.6934675872,
    880998.8235548616,
    889267.1631808638,
    898048.979928118,
    906765.0212123394,
    915005.3988821566,
    927388.6237251579,
    939684.5858722329,
    956471.108859086,
    973200.699200952,
    989797.107337898,
    1010255.6760844528,
    1026871.6344836175,
    1039372.8425053121,
    1048094.597211206,
    1056904.5888293863,
    1065421.2423285365,
    1073747.3031772673,
    1086611.9996880232,
    1103474.1620039581,
    1120223.8440019488,
    1132720.1850715694,
    1141047.0755649745,
    1153694.4190444527,
    1166179.577775687,
    1174614.804509616,
    1183336.4881742895,
    1191972.8003196598,
    1200709.5208790838,
    1213499.3881252767,
    1234487.5222496628,
    1251373.88533802,
    1259944.2247663555,
    1268713.0428217112,
    1277342.349688208,
    1285696.9733425258,
    1293985.2222915054,
    1303120.0147872148,
    1312117.2994438827,
    1320518.8166212738,
    1328825.6814466238,
    1337004.5532014489,
    1345235.0131362379,
    1357665.4949866533,
    1374352.7338527618,
    1391014.6245786846,
    1403213.166745156,
    1420317.574612868,
    1437184.8483837247,
    1446108.8880164921,
    1454893.6747609796,
    1467420.2730182768,
    1479942.6819432857,
    1488289.7843090892,
    1501138.2293073477,
    1509393.0707778456,
    1522585.5664597694,
    1535490.3140201452,
    1556597.3999056225,
    1570043.8716278495,
    1586718.3155076508,
    1595978.0117859785,
    1604489.8101332728,
    1613344.0868829612,
    1621675.2019085828,
    1629941.5606424753,
    1638255.7136259917,
    1646472.4318809337,
    1654822.3621656185,
    1663023.9647003836,
    1671294.3582406943,
    1679368.7559677367,
    1687943.7125934963,
    1696118.3574805802,
    1704672.0456144519,
    1713096.8762521395,
    1726127.0351010747,
    1734420.5331675597,
    1727903.7942987685,
    1736071.12062856,
    1744119.0914054397,
    1752627.630130303,
    1761178.8760045054,
    1769640.0141776921,
    1778230.3990239026,
    1786415.9385815621,
    1794687.3375614048,
    1803490.079708183,
    1811989.4121939421,
    1820150.6016427875,
    1836963.6352088333,
    1845046.5959805609,
    1853444.2548015357,
    1833817.5006961464,
    1841804.9347625135,
    1850148.0429047702,
    1858260.5706842542
  ],