{
  "Group_ID": "s_200_299",
  "TOOL_BUG_ID": "kPAR-Closure-21",
  "ExecutionsIds": [
    "200"
  ],
  "NrExecutions": 1,
  "NrOutliers": 0,
  "SLB": {
    "median": 63.9,
    "std": 0,
    "max": 63.9,
    "min": 63.9
  },
  "PowerAvg": {
    "median": 107.7,
    "std": 0,
    "max": 107.7,
    "min": 107.7
  },
  "Time": {
    "median": 177.81611800193787,
    "std": 0,
    "max": 177.81611800193787,
    "min": 177.81611800193787
  },
  "Joules": {
    "median": 18873.54961289167,
    "std": 0,
    "max": 18873.54961289167,
    "min": 18873.54961289167
  },
  "JoulesNormalized": {
    "median": 7511.0996725678415,
    "std": 0,
    "max": 7511.0996725678415,
    "min": 7511.0996725678415
  },
  "NrPatches": {
    "median": 0,
    "std": 0,
    "max": 0,
    "min": 0
  },
  "Joules_Per_PatchMedian": [],
  "ExecutionTime_Per_PatchMedian": [],
  "JoulesNormalized_Per_PatchMedian": [],
  "Correctness_Per_Patch": []
}