{
  "Group_ID": "s_200_299",
  "TOOL_BUG_ID": "jGenProg-Math-56",
  "ExecutionsIds": [
    "200",
    "265",
    "266"
  ],
  "NrExecutions": 3,
  "NrOutliers": 0,
  "SLB": {
    "median": 63.3,
    "std": 0.9291573243177556,
    "max": 64.8,
    "min": 63.1
  },
  "PowerAvg": {
    "median": 182.4,
    "std": 1.562049935181333,
    "max": 185.0,
    "min": 182.2
  },
  "Time": {
    "median": 17661.076965093613,
    "std": 0.22819204623324693,
    "max": 17661.463793039322,
    "min": 17661.06064605713
  },
  "Joules": {
    "median": 3204047.8074465524,
    "std": 27213.595870674497,
    "max": 3250363.790605365,
    "min": 3202449.755750394
  },
  "JoulesNormalized": {
    "median": 2089634.8806803476,
    "std": 11171.104860482841,
    "max": 2105900.9368164167,
    "min": 2084503.5838599682
  },
  "NrPatches": {
    "median": 2,
    "std": 0.0,
    "max": 2,
    "min": 2
  },
  "Joules_Per_PatchMedian": [
    394836.3814158917,
    994587.1143816232
  ],
  "ExecutionTime_Per_PatchMedian": [
    2274.870138168335,
    5492.15712428093
  ],
  "JoulesNormalized_Per_PatchMedian": [
    251206.38798608785,
    638695.332728219
  ],
  "Correctness_Per_Patch": [
    "I",
    "I"
  ]
}