{
  "Group_ID": "s_200_299",
  "TOOL_BUG_ID": "Nopol-Closure-33",
  "ExecutionsIds": [
    "200",
    "210",
    "211",
    "212",
    "213",
    "214",
    "230",
    "250",
    "251",
    "252",
    "253",
    "260",
    "261",
    "262",
    "263"
  ],
  "NrExecutions": 15,
  "NrOutliers": 0,
  "SLB": {
    "median": 62.8,
    "std": 0.5229950377621286,
    "max": 64.0,
    "min": 61.8
  },
  "PowerAvg": {
    "median": 143.2,
    "std": 11.675786911382033,
    "max": 149.6,
    "min": 104.5
  },
  "Time": {
    "median": 3329.427762031555,
    "std": 6811.119362095977,
    "max": 17957.05415201187,
    "min": 2174.511106967926
  },
  "Joules": {
    "median": 475104.72874739167,
    "std": 904875.7094095668,
    "max": 2403632.480328715,
    "min": 291039.04317829607
  },
  "JoulesNormalized": {
    "median": 245428.6825776935,
    "std": 478886.1897648524,
    "max": 1292090.82831918,
    "min": 156654.25676767825
  },
  "NrPatches": {
    "median": 3,
    "std": 0.50709255283711,
    "max": 4,
    "min": 3
  },
  "Joules_Per_PatchMedian": [
    3558.2667650341987,
    5624.054876863956,
    6018.12751737833,
    291609.57818694704
  ],
  "ExecutionTime_Per_PatchMedian": [
    29.319770097732544,
    47.11903429031372,
    50.17876100540161,
    2383.3175365924835
  ],
  "JoulesNormalized_Per_PatchMedian": [
    1709.3204266071323,
    2663.235658216476,
    2868.369705080986,
    141572.57975329753
  ],
  "Correctness_Per_Patch": [
    "na",
    "na",
    "na",
    "na"
  ]
}