{
  "TOOL_BUG_ID": "dynamoth-Closure-16",
  "SLB": {
    "median": 64.7,
    "std": 0.3130495168499698,
    "max": 65.3,
    "min": 64.5
  },
  "PowerAvg": {
    "median": 152.5,
    "std": 0.8584870412533917,
    "max": 153.6,
    "min": 151.7
  },
  "Time": {
    "median": 6875.525722980499,
    "std": 2186.8322231648904,
    "max": 9070.558408021927,
    "min": 3685.099499940872
  },
  "Joules": {
    "median": 1023827.741435981,
    "std": 334991.2727302609,
    "max": 1374676.6663137793,
    "min": 547655.6242312074
  },
  "JoulesNormalized": {
    "median": 579668.7797314408,
    "std": 192327.66679109036,
    "max": 787811.5373147606,
    "min": 309229.68658503296
  },
  "NrPatches": {
    "median": 0,
    "std": 0.0,
    "max": 0,
    "min": 0
  },
  "Joules_Per_PatchMedian": [],
  "ExecutionTime_Per_PatchMedian": [],
  "JoulesNormalized_Per_PatchMedian": [],
  "Correctness_Per_Patch": []
}