{
  "Group_ID": "s_200_299",
  "TOOL_BUG_ID": "TBar-Lang-21",
  "ExecutionsIds": [
    "200"
  ],
  "NrExecutions": 1,
  "NrOutliers": 0,
  "SLB": {
    "median": 63.2,
    "std": 0,
    "max": 63.2,
    "min": 63.2
  },
  "PowerAvg": {
    "median": 83.8,
    "std": 0,
    "max": 83.8,
    "min": 83.8
  },
  "Time": {
    "median": 17979.308802127838,
    "std": 0,
    "max": 17979.308802127838,
    "min": 17979.308802127838
  },
  "Joules": {
    "median": 1571988.5863835455,
    "std": 0,
    "max": 1571988.5863835455,
    "min": 1571988.5863835455
  },
  "JoulesNormalized": {
    "median": 435696.2700890661,
    "std": 0,
    "max": 435696.2700890661,
    "min": 435696.2700890661
  },
  "NrPatches": {
    "median": 0,
    "std": 0,
    "max": 0,
    "min": 0
  },
  "Joules_Per_PatchMedian": [],
  "ExecutionTime_Per_PatchMedian": [],
  "JoulesNormalized_Per_PatchMedian": [],
  "Correctness_Per_Patch": []
}