{
  "TOOL_BUG_ID": "Nopol-Math-88",
  "SLB": {
    "median": 64.15,
    "std": 0.5125101625008724,
    "max": 65.4,
    "min": 64.1
  },
  "PowerAvg": {
    "median": 64.25,
    "std": 16.575121920114697,
    "max": 104.8,
    "min": 64.1
  },
  "Time": {
    "median": 61.31880557537079,
    "std": 1645.2654149963353,
    "max": 4091.3473110198975,
    "min": 60.97794198989868
  },
  "Joules": {
    "median": 4133.002888673544,
    "std": 183976.4374043578,
    "max": 454748.52117935417,
    "min": 4008.88219602108
  },
  "JoulesNormalized": {
    "median": 175.77473597526546,
    "std": 76345.06950724144,
    "max": 187174.40703865286,
    "min": 100.1961144685747
  },
  "NrPatches": {
    "median": 0.0,
    "std": 1.632993161855452,
    "max": 4,
    "min": 0
  },
  "Joules_Per_PatchMedian": [
    266.9731321811676,
    422477.40275822283,
    422586.43276886945,
    422684.8777465224
  ],
  "ExecutionTime_Per_PatchMedian": [
    1.7697994709014893,
    3604.111051440239,
    3604.9002903699875,
    3605.6304918527603
  ],
  "JoulesNormalized_Per_PatchMedian": [
    78.93107107281686,
    34765.94205972553,
    34788.433699893954,
    34809.56371552945
  ],
  "Correctness_Per_Patch": [
    "I",
    "I",
    "I",
    "I"
  ]
}