{
  "TOOL_BUG_ID": "Avatar-Mockito-38",
  "SLB": {
    "median": 63.9,
    "std": 0.28675298207215244,
    "max": 64.6,
    "min": 63.3
  },
  "PowerAvg": {
    "median": 136.3,
    "std": 4.177394674031443,
    "max": 137.2,
    "min": 106.0
  },
  "Time": {
    "median": 95.37788605690002,
    "std": 44.15089856298229,
    "max": 423.09102988243103,
    "min": 94.63790011405945
  },
  "Joules": {
    "median": 12738.53267288208,
    "std": 4125.281304128615,
    "max": 43350.247746646404,
    "min": 12534.841817867757
  },
  "JoulesNormalized": {
    "median": 6652.661783838273,
    "std": 1264.382002477297,
    "max": 16018.567216241361,
    "min": 6425.706437933445
  },
  "NrPatches": {
    "median": 1,
    "std": 0.0,
    "max": 1,
    "min": 1
  },
  "Joules_Per_PatchMedian": [
    10832.01387153864
  ],
  "ExecutionTime_Per_PatchMedian": [
    80.75815892219543
  ],
  "JoulesNormalized_Per_PatchMedian": [
    5675.452935266494
  ],
  "Correctness_Per_Patch": [
    "I"
  ]
}