{
  "Group_ID": "s_200_299",
  "TOOL_BUG_ID": "SimFix-Math-81",
  "ExecutionsIds": [
    "280",
    "281",
    "282",
    "283"
  ],
  "NrExecutions": 4,
  "NrOutliers": 4,
  "SLB": {
    "median": 63.95,
    "std": 0.21602468994692844,
    "max": 64.3,
    "min": 63.8
  },
  "PowerAvg": {
    "median": 108.15,
    "std": 1.0242883708539632,
    "max": 109.3,
    "min": 107.3
  },
  "Time": {
    "median": 17993.698246479034,
    "std": 0.7653491065672509,
    "max": 17994.039312124252,
    "min": 17992.338534116745
  },
  "Joules": {
    "median": 1950508.9765694495,
    "std": 16979.76776075256,
    "max": 1969790.4213510514,
    "min": 1937211.7020163415
  },
  "JoulesNormalized": {
    "median": 799540.0290548026,
    "std": 19518.87815084074,
    "max": 821879.2228744032,
    "min": 780738.8474976297
  },
  "NrPatches": {
    "median": 0.0,
    "std": 0.0,
    "max": 0,
    "min": 0
  },
  "Joules_Per_PatchMedian": [],
  "ExecutionTime_Per_PatchMedian": [],
  "JoulesNormalized_Per_PatchMedian": [],
  "Correctness_Per_Patch": []
}