{
  "TOOL_BUG_ID": "dynamoth-Math-78",
  "SLB": {
    "median": 64.625,
    "std": 0.21746647251166526,
    "max": 65.0,
    "min": 64.5
  },
  "PowerAvg": {
    "median": 153.15,
    "std": 1.1460075625114017,
    "max": 155.0,
    "min": 152.3
  },
  "Time": {
    "median": 18057.09387099743,
    "std": 278.59819282059857,
    "max": 18174.176291942596,
    "min": 17566.311006069183
  },
  "Joules": {
    "median": 2701825.6817379827,
    "std": 50277.85026111921,
    "max": 2706784.625123871,
    "min": 2603313.4272965183
  },
  "JoulesNormalized": {
    "median": 1530760.981338906,
    "std": 30817.077962053714,
    "max": 1533788.4380260468,
    "min": 1470286.367405056
  },
  "NrPatches": {
    "median": 1.0,
    "std": 0.0,
    "max": 1,
    "min": 1
  },
  "Joules_Per_PatchMedian": [
    918630.5157676697
  ],
  "ExecutionTime_Per_PatchMedian": [
    6677.712151050568
  ],
  "JoulesNormalized_Per_PatchMedian": [
    487586.1483761549
  ],
  "Correctness_Per_Patch": [
    "I"
  ]
}