{
  "TOOL_BUG_ID": "Cardumen-Closure-55",
  "SLB": {
    "median": 61.7,
    "std": 0,
    "max": 61.7,
    "min": 61.7
  },
  "PowerAvg": {
    "median": 174.3,
    "std": 0,
    "max": 174.3,
    "min": 174.3
  },
  "Time": {
    "median": 17365.78947710991,
    "std": 0,
    "max": 17365.78947710991,
    "min": 17365.78947710991
  },
  "Joules": {
    "median": 2976649.04034629,
    "std": 0,
    "max": 2976649.04034629,
    "min": 2976649.04034629
  },
  "JoulesNormalized": {
    "median": 1905179.8296086085,
    "std": 0,
    "max": 1905179.8296086085,
    "min": 1905179.8296086085
  },
  "NrPatches": {
    "median": 0,
    "std": 0,
    "max": 0,
    "min": 0
  },
  "Joules_Per_PatchMedian": [],
  "ExecutionTime_Per_PatchMedian": [],
  "JoulesNormalized_Per_PatchMedian": [],
  "Correctness_Per_Patch": []
}