{
  "Group_ID": "s_200_299",
  "TOOL_BUG_ID": "Avatar-Time-17",
  "ExecutionsIds": [
    "200"
  ],
  "NrExecutions": 1,
  "NrOutliers": 0,
  "SLB": {
    "median": 64.7,
    "std": 0,
    "max": 64.7,
    "min": 64.7
  },
  "PowerAvg": {
    "median": 94.2,
    "std": 0,
    "max": 94.2,
    "min": 94.2
  },
  "Time": {
    "median": 4244.347807884216,
    "std": 0,
    "max": 4244.347807884216,
    "min": 4244.347807884216
  },
  "Joules": {
    "median": 408483.25711437466,
    "std": 0,
    "max": 408483.25711437466,
    "min": 408483.25711437466
  },
  "JoulesNormalized": {
    "median": 133873.95394426584,
    "std": 0,
    "max": 133873.95394426584,
    "min": 133873.95394426584
  },
  "NrPatches": {
    "median": 0,
    "std": 0,
    "max": 0,
    "min": 0
  },
  "Joules_Per_PatchMedian": [],
  "ExecutionTime_Per_PatchMedian": [],
  "JoulesNormalized_Per_PatchMedian": [],
  "Correctness_Per_Patch": []
}