{
  "Group_ID": "s_200_299",
  "TOOL_BUG_ID": "kPAR-Mockito-29",
  "ExecutionsIds": [
    "200"
  ],
  "NrExecutions": 1,
  "NrOutliers": 0,
  "SLB": {
    "median": 63.9,
    "std": 0,
    "max": 63.9,
    "min": 63.9
  },
  "PowerAvg": {
    "median": 99.0,
    "std": 0,
    "max": 99.0,
    "min": 99.0
  },
  "Time": {
    "median": 17932.66921401024,
    "std": 0,
    "max": 17932.66921401024,
    "min": 17932.66921401024
  },
  "Joules": {
    "median": 1771577.0762999882,
    "std": 0,
    "max": 1771577.0762999882,
    "min": 1771577.0762999882
  },
  "JoulesNormalized": {
    "median": 625679.513524734,
    "std": 0,
    "max": 625679.513524734,
    "min": 625679.513524734
  },
  "NrPatches": {
    "median": 0,
    "std": 0,
    "max": 0,
    "min": 0
  },
  "Joules_Per_PatchMedian": [],
  "ExecutionTime_Per_PatchMedian": [],
  "JoulesNormalized_Per_PatchMedian": [],
  "Correctness_Per_Patch": []
}