{
  "Group_ID": "s_200_299",
  "TOOL_BUG_ID": "dynamoth-Time-7",
  "ExecutionsIds": [
    "210",
    "211",
    "212",
    "213",
    "214"
  ],
  "NrExecutions": 5,
  "NrOutliers": 0,
  "SLB": {
    "median": 63.3,
    "std": 0.39623225512317606,
    "max": 64.1,
    "min": 63.1
  },
  "PowerAvg": {
    "median": 153.2,
    "std": 2.68700576850888,
    "max": 156.2,
    "min": 150.0
  },
  "Time": {
    "median": 7044.684017896652,
    "std": 7170.712812007379,
    "max": 18081.859528064728,
    "min": 4139.348689079285
  },
  "Joules": {
    "median": 1012415.3396916627,
    "std": 1088139.395135257,
    "max": 2672120.74659679,
    "min": 561698.9792887211
  },
  "JoulesNormalized": {
    "median": 566486.8413588046,
    "std": 630769.1135777462,
    "max": 1528804.305898927,
    "min": 299264.2724010945
  },
  "NrPatches": {
    "median": 0,
    "std": 0.0,
    "max": 0,
    "min": 0
  },
  "Joules_Per_PatchMedian": [],
  "ExecutionTime_Per_PatchMedian": [],
  "JoulesNormalized_Per_PatchMedian": [],
  "Correctness_Per_Patch": []
}