{
  "TOOL_BUG_ID": "Avatar-Mockito-29",
  "SLB": {
    "median": 63.7,
    "std": 0.3224276600411263,
    "max": 64.6,
    "min": 63.0
  },
  "PowerAvg": {
    "median": 142.1,
    "std": 5.866799671357323,
    "max": 142.7,
    "min": 99.6
  },
  "Time": {
    "median": 603.7063941955566,
    "std": 368.1590065586813,
    "max": 3335.6469979286194,
    "min": 594.9671940803528
  },
  "Joules": {
    "median": 83644.40573521853,
    "std": 32974.52222048936,
    "max": 328279.9775498629,
    "min": 82193.84887179137
  },
  "JoulesNormalized": {
    "median": 45222.3816489339,
    "std": 9435.108106932836,
    "max": 115132.13438222409,
    "min": 43877.96157301665
  },
  "NrPatches": {
    "median": 3,
    "std": 0.0,
    "max": 3,
    "min": 3
  },
  "Joules_Per_PatchMedian": [
    21196.087600743773,
    62947.08207589388,
    67563.93656255006
  ],
  "ExecutionTime_Per_PatchMedian": [
    155.35655307769775,
    455.2297508716583,
    488.3490619659424
  ],
  "JoulesNormalized_Per_PatchMedian": [
    11312.333740508555,
    33955.24149912595,
    36457.16337327956
  ],
  "Correctness_Per_Patch": [
    "I",
    "C",
    "na"
  ]
}