{
  "Group_ID": "s_200_299",
  "TOOL_BUG_ID": "Prapr-Math-50",
  "ExecutionsIds": [
    "210",
    "211",
    "212",
    "213",
    "214"
  ],
  "NrExecutions": 5,
  "NrOutliers": 0,
  "SLB": {
    "median": 64.5,
    "std": 0.16431676725154784,
    "max": 64.6,
    "min": 64.2
  },
  "PowerAvg": {
    "median": 118.1,
    "std": 0.3209361307176244,
    "max": 118.8,
    "min": 118.0
  },
  "Time": {
    "median": 21.259207010269165,
    "std": 0.15629951979664128,
    "max": 21.459625959396362,
    "min": 21.05876898765564
  },
  "Joules": {
    "median": 2527.977279162407,
    "std": 20.41681711419894,
    "max": 2559.7110740303992,
    "min": 2506.208394753933
  },
  "JoulesNormalized": {
    "median": 1161.0102684020997,
    "std": 8.087983527628754,
    "max": 1173.4192370533945,
    "min": 1153.3191174507142
  },
  "NrPatches": {
    "median": 40,
    "std": 0.0,
    "max": 40,
    "min": 40
  },
  "Joules_Per_PatchMedian": [
    1198.518709743023,
    1198.518709743023,
    1198.518709743023,
    1198.518709743023,
    1198.518709743023,
    1198.518709743023,
    1198.518709743023,
    1198.518709743023,
    1198.518709743023,
    1198.518709743023,
    1198.518709743023,
    1198.518709743023,
    1198.518709743023,
    1198.518709743023,
    1198.518709743023,
    1198.518709743023,
    1198.518709743023,
    1198.518709743023,
    1198.518709743023,
    1198.518709743023,
    1198.518709743023,
    1198.518709743023,
    1198.518709743023,
    1198.518709743023,
    1198.518709743023,
    1198.518709743023,
    1198.518709743023,
    1198.518709743023,
    1198.518709743023,
    1198.518709743023,
    1198.518709743023,
    1198.518709743023,
    1198.518709743023,
    1198.518709743023,
    1198.518709743023,
    1198.518709743023,
    1198.518709743023,
    1198.518709743023,
    1198.518709743023,
    1198.518709743023
  ],
  "ExecutionTime_Per_PatchMedian": [
    10.240567922592163,
    10.240567922592163,
    10.240567922592163,
    10.240567922592163,
    10.240567922592163,
    10.240567922592163,
    10.240567922592163,
    10.240567922592163,
    10.240567922592163,
    10.240567922592163,
    10.240567922592163,
    10.240567922592163,
    10.240567922592163,
    10.240567922592163,
    10.240567922592163,
    10.240567922592163,
    10.240567922592163,
    10.240567922592163,
    10.240567922592163,
    10.240567922592163,
    10.240567922592163,
    10.240567922592163,
    10.240567922592163,
    10.240567922592163,
    10.240567922592163,
    10.240567922592163,
    10.240567922592163,
    10.240567922592163,
    10.240567922592163,
    10.240567922592163,
    10.240567922592163,
    10.240567922592163,
    10.240567922592163,
    10.240567922592163,
    10.240567922592163,
    10.240567922592163,
    10.240567922592163,
    10.240567922592163,
    10.240567922592163,
    10.240567922592163
  ],
  "JoulesNormalized_Per_PatchMedian": [
    541.4728813767434,
    541.4728813767434,
    541.4728813767434,
    541.4728813767434,
    541.4728813767434,
    541.4728813767434,
    541.4728813767434,
    541.4728813767434,
    541.4728813767434,
    541.4728813767434,
    541.4728813767434,
    541.4728813767434,
    541.4728813767434,
    541.4728813767434,
    541.4728813767434,
    541.4728813767434,
    541.4728813767434,
    541.4728813767434,
    541.4728813767434,
    541.4728813767434,
    541.4728813767434,
    541.4728813767434,
    541.4728813767434,
    541.4728813767434,
    541.4728813767434,
    541.4728813767434,
    541.4728813767434,
    541.4728813767434,
    541.4728813767434,
    541.4728813767434,
    541.4728813767434,
    541.4728813767434,
    541.4728813767434,
    541.4728813767434,
    541.4728813767434,
    541.4728813767434,
    541.4728813767434,
    541.4728813767434,
    541.4728813767434,
    541.4728813767434
  ],
  "Correctness_Per_Patch": [
    "I",
    "I",
    "I",
    "I",
    "I",
    "I",
    "I",
    "I",
    "I",
    "I",
    "C",
    "na",
    "na",
    "na",
    "na",
    "na",
    "na",
    "na",
    "na",
    "na",
    "na",
    "na",
    "na",
    "na",
    "na",
    "na",
    "na",
    "na",
    "na",
    "na",
    "na",
    "na",
    "na",
    "na",
    "na",
    "na",
    "na",
    "na",
    "na",
    "na"
  ]
}