{
  "Group_ID": "s_200_299",
  "TOOL_BUG_ID": "Avatar-Math-82",
  "ExecutionsIds": [
    "210",
    "280",
    "281",
    "282",
    "283",
    "284"
  ],
  "NrExecutions": 6,
  "NrOutliers": 3,
  "SLB": {
    "median": 62.650000000000006,
    "std": 0.49665548085837935,
    "max": 63.7,
    "min": 62.3
  },
  "PowerAvg": {
    "median": 119.8,
    "std": 0.939680796866681,
    "max": 120.7,
    "min": 118.2
  },
  "Time": {
    "median": 5565.528725028038,
    "std": 88.98643738307489,
    "max": 5772.857472896576,
    "min": 5539.477446079254
  },
  "Joules": {
    "median": 677600.519231385,
    "std": 7730.996389341471,
    "max": 688886.9443831921,
    "min": 671830.3713197827
  },
  "JoulesNormalized": {
    "median": 327234.426503861,
    "std": 4886.52101774068,
    "max": 336087.82157230383,
    "min": 320928.63077467674
  },
  "NrPatches": {
    "median": 3.0,
    "std": 0.0,
    "max": 3,
    "min": 3
  },
  "Joules_Per_PatchMedian": [
    638565.3452726841,
    668083.2683160424,
    677113.3252433003
  ],
  "ExecutionTime_Per_PatchMedian": [
    5208.682751893997,
    5451.968100905418,
    5525.94637131691
  ],
  "JoulesNormalized_Per_PatchMedian": [
    302893.5589718221,
    318590.59572972055,
    322883.3473078608
  ],
  "Correctness_Per_Patch": [
    "I",
    "C",
    "I"
  ]
}