{
  "Group_ID": "s_200_299",
  "TOOL_BUG_ID": "kPAR-Chart-17",
  "ExecutionsIds": [
    "200",
    "210",
    "250",
    "260"
  ],
  "NrExecutions": 4,
  "NrOutliers": 0,
  "SLB": {
    "median": 62.45,
    "std": 0.4112987559751023,
    "max": 62.9,
    "min": 61.9
  },
  "PowerAvg": {
    "median": 111.5,
    "std": 0.18257418583505536,
    "max": 111.7,
    "min": 111.3
  },
  "Time": {
    "median": 4826.831022024155,
    "std": 58.31616684217966,
    "max": 4919.771440982819,
    "min": 4782.756693124771
  },
  "Joules": {
    "median": 546229.7718533278,
    "std": 6261.964700794029,
    "max": 557009.4054623483,
    "min": 542788.4964601279
  },
  "JoulesNormalized": {
    "median": 246003.88472347846,
    "std": 2122.9004309081524,
    "max": 248037.69014809135,
    "min": 243866.20313982968
  },
  "NrPatches": {
    "median": 1.0,
    "std": 0.0,
    "max": 1,
    "min": 1
  },
  "Joules_Per_PatchMedian": [
    20677.64680337906
  ],
  "ExecutionTime_Per_PatchMedian": [
    183.04607605934143
  ],
  "JoulesNormalized_Per_PatchMedian": [
    9266.607367849352
  ],
  "Correctness_Per_Patch": [
    "I"
  ]
}