{
  "TOOL_BUG_ID": "Avatar-Lang-33",
  "SLB": {
    "median": 63.8,
    "std": 0,
    "max": 63.8,
    "min": 63.8
  },
  "PowerAvg": {
    "median": 77.7,
    "std": 0,
    "max": 77.7,
    "min": 77.7
  },
  "Time": {
    "median": 17984.588534116745,
    "std": 0,
    "max": 17984.588534116745,
    "min": 17984.588534116745
  },
  "Joules": {
    "median": 1628430.448657822,
    "std": 0,
    "max": 1628430.448657822,
    "min": 1628430.448657822
  },
  "JoulesNormalized": {
    "median": 481013.70018117386,
    "std": 0,
    "max": 481013.70018117386,
    "min": 481013.70018117386
  },
  "NrPatches": {
    "median": 0,
    "std": 0,
    "max": 0,
    "min": 0
  },
  "Joules_Per_PatchMedian": [],
  "ExecutionTime_Per_PatchMedian": [],
  "JoulesNormalized_Per_PatchMedian": [],
  "Correctness_Per_Patch": []
}