{
  "Group_ID": "s_200_299",
  "TOOL_BUG_ID": "Nopol-Closure-3",
  "ExecutionsIds": [
    "200",
    "210",
    "211",
    "212",
    "213",
    "214",
    "215",
    "216",
    "217",
    "230",
    "250",
    "251",
    "252",
    "253",
    "254",
    "260",
    "261",
    "262",
    "263",
    "264"
  ],
  "NrExecutions": 20,
  "NrOutliers": 0,
  "SLB": {
    "median": 64.6,
    "std": 0.2711937547798222,
    "max": 64.75,
    "min": 63.7
  },
  "PowerAvg": {
    "median": 114.0,
    "std": 14.90631798230112,
    "max": 154.0,
    "min": 106.0
  },
  "Time": {
    "median": 3113.3803119659424,
    "std": 3464.4589918056645,
    "max": 18011.995651960373,
    "min": 2760.4402492046356
  },
  "Joules": {
    "median": 387826.70117905736,
    "std": 546145.8812576062,
    "max": 2744981.212466704,
    "min": 340555.8049646139
  },
  "JoulesNormalized": {
    "median": 187029.63596672413,
    "std": 326459.4932893006,
    "max": 1597617.0894368284,
    "min": 161507.80493576528
  },
  "NrPatches": {
    "median": 14.0,
    "std": 0.0,
    "max": 14,
    "min": 14
  },
  "Joules_Per_PatchMedian": [
    3412.9035247564316,
    19584.233268970253,
    119192.99825108051,
    132070.6045537591,
    133266.38515559438,
    148143.89937541488,
    149948.03691545132,
    150611.92035772803,
    156823.04707016353,
    157470.60820397738,
    164529.2355667353,
    178524.94688524606,
    179322.28493228558,
    180983.16474258903
  ],
  "ExecutionTime_Per_PatchMedian": [
    27.079769015312195,
    166.43621301651,
    1053.646656036377,
    1153.3643050193787,
    1162.3339976072311,
    1282.391682624817,
    1296.4711850881577,
    1301.3111361265182,
    1351.419977068901,
    1356.4197070598602,
    1419.828717470169,
    1531.4762032032013,
    1537.1057891845703,
    1549.6659824848175
  ],
  "JoulesNormalized_Per_PatchMedian": [
    1667.5333280861375,
    8904.008449101448,
    51400.25542147159,
    57677.30985950232,
    58294.24630626441,
    65428.0898090601,
    66324.55945485234,
    66676.2240506649,
    69654.4695394218,
    69979.48009371161,
    73189.17312393189,
    79742.21675483586,
    80176.41952558162,
    81034.92553229333
  ],
  "Correctness_Per_Patch": [
    "na",
    "na",
    "na",
    "na",
    "na",
    "na",
    "na",
    "na",
    "na",
    "na",
    "na",
    "na",
    "na",
    "na"
  ]
}