{
  "Group_ID": "s_200_299",
  "TOOL_BUG_ID": "FixMiner-Closure-63",
  "ExecutionsIds": [
    "200",
    "210",
    "211",
    "212",
    "250",
    "251",
    "260",
    "261"
  ],
  "NrExecutions": 8,
  "NrOutliers": 0,
  "SLB": {
    "median": 62.225,
    "std": 0.6933034276975284,
    "max": 63.4,
    "min": 61.2
  },
  "PowerAvg": {
    "median": 62.3,
    "std": 0.812403840463597,
    "max": 64.0,
    "min": 61.3
  },
  "Time": {
    "median": 62.77847611904144,
    "std": 3.681424462523282,
    "max": 73.11852693557739,
    "min": 62.31883001327515
  },
  "Joules": {
    "median": 4121.873363178969,
    "std": 312.7375350354501,
    "max": 4993.048646771908,
    "min": 4042.0771882295608
  },
  "JoulesNormalized": {
    "median": 211.3489153861999,
    "std": 69.87238573356456,
    "max": 357.33403905630166,
    "min": 154.04110482931128
  },
  "NrPatches": {
    "median": 0.0,
    "std": 0.0,
    "max": 0,
    "min": 0
  },
  "Joules_Per_PatchMedian": [],
  "ExecutionTime_Per_PatchMedian": [],
  "JoulesNormalized_Per_PatchMedian": [],
  "Correctness_Per_Patch": []
}