{
  "TOOL_BUG_ID": "Avatar-Closure-40",
  "SLB": {
    "median": 63.9,
    "std": 0,
    "max": 63.9,
    "min": 63.9
  },
  "PowerAvg": {
    "median": 117.0,
    "std": 0,
    "max": 117.0,
    "min": 117.0
  },
  "Time": {
    "median": 17937.86878490448,
    "std": 0,
    "max": 17937.86878490448,
    "min": 17937.86878490448
  },
  "Joules": {
    "median": 2160693.362995255,
    "std": 0,
    "max": 2160693.362995255,
    "min": 2160693.362995255
  },
  "JoulesNormalized": {
    "median": 1014463.5476398587,
    "std": 0,
    "max": 1014463.5476398587,
    "min": 1014463.5476398587
  },
  "NrPatches": {
    "median": 0,
    "std": 0,
    "max": 0,
    "min": 0
  },
  "Joules_Per_PatchMedian": [],
  "ExecutionTime_Per_PatchMedian": [],
  "JoulesNormalized_Per_PatchMedian": [],
  "Correctness_Per_Patch": []
}