{
  "TOOL_BUG_ID": "Nopol-Closure-127",
  "SLB": {
    "median": 65.3,
    "std": 0.5165053511608373,
    "max": 66.0,
    "min": 64.3
  },
  "PowerAvg": {
    "median": 153.9,
    "std": 12.504137093156187,
    "max": 156.4,
    "min": 117.2
  },
  "Time": {
    "median": 1998.9662330150604,
    "std": 835.7481500150577,
    "max": 3274.485993862152,
    "min": 486.82892084121704
  },
  "Joules": {
    "median": 286347.4365514517,
    "std": 133365.8634054294,
    "max": 504533.1884995461,
    "min": 71198.37179379463
  },
  "JoulesNormalized": {
    "median": 157067.39469232562,
    "std": 78850.54017871055,
    "max": 290709.2531003476,
    "min": 39067.66301827431
  },
  "NrPatches": {
    "median": 1.0,
    "std": 0.0,
    "max": 1,
    "min": 1
  },
  "Joules_Per_PatchMedian": [
    1572.463022005558
  ],
  "ExecutionTime_Per_PatchMedian": [
    11.059732913970947
  ],
  "JoulesNormalized_Per_PatchMedian": [
    826.1558386683464
  ],
  "Correctness_Per_Patch": [
    "na"
  ]
}