{
  "Group_ID": "s_200_299",
  "TOOL_BUG_ID": "Prapr-Math-75",
  "ExecutionsIds": [
    "210",
    "211",
    "212",
    "213",
    "214"
  ],
  "NrExecutions": 5,
  "NrOutliers": 0,
  "SLB": {
    "median": 64.6,
    "std": 0.0,
    "max": 64.6,
    "min": 64.6
  },
  "PowerAvg": {
    "median": 111.95,
    "std": 0.42219663665168816,
    "max": 112.85,
    "min": 111.8
  },
  "Time": {
    "median": 12.219161033630371,
    "std": 0.10360590400334975,
    "max": 12.300498008728027,
    "min": 12.040081977844238
  },
  "Joules": {
    "median": 1448.7405471920965,
    "std": 14.706473291783546,
    "max": 1463.8177918434142,
    "min": 1426.6760793209078
  },
  "JoulesNormalized": {
    "median": 659.3827444195746,
    "std": 8.077977632035417,
    "max": 669.2056204795837,
    "min": 648.8867835521701
  },
  "NrPatches": {
    "median": 1,
    "std": 0.0,
    "max": 1,
    "min": 1
  },
  "Joules_Per_PatchMedian": [
    1379.1956651449204
  ],
  "ExecutionTime_Per_PatchMedian": [
    11.639620065689087
  ],
  "JoulesNormalized_Per_PatchMedian": [
    627.2762089014055
  ],
  "Correctness_Per_Patch": [
    "C"
  ]
}