{
  "Group_ID": "s_200_299",
  "TOOL_BUG_ID": "Nopol-Closure-114",
  "ExecutionsIds": [
    "200",
    "210",
    "211",
    "250",
    "251",
    "260",
    "261"
  ],
  "NrExecutions": 7,
  "NrOutliers": 0,
  "SLB": {
    "median": 63.8,
    "std": 0.38156944072506327,
    "max": 64.3,
    "min": 63.2
  },
  "PowerAvg": {
    "median": 147.6,
    "std": 13.475586390633563,
    "max": 150.7,
    "min": 113.2
  },
  "Time": {
    "median": 14255.246434926987,
    "std": 3607.6018653291076,
    "max": 16039.661376953125,
    "min": 5621.23336482048
  },
  "Joules": {
    "median": 1983500.2200038903,
    "std": 533651.4789760157,
    "max": 2245419.4095428227,
    "min": 692796.7560412168
  },
  "JoulesNormalized": {
    "median": 1073132.5175949687,
    "std": 305088.70009652764,
    "max": 1229306.8613128425,
    "min": 333599.9440291881
  },
  "NrPatches": {
    "median": 2,
    "std": 0.0,
    "max": 2,
    "min": 2
  },
  "Joules_Per_PatchMedian": [
    3219.850917029381,
    77620.01289461851
  ],
  "ExecutionTime_Per_PatchMedian": [
    25.879436016082764,
    710.5247449874878
  ],
  "JoulesNormalized_Per_PatchMedian": [
    1566.1549556016923,
    32480.912687575816
  ],
  "Correctness_Per_Patch": [
    "na",
    "na"
  ]
}