{
  "TOOL_BUG_ID": "Prapr-Lang-43",
  "SLB": {
    "median": 62.2,
    "std": 0.4037325847637268,
    "max": 62.7,
    "min": 61.7
  },
  "PowerAvg": {
    "median": 111.2,
    "std": 0.141421356237309,
    "max": 111.5,
    "min": 111.2
  },
  "Time": {
    "median": 5456.656651973724,
    "std": 14.019625334996082,
    "max": 5470.8992240428925,
    "min": 5435.619863986969
  },
  "Joules": {
    "median": 612942.8300335526,
    "std": 1747.057816578099,
    "max": 615829.0753967287,
    "min": 611152.3935529114
  },
  "JoulesNormalized": {
    "median": 272803.69404923933,
    "std": 1730.2866069670306,
    "max": 276267.1146067738,
    "min": 271845.99060325633
  },
  "NrPatches": {
    "median": 2,
    "std": 0.0,
    "max": 2,
    "min": 2
  },
  "Joules_Per_PatchMedian": [
    612918.6496732474,
    612918.6496732474
  ],
  "ExecutionTime_Per_PatchMedian": [
    5456.436841011047,
    5456.436841011047
  ],
  "JoulesNormalized_Per_PatchMedian": [
    272792.5069890381,
    272792.5069890381
  ],
  "Correctness_Per_Patch": [
    "na",
    "na"
  ]
}