{
  "TOOL_BUG_ID": "SimFix-Closure-115",
  "SLB": {
    "median": 63.4,
    "std": 0.7123903424387499,
    "max": 63.9,
    "min": 61.6
  },
  "PowerAvg": {
    "median": 120.0,
    "std": 1.2093386622447808,
    "max": 120.9,
    "min": 116.9
  },
  "Time": {
    "median": 6104.787739992142,
    "std": 1258.48985033399,
    "max": 9911.663788080215,
    "min": 6089.208212137222
  },
  "Joules": {
    "median": 755989.8722648978,
    "std": 138901.73105780047,
    "max": 1171869.1754545453,
    "min": 747494.1822588088
  },
  "JoulesNormalized": {
    "median": 368352.78228600015,
    "std": 59221.99119045544,
    "max": 544460.8576690677,
    "min": 362931.628171897
  },
  "NrPatches": {
    "median": 4,
    "std": 0.6666666666666667,
    "max": 6,
    "min": 4
  },
  "Joules_Per_PatchMedian": [
    11845.42256592512,
    31526.391418194773,
    454683.1741041302,
    474838.9388664483,
    852377.8620593189,
    872949.3663711189
  ],
  "ExecutionTime_Per_PatchMedian": [
    98.59784293174744,
    263.35405230522156,
    3704.7167098522186,
    3868.4925270080566,
    7315.920557022095,
    7489.096820116043
  ],
  "JoulesNormalized_Per_PatchMedian": [
    5670.120436143875,
    14889.317061161997,
    221736.49214050773,
    230995.32617017033,
    389280.09079982043,
    398889.53765777353
  ],
  "Correctness_Per_Patch": [
    "I",
    "I",
    "I",
    "I",
    "I",
    "I"
  ]
}