{
  "Group_ID": "s_200_299",
  "TOOL_BUG_ID": "FixMiner-Math-82",
  "ExecutionsIds": [
    "265",
    "266",
    "280"
  ],
  "NrExecutions": 3,
  "NrOutliers": 2,
  "SLB": {
    "median": 63.4,
    "std": 0.7571877794400326,
    "max": 64.6,
    "min": 63.2
  },
  "PowerAvg": {
    "median": 104.0,
    "std": 3.1754264805429413,
    "max": 109.5,
    "min": 104.0
  },
  "Time": {
    "median": 17992.41042995453,
    "std": 0.08785712959455613,
    "max": 17992.513309001923,
    "min": 17992.338505983353
  },
  "Joules": {
    "median": 1908394.338175953,
    "std": 60815.68592974737,
    "max": 2013518.5777317884,
    "min": 1907972.3692227006
  },
  "JoulesNormalized": {
    "median": 771267.4970470313,
    "std": 47358.125103438586,
    "max": 851213.5102452638,
    "min": 767253.5479635836
  },
  "NrPatches": {
    "median": 0,
    "std": 0.0,
    "max": 0,
    "min": 0
  },
  "Joules_Per_PatchMedian": [],
  "ExecutionTime_Per_PatchMedian": [],
  "JoulesNormalized_Per_PatchMedian": [],
  "Correctness_Per_Patch": []
}