{
  "Group_ID": "s_200_299",
  "TOOL_BUG_ID": "kPAR-Math-15",
  "ExecutionsIds": [
    "210",
    "211",
    "250",
    "260"
  ],
  "NrExecutions": 4,
  "NrOutliers": 0,
  "SLB": {
    "median": 62.8,
    "std": 0.23935677693908292,
    "max": 63.05,
    "min": 62.5
  },
  "PowerAvg": {
    "median": 112.95,
    "std": 0.35590260840104476,
    "max": 113.2,
    "min": 112.5
  },
  "Time": {
    "median": 17687.62030017376,
    "std": 6.933779500840438,
    "max": 17698.75711297989,
    "min": 17682.558830022812
  },
  "Joules": {
    "median": 1991000.4490772304,
    "std": 10109.59259222198,
    "max": 1995183.2585139282,
    "min": 1973678.9229582313
  },
  "JoulesNormalized": {
    "median": 882070.9478042128,
    "std": 12283.728931619167,
    "max": 885303.1566851495,
    "min": 858793.588725293
  },
  "NrPatches": {
    "median": 0.0,
    "std": 0.0,
    "max": 0,
    "min": 0
  },
  "Joules_Per_PatchMedian": [],
  "ExecutionTime_Per_PatchMedian": [],
  "JoulesNormalized_Per_PatchMedian": [],
  "Correctness_Per_Patch": []
}