{
  "TOOL_BUG_ID": "dynamoth-Math-49",
  "SLB": {
    "median": 62.75,
    "std": 0.3915780041490233,
    "max": 63.1,
    "min": 62.2
  },
  "PowerAvg": {
    "median": 146.2,
    "std": 0.8057087976847902,
    "max": 147.5,
    "min": 145.6
  },
  "Time": {
    "median": 11807.85862314701,
    "std": 6646.058795744595,
    "max": 18722.622439861298,
    "min": 3333.7447929382324
  },
  "Joules": {
    "median": 1651747.3158685386,
    "std": 946157.3426883133,
    "max": 2683522.4122757805,
    "min": 493012.5379773975
  },
  "JoulesNormalized": {
    "median": 915456.4302637517,
    "std": 529765.8203576634,
    "max": 1505869.4608085048,
    "min": 282653.24154299503
  },
  "NrPatches": {
    "median": 0.5,
    "std": 0.5773502691896257,
    "max": 1,
    "min": 0
  },
  "Joules_Per_PatchMedian": [
    1244529.9630578817
  ],
  "ExecutionTime_Per_PatchMedian": [
    9020.709706425667
  ],
  "JoulesNormalized_Per_PatchMedian": [
    680970.8675436914
  ],
  "Correctness_Per_Patch": [
    "I"
  ]
}