{
    "TOOL_BUG_ID": "codegen_2B-Mockito-34",
    "Time": {
        "mean": 118.72995102405548,
        "median": 118.63653802871704,
        "std": 1.1522509259729183,
        "max": 120.23640871047974,
        "min": 117.3374330997467,
        "count": 6
    },
    "Joules": {
        "mean": 20034.73664877415,
        "median": 20047.59571861029,
        "std": 946.7836273889815,
        "max": 21060.821124362945,
        "min": 18941.408986055856,
        "count": 6
    },
    "JoulesNormalized": {
        "mean": 9867.696450507641,
        "median": 10492.604083168508,
        "std": 3013.359396798269,
        "max": 12151.275492382052,
        "min": 3940.1090294122687,
        "count": 6
    },
    "NrExecutions": 6,
    "ExecutionsIds": [
        "s0",
        "s1",
        "s2",
        "s3",
        "s4",
        "s5"
    ],
    "ExecutionsInferenceIds": [
        "s0",
        "s1"
    ],
    "NrExecutionsInference": 2,
    "ExecutionTime_Per_PatchMedian": [
        5.589200973510742,
        27.12865948677063,
        49.348273396492004,
        61.17797040939331,
        83.06743240356445,
        86.87727737426758,
        90.04709899425507,
        111.8466854095459,
        115.66660487651825,
        118.63653802871704
    ],
    "Joules_Per_PatchMedian": [
        2376.9402599513533,
        5846.171478480101,
        9430.632537055015,
        10915.810614317656,
        14400.195152640343,
        14979.831112766266,
        15435.071692407131,
        18979.60353390574,
        19565.458598428966,
        20047.59571861029
    ],
    "JoulesNormalized_Per_PatchMedian": [
        607.6206178724765,
        2569.8625401854515,
        4627.2336406648155,
        5372.144827020168,
        7354.209755188226,
        7670.122498023509,
        7909.848603349923,
        9884.269392490387,
        10201.953419846297,
        10492.604083168508
    ],
    "Inf_ExecutionTime": {
        "mean": 1.8493214845657349,
        "median": 1.8493214845657349,
        "std": 0.028144822498604817,
        "max": 1.86922287940979,
        "min": 1.8294200897216797,
        "count": 2
    },
    "Inf_Joules": {
        "mean": 1798.1895025908948,
        "median": 1798.1895025908948,
        "std": 22.73209828043958,
        "max": 1814.2635234355926,
        "min": 1782.1154817461968,
        "count": 2
    },
    "Inf_JoulesNormalized": {
        "mean": 296.75148732066145,
        "median": 296.75148732066145,
        "std": 5.70323463935413,
        "max": 300.7842832088468,
        "min": 292.71869143247613,
        "count": 2
    },
    "Val_ExecutionTime": [
        3.7398794889450073,
        25.279338002204895,
        47.49895191192627,
        59.328648924827576,
        81.21811091899872,
        85.02795588970184,
        88.19777750968933,
        109.99736392498016,
        113.81728339195251,
        116.7872165441513
    ],
    "Val_Joules": [
        578.7507573604585,
        4047.9819758892054,
        7632.443034464121,
        9117.621111726763,
        12602.005650049448,
        13181.641610175371,
        13636.882189816235,
        17181.414031314845,
        17767.26909583807,
        18249.406216019393
    ],
    "Val_JoulesNormalized": [
        310.8691305518151,
        2273.1110528647896,
        4330.482153344154,
        5075.393339699507,
        7057.458267867564,
        7373.371010702848,
        7613.097116029262,
        9587.517905169725,
        9905.201932525635,
        10195.852595847846
    ],
    "NrPatches": {
        "median": 1,
        "std": 0.0,
        "max": 1,
        "min": 1
    },
    "Correctness_Per_Patch": [
        "W",
        "W",
        "W",
        "C",
        "W",
        "W",
        "W",
        "W",
        "W",
        "W"
    ],
    "Correctness_Per_Patch_original": [
        "uncompilable",
        "wrong",
        "wrong",
        "plausible",
        "wrong",
        "uncompilable",
        "uncompilable",
        "wrong",
        "uncompilable",
        "uncompilable"
    ],
    "patches": [
        "        if (m instanceof CapturesArguments && k < i.getArguments().length) {\n"
    ],
    "Correctness_Per_Patch_origina": [
        "uncompilable",
        "wrong",
        "wrong",
        "plausible",
        "wrong",
        "uncompilable",
        "uncompilable",
        "wrong",
        "uncompilable",
        "uncompilable"
    ]
}