{
    "TOOL_BUG_ID": "incoder_1B-Closure-113",
    "Time": {
        "mean": 240.04104750156404,
        "median": 239.10894238948822,
        "std": 1.896821119126303,
        "max": 243.28956139087677,
        "min": 238.64892184734344,
        "count": 5
    },
    "Joules": {
        "mean": 29105.6687548852,
        "median": 29002.455079734325,
        "std": 194.66878422417489,
        "max": 29437.790830338006,
        "min": 28978.949298489097,
        "count": 5
    },
    "JoulesNormalized": {
        "mean": 13607.187517403363,
        "median": 13577.845900434255,
        "std": 104.67568035348505,
        "max": 13764.58504564166,
        "min": 13483.140318995713,
        "count": 5
    },
    "NrExecutions": 5,
    "ExecutionsIds": [
        "s0",
        "s1",
        "s2",
        "s3",
        "s4"
    ],
    "ExecutionsInferenceIds": [
        "s0",
        "s1"
    ],
    "NrExecutionsInference": 2,
    "ExecutionTime_Per_PatchMedian": [
        70.91315448284149,
        73.9130734205246,
        144.42127692699432,
        147.401162981987,
        152.42107594013214,
        222.92927944660187,
        227.92918646335602,
        229.90917026996613,
        234.9091192483902,
        239.10894238948822
    ],
    "Joules_Per_PatchMedian": [
        8886.88319259882,
        9205.99934836626,
        17681.942474013566,
        18002.40607602,
        18590.17982379794,
        27066.122949445245,
        27650.845936894413,
        27893.61791746616,
        28479.863132870196,
        29002.455079734325
    ],
    "JoulesNormalized_Per_PatchMedian": [
        4107.91714335084,
        4233.50852188468,
        8247.035776513814,
        8381.362812536954,
        8651.598650807142,
        12665.125905436278,
        12922.689806288481,
        13042.41588986516,
        13318.121160024404,
        13577.845900434255
    ],
    "Inf_ExecutionTime": {
        "mean": 0.40495097637176514,
        "median": 0.40495097637176514,
        "std": 0.572687162881177,
        "max": 0.8099019527435303,
        "min": 0.0,
        "count": 2
    },
    "Inf_Joules": {
        "mean": 410.9400669515133,
        "median": 410.9400669515133,
        "std": 581.1570160053378,
        "max": 821.8801339030266,
        "min": 0.0,
        "count": 2
    },
    "Inf_JoulesNormalized": {
        "mean": 94.3898887217045,
        "median": 94.3898887217045,
        "std": 133.48746078112174,
        "max": 188.779777443409,
        "min": 0.0,
        "count": 2
    },
    "Val_ExecutionTime": [
        70.50820350646973,
        73.50812244415283,
        144.01632595062256,
        146.99621200561523,
        152.01612496376038,
        222.5243284702301,
        227.52423548698425,
        229.50421929359436,
        234.50416827201843,
        238.70399141311646
    ],
    "Val_Joules": [
        8475.943125647307,
        8795.059281414748,
        17271.002407062053,
        17591.46600906849,
        18179.239756846426,
        26655.182882493733,
        27239.9058699429,
        27482.677850514647,
        28068.923065918683,
        28591.515012782813
    ],
    "Val_JoulesNormalized": [
        4013.5272546291353,
        4139.118633162975,
        8152.6458877921095,
        8286.97292381525,
        8557.208762085438,
        12570.736016714574,
        12828.299917566777,
        12948.026001143457,
        13223.7312713027,
        13483.456011712551
    ],
    "NrPatches": {
        "median": 0,
        "std": 0.0,
        "max": 0,
        "min": 0
    },
    "Correctness_Per_Patch": [
        "W",
        "W",
        "W",
        "W",
        "W",
        "W",
        "W",
        "W",
        "W",
        "W"
    ],
    "Correctness_Per_Patch_original": [
        "wrong",
        "uncompilable",
        "wrong",
        "uncompilable",
        "wrong",
        "wrong",
        "wrong",
        "uncompilable",
        "wrong",
        "wrong"
    ],
    "patches": [],
    "Correctness_Per_Patch_origina": [
        "wrong",
        "uncompilable",
        "wrong",
        "uncompilable",
        "wrong",
        "wrong",
        "wrong",
        "uncompilable",
        "wrong",
        "wrong"
    ]
}