{
    "TOOL_BUG_ID": "codegen_2B-Time-4",
    "Time": {
        "mean": 111.41154444217682,
        "median": 111.41154444217682,
        "std": 0.0,
        "max": 111.41154444217682,
        "min": 111.41154444217682,
        "count": 6
    },
    "Joules": {
        "mean": 17056.6071459353,
        "median": 17056.6071459353,
        "std": 0.0,
        "max": 17056.6071459353,
        "min": 17056.6071459353,
        "count": 6
    },
    "JoulesNormalized": {
        "mean": 6505.792848902939,
        "median": 6505.792848902939,
        "std": 0.0,
        "max": 6505.792848902939,
        "min": 6505.792848902939,
        "count": 6
    },
    "NrExecutions": 6,
    "ExecutionsIds": [
        "s0",
        "s1",
        "s2",
        "s3",
        "s4",
        "s5"
    ],
    "ExecutionsInferenceIds": [
        "s0",
        "s1"
    ],
    "NrExecutionsInference": 2,
    "ExecutionTime_Per_PatchMedian": [
        15.477120518684387,
        26.13650095462799,
        36.795881390571594,
        47.4552618265152,
        58.1146422624588,
        68.7740226984024,
        79.43340313434601,
        90.09278357028961,
        100.75216400623322,
        111.41154444217682
    ],
    "Joules_Per_PatchMedian": [
        6239.6919767975805,
        7441.571440035104,
        8643.450903272627,
        9845.330366510152,
        11047.209829747677,
        12249.089292985202,
        13450.968756222726,
        14652.848219460251,
        15854.727682697776,
        17056.6071459353
    ],
    "JoulesNormalized_Per_PatchMedian": [
        1679.2339725792408,
        2215.518292170763,
        2751.802611762285,
        3288.086931353807,
        3824.371250945329,
        4360.655570536851,
        4896.939890128373,
        5433.224209719895,
        5969.508529311417,
        6505.792848902939
    ],
    "Inf_ExecutionTime": {
        "mean": 4.817740082740784,
        "median": 4.817740082740784,
        "std": 0.027885535086565796,
        "max": 4.83745813369751,
        "min": 4.798022031784058,
        "count": 2
    },
    "Inf_Joules": {
        "mean": 5037.812513560057,
        "median": 5037.812513560057,
        "std": 22.549926754816426,
        "max": 5053.757719683647,
        "min": 5021.867307436466,
        "count": 2
    },
    "Inf_JoulesNormalized": {
        "mean": 1142.9496529877185,
        "median": 1142.9496529877185,
        "std": 51.6536679107022,
        "max": 1179.474311840534,
        "min": 1106.424994134903,
        "count": 2
    },
    "Val_ExecutionTime": [
        10.659380435943604,
        21.318760871887207,
        31.97814130783081,
        42.637521743774414,
        53.29690217971802,
        63.95628261566162,
        74.61566305160522,
        85.27504348754883,
        95.93442392349243,
        106.59380435943604
    ],
    "Val_Joules": [
        1201.8794632375239,
        2403.7589264750477,
        3605.6383897125706,
        4807.517852950095,
        6009.39731618762,
        7211.276779425145,
        8413.15624266267,
        9615.035705900194,
        10816.91516913772,
        12018.794632375244
    ],
    "Val_JoulesNormalized": [
        536.2843195915223,
        1072.5686391830443,
        1608.8529587745663,
        2145.137278366088,
        2681.42159795761,
        3217.705917549132,
        3753.9902371406542,
        4290.274556732176,
        4826.558876323698,
        5362.84319591522
    ],
    "NrPatches": {
        "median": 1,
        "std": 0.0,
        "max": 1,
        "min": 1
    },
    "Correctness_Per_Patch": [
        "W",
        "W",
        "W",
        "W",
        "W",
        "W",
        "W",
        "W",
        "W",
        "I"
    ],
    "Correctness_Per_Patch_original": [
        "uncompilable",
        "uncompilable",
        "uncompilable",
        "uncompilable",
        "uncompilable",
        "uncompilable",
        "uncompilable",
        "uncompilable",
        "uncompilable",
        "plausible"
    ],
    "patches": [
        "        Partial newPartial = new Partial(newTypes, newValues);\n"
    ],
    "Correctness_Per_Patch_origina": [
        "uncompilable",
        "uncompilable",
        "uncompilable",
        "uncompilable",
        "uncompilable",
        "uncompilable",
        "uncompilable",
        "uncompilable",
        "uncompilable",
        "plausible"
    ]
}