{
    "TOOL_BUG_ID": "incoder_1B-Closure-52",
    "Time": {
        "mean": 46.10528151194254,
        "median": 45.46824324131012,
        "std": 2.810376011558018,
        "max": 51.53881859779358,
        "min": 43.39956021308899,
        "count": 6
    },
    "Joules": {
        "mean": 5981.739867170652,
        "median": 5489.260583615303,
        "std": 1054.988188619257,
        "max": 8059.461150556803,
        "min": 5320.514531892538,
        "count": 6
    },
    "JoulesNormalized": {
        "mean": 2013.8242523829144,
        "median": 2352.2066700279715,
        "std": 993.4601321371374,
        "max": 2672.869191735983,
        "min": 5.608670824766527,
        "count": 6
    },
    "NrExecutions": 6,
    "ExecutionsIds": [
        "s0",
        "s1",
        "s2",
        "s3",
        "s4",
        "s5"
    ],
    "ExecutionsInferenceIds": [
        "s0",
        "s1"
    ],
    "NrExecutionsInference": 2,
    "ExecutionTime_Per_PatchMedian": [
        5.260005593299866,
        10.259257674217224,
        15.25916314125061,
        20.259172081947327,
        25.259352922439575,
        28.23895561695099,
        33.21957039833069,
        38.21946895122528,
        40.718809366226196,
        45.46824324131012
    ],
    "Joules_Per_PatchMedian": [
        840.7231802225112,
        1432.9233423650264,
        2013.4158124625683,
        2589.3723103404045,
        3169.5246200561523,
        3486.483286905289,
        4069.189766025543,
        4646.610099095106,
        4931.187488609552,
        5489.260583615303
    ],
    "JoulesNormalized_Per_PatchMedian": [
        300.27039455175407,
        565.2084400117399,
        825.0529337346555,
        1083.2451339364054,
        1354.594026374817,
        1476.794652813673,
        1732.2131320357325,
        1985.9680533111098,
        2100.8228940546514,
        2352.2066700279715
    ],
    "Inf_ExecutionTime": {
        "mean": 0.26012659072875977,
        "median": 0.26012659072875977,
        "std": 0.2120478755288577,
        "max": 0.410067081451416,
        "min": 0.11018610000610352,
        "count": 2
    },
    "Inf_Joules": {
        "mean": 254.88050510287286,
        "median": 254.88050510287286,
        "std": 220.30580079485546,
        "max": 410.66023077964786,
        "min": 99.10077942609789,
        "count": 2
    },
    "Inf_JoulesNormalized": {
        "mean": 42.37874155640605,
        "median": 42.37874155640605,
        "std": 48.1918979523231,
        "max": 76.45555939674381,
        "min": 8.301923716068288,
        "count": 2
    },
    "Val_ExecutionTime": [
        4.999879002571106,
        9.999131083488464,
        14.99903655052185,
        19.999045491218567,
        24.999226331710815,
        27.97882902622223,
        32.95944380760193,
        37.95934236049652,
        40.45868277549744,
        45.20811665058136
    ],
    "Val_Joules": [
        585.8426751196384,
        1178.0428372621536,
        1758.5353073596955,
        2334.4918052375315,
        2914.6441149532793,
        3231.602781802416,
        3814.30926092267,
        4391.729593992233,
        4676.30698350668,
        5234.38007851243
    ],
    "Val_JoulesNormalized": [
        257.891652995348,
        522.8296984553339,
        782.6741921782495,
        1040.8663923799993,
        1312.215284818411,
        1434.415911257267,
        1689.8343904793264,
        1943.5893117547037,
        2058.4441524982453,
        2309.8279284715654
    ],
    "NrPatches": {
        "median": 0,
        "std": 0.0,
        "max": 0,
        "min": 0
    },
    "Correctness_Per_Patch": [
        "W",
        "W",
        "W",
        "W",
        "W",
        "W",
        "W",
        "W",
        "W",
        "W"
    ],
    "Correctness_Per_Patch_original": [
        "wrong",
        "wrong",
        "wrong",
        "wrong",
        "wrong",
        "uncompilable",
        "wrong",
        "wrong",
        "uncompilable",
        "wrong"
    ],
    "patches": [],
    "Correctness_Per_Patch_origina": [
        "wrong",
        "wrong",
        "wrong",
        "wrong",
        "wrong",
        "uncompilable",
        "wrong",
        "wrong",
        "uncompilable",
        "wrong"
    ]
}