{
    "TOOL_BUG_ID": "codegen_6B-Closure-130",
    "Time": {
        "mean": 82.71673274040222,
        "median": 92.92658400535583,
        "std": 26.54650072295918,
        "max": 95.8463499546051,
        "min": 28.587763786315918,
        "count": 6
    },
    "Joules": {
        "mean": 15774.463570020875,
        "median": 16974.458079063177,
        "std": 3465.152019506453,
        "max": 18348.688856928828,
        "min": 8818.032965683222,
        "count": 6
    },
    "JoulesNormalized": {
        "mean": 4895.08893535761,
        "median": 5255.532700812101,
        "std": 1268.8935831829272,
        "max": 6111.226229219913,
        "min": 2418.995617794275,
        "count": 6
    },
    "NrExecutions": 6,
    "ExecutionsIds": [
        "s0",
        "s1",
        "s2",
        "s3",
        "s4",
        "s5"
    ],
    "ExecutionsInferenceIds": [
        "s0",
        "s1"
    ],
    "NrExecutionsInference": 2,
    "ExecutionTime_Per_PatchMedian": [
        7.2984243631362915,
        69.16688680648804,
        72.15687227249146,
        74.14677608013153,
        79.14674544334412,
        81.15725409984589,
        84.12689352035522,
        86.11708056926727,
        91.11640691757202,
        92.92658400535583
    ],
    "Joules_Per_PatchMedian": [
        6430.2436994307045,
        13885.660382848264,
        14181.465611004116,
        14497.361536353113,
        15158.565167384626,
        15434.824167155506,
        15754.790124397754,
        16026.327465318918,
        16691.501702218535,
        16974.458079063177
    ],
    "JoulesNormalized_Per_PatchMedian": [
        1310.500090967893,
        4814.755583881617,
        4854.358582787991,
        4897.280926757336,
        4995.703106742382,
        5036.604281913519,
        5079.476475464582,
        5120.871983920812,
        5218.005578988075,
        5255.532700812101
    ],
    "Inf_ExecutionTime": {
        "mean": 5.308259963989258,
        "median": 5.308259963989258,
        "std": 1.8501589841833452,
        "max": 6.616519927978516,
        "min": 4.0,
        "count": 2
    },
    "Inf_Joules": {
        "mean": 6132.757017599821,
        "median": 6132.757017599821,
        "std": 2163.281499058721,
        "max": 7662.428035199642,
        "min": 4603.085999999999,
        "count": 2
    },
    "Inf_JoulesNormalized": {
        "mean": 1263.1830708377354,
        "median": 1263.1830708377354,
        "std": 413.22906046441943,
        "max": 1555.3801416754723,
        "min": 970.9859999999985,
        "count": 2
    },
    "Val_ExecutionTime": [
        1.9901643991470337,
        63.85862684249878,
        66.8486123085022,
        68.83851611614227,
        73.83848547935486,
        75.84899413585663,
        78.81863355636597,
        80.80882060527802,
        85.80814695358276,
        87.61832404136658
    ],
    "Val_Joules": [
        297.4866818308833,
        7752.903365248443,
        8048.708593404295,
        8364.60451875329,
        9025.808149784805,
        9302.067149555685,
        9622.033106797935,
        9893.5704477191,
        10558.744684618712,
        10841.701061463356
    ],
    "Val_JoulesNormalized": [
        47.3170201301574,
        3551.572513043881,
        3591.175511950255,
        3634.0978559196,
        3732.5200359046466,
        3773.4212110757835,
        3816.293404626847,
        3857.688913083077,
        3954.8225081503397,
        3992.3496299743656
    ],
    "NrPatches": {
        "median": 0,
        "std": 0.0,
        "max": 0,
        "min": 0
    },
    "Correctness_Per_Patch": [
        "W",
        "W",
        "W",
        "W",
        "W",
        "W",
        "W",
        "W",
        "W",
        "W"
    ],
    "Correctness_Per_Patch_original": [
        "uncompilable",
        "wrong",
        "uncompilable",
        "uncompilable",
        "wrong",
        "uncompilable",
        "uncompilable",
        "uncompilable",
        "wrong",
        "uncompilable"
    ],
    "patches": [],
    "Correctness_Per_Patch_origina": [
        "uncompilable",
        "wrong",
        "uncompilable",
        "uncompilable",
        "wrong",
        "uncompilable",
        "uncompilable",
        "uncompilable",
        "wrong",
        "uncompilable"
    ]
}