{
    "Group_ID": "s_1223_1224",
    "TOOL_BUG_ID": "TBar10C-Math-96",
    "patch_correctness": true,
    "ExecutionsIds": [
        "1223",
        "1224"
    ],
    "NrExecutions": 2,
    "NrOutliers": 0,
    "SLB": {
        "median": 62.0,
        "std": 0.7071067811865476,
        "max": 62.5,
        "min": 61.5
    },
    "PowerAvg": {
        "median": 114.85,
        "std": 0.6363961030678867,
        "max": 115.3,
        "min": 114.4
    },
    "Time": {
        "median": 316.08296036720276,
        "std": 312.75513476008916,
        "max": 587.3664808273315,
        "min": 45.35898303985596
    },
    "Joules": {
        "median": 36428.16242577434,
        "std": 36202.45077991199,
        "max": 68177.62073161601,
        "min": 5173.102711248398
    },
    "JoulesNormalized": {
        "median": 16947.199454873797,
        "std": 16811.025744414477,
        "max": 31506.138056635857,
        "min": 2383.525254297256
    },
    "NrPatches": {
        "median": 85.0,
        "std": 86.60254037844386,
        "max": 160,
        "min": 10
    },
    "Joules_Per_PatchMedian": [
        901.7898447930813,
        1731.6354665458202,
        2547.937307792902,
        2589.637604933977,
        3417.4189500749108,
        4247.232422953844,
        5075.174479186535,
        5116.655036592483,
        5158.467837655544,
        5200.125467640162
    ],
    "ExecutionTime_Per_PatchMedian": [
        7.859585523605347,
        15.11939251422882,
        22.28956663608551,
        22.649442672729492,
        29.86929965019226,
        37.08906376361847,
        44.28889179229736,
        44.648773312568665,
        45.00904440879822,
        45.36903190612793
    ],
    "JoulesNormalized_Per_PatchMedian": [
        414.5354850709439,
        794.2430448830128,
        1166.0093225419523,
        1185.39721737504,
        1565.5374128758906,
        1947.7154386699199,
        2329.25809019804,
        2348.4259045958515,
        2367.902062141895,
        2387.2404650270937
    ],
    "Correctness_Per_Patch": [
        "W",
        "W",
        "W",
        "W",
        "W",
        "W",
        "W",
        "W",
        "W",
        "W"
    ],
    "Correctness_Per_Patch_original": [
        "uncompilable",
        "uncompilable",
        "uncompilable",
        "uncompilable",
        "uncompilable",
        "uncompilable",
        "uncompilable",
        "uncompilable",
        "uncompilable",
        "uncompilable"
    ]
}