{
    "TOOL_BUG_ID": "plbart_large-Math-34",
    "Time": {
        "mean": 347.02009201049805,
        "median": 347.02009201049805,
        "std": 0.0,
        "max": 347.02009201049805,
        "min": 347.02009201049805,
        "count": 4
    },
    "Joules": {
        "mean": 36929.88922672271,
        "median": 36929.88922672271,
        "std": 0.0,
        "max": 36929.88922672271,
        "min": 36929.88922672271,
        "count": 4
    },
    "JoulesNormalized": {
        "mean": 15107.514246594907,
        "median": 15107.514246594907,
        "std": 0.0,
        "max": 15107.514246594907,
        "min": 15107.514246594907,
        "count": 4
    },
    "NrExecutions": 4,
    "ExecutionsIds": [
        "s1",
        "s2",
        "s3",
        "s4"
    ],
    "ExecutionsInferenceIds": [
        "s0",
        "s1"
    ],
    "NrExecutionsInference": 2,
    "ExecutionTime_Per_PatchMedian": [
        34.90450203418732,
        69.58401203155518,
        104.26352202892303,
        138.9430320262909,
        173.62254202365875,
        208.3020520210266,
        242.98156201839447,
        277.66107201576233,
        312.3405820131302,
        347.02009201049805
    ],
    "Joules_Per_PatchMedian": [
        3852.6579616308213,
        7527.905879974365,
        11203.15379831791,
        14878.401716661454,
        18553.649635004997,
        22228.89755334854,
        25904.14547169208,
        29579.393390035624,
        33254.64130837917,
        36929.88922672271
    ],
    "JoulesNormalized_Per_PatchMedian": [
        1519.3189948022368,
        3029.118467223645,
        4538.917939645053,
        6048.71741206646,
        7558.516884487868,
        9068.316356909276,
        10578.115829330683,
        12087.915301752091,
        13597.714774173499,
        15107.514246594907
    ],
    "Inf_ExecutionTime": {
        "mean": 0.224992036819458,
        "median": 0.224992036819458,
        "std": 0.04958795890918939,
        "max": 0.2600560188293457,
        "min": 0.1899280548095703,
        "count": 2
    },
    "Inf_Joules": {
        "mean": 177.41004328727723,
        "median": 177.41004328727723,
        "std": 41.30442249534999,
        "max": 206.61668052673338,
        "min": 148.20340604782106,
        "count": 2
    },
    "Inf_JoulesNormalized": {
        "mean": 9.519522380828832,
        "median": 9.519522380828832,
        "std": 2.097308103851208,
        "max": 11.00254316329952,
        "min": 8.036501598358143,
        "count": 2
    },
    "Val_ExecutionTime": [
        34.67950999736786,
        69.35901999473572,
        104.03852999210358,
        138.71803998947144,
        173.3975499868393,
        208.07705998420715,
        242.756569981575,
        277.43607997894287,
        312.11558997631073,
        346.7950999736786
    ],
    "Val_Joules": [
        3675.247918343544,
        7350.495836687088,
        11025.743755030633,
        14700.991673374177,
        18376.23959171772,
        22051.487510061263,
        25726.735428404805,
        29401.983346748348,
        33077.23126509189,
        36752.47918343543
    ],
    "Val_JoulesNormalized": [
        1509.799472421408,
        3019.5989448428163,
        4529.398417264224,
        6039.197889685632,
        7548.997362107039,
        9058.796834528446,
        10568.596306949854,
        12078.395779371262,
        13588.19525179267,
        15097.994724214077
    ],
    "NrPatches": {
        "median": 1,
        "std": 0.0,
        "max": 1,
        "min": 1
    },
    "Correctness_Per_Patch": [
        "W",
        "W",
        "W",
        "W",
        "C",
        "W",
        "W",
        "W",
        "W",
        "W"
    ],
    "Correctness_Per_Patch_original": [
        "uncompilable",
        "uncompilable",
        "uncompilable",
        "wrong",
        "plausible",
        "uncompilable",
        "uncompilable",
        "uncompilable",
        "uncompilable",
        "uncompilable"
    ],
    "patches": [
        "return Collections.unmodifiableCollection(chromosomes).iterator();"
    ],
    "Correctness_Per_Patch_origina": [
        "uncompilable",
        "uncompilable",
        "uncompilable",
        "wrong",
        "plausible",
        "uncompilable",
        "uncompilable",
        "uncompilable",
        "uncompilable",
        "uncompilable"
    ]
}