{
    "TOOL_BUG_ID": "incoder_1B-Closure-67",
    "Time": {
        "mean": 201.05178725719452,
        "median": 24.389476418495178,
        "std": 242.3334413035884,
        "max": 466.5144981145859,
        "min": 23.509470343589783,
        "count": 5
    },
    "Joules": {
        "mean": 23239.612486022706,
        "median": 2551.1223002612587,
        "std": 28366.46843853683,
        "max": 54313.514785856,
        "min": 2497.3771833121777,
        "count": 5
    },
    "JoulesNormalized": {
        "mean": 10346.250202299356,
        "median": 707.5825481951235,
        "std": 13252.031813510515,
        "max": 24863.090061062572,
        "min": 626.9593271791935,
        "count": 5
    },
    "NrExecutions": 5,
    "ExecutionsIds": [
        "s0",
        "s1",
        "s2",
        "s3",
        "s4"
    ],
    "ExecutionsInferenceIds": [
        "s0",
        "s1"
    ],
    "NrExecutionsInference": 2,
    "ExecutionTime_Per_PatchMedian": [
        4.4307743310928345,
        8.430306315422058,
        10.430391192436218,
        12.430532097816467,
        14.430509209632874,
        16.43056809902191,
        18.410635113716125,
        20.43046224117279,
        22.430508255958557,
        24.389476418495178
    ],
    "Joules_Per_PatchMedian": [
        819.6447071850298,
        1219.1382893979548,
        1385.4783118665218,
        1551.1954362094402,
        1722.298084026575,
        1888.6776537835597,
        2051.3917787253854,
        2226.2585269153114,
        2391.5491365015505,
        2551.1223002612587
    ],
    "JoulesNormalized_Per_PatchMedian": [
        225.83870603442182,
        374.16167963147154,
        414.89637182354915,
        455.0046473085879,
        500.5087325036524,
        541.2846040070056,
        579.6505204260347,
        627.6721250116823,
        667.359844869375,
        707.5825481951235
    ],
    "Inf_ExecutionTime": {
        "mean": 0.4301334619522095,
        "median": 0.4301334619522095,
        "std": 0.296767930070182,
        "max": 0.6399800777435303,
        "min": 0.22028684616088867,
        "count": 2
    },
    "Inf_Joules": {
        "mean": 429.7092878520488,
        "median": 429.7092878520488,
        "std": 290.72459074556053,
        "max": 635.2826174259185,
        "min": 224.13595827817917,
        "count": 2
    },
    "Inf_JoulesNormalized": {
        "mean": 87.143533283472,
        "median": 87.143533283472,
        "std": 61.72022390166808,
        "max": 130.78632214069353,
        "min": 43.50074442625046,
        "count": 2
    },
    "Val_ExecutionTime": [
        4.000640869140625,
        8.000172853469849,
        10.000257730484009,
        12.000398635864258,
        14.000375747680664,
        16.000434637069702,
        17.980501651763916,
        20.00032877922058,
        22.000374794006348,
        23.95934295654297
    ],
    "Val_Joules": [
        389.935419332981,
        789.429001545906,
        955.769024014473,
        1121.4861483573914,
        1292.5887961745261,
        1458.9683659315108,
        1621.6824908733365,
        1796.5492390632626,
        1961.8398486495016,
        2121.41301240921
    ],
    "Val_JoulesNormalized": [
        138.69517275094984,
        287.01814634799956,
        327.75283854007716,
        367.8611140251159,
        413.36519922018044,
        454.1410707235336,
        492.50698714256276,
        540.5285917282102,
        580.216311585903,
        620.4390149116515
    ],
    "NrPatches": {
        "median": 0,
        "std": 0.0,
        "max": 0,
        "min": 0
    },
    "Correctness_Per_Patch": [
        "W",
        "W",
        "W",
        "W",
        "W",
        "W",
        "W",
        "W",
        "W",
        "W"
    ],
    "Correctness_Per_Patch_original": [
        "wrong",
        "wrong",
        "uncompilable",
        "uncompilable",
        "uncompilable",
        "uncompilable",
        "uncompilable",
        "uncompilable",
        "uncompilable",
        "uncompilable"
    ],
    "patches": [],
    "Correctness_Per_Patch_origina": [
        "wrong",
        "wrong",
        "uncompilable",
        "uncompilable",
        "uncompilable",
        "uncompilable",
        "uncompilable",
        "uncompilable",
        "uncompilable",
        "uncompilable"
    ]
}