{
    "TOOL_BUG_ID": "codegen_2B-Closure-146",
    "Time": {
        "mean": 20.164761225382488,
        "median": 20.324888586997986,
        "std": 0.33195730343787505,
        "max": 20.41498875617981,
        "min": 19.63490891456604,
        "count": 6
    },
    "Joules": {
        "mean": 3787.980636479457,
        "median": 3775.203414160013,
        "std": 376.9439450260777,
        "max": 4162.910940337181,
        "min": 3422.0747697830197,
        "count": 6
    },
    "JoulesNormalized": {
        "mean": 688.0684775412083,
        "median": 701.4563332796096,
        "std": 371.2065777101883,
        "max": 1033.7856999397281,
        "min": 299.19693375825875,
        "count": 6
    },
    "NrExecutions": 6,
    "ExecutionsIds": [
        "s0",
        "s1",
        "s2",
        "s3",
        "s4",
        "s5"
    ],
    "ExecutionsInferenceIds": [
        "s0",
        "s1"
    ],
    "NrExecutionsInference": 2,
    "ExecutionTime_Per_PatchMedian": [
        3.575296640396118,
        5.555118560791016,
        7.555183053016663,
        8.55481505393982,
        10.534913539886475,
        12.534761548042297,
        14.524580240249634,
        16.514381527900696,
        18.51458191871643,
        20.324888586997986
    ],
    "Joules_Per_PatchMedian": [
        1816.3247106313706,
        2052.123500370979,
        2290.6042522549624,
        2408.7398479282856,
        2646.548038500547,
        2880.928272479772,
        3118.290334039926,
        3353.9026149511333,
        3590.258936131,
        3775.203414160013
    ],
    "JoulesNormalized_Per_PatchMedian": [
        359.07818814516065,
        399.7870000481605,
        442.7333516776562,
        464.01486217379573,
        504.5477133631707,
        544.211461520195,
        585.6538565099239,
        625.3783067405224,
        664.300185483694,
        701.4563332796096
    ],
    "Inf_ExecutionTime": {
        "mean": 1.5754170417785645,
        "median": 1.5754170417785645,
        "std": 0.03540638732224377,
        "max": 1.6004531383514404,
        "min": 1.5503809452056885,
        "count": 2
    },
    "Inf_Joules": {
        "mean": 1578.3788267731666,
        "median": 1578.3788267731666,
        "std": 21.720494519945092,
        "max": 1593.737535738945,
        "min": 1563.0201178073883,
        "count": 2
    },
    "Inf_JoulesNormalized": {
        "mean": 318.5881980895996,
        "median": 318.5881980895996,
        "std": 20.693403419491137,
        "max": 333.22064397335066,
        "min": 303.9557522058485,
        "count": 2
    },
    "Val_ExecutionTime": [
        1.9998795986175537,
        3.979701519012451,
        5.979766011238098,
        6.979398012161255,
        8.95949649810791,
        10.959344506263733,
        12.94916319847107,
        14.938964486122131,
        16.939164876937866,
        18.74947154521942
    ],
    "Val_Joules": [
        237.94588385820396,
        473.7446735978126,
        712.225425481796,
        830.3610211551188,
        1068.1692117273806,
        1302.5494457066056,
        1539.9115072667596,
        1775.5237881779667,
        2011.8801093578334,
        2196.8245873868464
    ],
    "Val_JoulesNormalized": [
        40.489990055561066,
        81.19880195856095,
        124.14515358805659,
        145.42666408419615,
        185.9595152735711,
        225.62326343059547,
        267.0656584203243,
        306.7901086509228,
        345.7119873940944,
        382.86813519001
    ],
    "NrPatches": {
        "median": 0,
        "std": 0.0,
        "max": 0,
        "min": 0
    },
    "Correctness_Per_Patch": [
        "W",
        "W",
        "W",
        "W",
        "W",
        "W",
        "W",
        "W",
        "W",
        "W"
    ],
    "Correctness_Per_Patch_original": [
        "wrong",
        "wrong",
        "wrong",
        "uncompilable",
        "wrong",
        "wrong",
        "wrong",
        "wrong",
        "wrong",
        "wrong"
    ],
    "patches": [],
    "Correctness_Per_Patch_origina": [
        "wrong",
        "wrong",
        "wrong",
        "uncompilable",
        "wrong",
        "wrong",
        "wrong",
        "wrong",
        "wrong",
        "wrong"
    ]
}