{
    "TOOL_BUG_ID": "plbart_large-Closure-118",
    "Time": {
        "mean": 24.75676627953847,
        "median": 24.579490423202515,
        "std": 1.3149665156610573,
        "max": 26.791438817977905,
        "min": 22.829906225204468,
        "count": 6
    },
    "Joules": {
        "mean": 3029.716618422667,
        "median": 2851.5581396460534,
        "std": 335.48559501421084,
        "max": 3505.37655685544,
        "min": 2760.7931852996353,
        "count": 6
    },
    "JoulesNormalized": {
        "mean": 916.1618345618249,
        "median": 1147.6954054832458,
        "std": 381.5395830444434,
        "max": 1183.385458058119,
        "min": 417.2285618126394,
        "count": 6
    },
    "NrExecutions": 6,
    "ExecutionsIds": [
        "s0",
        "s1",
        "s2",
        "s3",
        "s4",
        "s5"
    ],
    "ExecutionsInferenceIds": [
        "s0",
        "s1"
    ],
    "NrExecutionsInference": 2,
    "ExecutionTime_Per_PatchMedian": [
        2.2297489643096924,
        4.210066795349121,
        6.71012544631958,
        9.190086841583252,
        11.18990933895111,
        14.180139899253845,
        17.169865369796753,
        20.149705290794373,
        22.189893007278442,
        24.579490423202515
    ],
    "Joules_Per_PatchMedian": [
        422.9421485602856,
        678.4154655694962,
        983.4514273226262,
        1261.739043867588,
        1491.9395269930365,
        1795.374990898371,
        2055.581530880928,
        2329.918411511183,
        2578.5307360827924,
        2851.5581396460534
    ],
    "JoulesNormalized_Per_PatchMedian": [
        108.5590498805046,
        222.08063195943828,
        335.63148239851,
        441.87904956340793,
        560.847919267416,
        668.3867476582527,
        786.6541382074356,
        908.2286497831344,
        1028.477276045084,
        1147.6954054832458
    ],
    "Inf_ExecutionTime": {
        "mean": 0.22990942001342773,
        "median": 0.22990942001342773,
        "std": 0.04277062186885526,
        "max": 0.26015281677246094,
        "min": 0.19966602325439453,
        "count": 2
    },
    "Inf_Joules": {
        "mean": 184.2247421681881,
        "median": 184.2247421681881,
        "std": 36.07940014368262,
        "max": 209.73673067092898,
        "min": 158.71275366544722,
        "count": 2
    },
    "Inf_JoulesNormalized": {
        "mean": 12.532675021886831,
        "median": 12.532675021886831,
        "std": 1.998348458371322,
        "max": 13.945720767974876,
        "min": 11.119629275798786,
        "count": 2
    },
    "Val_ExecutionTime": [
        1.9998395442962646,
        3.9801573753356934,
        6.480216026306152,
        8.960177421569824,
        10.959999918937683,
        13.950230479240417,
        16.939955949783325,
        19.919795870780945,
        21.959983587265015,
        24.349581003189087
    ],
    "Val_Joules": [
        238.7174063920975,
        494.1907234013081,
        799.226685154438,
        1077.5143016994,
        1307.7147848248483,
        1611.1502487301827,
        1871.3567887127397,
        2145.6936693429943,
        2394.305993914604,
        2667.333397477865
    ],
    "Val_JoulesNormalized": [
        96.02637485861777,
        209.54795693755145,
        323.09880737662314,
        429.34637454152113,
        548.3152442455291,
        655.8540726363659,
        774.1214631855488,
        895.6959747612477,
        1015.9446010231972,
        1135.162730461359
    ],
    "NrPatches": {
        "median": 0,
        "std": 0.0,
        "max": 0,
        "min": 0
    },
    "Correctness_Per_Patch": [
        "W",
        "W",
        "W",
        "W",
        "W",
        "W",
        "W",
        "W",
        "W",
        "W"
    ],
    "Correctness_Per_Patch_original": [
        "uncompilable",
        "uncompilable",
        "uncompilable",
        "uncompilable",
        "uncompilable",
        "uncompilable",
        "uncompilable",
        "uncompilable",
        "uncompilable",
        "uncompilable"
    ],
    "patches": [],
    "Correctness_Per_Patch_origina": [
        "uncompilable",
        "uncompilable",
        "uncompilable",
        "uncompilable",
        "uncompilable",
        "uncompilable",
        "uncompilable",
        "uncompilable",
        "uncompilable",
        "uncompilable"
    ]
}