{
    "TOOL_BUG_ID": "codegen_6B-Closure-104",
    "Time": {
        "mean": 103.53280746936798,
        "median": 103.53264582157135,
        "std": 0.011612002974326682,
        "max": 103.54438269138336,
        "min": 103.5219634771347,
        "count": 6
    },
    "Joules": {
        "mean": 15242.36436734422,
        "median": 15223.495099526883,
        "std": 215.0254974073061,
        "max": 15630.272517156838,
        "min": 14968.687538886308,
        "count": 6
    },
    "JoulesNormalized": {
        "mean": 5428.224978270054,
        "median": 5392.72409328413,
        "std": 125.20441667244862,
        "max": 5669.627194126367,
        "min": 5305.008236177682,
        "count": 6
    },
    "NrExecutions": 6,
    "ExecutionsIds": [
        "s0",
        "s1",
        "s2",
        "s3",
        "s4",
        "s5"
    ],
    "ExecutionsInferenceIds": [
        "s0",
        "s1"
    ],
    "NrExecutionsInference": 2,
    "ExecutionTime_Per_PatchMedian": [
        33.04346287250519,
        35.02407884597778,
        64.80369174480438,
        65.80304431915283,
        66.79319775104523,
        68.78346538543701,
        70.78256714344025,
        71.76322734355927,
        73.75303292274475,
        103.53264582157135
    ],
    "Joules_Per_PatchMedian": [
        7201.023310768843,
        7442.132437288999,
        10789.607633936645,
        10911.170459425688,
        11032.862148863314,
        11273.269737804174,
        11514.786204260825,
        11635.835843420267,
        11876.019902879238,
        15223.495099526883
    ],
    "JoulesNormalized_Per_PatchMedian": [
        2304.887466688871,
        2324.1781686146255,
        3814.266031463861,
        3825.082164122581,
        3836.110725112676,
        3854.439145304679,
        3873.1185978968138,
        3883.6034142453664,
        3902.636230434894,
        5392.72409328413
    ],
    "Inf_ExecutionTime": {
        "mean": 3.263849973678589,
        "median": 3.263849973678589,
        "std": 1.7873537735811396,
        "max": 4.527699947357178,
        "min": 2.0,
        "count": 2
    },
    "Inf_Joules": {
        "mean": 3853.5481141211985,
        "median": 3853.5481141211985,
        "std": 2171.061931473957,
        "max": 5388.720728242397,
        "min": 2318.3755,
        "count": 2
    },
    "Inf_JoulesNormalized": {
        "mean": 814.7996038396356,
        "median": 814.7996038396356,
        "std": 455.3175169659382,
        "max": 1136.7577076792713,
        "min": 492.84149999999977,
        "count": 2
    },
    "Val_ExecutionTime": [
        29.7796128988266,
        31.760228872299194,
        61.53984177112579,
        62.53919434547424,
        63.52934777736664,
        65.51961541175842,
        67.51871716976166,
        68.49937736988068,
        70.48918294906616,
        100.26879584789276
    ],
    "Val_Joules": [
        3347.475196647644,
        3588.5843231678014,
        6936.059519815445,
        7057.622345304489,
        7179.314034742116,
        7419.721623682975,
        7661.238090139627,
        7782.287729299069,
        8022.47178875804,
        11369.946985405684
    ],
    "Val_JoulesNormalized": [
        1490.0878628492355,
        1509.37856477499,
        2999.4664276242256,
        3010.2825602829453,
        3021.3111212730405,
        3039.6395414650437,
        3058.3189940571783,
        3068.803810405731,
        3087.836626595258,
        4577.924489444494
    ],
    "NrPatches": {
        "median": 0,
        "std": 0.0,
        "max": 0,
        "min": 0
    },
    "Correctness_Per_Patch": [
        "W",
        "W",
        "W",
        "W",
        "W",
        "W",
        "W",
        "W",
        "W",
        "W"
    ],
    "Correctness_Per_Patch_original": [
        "wrong",
        "wrong",
        "wrong",
        "uncompilable",
        "uncompilable",
        "wrong",
        "wrong",
        "uncompilable",
        "wrong",
        "wrong"
    ],
    "patches": [],
    "Correctness_Per_Patch_origina": [
        "wrong",
        "wrong",
        "wrong",
        "uncompilable",
        "uncompilable",
        "wrong",
        "wrong",
        "uncompilable",
        "wrong",
        "wrong"
    ]
}