{
    "Group_ID": "s_1223_1224",
    "TOOL_BUG_ID": "TBar10C-Math-50",
    "patch_correctness": true,
    "ExecutionsIds": [
        "1223",
        "1224"
    ],
    "NrExecutions": 2,
    "NrOutliers": 0,
    "SLB": {
        "median": 64.2,
        "std": 0.7071067811865476,
        "max": 64.7,
        "min": 63.7
    },
    "PowerAvg": {
        "median": 118.05,
        "std": 0.6363961030678968,
        "max": 118.5,
        "min": 117.6
    },
    "Time": {
        "median": 4486.790446162224,
        "std": 4858.082615738929,
        "max": 8702.164454936981,
        "min": 282.1133511066437
    },
    "Joules": {
        "median": 534491.8696452079,
        "std": 580870.9551906863,
        "max": 1044177.9377036933,
        "min": 33479.31172244549
    },
    "JoulesNormalized": {
        "median": 248328.29436311146,
        "std": 268969.1781788757,
        "max": 481590.7052245969,
        "min": 15493.557575392722
    },
    "NrPatches": {
        "median": 168.5,
        "std": 183.02003533311137,
        "max": 327,
        "min": 10
    },
    "Joules_Per_PatchMedian": [
        3369.1645592927935,
        6718.124000704289,
        9983.241339057684,
        13300.248578238488,
        16693.15105341077,
        20048.429716008905,
        23438.118201339246,
        26788.115449482204,
        30158.26744668484,
        33621.222205674654
    ],
    "ExecutionTime_Per_PatchMedian": [
        28.32903552055359,
        56.578726410865784,
        83.94787299633026,
        111.94718337059021,
        140.45673775672913,
        168.5862512588501,
        196.8954222202301,
        224.96492421627045,
        253.26443374156952,
        282.24350023269653
    ],
    "JoulesNormalized_Per_PatchMedian": [
        1550.3854010820387,
        3085.689876842498,
        4594.072894150018,
        6113.494316077232,
        7676.158482915162,
        9225.447492951154,
        10797.712065565585,
        12345.572276633979,
        13898.8758151412,
        15501.124416172504
    ],
    "Correctness_Per_Patch": [
        "W",
        "W",
        "W",
        "I",
        "W",
        "W",
        "I",
        "W",
        "W",
        "W"
    ],
    "Correctness_Per_Patch_original": [
        "uncompilable",
        "uncompilable",
        "uncompilable",
        "plausible",
        "uncompilable",
        "uncompilable",
        "plausible",
        "uncompilable",
        "uncompilable",
        "uncompilable"
    ]
}