{
    "TOOL_BUG_ID": "codet5_small-Mockito-38",
    "Time": {
        "mean": 87.77787280082703,
        "median": 87.77787280082703,
        "std": 0.0,
        "max": 87.77787280082703,
        "min": 87.77787280082703,
        "count": 5
    },
    "Joules": {
        "mean": 11759.669714647529,
        "median": 11759.669714647529,
        "std": 0.0,
        "max": 11759.669714647529,
        "min": 11759.669714647529,
        "count": 5
    },
    "JoulesNormalized": {
        "mean": 5942.028540486096,
        "median": 5942.028540486096,
        "std": 0.0,
        "max": 5942.028540486096,
        "min": 5942.028540486096,
        "count": 5
    },
    "NrExecutions": 5,
    "ExecutionsIds": [
        "s0",
        "s1",
        "s2",
        "s3",
        "s4"
    ],
    "ExecutionsInferenceIds": [
        "s0",
        "s1"
    ],
    "NrExecutionsInference": 2,
    "ExecutionTime_Per_PatchMedian": [
        9.12428104877472,
        17.863569021224976,
        26.602856993675232,
        35.34214496612549,
        44.081432938575745,
        52.820720911026,
        61.56000888347626,
        70.29929685592651,
        79.03858482837677,
        87.77787280082703
    ],
    "Joules_Per_PatchMedian": [
        1455.8991921603679,
        2600.76258354783,
        3745.625974935293,
        4890.489366322756,
        6035.352757710219,
        7180.216149097681,
        8325.079540485143,
        9469.942931872605,
        10614.806323260067,
        11759.669714647529
    ],
    "JoulesNormalized_Per_PatchMedian": [
        613.2704071879386,
        1205.3546442210672,
        1797.438881254196,
        2389.523118287325,
        2981.6073553204537,
        3573.6915923535826,
        4165.775829386711,
        4757.860066419839,
        5349.944303452968,
        5942.028540486096
    ],
    "Inf_ExecutionTime": {
        "mean": 0.3849930763244629,
        "median": 0.3849930763244629,
        "std": 0.007167324470368596,
        "max": 0.3900611400604248,
        "min": 0.379925012588501,
        "count": 2
    },
    "Inf_Joules": {
        "mean": 311.03580077290536,
        "median": 311.03580077290536,
        "std": 5.947433058157926,
        "max": 315.2412710189819,
        "min": 306.83033052682885,
        "count": 2
    },
    "Inf_JoulesNormalized": {
        "mean": 21.186170154809957,
        "median": 21.186170154809957,
        "std": 1.803418053320348,
        "max": 22.46137928962702,
        "min": 19.910961019992897,
        "count": 2
    },
    "Val_ExecutionTime": [
        8.739287972450256,
        17.478575944900513,
        26.21786391735077,
        34.957151889801025,
        43.69643986225128,
        52.43572783470154,
        61.175015807151794,
        69.91430377960205,
        78.65359175205231,
        87.39287972450256
    ],
    "Val_Joules": [
        1144.8633913874626,
        2289.7267827749247,
        3434.5901741623875,
        4579.45356554985,
        5724.316956937313,
        6869.180348324776,
        8014.043739712238,
        9158.9071310997,
        10303.770522487162,
        11448.633913874624
    ],
    "Val_JoulesNormalized": [
        592.0842370331287,
        1184.1684740662572,
        1776.252711099386,
        2368.336948132515,
        2960.4211851656437,
        3552.5054221987725,
        4144.589659231901,
        4736.67389626503,
        5328.758133298158,
        5920.8423703312865
    ],
    "NrPatches": {
        "median": 0,
        "std": 0.0,
        "max": 0,
        "min": 0
    },
    "Correctness_Per_Patch": [
        "W",
        "W",
        "W",
        "W",
        "W",
        "W",
        "W",
        "W",
        "W",
        "W"
    ],
    "Correctness_Per_Patch_original": [
        "wrong",
        "wrong",
        "uncompilable",
        "uncompilable",
        "wrong",
        "uncompilable",
        "uncompilable",
        "wrong",
        "wrong",
        "wrong"
    ],
    "patches": [],
    "Correctness_Per_Patch_origina": [
        "wrong",
        "wrong",
        "uncompilable",
        "uncompilable",
        "wrong",
        "uncompilable",
        "uncompilable",
        "wrong",
        "wrong",
        "wrong"
    ]
}