{
    "TOOL_BUG_ID": "incoder_6B-Math-63",
    "Time": {
        "mean": 120.20294761657715,
        "median": 120.20294761657715,
        "std": 0.0,
        "max": 120.20294761657715,
        "min": 120.20294761657715,
        "count": 5
    },
    "Joules": {
        "mean": 15086.864838349817,
        "median": 15086.864838349817,
        "std": 0.0,
        "max": 15086.864838349817,
        "min": 15086.864838349817,
        "count": 5
    },
    "JoulesNormalized": {
        "mean": 6329.383290469647,
        "median": 6329.383290469647,
        "std": 0.0,
        "max": 6329.383290469647,
        "min": 6329.383290469647,
        "count": 5
    },
    "NrExecutions": 5,
    "ExecutionsIds": [
        "s0",
        "s1",
        "s2",
        "s3",
        "s4"
    ],
    "ExecutionsInferenceIds": [
        "s0",
        "s1"
    ],
    "NrExecutionsInference": 2,
    "ExecutionTime_Per_PatchMedian": [
        13.374796152114868,
        25.244590759277344,
        37.11438536643982,
        48.984179973602295,
        60.85397458076477,
        72.72376918792725,
        84.59356379508972,
        96.4633584022522,
        108.33315300941467,
        120.20294761657715
    ],
    "Joules_Per_PatchMedian": [
        3037.628818911314,
        4376.432821071148,
        5715.236823230982,
        7054.040825390815,
        8392.844827550649,
        9731.648829710482,
        11070.452831870316,
        12409.25683403015,
        13748.060836189983,
        15086.864838349817
    ],
    "JoulesNormalized_Per_PatchMedian": [
        958.2049436748026,
        1555.0025377631187,
        2151.8001318514343,
        2748.5977259397505,
        3345.3953200280666,
        3942.192914116383,
        4538.990508204699,
        5135.788102293015,
        5732.585696381331,
        6329.383290469647
    ],
    "Inf_ExecutionTime": {
        "mean": 1.5050015449523926,
        "median": 1.5050015449523926,
        "std": 0.2466241385228309,
        "max": 1.6793911457061768,
        "min": 1.3306119441986084,
        "count": 2
    },
    "Inf_Joules": {
        "mean": 1698.82481675148,
        "median": 1698.82481675148,
        "std": 257.60450673714723,
        "max": 1880.9787103295325,
        "min": 1516.6709231734276,
        "count": 2
    },
    "Inf_JoulesNormalized": {
        "mean": 361.4073495864867,
        "median": 361.4073495864867,
        "std": 61.120336705332505,
        "max": 404.62595413923236,
        "min": 318.18874503374104,
        "count": 2
    },
    "Val_ExecutionTime": [
        11.869794607162476,
        23.73958921432495,
        35.60938382148743,
        47.4791784286499,
        59.34897303581238,
        71.21876764297485,
        83.08856225013733,
        94.9583568572998,
        106.82815146446228,
        118.69794607162476
    ],
    "Val_Joules": [
        1338.8040021598338,
        2677.608004319668,
        4016.4120064795015,
        5355.216008639335,
        6694.020010799169,
        8032.824012959002,
        9371.628015118837,
        10710.43201727867,
        12049.236019438504,
        13388.040021598337
    ],
    "Val_JoulesNormalized": [
        596.7975940883159,
        1193.5951881766318,
        1790.3927822649475,
        2387.1903763532637,
        2983.98797044158,
        3580.785564529896,
        4177.583158618212,
        4774.380752706528,
        5371.178346794844,
        5967.975940883161
    ],
    "NrPatches": {
        "median": 1,
        "std": 0.0,
        "max": 1,
        "min": 1
    },
    "Correctness_Per_Patch": [
        "W",
        "W",
        "W",
        "W",
        "W",
        "W",
        "W",
        "W",
        "I",
        "W"
    ],
    "Correctness_Per_Patch_original": [
        "wrong",
        "wrong",
        "wrong",
        "wrong",
        "wrong",
        "wrong",
        "wrong",
        "uncompilable",
        "plausible",
        "wrong"
    ],
    "patches": [
        "    return x == y;\n"
    ],
    "Correctness_Per_Patch_origina": [
        "wrong",
        "wrong",
        "wrong",
        "wrong",
        "wrong",
        "wrong",
        "wrong",
        "uncompilable",
        "plausible",
        "wrong"
    ]
}