{
    "TOOL_BUG_ID": "codegen_350M-Mockito-5",
    "Time": {
        "mean": 218.39141098658243,
        "median": 221.0448558330536,
        "std": 7.901185522975579,
        "max": 224.22471845149994,
        "min": 202.5648192167282,
        "count": 6
    },
    "Joules": {
        "mean": 31674.00329076847,
        "median": 33061.82235482932,
        "std": 3704.5823799374375,
        "max": 33646.09125169516,
        "min": 24141.98622726202,
        "count": 6
    },
    "JoulesNormalized": {
        "mean": 15064.16071974039,
        "median": 18854.133436614273,
        "std": 7012.898806747742,
        "max": 19492.565888309477,
        "min": 2211.3274595379853,
        "count": 6
    },
    "NrExecutions": 6,
    "ExecutionsIds": [
        "s0",
        "s1",
        "s2",
        "s3",
        "s4",
        "s5"
    ],
    "ExecutionsInferenceIds": [
        "s0",
        "s1"
    ],
    "NrExecutionsInference": 2,
    "ExecutionTime_Per_PatchMedian": [
        60.05823493003845,
        116.17731404304504,
        129.25736939907074,
        142.44698441028595,
        155.78636634349823,
        168.97593796253204,
        182.09568047523499,
        195.23548090457916,
        208.3950023651123,
        221.0448558330536
    ],
    "Joules_Per_PatchMedian": [
        9149.86474853158,
        17405.642045152188,
        19366.163159990312,
        21339.314202308655,
        23330.83116798401,
        25232.079595255855,
        27215.65404701233,
        29181.79721286893,
        31153.661847215895,
        33061.82235482932
    ],
    "JoulesNormalized_Per_PatchMedian": [
        5065.063797777891,
        9789.404219293592,
        10930.832952141762,
        12075.004735684393,
        13229.454974776505,
        14333.380195283888,
        15482.369618099927,
        16629.89863131642,
        17771.514652353522,
        18854.133436614273
    ],
    "Inf_ExecutionTime": {
        "mean": 0.46946442127227783,
        "median": 0.46946442127227783,
        "std": 0.6639229516148915,
        "max": 0.9389288425445557,
        "min": 0,
        "count": 2
    },
    "Inf_Joules": {
        "mean": 387.7035965442658,
        "median": 387.7035965442658,
        "std": 548.2956844137274,
        "max": 775.4071930885316,
        "min": 0,
        "count": 2
    },
    "Inf_JoulesNormalized": {
        "mean": 39.87740682363517,
        "median": 39.87740682363517,
        "std": 56.39516956225426,
        "max": 79.75481364727034,
        "min": 0,
        "count": 2
    },
    "Val_ExecutionTime": [
        59.588770508766174,
        115.70784962177277,
        128.78790497779846,
        141.97751998901367,
        155.31690192222595,
        168.50647354125977,
        181.6262160539627,
        194.76601648330688,
        207.92553794384003,
        220.5753914117813
    ],
    "Val_Joules": [
        8762.161151987313,
        17017.93844860792,
        18978.459563446042,
        20951.61060576439,
        22943.12757143974,
        24844.375998711585,
        26827.950450468066,
        28794.093616324666,
        30765.958250671625,
        32674.118758285054
    ],
    "Val_JoulesNormalized": [
        5025.186390954255,
        9749.526812469958,
        10890.955545318127,
        12035.127328860759,
        13189.57756795287,
        14293.502788460253,
        15442.492211276292,
        16590.02122449279,
        17731.63724552989,
        18814.25602979064
    ],
    "NrPatches": {
        "median": 0,
        "std": 0.0,
        "max": 0,
        "min": 0
    },
    "Correctness_Per_Patch": [
        "W",
        "W",
        "W",
        "W",
        "W",
        "W",
        "W",
        "W",
        "W",
        "W"
    ],
    "Correctness_Per_Patch_original": [
        "wrong",
        "wrong",
        "uncompilable",
        "uncompilable",
        "uncompilable",
        "uncompilable",
        "uncompilable",
        "uncompilable",
        "uncompilable",
        "uncompilable"
    ],
    "patches": [],
    "Correctness_Per_Patch_origina": [
        "wrong",
        "wrong",
        "uncompilable",
        "uncompilable",
        "uncompilable",
        "uncompilable",
        "uncompilable",
        "uncompilable",
        "uncompilable",
        "uncompilable"
    ]
}