{
    "TOOL_BUG_ID": "incoder_1B-Mockito-22",
    "Time": {
        "mean": 222.9422030210495,
        "median": 222.9944657087326,
        "std": 1.4292560343908987,
        "max": 224.97428953647614,
        "min": 221.373743891716,
        "count": 5
    },
    "Joules": {
        "mean": 39945.45053672314,
        "median": 40086.68156218528,
        "std": 574.4885108054482,
        "max": 40448.41467676163,
        "min": 38955.20364575386,
        "count": 5
    },
    "JoulesNormalized": {
        "mean": 25382.266692700385,
        "median": 25622.927407753465,
        "std": 951.4260819941435,
        "max": 26285.190606760978,
        "min": 23765.1195829153,
        "count": 5
    },
    "NrExecutions": 5,
    "ExecutionsIds": [
        "s0",
        "s1",
        "s2",
        "s3",
        "s4"
    ],
    "ExecutionsInferenceIds": [
        "s0",
        "s1"
    ],
    "NrExecutionsInference": 2,
    "ExecutionTime_Per_PatchMedian": [
        27.259026646614075,
        54.138293623924255,
        80.87781155109406,
        107.61712658405304,
        134.29650270938873,
        161.235870718956,
        188.05533969402313,
        193.41511571407318,
        220.1945127248764,
        222.9944657087326
    ],
    "Joules_Per_PatchMedian": [
        5260.465571308136,
        10074.490553724765,
        14841.310676681995,
        19617.789666581153,
        24394.913109397887,
        29186.585932815073,
        33998.76374434232,
        34938.90544664859,
        39519.924375629416,
        40086.68156218528
    ],
    "JoulesNormalized_Per_PatchMedian": [
        3143.58200290203,
        6243.152388918399,
        9314.559782493114,
        12410.135038423537,
        15496.778261578083,
        18567.32671151161,
        21683.31472120285,
        22285.761814403533,
        25334.444626402852,
        25622.927407753465
    ],
    "Inf_ExecutionTime": {
        "mean": 0.5395785570144653,
        "median": 0.5395785570144653,
        "std": 0.04273100383125502,
        "max": 0.5697939395904541,
        "min": 0.5093631744384766,
        "count": 2
    },
    "Inf_Joules": {
        "mean": 511.0408311247826,
        "median": 511.0408311247826,
        "std": 42.432511336437514,
        "max": 541.0451476335526,
        "min": 481.03651461601254,
        "count": 2
    },
    "Inf_JoulesNormalized": {
        "mean": 83.22107306718823,
        "median": 83.22107306718823,
        "std": 13.610619980709956,
        "max": 92.84523475170135,
        "min": 73.5969113826751,
        "count": 2
    },
    "Val_ExecutionTime": [
        26.71944808959961,
        53.59871506690979,
        80.33823299407959,
        107.07754802703857,
        133.75692415237427,
        160.69629216194153,
        187.51576113700867,
        192.87553715705872,
        219.65493416786194,
        222.45488715171814
    ],
    "Val_Joules": [
        4749.424740183353,
        9563.449722599982,
        14330.269845557212,
        19106.748835456372,
        23883.872278273106,
        28675.54510169029,
        33487.72291321754,
        34427.86461552381,
        39008.883544504635,
        39575.6407310605
    ],
    "Val_JoulesNormalized": [
        3060.360929834842,
        6159.9313158512105,
        9231.338709425925,
        12326.913965356349,
        15413.557188510895,
        18484.105638444424,
        21600.093648135662,
        22202.540741336346,
        25251.223553335665,
        25539.706334686278
    ],
    "NrPatches": {
        "median": 0,
        "std": 0.0,
        "max": 0,
        "min": 0
    },
    "Correctness_Per_Patch": [
        "W",
        "W",
        "W",
        "W",
        "W",
        "W",
        "W",
        "W",
        "W",
        "W"
    ],
    "Correctness_Per_Patch_original": [
        "wrong",
        "wrong",
        "wrong",
        "wrong",
        "wrong",
        "wrong",
        "wrong",
        "uncompilable",
        "wrong",
        "uncompilable"
    ],
    "patches": [],
    "Correctness_Per_Patch_origina": [
        "wrong",
        "wrong",
        "wrong",
        "wrong",
        "wrong",
        "wrong",
        "wrong",
        "uncompilable",
        "wrong",
        "uncompilable"
    ]
}