{
    "TOOL_BUG_ID": "codet5_large-Math-98",
    "Time": {
        "mean": 62.54800808429718,
        "median": 62.54800808429718,
        "std": 0.0,
        "max": 62.54800808429718,
        "min": 62.54800808429718,
        "count": 6
    },
    "Joules": {
        "mean": 7825.120041060448,
        "median": 7825.120041060448,
        "std": 0.0,
        "max": 7825.120041060448,
        "min": 7825.120041060448,
        "count": 6
    },
    "JoulesNormalized": {
        "mean": 3195.7868436932567,
        "median": 3195.7868436932567,
        "std": 0.0,
        "max": 3195.7868436932567,
        "min": 3195.7868436932567,
        "count": 6
    },
    "NrExecutions": 6,
    "ExecutionsIds": [
        "s0",
        "s1",
        "s2",
        "s3",
        "s4",
        "s5"
    ],
    "ExecutionsInferenceIds": [
        "s0",
        "s1"
    ],
    "NrExecutionsInference": 2,
    "ExecutionTime_Per_PatchMedian": [
        7.110694885253906,
        13.27039635181427,
        19.430097818374634,
        25.589799284934998,
        31.74950075149536,
        37.909202218055725,
        44.06890368461609,
        50.22860515117645,
        56.388306617736816,
        62.54800808429718
    ],
    "Joules_Per_PatchMedian": [
        1567.2723298251628,
        2262.588742184639,
        2957.9051545441152,
        3653.2215669035913,
        4348.537979263067,
        5043.8543916225435,
        5739.17080398202,
        6434.487216341496,
        7129.803628700972,
        7825.120041060448
    ],
    "JoulesNormalized_Per_PatchMedian": [
        453.54411658048633,
        758.2377529263497,
        1062.931389272213,
        1367.6250256180763,
        1672.3186619639396,
        1977.0122983098029,
        2281.705934655666,
        2586.3995710015297,
        2891.093207347393,
        3195.7868436932567
    ],
    "Inf_ExecutionTime": {
        "mean": 0.9509934186935425,
        "median": 0.9509934186935425,
        "std": 0.2407365609606471,
        "max": 1.1212198734283447,
        "min": 0.7807669639587402,
        "count": 2
    },
    "Inf_Joules": {
        "mean": 871.9559174656868,
        "median": 871.9559174656868,
        "std": 225.5332706308747,
        "max": 1031.432022511959,
        "min": 712.4798124194144,
        "count": 2
    },
    "Inf_JoulesNormalized": {
        "mean": 148.85048023462298,
        "median": 148.85048023462298,
        "std": 40.53204895902087,
        "max": 177.51096690893178,
        "min": 120.18999356031418,
        "count": 2
    },
    "Val_ExecutionTime": [
        6.159701466560364,
        12.319402933120728,
        18.47910439968109,
        24.638805866241455,
        30.79850733280182,
        36.95820879936218,
        43.117910265922546,
        49.27761173248291,
        55.437313199043274,
        61.59701466560364
    ],
    "Val_Joules": [
        695.3164123594761,
        1390.6328247189524,
        2085.9492370784283,
        2781.2656494379044,
        3476.5820617973804,
        4171.8984741568565,
        4867.214886516333,
        5562.531298875809,
        6257.847711235285,
        6953.164123594761
    ],
    "Val_JoulesNormalized": [
        304.69363634586335,
        609.3872726917267,
        914.08090903759,
        1218.7745453834532,
        1523.4681817293167,
        1828.1618180751798,
        2132.8554544210433,
        2437.549090766907,
        2742.2427271127704,
        3046.936363458634
    ],
    "NrPatches": {
        "median": 1,
        "std": 0.0,
        "max": 1,
        "min": 1
    },
    "Correctness_Per_Patch": [
        "W",
        "C",
        "W",
        "W",
        "W",
        "W",
        "W",
        "W",
        "W",
        "W"
    ],
    "Correctness_Per_Patch_original": [
        "wrong",
        "plausible",
        "wrong",
        "uncompilable",
        "uncompilable",
        "wrong",
        "uncompilable",
        "uncompilable",
        "uncompilable",
        "uncompilable"
    ],
    "patches": [
        "    final BigDecimal[] out = new BigDecimal[nRows];\n"
    ],
    "Correctness_Per_Patch_origina": [
        "wrong",
        "plausible",
        "wrong",
        "uncompilable",
        "uncompilable",
        "wrong",
        "uncompilable",
        "uncompilable",
        "uncompilable",
        "uncompilable"
    ]
}