{
    "TOOL_BUG_ID": "codet5_small-Lang-61",
    "Time": {
        "mean": 91.07214665412903,
        "median": 91.07214665412903,
        "std": 0.0,
        "max": 91.07214665412903,
        "min": 91.07214665412903,
        "count": 6
    },
    "Joules": {
        "mean": 8194.768880963326,
        "median": 8194.768880963326,
        "std": 0.0,
        "max": 8194.768880963326,
        "min": 8194.768880963326,
        "count": 6
    },
    "JoulesNormalized": {
        "mean": 2324.7266499161715,
        "median": 2324.7266499161715,
        "std": 0.0,
        "max": 2324.7266499161715,
        "min": 2324.7266499161715,
        "count": 6
    },
    "NrExecutions": 6,
    "ExecutionsIds": [
        "s0",
        "s1",
        "s2",
        "s3",
        "s4",
        "s5"
    ],
    "ExecutionsInferenceIds": [
        "s0",
        "s1"
    ],
    "NrExecutionsInference": 2,
    "ExecutionTime_Per_PatchMedian": [
        9.354469060897827,
        18.434211015701294,
        27.51395297050476,
        36.59369492530823,
        45.673436880111694,
        54.75317883491516,
        63.83292078971863,
        72.9126627445221,
        81.99240469932556,
        91.07214665412903
    ],
    "Joules_Per_PatchMedian": [
        1022.815025895834,
        1819.6987875699997,
        2616.5825492441654,
        3413.466310918331,
        4210.350072592497,
        5007.233834266663,
        5804.117595940828,
        6601.001357614994,
        7397.88511928916,
        8194.768880963326
    ],
    "JoulesNormalized_Per_PatchMedian": [
        249.4507551908493,
        480.0369657158851,
        710.6231762409209,
        941.2093867659567,
        1171.7955972909924,
        1402.3818078160282,
        1632.968018341064,
        1863.5542288660997,
        2094.1404393911357,
        2324.7266499161715
    ],
    "Inf_ExecutionTime": {
        "mean": 0.27472710609436035,
        "median": 0.27472710609436035,
        "std": 0.09232418894965977,
        "max": 0.3400101661682129,
        "min": 0.2094440460205078,
        "count": 2
    },
    "Inf_Joules": {
        "mean": 225.93126422166827,
        "median": 225.93126422166827,
        "std": 79.25595563290105,
        "max": 281.97368789911275,
        "min": 169.8888405442238,
        "count": 2
    },
    "Inf_JoulesNormalized": {
        "mean": 18.86454466581347,
        "median": 18.86454466581347,
        "std": 8.716449656497854,
        "max": 25.028005325794254,
        "min": 12.701084005832683,
        "count": 2
    },
    "Val_ExecutionTime": [
        9.079741954803467,
        18.159483909606934,
        27.2392258644104,
        36.31896781921387,
        45.398709774017334,
        54.4784517288208,
        63.55819368362427,
        72.63793563842773,
        81.7176775932312,
        90.79741954803467
    ],
    "Val_Joules": [
        796.8837616741657,
        1593.7675233483315,
        2390.651285022497,
        3187.535046696663,
        3984.4188083708286,
        4781.302570044994,
        5578.18633171916,
        6375.070093393326,
        7171.9538550674915,
        7968.837616741657
    ],
    "Val_JoulesNormalized": [
        230.58621052503582,
        461.17242105007165,
        691.7586315751074,
        922.3448421001432,
        1152.9310526251788,
        1383.5172631502146,
        1614.1034736752504,
        1844.6896842002861,
        2075.2758947253224,
        2305.862105250358
    ],
    "NrPatches": {
        "median": 0,
        "std": 0.0,
        "max": 0,
        "min": 0
    },
    "Correctness_Per_Patch": [
        "W",
        "W",
        "W",
        "W",
        "W",
        "W",
        "W",
        "W",
        "W",
        "W"
    ],
    "Correctness_Per_Patch_original": [
        "wrong",
        "wrong",
        "wrong",
        "wrong",
        "wrong",
        "wrong",
        "wrong",
        "wrong",
        "wrong",
        "wrong"
    ],
    "patches": [],
    "Correctness_Per_Patch_origina": [
        "wrong",
        "wrong",
        "wrong",
        "wrong",
        "wrong",
        "wrong",
        "wrong",
        "wrong",
        "wrong",
        "wrong"
    ]
}