{
    "TOOL_BUG_ID": "codegen_6B-Math-85",
    "Time": {
        "mean": 79.04421055316925,
        "median": 79.04421055316925,
        "std": 0.0,
        "max": 79.04421055316925,
        "min": 79.04421055316925,
        "count": 5
    },
    "Joules": {
        "mean": 17367.947585765232,
        "median": 17367.947585765232,
        "std": 0.0,
        "max": 17367.947585765232,
        "min": 17367.947585765232,
        "count": 5
    },
    "JoulesNormalized": {
        "mean": 5885.814961205823,
        "median": 5885.814961205823,
        "std": 0.0,
        "max": 5885.814961205823,
        "min": 5885.814961205823,
        "count": 5
    },
    "NrExecutions": 5,
    "ExecutionsIds": [
        "s0",
        "s1",
        "s2",
        "s3",
        "s4"
    ],
    "ExecutionsInferenceIds": [
        "s0",
        "s1"
    ],
    "NrExecutionsInference": 2,
    "ExecutionTime_Per_PatchMedian": [
        14.695722460746765,
        21.84555447101593,
        28.995386481285095,
        36.14521849155426,
        43.295050501823425,
        50.44488251209259,
        57.594714522361755,
        64.74454653263092,
        71.89437854290009,
        79.04421055316925
    ],
    "Joules_Per_PatchMedian": [
        9571.709332928762,
        10437.95802768837,
        11304.206722447978,
        12170.455417207586,
        13036.704111967194,
        13902.952806726802,
        14769.20150148641,
        15635.450196246018,
        16501.698891005624,
        17367.947585765232
    ],
    "JoulesNormalized_Per_PatchMedian": [
        2170.608848666056,
        2583.4095278371415,
        2996.210207008227,
        3409.0108861793124,
        3821.811565350398,
        4234.612244521483,
        4647.412923692568,
        5060.213602863653,
        5473.014282034738,
        5885.814961205823
    ],
    "Inf_ExecutionTime": {
        "mean": 7.5458904504776,
        "median": 7.5458904504776,
        "std": 0.7720056786353805,
        "max": 8.0917809009552,
        "min": 7.0,
        "count": 2
    },
    "Inf_Joules": {
        "mean": 8705.460638169154,
        "median": 8705.460638169154,
        "std": 934.4922983635236,
        "max": 9366.246479308604,
        "min": 8044.674797029704,
        "count": 2
    },
    "Inf_JoulesNormalized": {
        "mean": 1757.8081694949706,
        "median": 1757.8081694949706,
        "std": 2.6610231789535166,
        "max": 1759.6897970297032,
        "min": 1755.926541960238,
        "count": 2
    },
    "Val_ExecutionTime": [
        7.149832010269165,
        14.29966402053833,
        21.449496030807495,
        28.59932804107666,
        35.749160051345825,
        42.89899206161499,
        50.048824071884155,
        57.19865608215332,
        64.34848809242249,
        71.49832010269165
    ],
    "Val_Joules": [
        866.248694759608,
        1732.497389519216,
        2598.746084278824,
        3464.994779038432,
        4331.24347379804,
        5197.492168557648,
        6063.740863317256,
        6929.989558076864,
        7796.238252836471,
        8662.486947596079
    ],
    "Val_JoulesNormalized": [
        412.80067917108545,
        825.6013583421709,
        1238.4020375132563,
        1651.2027166843418,
        2064.0033958554272,
        2476.8040750265127,
        2889.6047541975977,
        3302.4054333686827,
        3715.2061125397677,
        4128.006791710853
    ],
    "NrPatches": {
        "median": 4,
        "std": 0.0,
        "max": 4,
        "min": 4
    },
    "Correctness_Per_Patch": [
        "C",
        "W",
        "W",
        "W",
        "W",
        "I",
        "I",
        "C",
        "W",
        "W"
    ],
    "Correctness_Per_Patch_original": [
        "plausible",
        "wrong",
        "wrong",
        "uncompilable",
        "wrong",
        "plausible",
        "plausible",
        "plausible",
        "wrong",
        "wrong"
    ],
    "patches": [
        "    if (fa * fb > 0.0) {\n",
        "    if (fa * fb >= 0.0 && numIterations == maximumIterations) {\n",
        "    if (fa * fb >= 0.0 && numIterations >= maximumIterations) {\n",
        "    if (fa * fb > 0) {\n"
    ],
    "Correctness_Per_Patch_origina": [
        "plausible",
        "wrong",
        "wrong",
        "uncompilable",
        "wrong",
        "plausible",
        "plausible",
        "plausible",
        "wrong",
        "wrong"
    ]
}