{
    "TOOL_BUG_ID": "codegen_2B-Math-57",
    "Time": {
        "mean": 195.4538390636444,
        "median": 195.4538390636444,
        "std": 0.0,
        "max": 195.4538390636444,
        "min": 195.4538390636444,
        "count": 6
    },
    "Joules": {
        "mean": 24001.38971526027,
        "median": 24001.38971526027,
        "std": 0.0,
        "max": 24001.38971526027,
        "min": 24001.38971526027,
        "count": 6
    },
    "JoulesNormalized": {
        "mean": 9913.21092851758,
        "median": 9913.21092851758,
        "std": 0.0,
        "max": 9913.21092851758,
        "min": 9913.21092851758,
        "count": 6
    },
    "NrExecutions": 6,
    "ExecutionsIds": [
        "s0",
        "s1",
        "s2",
        "s3",
        "s4",
        "s5"
    ],
    "ExecutionsInferenceIds": [
        "s0",
        "s1"
    ],
    "NrExecutionsInference": 2,
    "ExecutionTime_Per_PatchMedian": [
        21.939279913902283,
        41.21867537498474,
        60.4980708360672,
        79.77746629714966,
        99.05686175823212,
        118.33625721931458,
        137.61565268039703,
        156.8950481414795,
        176.17444360256195,
        195.4538390636444
    ],
    "Joules_Per_PatchMedian": [
        4868.319465249777,
        6994.2161596953865,
        9120.112854140996,
        11246.009548586606,
        13371.906243032216,
        15497.802937477825,
        17623.699631923435,
        19749.596326369046,
        21875.493020814658,
        24001.38971526027
    ],
    "JoulesNormalized_Per_PatchMedian": [
        1563.0482297301294,
        2490.844085150957,
        3418.639940571785,
        4346.435795992613,
        5274.231651413441,
        6202.027506834269,
        7129.823362255097,
        8057.619217675925,
        8985.415073096752,
        9913.21092851758
    ],
    "Inf_ExecutionTime": {
        "mean": 2.659884452819824,
        "median": 2.659884452819824,
        "std": 0.014323859347518402,
        "max": 2.670012950897217,
        "min": 2.6497559547424316,
        "count": 2
    },
    "Inf_Joules": {
        "mean": 2742.422770804167,
        "median": 2742.422770804167,
        "std": 28.711768544222707,
        "max": 2762.7250570416454,
        "min": 2722.1204845666884,
        "count": 2
    },
    "Inf_JoulesNormalized": {
        "mean": 635.2523743093016,
        "median": 635.2523743093016,
        "std": 5.644136598112371,
        "max": 639.24338157177,
        "min": 631.2613670468331,
        "count": 2
    },
    "Val_ExecutionTime": [
        19.27939546108246,
        38.55879092216492,
        57.838186383247375,
        77.11758184432983,
        96.39697730541229,
        115.67637276649475,
        134.9557682275772,
        154.23516368865967,
        173.51455914974213,
        192.79395461082458
    ],
    "Val_Joules": [
        2125.8966944456097,
        4251.793388891219,
        6377.690083336829,
        8503.586777782439,
        10629.483472228048,
        12755.380166673658,
        14881.276861119268,
        17007.173555564877,
        19133.07025001049,
        21258.9669444561
    ],
    "Val_JoulesNormalized": [
        927.7958554208278,
        1855.5917108416556,
        2783.3875662624832,
        3711.1834216833113,
        4638.979277104139,
        5566.775132524967,
        6494.570987945795,
        7422.3668433666235,
        8350.162698787452,
        9277.958554208279
    ],
    "NrPatches": {
        "median": 5,
        "std": 0.0,
        "max": 5,
        "min": 5
    },
    "Correctness_Per_Patch": [
        "C",
        "W",
        "I",
        "I",
        "I",
        "I",
        "W",
        "W",
        "W",
        "W"
    ],
    "Correctness_Per_Patch_original": [
        "plausible",
        "uncompilable",
        "plausible",
        "plausible",
        "plausible",
        "plausible",
        "wrong",
        "uncompilable",
        "uncompilable",
        "uncompilable"
    ],
    "patches": [
        "        double sum = 0;\n",
        "        float sum = 0f;\n",
        "        double sum = 0.0;\n",
        "        float sum = 0;\n",
        "        double sum = 0d;\n"
    ],
    "Correctness_Per_Patch_origina": [
        "plausible",
        "uncompilable",
        "plausible",
        "plausible",
        "plausible",
        "plausible",
        "wrong",
        "uncompilable",
        "uncompilable",
        "uncompilable"
    ]
}