{
    "TOOL_BUG_ID": "plbart_base-Closure-111",
    "Time": {
        "mean": 24.379884640375774,
        "median": 22.259807467460632,
        "std": 4.0088077516545715,
        "max": 29.705000162124634,
        "min": 21.052013158798218,
        "count": 6
    },
    "Joules": {
        "mean": 3478.6611162026725,
        "median": 2852.351222014427,
        "std": 1089.302386255318,
        "max": 4961.085951328278,
        "min": 2690.870829987526,
        "count": 6
    },
    "JoulesNormalized": {
        "mean": 926.2193391680718,
        "median": 1352.6780803084375,
        "std": 709.1077188669067,
        "max": 1437.9422369599342,
        "min": 10.010949516296535,
        "count": 6
    },
    "NrExecutions": 6,
    "ExecutionsIds": [
        "s0",
        "s1",
        "s2",
        "s3",
        "s4",
        "s5"
    ],
    "ExecutionsInferenceIds": [
        "s0",
        "s1"
    ],
    "NrExecutionsInference": 2,
    "ExecutionTime_Per_PatchMedian": [
        2.580268979072571,
        5.07078230381012,
        7.060114741325378,
        9.550505757331848,
        12.040387272834778,
        14.020398259162903,
        16.0302916765213,
        18.02056121826172,
        20.510894179344177,
        22.259807467460632
    ],
    "Joules_Per_PatchMedian": [
        373.42999106645584,
        675.535085439682,
        925.7785294175148,
        1241.9091148018838,
        1552.3642308413982,
        1801.5061946511269,
        2073.812797707319,
        2331.44829262495,
        2641.309063565731,
        2852.351222014427
    ],
    "JoulesNormalized_Per_PatchMedian": [
        131.65117901563644,
        284.83284636139877,
        416.2023899972439,
        565.5303807199002,
        696.8411104202271,
        827.1510732293129,
        974.2645011901857,
        1105.568148547411,
        1236.7011357426645,
        1352.6780803084375
    ],
    "Inf_ExecutionTime": {
        "mean": 0.09013652801513672,
        "median": 0.09013652801513672,
        "std": 2.0567662073316288e-05,
        "max": 0.09015107154846191,
        "min": 0.09012198448181152,
        "count": 2
    },
    "Inf_Joules": {
        "mean": 68.70627676248552,
        "median": 68.70627676248552,
        "std": 0.7987276066695241,
        "max": 69.27106246948243,
        "min": 68.14149105548859,
        "count": 2
    },
    "Inf_JoulesNormalized": {
        "mean": 1.5634679675102348,
        "median": 1.5634679675102348,
        "std": 0.17263549769060704,
        "max": 1.6855396986007776,
        "min": 1.441396236419692,
        "count": 2
    },
    "Val_ExecutionTime": [
        2.490132451057434,
        4.980645775794983,
        6.969978213310242,
        9.460369229316711,
        11.950250744819641,
        13.930261731147766,
        15.940155148506165,
        17.930424690246582,
        20.42075765132904,
        22.169670939445496
    ],
    "Val_Joules": [
        304.7237143039704,
        606.8288086771965,
        857.0722526550293,
        1173.202838039398,
        1483.6579540789128,
        1732.7999178886414,
        2005.1065209448336,
        2262.7420158624645,
        2572.602786803245,
        2783.6449452519414
    ],
    "Val_JoulesNormalized": [
        130.0877110481262,
        283.26937839388853,
        414.6389220297337,
        563.9669127523899,
        695.2776424527169,
        825.5876052618027,
        972.7010332226754,
        1104.0046805799009,
        1235.1376677751541,
        1351.1146123409271
    ],
    "NrPatches": {
        "median": 0,
        "std": 0.0,
        "max": 0,
        "min": 0
    },
    "Correctness_Per_Patch": [
        "W",
        "W",
        "W",
        "W",
        "W",
        "W",
        "W",
        "W",
        "W",
        "W"
    ],
    "Correctness_Per_Patch_original": [
        "uncompilable",
        "uncompilable",
        "uncompilable",
        "uncompilable",
        "uncompilable",
        "uncompilable",
        "uncompilable",
        "uncompilable",
        "uncompilable",
        "uncompilable"
    ],
    "patches": [],
    "Correctness_Per_Patch_origina": [
        "uncompilable",
        "uncompilable",
        "uncompilable",
        "uncompilable",
        "uncompilable",
        "uncompilable",
        "uncompilable",
        "uncompilable",
        "uncompilable",
        "uncompilable"
    ]
}