{
    "TOOL_BUG_ID": "incoder_1B-Closure-5",
    "Time": {
        "mean": 422.8663372993469,
        "median": 423.054625749588,
        "std": 0.44346854352864934,
        "max": 423.0752532482147,
        "min": 422.0732445716858,
        "count": 5
    },
    "Joules": {
        "mean": 49867.925733240845,
        "median": 49689.3560387075,
        "std": 469.22277080781555,
        "max": 50701.24942632318,
        "min": 49563.72218925357,
        "count": 5
    },
    "JoulesNormalized": {
        "mean": 22605.286445864444,
        "median": 22802.33853569627,
        "std": 433.8973298371392,
        "max": 22812.47381128669,
        "min": 21829.40728879571,
        "count": 5
    },
    "NrExecutions": 5,
    "ExecutionsIds": [
        "s1",
        "s2",
        "s3",
        "s4",
        "s5"
    ],
    "ExecutionsInferenceIds": [
        "s0",
        "s1"
    ],
    "NrExecutionsInference": 2,
    "ExecutionTime_Per_PatchMedian": [
        67.99941992759705,
        135.41851043701172,
        202.8376009464264,
        207.8366539478302,
        275.2557444572449,
        280.23652935028076,
        285.2353575229645,
        288.21644473075867,
        355.63553524017334,
        423.054625749588
    ],
    "Joules_Per_PatchMedian": [
        8425.484857326746,
        16259.068651801348,
        24092.652446275948,
        24691.480568259954,
        32525.064362734556,
        33109.50844743848,
        33696.58095549941,
        34022.188449758294,
        41855.772244232896,
        49689.3560387075
    ],
    "JoulesNormalized_Per_PatchMedian": [
        3756.6070867717267,
        7374.95661688447,
        10993.306146997214,
        11265.50102376342,
        14883.850553876164,
        15149.653285318616,
        15430.79394783378,
        15565.639475470784,
        19183.989005583528,
        22802.33853569627
    ],
    "Inf_ExecutionTime": {
        "mean": 0.580329418182373,
        "median": 0.580329418182373,
        "std": 0.8207097338375994,
        "max": 1.160658836364746,
        "min": 0.0,
        "count": 2
    },
    "Inf_Joules": {
        "mean": 591.9010628521442,
        "median": 591.9010628521442,
        "std": 837.0745106685521,
        "max": 1183.8021257042883,
        "min": 0.0,
        "count": 2
    },
    "Inf_JoulesNormalized": {
        "mean": 138.25755665898316,
        "median": 138.25755665898316,
        "std": 195.5257117277006,
        "max": 276.5151133179663,
        "min": 0.0,
        "count": 2
    },
    "Val_ExecutionTime": [
        67.41909050941467,
        134.83818101882935,
        202.25727152824402,
        207.25632452964783,
        274.6754150390625,
        279.6561999320984,
        284.6550281047821,
        287.6361153125763,
        355.05520582199097,
        422.47429633140564
    ],
    "Val_Joules": [
        7833.583794474602,
        15667.167588949203,
        23500.751383423805,
        24099.57950540781,
        31933.163299882413,
        32517.607384586336,
        33104.67989264727,
        33430.28738690615,
        41263.87118138075,
        49097.454975855355
    ],
    "Val_JoulesNormalized": [
        3618.3495301127437,
        7236.699060225487,
        10855.04859033823,
        11127.243467104436,
        14745.59299721718,
        15011.395728659632,
        15292.536391174795,
        15427.3819188118,
        19045.731448924544,
        22664.080979037288
    ],
    "NrPatches": {
        "median": 0,
        "std": 0.0,
        "max": 0,
        "min": 0
    },
    "Correctness_Per_Patch": [
        "W",
        "W",
        "W",
        "W",
        "W",
        "W",
        "W",
        "W",
        "W",
        "W"
    ],
    "Correctness_Per_Patch_original": [
        "wrong",
        "wrong",
        "wrong",
        "wrong",
        "wrong",
        "wrong",
        "wrong",
        "uncompilable",
        "wrong",
        "wrong"
    ],
    "patches": [],
    "Correctness_Per_Patch_origina": [
        "wrong",
        "wrong",
        "wrong",
        "wrong",
        "wrong",
        "wrong",
        "wrong",
        "uncompilable",
        "wrong",
        "wrong"
    ]
}