{
    "TOOL_BUG_ID": "codet5_large-Closure-11",
    "Time": {
        "mean": 303.9169997572899,
        "median": 232.21110606193542,
        "std": 176.01792031643427,
        "max": 663.1843694448471,
        "min": 229.5316779613495,
        "count": 6
    },
    "Joules": {
        "mean": 37012.0084943066,
        "median": 28677.28457911015,
        "std": 20723.718716025756,
        "max": 79311.99982067346,
        "min": 28298.185313183076,
        "count": 6
    },
    "JoulesNormalized": {
        "mean": 15938.584568479657,
        "median": 11656.957987618447,
        "std": 10090.172926792411,
        "max": 36513.378581368925,
        "min": 11457.525592690707,
        "count": 6
    },
    "NrExecutions": 6,
    "ExecutionsIds": [
        "s0",
        "s1",
        "s2",
        "s3",
        "s4",
        "s5"
    ],
    "ExecutionsInferenceIds": [
        "s0",
        "s1"
    ],
    "NrExecutionsInference": 2,
    "ExecutionTime_Per_PatchMedian": [
        3.985038995742798,
        5.985237002372742,
        15.485122442245483,
        81.70400893688202,
        147.92289543151855,
        157.99299263954163,
        224.21187913417816,
        226.76152563095093,
        229.75126111507416,
        232.21110606193542
    ],
    "Joules_Per_PatchMedian": [
        1314.6445561528205,
        1577.7053023040294,
        2830.3345372498034,
        10667.713824617862,
        18505.093111985923,
        19799.75568103194,
        27637.1349684,
        27974.107514840365,
        28357.788249462843,
        28677.28457911015
    ],
    "JoulesNormalized_Per_PatchMedian": [
        220.07407369613654,
        259.07465690970423,
        439.22735798954955,
        4072.812502598762,
        7706.397647207975,
        7893.660772359371,
        11527.245916968583,
        11568.58964857459,
        11613.12224856019,
        11656.957987618447
    ],
    "Inf_ExecutionTime": {
        "mean": 0.9955044984817505,
        "median": 0.9955044984817505,
        "std": 0.3463923038564848,
        "max": 1.240440845489502,
        "min": 0.750568151473999,
        "count": 2
    },
    "Inf_Joules": {
        "mean": 938.2069469928741,
        "median": 938.2069469928741,
        "std": 326.3889012622213,
        "max": 1168.9987523794173,
        "min": 707.415141606331,
        "count": 2
    },
    "Inf_JoulesNormalized": {
        "mean": 177.52713527679447,
        "median": 177.52713527679447,
        "std": 60.41582058977166,
        "max": 220.24757170677185,
        "min": 134.80669884681708,
        "count": 2
    },
    "Val_ExecutionTime": [
        2.9895344972610474,
        4.989732503890991,
        14.489617943763733,
        80.70850443840027,
        146.9273909330368,
        156.99748814105988,
        223.2163746356964,
        225.76602113246918,
        228.7557566165924,
        231.21560156345367
    ],
    "Val_Joules": [
        376.4376091599464,
        639.4983553111554,
        1892.1275902569291,
        9729.506877624988,
        17566.886164993048,
        18861.548734039065,
        26698.928021407126,
        27035.90056784749,
        27419.581302469967,
        27739.077632117274
    ],
    "Val_JoulesNormalized": [
        42.54693841934207,
        81.54752163290979,
        261.700222712755,
        3895.285367321968,
        7528.870511931181,
        7716.133637082577,
        11349.71878169179,
        11391.062513297795,
        11435.595113283394,
        11479.430852341651
    ],
    "NrPatches": {
        "median": 2,
        "std": 0.0,
        "max": 2,
        "min": 2
    },
    "Correctness_Per_Patch": [
        "W",
        "W",
        "W",
        "I",
        "W",
        "W",
        "C",
        "W",
        "W",
        "W"
    ],
    "Correctness_Per_Patch_original": [
        "uncompilable",
        "uncompilable",
        "wrong",
        "plausible",
        "wrong",
        "wrong",
        "plausible",
        "uncompilable",
        "uncompilable",
        "uncompilable"
    ],
    "patches": [
        "    } else if (n.getJSType() == null && parent.isAssign()) {\n        report(t, n, TypeValidator.ILLEGAL_PROPERTY_ACCESS, \"String_Node_Str\", \"dict\");\n",
        "    } else if (n.getJSType() == null && parent.isAssign()) {\n"
    ],
    "Correctness_Per_Patch_origina": [
        "uncompilable",
        "uncompilable",
        "wrong",
        "plausible",
        "wrong",
        "wrong",
        "plausible",
        "uncompilable",
        "uncompilable",
        "uncompilable"
    ]
}