{
    "TOOL_BUG_ID": "codegen_2B-Lang-6",
    "Time": {
        "mean": 145.31553089618683,
        "median": 145.31553089618683,
        "std": 0.0,
        "max": 145.31553089618683,
        "min": 145.31553089618683,
        "count": 6
    },
    "Joules": {
        "mean": 16500.037608128783,
        "median": 16500.037608128783,
        "std": 0.0,
        "max": 16500.037608128783,
        "min": 16500.037608128783,
        "count": 6
    },
    "JoulesNormalized": {
        "mean": 5436.078231537342,
        "median": 5436.078231537342,
        "std": 0.0,
        "max": 5436.078231537342,
        "min": 5436.078231537342,
        "count": 6
    },
    "NrExecutions": 6,
    "ExecutionsIds": [
        "s0",
        "s1",
        "s2",
        "s3",
        "s4",
        "s5"
    ],
    "ExecutionsInferenceIds": [
        "s0",
        "s1"
    ],
    "NrExecutionsInference": 2,
    "ExecutionTime_Per_PatchMedian": [
        16.97723150253296,
        31.237042546272278,
        45.4968535900116,
        59.756664633750916,
        74.01647567749023,
        88.27628672122955,
        102.53609776496887,
        116.79590880870819,
        131.0557198524475,
        145.31553089618683
    ],
    "Joules_Per_PatchMedian": [
        4079.9979327321053,
        5460.002341109514,
        6840.006749486924,
        8220.011157864334,
        9600.015566241742,
        10980.01997461915,
        12360.024382996558,
        13740.028791373967,
        15120.033199751375,
        16500.037608128783
    ],
    "JoulesNormalized_Per_PatchMedian": [
        1020.9856031954289,
        1511.5514507889748,
        2002.1172983825206,
        2492.6831459760665,
        2983.248993569612,
        3473.814841163158,
        3964.3806887567034,
        4454.9465363502495,
        4945.512383943796,
        5436.078231537342
    ],
    "Inf_ExecutionTime": {
        "mean": 2.71742045879364,
        "median": 2.71742045879364,
        "std": 0.00922291056594192,
        "max": 2.7239420413970947,
        "min": 2.7108988761901855,
        "count": 2
    },
    "Inf_Joules": {
        "mean": 2699.993524354696,
        "median": 2699.993524354696,
        "std": 19.201038464781437,
        "max": 2713.570708858967,
        "min": 2686.4163398504256,
        "count": 2
    },
    "Inf_JoulesNormalized": {
        "mean": 530.419755601883,
        "median": 530.419755601883,
        "std": 22.145347262119188,
        "max": 546.0788808226584,
        "min": 514.7606303811076,
        "count": 2
    },
    "Val_ExecutionTime": [
        14.259811043739319,
        28.519622087478638,
        42.77943313121796,
        57.039244174957275,
        71.2990552186966,
        85.55886626243591,
        99.81867730617523,
        114.07848834991455,
        128.33829939365387,
        142.5981104373932
    ],
    "Val_Joules": [
        1380.0044083774092,
        2760.0088167548183,
        4140.0132251322275,
        5520.017633509638,
        6900.022041887046,
        8280.026450264453,
        9660.030858641861,
        11040.03526701927,
        12420.039675396678,
        13800.044083774086
    ],
    "Val_JoulesNormalized": [
        490.56584759354587,
        981.1316951870917,
        1471.6975427806376,
        1962.2633903741835,
        2452.829237967729,
        2943.3950855612748,
        3433.9609331548204,
        3924.5267807483665,
        4415.092628341912,
        4905.658475935459
    ],
    "NrPatches": {
        "median": 1,
        "std": 0.0,
        "max": 1,
        "min": 1
    },
    "Correctness_Per_Patch": [
        "W",
        "W",
        "W",
        "W",
        "C",
        "W",
        "W",
        "W",
        "W",
        "W"
    ],
    "Correctness_Per_Patch_original": [
        "wrong",
        "timeout",
        "uncompilable",
        "timeout",
        "plausible",
        "wrong",
        "wrong",
        "uncompilable",
        "uncompilable",
        "uncompilable"
    ],
    "patches": [
        "            pos += Character.charCount(Character.codePointAt(input, pt));\n"
    ],
    "Correctness_Per_Patch_origina": [
        "wrong",
        "timeout",
        "uncompilable",
        "timeout",
        "plausible",
        "wrong",
        "wrong",
        "uncompilable",
        "uncompilable",
        "uncompilable"
    ]
}