{
    "TOOL_BUG_ID": "codegen_2B-Closure-126",
    "Time": {
        "mean": 127.1899306376775,
        "median": 127.0741513967514,
        "std": 0.9923504505896438,
        "max": 128.22296500205994,
        "min": 125.5221471786499,
        "count": 6
    },
    "Joules": {
        "mean": 22871.6896387736,
        "median": 22770.67865421772,
        "std": 924.3207911652338,
        "max": 23901.899879890683,
        "min": 21938.832412892578,
        "count": 6
    },
    "JoulesNormalized": {
        "mean": 6902.775043290854,
        "median": 6918.154896116257,
        "std": 1348.4720846146167,
        "max": 8188.843105697633,
        "min": 5532.38277539015,
        "count": 6
    },
    "NrExecutions": 6,
    "ExecutionsIds": [
        "s0",
        "s1",
        "s2",
        "s3",
        "s4",
        "s5"
    ],
    "ExecutionsInferenceIds": [
        "s0",
        "s1"
    ],
    "NrExecutionsInference": 2,
    "ExecutionTime_Per_PatchMedian": [
        17.67526626586914,
        26.67537569999695,
        36.18514370918274,
        38.685051679611206,
        102.01385116577148,
        111.51355469226837,
        121.51329815387726,
        123.994579911232,
        125.9945240020752,
        127.0741513967514
    ],
    "Joules_Per_PatchMedian": [
        9198.961801820995,
        10388.110880887509,
        11615.405972129107,
        11950.004411208629,
        19537.385498058797,
        20728.27696581483,
        21949.46109200716,
        22252.71302217245,
        22520.641700416803,
        22770.67865421772
    ],
    "JoulesNormalized_Per_PatchMedian": [
        1882.2489306271082,
        2183.737804025412,
        2486.328820043803,
        2560.3512678563598,
        6121.166785734893,
        6441.380798375607,
        6732.429310804606,
        6801.830393832923,
        6872.453386873007,
        6918.154896116257
    ],
    "Inf_ExecutionTime": {
        "mean": 7.675675392150879,
        "median": 7.675675392150879,
        "std": 0.06843737826241356,
        "max": 7.72406792640686,
        "min": 7.6272828578948975,
        "count": 2
    },
    "Inf_Joules": {
        "mean": 7929.342642945052,
        "median": 7929.342642945052,
        "std": 29.32575186362347,
        "max": 7950.079080951214,
        "min": 7908.606204938889,
        "count": 2
    },
    "Inf_JoulesNormalized": {
        "mean": 1562.6486306667334,
        "median": 1562.6486306667334,
        "std": 19.46903716679329,
        "max": 1576.415318870546,
        "min": 1548.881942462921,
        "count": 2
    },
    "Val_ExecutionTime": [
        9.999590873718262,
        18.99970030784607,
        28.50946831703186,
        31.009376287460327,
        94.3381757736206,
        103.83787930011749,
        113.83762276172638,
        116.31890451908112,
        118.31884860992432,
        119.39847600460052
    ],
    "Val_Joules": [
        1269.619158875942,
        2458.768237942457,
        3686.063329184055,
        4020.661768263578,
        11608.042855113745,
        12798.934322869778,
        14020.118449062109,
        14323.370379227401,
        14591.299057471753,
        14841.336011272671
    ],
    "Val_JoulesNormalized": [
        319.60029996037474,
        621.0891733586786,
        923.6801893770692,
        997.7026371896263,
        4558.518155068159,
        4878.732167708874,
        5169.780680137873,
        5239.181763166189,
        5309.804756206274,
        5355.506265449524
    ],
    "NrPatches": {
        "median": 1,
        "std": 0.0,
        "max": 1,
        "min": 1
    },
    "Correctness_Per_Patch": [
        "W",
        "W",
        "W",
        "W",
        "I",
        "W",
        "W",
        "W",
        "W",
        "W"
    ],
    "Correctness_Per_Patch_original": [
        "wrong",
        "wrong",
        "wrong",
        "uncompilable",
        "plausible",
        "wrong",
        "wrong",
        "uncompilable",
        "uncompilable",
        "uncompilable"
    ],
    "patches": [
        "    tryMinimizeExits(allCatchNodes, exitType, labelName);\n"
    ],
    "Correctness_Per_Patch_origina": [
        "wrong",
        "wrong",
        "wrong",
        "uncompilable",
        "plausible",
        "wrong",
        "wrong",
        "uncompilable",
        "uncompilable",
        "uncompilable"
    ]
}