{
    "TOOL_BUG_ID": "incoder_1B-Lang-10",
    "Time": {
        "mean": 127.32244205474854,
        "median": 127.32244205474854,
        "std": 0.0,
        "max": 127.32244205474854,
        "min": 127.32244205474854,
        "count": 5
    },
    "Joules": {
        "mean": 14116.343548449517,
        "median": 14116.343548449517,
        "std": 0.0,
        "max": 14116.343548449517,
        "min": 14116.343548449517,
        "count": 5
    },
    "JoulesNormalized": {
        "mean": 4751.956623953806,
        "median": 4751.956623953806,
        "std": 0.0,
        "max": 4751.956623953806,
        "min": 4751.956623953806,
        "count": 5
    },
    "NrExecutions": 5,
    "ExecutionsIds": [
        "s1",
        "s2",
        "s3",
        "s4",
        "s5"
    ],
    "ExecutionsInferenceIds": [
        "s0",
        "s1"
    ],
    "NrExecutionsInference": 2,
    "ExecutionTime_Per_PatchMedian": [
        14.280565023422241,
        26.840773582458496,
        39.40098214149475,
        51.961190700531006,
        64.52139925956726,
        77.08160781860352,
        89.64181637763977,
        102.20202493667603,
        114.76223349571228,
        127.32244205474854
    ],
    "Joules_Per_PatchMedian": [
        2973.988896312952,
        4212.028302105904,
        5450.067707898856,
        6688.107113691807,
        7926.146519484759,
        9164.18592527771,
        10402.225331070662,
        11640.264736863614,
        12878.304142656565,
        14116.343548449517
    ],
    "JoulesNormalized_Per_PatchMedian": [
        787.692964011655,
        1228.1667040052273,
        1668.6404439987996,
        2109.114183992372,
        2549.5879239859446,
        2990.061663979517,
        3430.5354039730896,
        3871.009143966662,
        4311.482883960234,
        4751.956623953806
    ],
    "Inf_ExecutionTime": {
        "mean": 1.7203564643859863,
        "median": 1.7203564643859863,
        "std": 1.0187378816777932,
        "max": 2.4407129287719727,
        "min": 1.0,
        "count": 2
    },
    "Inf_Joules": {
        "mean": 1735.9494905200004,
        "median": 1735.9494905200004,
        "std": 971.9451273918512,
        "max": 2423.2184810400013,
        "min": 1048.6804999999997,
        "count": 2
    },
    "Inf_JoulesNormalized": {
        "mean": 347.2192240180827,
        "median": 347.2192240180827,
        "std": 217.3557918129568,
        "max": 500.9129783391959,
        "min": 193.52546969696948,
        "count": 2
    },
    "Val_ExecutionTime": [
        12.560208559036255,
        25.12041711807251,
        37.680625677108765,
        50.24083423614502,
        62.801042795181274,
        75.36125135421753,
        87.92145991325378,
        100.48166847229004,
        113.0418770313263,
        125.60208559036255
    ],
    "Val_Joules": [
        1238.0394057929516,
        2476.0788115859036,
        3714.118217378855,
        4952.157623171806,
        6190.197028964758,
        7428.2364347577095,
        8666.275840550661,
        9904.315246343613,
        11142.354652136564,
        12380.394057929516
    ],
    "Val_JoulesNormalized": [
        440.47373999357234,
        880.9474799871446,
        1321.4212199807168,
        1761.8949599742893,
        2202.368699967862,
        2642.8424399614346,
        3083.316179955007,
        3523.7899199485796,
        3964.2636599421517,
        4404.737399935723
    ],
    "NrPatches": {
        "median": 1,
        "std": 0.0,
        "max": 1,
        "min": 1
    },
    "Correctness_Per_Patch": [
        "W",
        "I",
        "W",
        "W",
        "W",
        "W",
        "W",
        "W",
        "W",
        "W"
    ],
    "Correctness_Per_Patch_original": [
        "wrong",
        "plausible",
        "wrong",
        "wrong",
        "wrong",
        "wrong",
        "wrong",
        "wrong",
        "wrong",
        "uncompilable"
    ],
    "patches": [
        "        wasWhite= false;\n"
    ],
    "Correctness_Per_Patch_origina": [
        "wrong",
        "plausible",
        "wrong",
        "wrong",
        "wrong",
        "wrong",
        "wrong",
        "wrong",
        "wrong",
        "uncompilable"
    ]
}