{
    "TOOL_BUG_ID": "incoder_1B-Lang-29",
    "Time": {
        "mean": 92.10174882411957,
        "median": 92.10174882411957,
        "std": 0.0,
        "max": 92.10174882411957,
        "min": 92.10174882411957,
        "count": 4
    },
    "Joules": {
        "mean": 8127.9325023293495,
        "median": 8127.9325023293495,
        "std": 0.0,
        "max": 8127.9325023293495,
        "min": 8127.9325023293495,
        "count": 4
    },
    "JoulesNormalized": {
        "mean": 2103.4140069007867,
        "median": 2103.4140069007867,
        "std": 0.0,
        "max": 2103.4140069007867,
        "min": 2103.4140069007867,
        "count": 4
    },
    "NrExecutions": 4,
    "ExecutionsIds": [
        "s1",
        "s2",
        "s3",
        "s4"
    ],
    "ExecutionsInferenceIds": [
        "s0",
        "s1"
    ],
    "NrExecutionsInference": 2,
    "ExecutionTime_Per_PatchMedian": [
        9.574394941329956,
        18.74410092830658,
        27.913806915283203,
        37.08351290225983,
        46.25321888923645,
        55.422924876213074,
        64.5926308631897,
        73.76233685016632,
        82.93204283714294,
        92.10174882411957
    ],
    "Joules_Per_PatchMedian": [
        1154.4683070480824,
        1929.2976620793343,
        2704.127017110586,
        3478.956372141838,
        4253.78572717309,
        5028.615082204342,
        5803.444437235594,
        6578.273792266846,
        7353.103147298098,
        8127.9325023293495
    ],
    "JoulesNormalized_Per_PatchMedian": [
        262.7633534967899,
        467.2800927639006,
        671.7968320310113,
        876.313571298122,
        1080.8303105652328,
        1285.3470498323436,
        1489.8637890994544,
        1694.3805283665652,
        1898.897267633676,
        2103.4140069007867
    ],
    "Inf_ExecutionTime": {
        "mean": 0.4046889543533325,
        "median": 0.4046889543533325,
        "std": 0.2190717321268952,
        "max": 0.559596061706543,
        "min": 0.24978184700012207,
        "count": 2
    },
    "Inf_Joules": {
        "mean": 379.63895201683044,
        "median": 379.63895201683044,
        "std": 205.4970801318346,
        "max": 524.947330892086,
        "min": 234.33057314157486,
        "count": 2
    },
    "Inf_JoulesNormalized": {
        "mean": 58.24661422967914,
        "median": 58.24661422967914,
        "std": 34.10544503368269,
        "max": 82.36280568838123,
        "min": 34.13042277097705,
        "count": 2
    },
    "Val_ExecutionTime": [
        9.169705986976624,
        18.339411973953247,
        27.50911796092987,
        36.678823947906494,
        45.84852993488312,
        55.01823592185974,
        64.18794190883636,
        73.35764789581299,
        82.52735388278961,
        91.69705986976624
    ],
    "Val_Joules": [
        774.8293550312519,
        1549.6587100625038,
        2324.4880650937557,
        3099.3174201250076,
        3874.1467751562595,
        4648.976130187511,
        5423.805485218763,
        6198.634840250015,
        6973.464195281267,
        7748.293550312519
    ],
    "Val_JoulesNormalized": [
        204.51673926711072,
        409.03347853422144,
        613.5502178013321,
        818.0669570684429,
        1022.5836963355537,
        1227.1004356026644,
        1431.6171748697752,
        1636.133914136886,
        1840.6506534039968,
        2045.1673926711076
    ],
    "NrPatches": {
        "median": 0,
        "std": 0.0,
        "max": 0,
        "min": 0
    },
    "Correctness_Per_Patch": [
        "W",
        "W",
        "W",
        "W",
        "W",
        "W",
        "W",
        "W",
        "W",
        "W"
    ],
    "Correctness_Per_Patch_original": [
        "uncompilable",
        "uncompilable",
        "uncompilable",
        "uncompilable",
        "uncompilable",
        "uncompilable",
        "uncompilable",
        "uncompilable",
        "uncompilable",
        "uncompilable"
    ],
    "patches": [],
    "Correctness_Per_Patch_origina": [
        "uncompilable",
        "uncompilable",
        "uncompilable",
        "uncompilable",
        "uncompilable",
        "uncompilable",
        "uncompilable",
        "uncompilable",
        "uncompilable",
        "uncompilable"
    ]
}