{
    "TOOL_BUG_ID": "codet5_large-Chart-10",
    "Time": {
        "mean": 126.02218329906464,
        "median": 126.02218329906464,
        "std": 0.0,
        "max": 126.02218329906464,
        "min": 126.02218329906464,
        "count": 6
    },
    "Joules": {
        "mean": 14142.49336451292,
        "median": 14142.49336451292,
        "std": 0.0,
        "max": 14142.49336451292,
        "min": 14142.49336451292,
        "count": 6
    },
    "JoulesNormalized": {
        "mean": 5747.639551568031,
        "median": 5747.639551568031,
        "std": 0.0,
        "max": 5747.639551568031,
        "min": 5747.639551568031,
        "count": 6
    },
    "NrExecutions": 6,
    "ExecutionsIds": [
        "s0",
        "s1",
        "s2",
        "s3",
        "s4",
        "s5"
    ],
    "ExecutionsInferenceIds": [
        "s0",
        "s1"
    ],
    "NrExecutionsInference": 2,
    "ExecutionTime_Per_PatchMedian": [
        13.25535500049591,
        25.78500258922577,
        38.31465017795563,
        50.844297766685486,
        63.373945355415344,
        75.9035929441452,
        88.43324053287506,
        100.96288812160492,
        113.49253571033478,
        126.02218329906464
    ],
    "Joules_Per_PatchMedian": [
        1991.4149608135222,
        3341.5347834467884,
        4691.654606080055,
        6041.774428713321,
        7391.894251346587,
        8742.014073979853,
        10092.133896613119,
        11442.253719246386,
        12792.373541879653,
        14142.49336451292
    ],
    "JoulesNormalized_Per_PatchMedian": [
        652.799918168783,
        1218.8932107686994,
        1784.9865033686158,
        2351.0797959685324,
        2917.1730885684487,
        3483.266381168365,
        4049.3596737682815,
        4615.452966368198,
        5181.546258968114,
        5747.639551568031
    ],
    "Inf_ExecutionTime": {
        "mean": 0.7257074117660522,
        "median": 0.7257074117660522,
        "std": 0.2617179364989463,
        "max": 0.9107699394226074,
        "min": 0.5406448841094971,
        "count": 2
    },
    "Inf_Joules": {
        "mean": 641.2951381802558,
        "median": 641.2951381802558,
        "std": 245.3259869794146,
        "max": 814.7668071746825,
        "min": 467.8234691858291,
        "count": 2
    },
    "Inf_JoulesNormalized": {
        "mean": 86.70662556886666,
        "median": 86.70662556886666,
        "std": 44.5524392829923,
        "max": 118.20995750427244,
        "min": 55.20329363346087,
        "count": 2
    },
    "Val_ExecutionTime": [
        12.529647588729858,
        25.059295177459717,
        37.588942766189575,
        50.118590354919434,
        62.64823794364929,
        75.17788553237915,
        87.70753312110901,
        100.23718070983887,
        112.76682829856873,
        125.29647588729858
    ],
    "Val_Joules": [
        1350.1198226332663,
        2700.2396452665325,
        4050.359467899799,
        5400.479290533065,
        6750.599113166331,
        8100.718935799598,
        9450.838758432863,
        10800.95858106613,
        12151.078403699397,
        13501.198226332664
    ],
    "Val_JoulesNormalized": [
        566.0932925999164,
        1132.1865851998327,
        1698.279877799749,
        2264.373170399666,
        2830.4664629995823,
        3396.5597555994987,
        3962.653048199415,
        4528.746340799331,
        5094.839633399247,
        5660.932925999164
    ],
    "NrPatches": {
        "median": 0,
        "std": 0.0,
        "max": 0,
        "min": 0
    },
    "Correctness_Per_Patch": [
        "W",
        "W",
        "W",
        "W",
        "W",
        "W",
        "W",
        "W",
        "W",
        "W"
    ],
    "Correctness_Per_Patch_original": [
        "wrong",
        "uncompilable",
        "uncompilable",
        "uncompilable",
        "uncompilable",
        "uncompilable",
        "wrong",
        "uncompilable",
        "uncompilable",
        "uncompilable"
    ],
    "patches": [],
    "Correctness_Per_Patch_origina": [
        "wrong",
        "uncompilable",
        "uncompilable",
        "uncompilable",
        "uncompilable",
        "uncompilable",
        "wrong",
        "uncompilable",
        "uncompilable",
        "uncompilable"
    ]
}