{
    "TOOL_BUG_ID": "codegen_350M-Mockito-22",
    "Time": {
        "mean": 150.22715837955474,
        "median": 151.0122388601303,
        "std": 4.845052774778351,
        "max": 154.91132390499115,
        "min": 142.10910999774933,
        "count": 5
    },
    "Joules": {
        "mean": 22249.36485900164,
        "median": 23342.735791254043,
        "std": 2692.962575047399,
        "max": 23975.103723537926,
        "min": 17466.4378029108,
        "count": 5
    },
    "JoulesNormalized": {
        "mean": 12545.94444391489,
        "median": 13603.820279669762,
        "std": 2338.1548153689614,
        "max": 14048.805534398558,
        "min": 8411.092244052887,
        "count": 5
    },
    "NrExecutions": 5,
    "ExecutionsIds": [
        "s0",
        "s1",
        "s2",
        "s3",
        "s4"
    ],
    "ExecutionsInferenceIds": [
        "s0",
        "s1"
    ],
    "NrExecutionsInference": 2,
    "ExecutionTime_Per_PatchMedian": [
        25.774431109428406,
        29.133960127830505,
        34.0745450258255,
        39.13363015651703,
        64.27491629123688,
        89.59470331668854,
        114.79324233531952,
        119.99168002605438,
        146.35315072536469,
        151.0122388601303
    ],
    "Joules_Per_PatchMedian": [
        4340.8085537075995,
        4817.662722074985,
        5559.889980208874,
        6310.683561277389,
        10139.655077421665,
        14041.295228338242,
        17905.73481118679,
        18679.939884865285,
        22619.904835474492,
        23342.735791254043
    ],
    "JoulesNormalized_Per_PatchMedian": [
        2339.694009339809,
        2608.0114970564837,
        3042.9320355534546,
        3482.770446467399,
        5760.5954535126675,
        8075.908999466896,
        10374.276639032363,
        10826.08159149885,
        13172.745740830898,
        13603.820279669762
    ],
    "Inf_ExecutionTime": {
        "mean": 0.6146160364151001,
        "median": 0.6146160364151001,
        "std": 0.8691983343502306,
        "max": 1.2292320728302002,
        "min": 0,
        "count": 2
    },
    "Inf_Joules": {
        "mean": 505.05782532691956,
        "median": 505.05782532691956,
        "std": 714.2596263599913,
        "max": 1010.1156506538391,
        "min": 0,
        "count": 2
    },
    "Inf_JoulesNormalized": {
        "mean": 52.57749931812282,
        "median": 52.57749931812282,
        "std": 74.35581261135144,
        "max": 105.15499863624564,
        "min": 0,
        "count": 2
    },
    "Val_ExecutionTime": [
        25.159815073013306,
        28.519344091415405,
        33.4599289894104,
        38.51901412010193,
        63.66030025482178,
        88.98008728027344,
        114.17862629890442,
        119.37706398963928,
        145.73853468894958,
        150.3976228237152
    ],
    "Val_Joules": [
        3835.75072838068,
        4312.604896748066,
        5054.832154881954,
        5805.62573595047,
        9634.597252094745,
        13536.237403011322,
        17400.67698585987,
        18174.882059538366,
        22114.847010147572,
        22837.677965927123
    ],
    "Val_JoulesNormalized": [
        2287.116510021686,
        2555.4339977383606,
        2990.3545362353316,
        3430.192947149276,
        5708.0179541945445,
        8023.331500148773,
        10321.699139714241,
        10773.504092180729,
        13120.168241512776,
        13551.24278035164
    ],
    "NrPatches": {
        "median": 0,
        "std": 0.0,
        "max": 0,
        "min": 0
    },
    "Correctness_Per_Patch": [
        "W",
        "W",
        "W",
        "W",
        "W",
        "W",
        "W",
        "W",
        "W",
        "W"
    ],
    "Correctness_Per_Patch_original": [
        "wrong",
        "uncompilable",
        "uncompilable",
        "uncompilable",
        "wrong",
        "wrong",
        "wrong",
        "uncompilable",
        "wrong",
        "uncompilable"
    ],
    "patches": [],
    "Correctness_Per_Patch_origina": [
        "wrong",
        "uncompilable",
        "uncompilable",
        "uncompilable",
        "wrong",
        "wrong",
        "wrong",
        "uncompilable",
        "wrong",
        "uncompilable"
    ]
}