{
    "TOOL_BUG_ID": "plbart_large-Closure-59",
    "Time": {
        "mean": 245.04519641399384,
        "median": 180.4503937959671,
        "std": 144.84131584543204,
        "max": 504.14213240146637,
        "min": 179.5724309682846,
        "count": 5
    },
    "Joules": {
        "mean": 29075.953590295318,
        "median": 21706.117925733328,
        "std": 16887.541177169653,
        "max": 59281.30792411567,
        "min": 21221.190994268654,
        "count": 5
    },
    "JoulesNormalized": {
        "mean": 12933.448153278825,
        "median": 9741.401389265058,
        "std": 8147.763207560924,
        "max": 27483.14220188855,
        "min": 8801.85010150671,
        "count": 5
    },
    "NrExecutions": 5,
    "ExecutionsIds": [
        "s1",
        "s2",
        "s3",
        "s4",
        "s5"
    ],
    "ExecutionsInferenceIds": [
        "s0",
        "s1"
    ],
    "NrExecutionsInference": 2,
    "ExecutionTime_Per_PatchMedian": [
        5.354853272438049,
        55.73357880115509,
        60.77261555194855,
        65.75338184833527,
        116.13210737705231,
        166.51083290576935,
        168.53149688243866,
        170.53228104114532,
        175.512393116951,
        180.4503937959671
    ],
    "Joules_Per_PatchMedian": [
        930.5252751827239,
        6829.5596527159205,
        7479.421036952733,
        8122.187928825616,
        14021.222306358814,
        19920.25668389201,
        20177.59362117648,
        20433.604625588654,
        21074.942495530842,
        21706.117925733328
    ],
    "JoulesNormalized_Per_PatchMedian": [
        287.4793334364891,
        3033.1375051856035,
        3288.4154715180393,
        3540.40348085165,
        6286.061652600764,
        9031.719824349879,
        9127.669821083544,
        9231.850726890561,
        9503.145621621607,
        9741.401389265058
    ],
    "Inf_ExecutionTime": {
        "mean": 0.3548771142959595,
        "median": 0.3548771142959595,
        "std": 0.007239311287625202,
        "max": 0.35999608039855957,
        "min": 0.3497581481933594,
        "count": 2
    },
    "Inf_Joules": {
        "mean": 290.96414878368375,
        "median": 290.96414878368375,
        "std": 3.055179917709315,
        "max": 293.12448722124094,
        "min": 288.8038103461265,
        "count": 2
    },
    "Inf_JoulesNormalized": {
        "mean": 26.560484397411244,
        "median": 26.560484397411244,
        "std": 0.8978816924203843,
        "max": 27.19538263082495,
        "min": 25.925586163997536,
        "count": 2
    },
    "Val_ExecutionTime": [
        4.99997615814209,
        55.37870168685913,
        60.41773843765259,
        65.3985047340393,
        115.77723026275635,
        166.1559557914734,
        168.1766197681427,
        170.17740392684937,
        175.15751600265503,
        180.09551668167114
    ],
    "Val_Joules": [
        639.5611263990402,
        6538.595503932237,
        7188.456888169049,
        7831.2237800419325,
        13730.25815757513,
        19629.292535108325,
        19886.629472392793,
        20142.64047680497,
        20783.978346747157,
        21415.153776949643
    ],
    "Val_JoulesNormalized": [
        260.9188490390779,
        3006.5770207881924,
        3261.8549871206283,
        3513.842996454239,
        6259.501168203353,
        9005.159339952468,
        9101.109336686133,
        9205.29024249315,
        9476.585137224196,
        9714.840904867648
    ],
    "NrPatches": {
        "median": 0,
        "std": 0.0,
        "max": 0,
        "min": 0
    },
    "Correctness_Per_Patch": [
        "W",
        "W",
        "W",
        "W",
        "W",
        "W",
        "W",
        "W",
        "W",
        "W"
    ],
    "Correctness_Per_Patch_original": [
        "wrong",
        "wrong",
        "wrong",
        "wrong",
        "wrong",
        "wrong",
        "uncompilable",
        "uncompilable",
        "wrong",
        "wrong"
    ],
    "patches": [],
    "Correctness_Per_Patch_origina": [
        "wrong",
        "wrong",
        "wrong",
        "wrong",
        "wrong",
        "wrong",
        "uncompilable",
        "uncompilable",
        "wrong",
        "wrong"
    ]
}