{
    "TOOL_BUG_ID": "incoder_6B-Time-16",
    "Time": {
        "mean": 105.80992603302002,
        "median": 105.80992603302002,
        "std": 0.0,
        "max": 105.80992603302002,
        "min": 105.80992603302002,
        "count": 5
    },
    "Joules": {
        "mean": 16511.18026858568,
        "median": 16511.18026858568,
        "std": 0.0,
        "max": 16511.18026858568,
        "min": 16511.18026858568,
        "count": 5
    },
    "JoulesNormalized": {
        "mean": 6545.700627374649,
        "median": 6545.700627374649,
        "std": 0.0,
        "max": 6545.700627374649,
        "min": 6545.700627374649,
        "count": 5
    },
    "NrExecutions": 5,
    "ExecutionsIds": [
        "s0",
        "s1",
        "s2",
        "s3",
        "s4"
    ],
    "ExecutionsInferenceIds": [
        "s0",
        "s1"
    ],
    "NrExecutionsInference": 2,
    "ExecutionTime_Per_PatchMedian": [
        14.193679451942444,
        24.373262405395508,
        34.55284535884857,
        44.732428312301636,
        54.9120112657547,
        65.09159421920776,
        75.27117717266083,
        85.45076012611389,
        95.63034307956696,
        105.80992603302002
    ],
    "Joules_Per_PatchMedian": [
        5909.084688711167,
        7087.095308697224,
        8265.105928683282,
        9443.116548669339,
        10621.127168655396,
        11799.137788641452,
        12977.148408627509,
        14155.159028613565,
        15333.169648599622,
        16511.18026858568
    ],
    "JoulesNormalized_Per_PatchMedian": [
        1729.4197993457317,
        2264.562113571167,
        2799.7044277966024,
        3334.8467420220377,
        3869.989056247473,
        4405.131370472908,
        4940.2736846983435,
        5475.415998923779,
        6010.558313149214,
        6545.700627374649
    ],
    "Inf_ExecutionTime": {
        "mean": 4.01409649848938,
        "median": 4.01409649848938,
        "std": 0.4452743738470456,
        "max": 4.32895302772522,
        "min": 3.69923996925354,
        "count": 2
    },
    "Inf_Joules": {
        "mean": 4731.074068725109,
        "median": 4731.074068725109,
        "std": 505.96609810901185,
        "max": 5088.846127748489,
        "min": 4373.302009701729,
        "count": 2
    },
    "Inf_JoulesNormalized": {
        "mean": 1194.2774851202964,
        "median": 1194.2774851202964,
        "std": 164.41426263022873,
        "max": 1310.5359251499171,
        "min": 1078.0190450906757,
        "count": 2
    },
    "Val_ExecutionTime": [
        10.179582953453064,
        20.359165906906128,
        30.538748860359192,
        40.718331813812256,
        50.89791476726532,
        61.077497720718384,
        71.25708067417145,
        81.43666362762451,
        91.61624658107758,
        101.79582953453064
    ],
    "Val_Joules": [
        1178.0106199860575,
        2356.021239972115,
        3534.0318599581733,
        4712.04247994423,
        5890.053099930286,
        7068.063719916343,
        8246.0743399024,
        9424.084959888456,
        10602.095579874513,
        11780.10619986057
    ],
    "Val_JoulesNormalized": [
        535.1423142254353,
        1070.2846284508707,
        1605.426942676306,
        2140.569256901741,
        2675.7115711271763,
        3210.8538853526115,
        3745.996199578047,
        4281.138513803482,
        4816.280828028917,
        5351.423142254353
    ],
    "NrPatches": {
        "median": 0,
        "std": 0.0,
        "max": 0,
        "min": 0
    },
    "Correctness_Per_Patch": [
        "W",
        "W",
        "W",
        "W",
        "W",
        "W",
        "W",
        "W",
        "W",
        "W"
    ],
    "Correctness_Per_Patch_original": [
        "wrong",
        "uncompilable",
        "wrong",
        "uncompilable",
        "uncompilable",
        "uncompilable",
        "uncompilable",
        "wrong",
        "uncompilable",
        "wrong"
    ],
    "patches": [],
    "Correctness_Per_Patch_origina": [
        "wrong",
        "uncompilable",
        "wrong",
        "uncompilable",
        "uncompilable",
        "uncompilable",
        "uncompilable",
        "wrong",
        "uncompilable",
        "wrong"
    ]
}