{
    "TOOL_BUG_ID": "codegen_350M-Closure-36",
    "Time": {
        "mean": 45.611528078715004,
        "median": 47.458700299263,
        "std": 8.276280662806638,
        "max": 54.44743597507477,
        "min": 29.747915863990784,
        "count": 6
    },
    "Joules": {
        "mean": 6487.42239967982,
        "median": 6917.94878642559,
        "std": 1257.9779710304522,
        "max": 7446.555592507125,
        "min": 4156.485932558775,
        "count": 6
    },
    "JoulesNormalized": {
        "mean": 1359.1455342292786,
        "median": 1044.3041667222979,
        "std": 1188.593547436206,
        "max": 2817.0340982377525,
        "min": 301.0031108200555,
        "count": 6
    },
    "NrExecutions": 6,
    "ExecutionsIds": [
        "s0",
        "s1",
        "s2",
        "s3",
        "s4",
        "s5"
    ],
    "ExecutionsInferenceIds": [
        "s0",
        "s1"
    ],
    "NrExecutionsInference": 2,
    "ExecutionTime_Per_PatchMedian": [
        5.70927357673645,
        8.199726462364197,
        13.20001494884491,
        17.688786029815674,
        22.689715027809143,
        27.679259657859802,
        32.66935455799103,
        37.669116139411926,
        42.65855419635773,
        47.458700299263
    ],
    "Joules_Per_PatchMedian": [
        1291.921379750967,
        1603.8225035548212,
        2327.2836800336836,
        2959.8608388602734,
        3613.8283295333385,
        4271.9216998875145,
        4967.628300023079,
        5620.371570652724,
        6299.5071780920025,
        6917.94878642559
    ],
    "JoulesNormalized_Per_PatchMedian": [
        229.08209791183475,
        284.5840511441231,
        436.06367546319973,
        582.2183603763582,
        718.9483697175981,
        790.8170341849328,
        857.0454941451551,
        925.7979173064233,
        999.2940914213659,
        1044.3041667222979
    ],
    "Inf_ExecutionTime": {
        "mean": 0.7093650102615356,
        "median": 0.7093650102615356,
        "std": 1.0031936181847934,
        "max": 1.4187300205230713,
        "min": 0.0,
        "count": 2
    },
    "Inf_Joules": {
        "mean": 600.1850432097912,
        "median": 600.1850432097912,
        "std": 848.7898280407687,
        "max": 1200.3700864195823,
        "min": 0.0,
        "count": 2
    },
    "Inf_JoulesNormalized": {
        "mean": 76.17711012959478,
        "median": 76.17711012959478,
        "std": 107.73070228766183,
        "max": 152.35422025918956,
        "min": 0.0,
        "count": 2
    },
    "Val_ExecutionTime": [
        4.9999085664749146,
        7.490361452102661,
        12.490649938583374,
        16.979421019554138,
        21.980350017547607,
        26.969894647598267,
        31.959989547729492,
        36.95975112915039,
        41.94918918609619,
        46.749335289001465
    ],
    "Val_Joules": [
        691.7363365411758,
        1003.6374603450299,
        1727.0986368238925,
        2359.675795650482,
        3013.6432863235473,
        3671.7366566777227,
        4367.443256813288,
        5020.186527442933,
        5699.322134882212,
        6317.763743215799
    ],
    "Val_JoulesNormalized": [
        152.90498778223997,
        208.40694101452837,
        359.88656533360495,
        506.0412502467634,
        642.7712595880032,
        714.639924055338,
        780.8683840155603,
        849.6208071768285,
        923.1169812917711,
        968.1270565927032
    ],
    "NrPatches": {
        "median": 0,
        "std": 0.0,
        "max": 0,
        "min": 0
    },
    "Correctness_Per_Patch": [
        "W",
        "W",
        "W",
        "W",
        "W",
        "W",
        "W",
        "W",
        "W",
        "W"
    ],
    "Correctness_Per_Patch_original": [
        "wrong",
        "uncompilable",
        "wrong",
        "wrong",
        "wrong",
        "wrong",
        "wrong",
        "wrong",
        "wrong",
        "wrong"
    ],
    "patches": [],
    "Correctness_Per_Patch_origina": [
        "wrong",
        "uncompilable",
        "wrong",
        "wrong",
        "wrong",
        "wrong",
        "wrong",
        "wrong",
        "wrong",
        "wrong"
    ]
}