{
    "TOOL_BUG_ID": "plbart_base-Closure-159",
    "Time": {
        "mean": 459.2377243240674,
        "median": 533.5635186433792,
        "std": 182.06027080936641,
        "max": 533.5635186433792,
        "min": 87.60875272750854,
        "count": 6
    },
    "Joules": {
        "mean": 51731.76200378338,
        "median": 59755.59098542332,
        "std": 19654.286788373425,
        "max": 59755.59098542332,
        "min": 11612.617095583679,
        "count": 6
    },
    "JoulesNormalized": {
        "mean": 22273.890706478556,
        "median": 26221.974384552243,
        "std": 9670.790473091174,
        "max": 26221.974384552243,
        "min": 2533.472316110134,
        "count": 6
    },
    "NrExecutions": 6,
    "ExecutionsIds": [
        "s0",
        "s1",
        "s2",
        "s3",
        "s4",
        "s5"
    ],
    "ExecutionsInferenceIds": [
        "s0",
        "s1"
    ],
    "NrExecutionsInference": 2,
    "ExecutionTime_Per_PatchMedian": [
        53.68926453590393,
        107.00862610340118,
        160.32798767089844,
        213.6473492383957,
        266.96671080589294,
        320.2860723733902,
        373.60543394088745,
        426.9247955083847,
        480.24415707588196,
        533.5635186433792
    ],
    "Joules_Per_PatchMedian": [
        6240.941557067633,
        12187.01371577382,
        18133.08587448001,
        24079.1580331862,
        30025.230191892388,
        35971.30235059858,
        41917.37450930476,
        47863.44666801095,
        53809.51882671713,
        59755.59098542332
    ],
    "JoulesNormalized_Per_PatchMedian": [
        2639.7941205382344,
        5260.036372095346,
        7880.278623652458,
        10500.52087520957,
        13120.76312676668,
        15741.005378323793,
        18361.247629880905,
        20981.489881438018,
        23601.73213299513,
        26221.974384552243
    ],
    "Inf_ExecutionTime": {
        "mean": 0.36990296840667725,
        "median": 0.36990296840667725,
        "std": 0.00023888833735974738,
        "max": 0.3700718879699707,
        "min": 0.3697340488433838,
        "count": 2
    },
    "Inf_Joules": {
        "mean": 294.8693983614445,
        "median": 294.8693983614445,
        "std": 3.277706334285549,
        "max": 297.1870867371559,
        "min": 292.55170998573305,
        "count": 2
    },
    "Inf_JoulesNormalized": {
        "mean": 19.551868981122965,
        "median": 19.551868981122965,
        "std": 0.41559035687026497,
        "max": 19.845735740661667,
        "min": 19.258002221584263,
        "count": 2
    },
    "Val_ExecutionTime": [
        53.31936156749725,
        106.6387231349945,
        159.95808470249176,
        213.277446269989,
        266.59680783748627,
        319.9161694049835,
        373.2355309724808,
        426.554892539978,
        479.8742541074753,
        533.1936156749725
    ],
    "Val_Joules": [
        5946.072158706188,
        11892.144317412376,
        17838.216476118567,
        23784.288634824756,
        29730.360793530945,
        35676.43295223713,
        41622.50511094332,
        47568.577269649504,
        53514.64942835569,
        59460.721587061875
    ],
    "Val_JoulesNormalized": [
        2620.2422515571116,
        5240.484503114223,
        7860.726754671335,
        10480.969006228446,
        13101.211257785557,
        15721.45350934267,
        18341.695760899784,
        20961.938012456896,
        23582.18026401401,
        26202.42251557112
    ],
    "NrPatches": {
        "median": 0,
        "std": 0.0,
        "max": 0,
        "min": 0
    },
    "Correctness_Per_Patch": [
        "W",
        "W",
        "W",
        "W",
        "W",
        "W",
        "W",
        "W",
        "W",
        "W"
    ],
    "Correctness_Per_Patch_original": [
        "wrong",
        "uncompilable",
        "wrong",
        "wrong",
        "wrong",
        "uncompilable",
        "wrong",
        "wrong",
        "wrong",
        "wrong"
    ],
    "patches": [],
    "Correctness_Per_Patch_origina": [
        "wrong",
        "uncompilable",
        "wrong",
        "wrong",
        "wrong",
        "uncompilable",
        "wrong",
        "wrong",
        "wrong",
        "wrong"
    ]
}