{
    "TOOL_BUG_ID": "codet5_base-Math-5",
    "Time": {
        "mean": 685.2273597717285,
        "median": 685.2273597717285,
        "std": 0.0,
        "max": 685.2273597717285,
        "min": 685.2273597717285,
        "count": 6
    },
    "Joules": {
        "mean": 76432.12013971804,
        "median": 76432.12013971804,
        "std": 0.0,
        "max": 76432.12013971804,
        "min": 76432.12013971804,
        "count": 6
    },
    "JoulesNormalized": {
        "mean": 33654.64186145067,
        "median": 33654.64186145067,
        "std": 0.0,
        "max": 33654.64186145067,
        "min": 33654.64186145067,
        "count": 6
    },
    "NrExecutions": 6,
    "ExecutionsIds": [
        "s0",
        "s1",
        "s2",
        "s3",
        "s4",
        "s5"
    ],
    "ExecutionsInferenceIds": [
        "s0",
        "s1"
    ],
    "NrExecutionsInference": 2,
    "ExecutionTime_Per_PatchMedian": [
        68.83310103416443,
        137.32135200500488,
        205.80960297584534,
        274.2978539466858,
        342.78610491752625,
        411.2743558883667,
        479.76260685920715,
        548.2508578300476,
        616.7391088008881,
        685.2273597717285
    ],
    "Joules_Per_PatchMedian": [
        7911.170642089844,
        15524.609475159645,
        23138.048308229445,
        30751.487141299247,
        38364.92597436905,
        45978.36480743885,
        53591.803640508646,
        61205.242473578444,
        68818.68130664824,
        76432.12013971804
    ],
    "JoulesNormalized_Per_PatchMedian": [
        3398.9767120599745,
        6760.717284214496,
        10122.45785636902,
        13484.198428523541,
        16845.939000678063,
        20207.679572832585,
        23569.420144987107,
        26931.16071714163,
        30292.90128929615,
        33654.64186145067
    ],
    "Inf_ExecutionTime": {
        "mean": 0.3448500633239746,
        "median": 0.3448500633239746,
        "std": 0.007604302995729545,
        "max": 0.35022711753845215,
        "min": 0.33947300910949707,
        "count": 2
    },
    "Inf_Joules": {
        "mean": 297.7318090200424,
        "median": 297.7318090200424,
        "std": 7.3332998219050705,
        "max": 302.91723505258557,
        "min": 292.5463829874992,
        "count": 2
    },
    "Inf_JoulesNormalized": {
        "mean": 37.2361399054527,
        "median": 37.2361399054527,
        "std": 0.39454504456267425,
        "max": 37.51512538194652,
        "min": 36.95715442895889,
        "count": 2
    },
    "Val_ExecutionTime": [
        68.48825097084045,
        136.9765019416809,
        205.46475291252136,
        273.9530038833618,
        342.44125485420227,
        410.9295058250427,
        479.4177567958832,
        547.9060077667236,
        616.3942587375641,
        684.8825097084045
    ],
    "Val_Joules": [
        7613.438833069801,
        15226.877666139602,
        22840.316499209403,
        30453.755332279205,
        38067.19416534901,
        45680.632998418805,
        53294.0718314886,
        60907.5106645584,
        68520.9494976282,
        76134.388330698
    ],
    "Val_JoulesNormalized": [
        3361.740572154522,
        6723.481144309044,
        10085.221716463566,
        13446.962288618088,
        16808.70286077261,
        20170.44343292713,
        23532.184005081654,
        26893.924577236176,
        30255.665149390697,
        33617.40572154522
    ],
    "NrPatches": {
        "median": 0,
        "std": 0.0,
        "max": 0,
        "min": 0
    },
    "Correctness_Per_Patch": [
        "W",
        "W",
        "W",
        "W",
        "W",
        "W",
        "W",
        "W",
        "W",
        "W"
    ],
    "Correctness_Per_Patch_original": [
        "wrong",
        "wrong",
        "wrong",
        "wrong",
        "wrong",
        "wrong",
        "wrong",
        "wrong",
        "uncompilable",
        "wrong"
    ],
    "patches": [],
    "Correctness_Per_Patch_origina": [
        "wrong",
        "wrong",
        "wrong",
        "wrong",
        "wrong",
        "wrong",
        "wrong",
        "wrong",
        "uncompilable",
        "wrong"
    ]
}