{
    "TOOL_BUG_ID": "plbart_large-Closure-55",
    "Time": {
        "mean": 189.32151726881662,
        "median": 27.75946569442749,
        "std": 251.02829636527517,
        "max": 513.3966780900955,
        "min": 26.589492917060852,
        "count": 6
    },
    "Joules": {
        "mean": 22383.923957137264,
        "median": 3627.8623030066487,
        "std": 29488.48151303715,
        "max": 60451.86086676716,
        "min": 3065.3281427204606,
        "count": 6
    },
    "JoulesNormalized": {
        "mean": 9922.160391008852,
        "median": 1240.1582982718942,
        "std": 14064.509464069337,
        "max": 28073.66173059344,
        "min": 433.01745833754535,
        "count": 6
    },
    "NrExecutions": 6,
    "ExecutionsIds": [
        "s0",
        "s1",
        "s2",
        "s3",
        "s4",
        "s5"
    ],
    "ExecutionsInferenceIds": [
        "s0",
        "s1"
    ],
    "NrExecutionsInference": 2,
    "ExecutionTime_Per_PatchMedian": [
        3.1995660066604614,
        5.700026035308838,
        8.189079999923706,
        10.688855528831482,
        13.678790092468262,
        15.67872416973114,
        20.66847014427185,
        23.018381237983704,
        26.008289694786072,
        27.75946569442749
    ],
    "Joules_Per_PatchMedian": [
        501.8892171025276,
        853.14441614151,
        1168.0278791725636,
        1483.4982381284235,
        1798.4620604872703,
        2054.7203083395957,
        2695.665316313505,
        3010.825198036432,
        3382.0296628713604,
        3627.8623030066487
    ],
    "JoulesNormalized_Per_PatchMedian": [
        119.963882535696,
        230.44610767960543,
        347.71788756251334,
        457.6198634445667,
        570.0618984103203,
        675.4357547938823,
        923.2911195218562,
        1031.7353732347487,
        1140.660866063833,
        1240.1582982718942
    ],
    "Inf_ExecutionTime": {
        "mean": 0.21015655994415283,
        "median": 0.21015655994415283,
        "std": 0.00034004077378589306,
        "max": 0.21039700508117676,
        "min": 0.2099161148071289,
        "count": 2
    },
    "Inf_Joules": {
        "mean": 165.91691420674323,
        "median": 165.91691420674323,
        "std": 1.6465517652827057,
        "max": 167.0812021255493,
        "min": 164.75262628793715,
        "count": 2
    },
    "Inf_JoulesNormalized": {
        "mean": 9.348738199472407,
        "median": 9.348738199472407,
        "std": 0.5088986578738304,
        "max": 9.708583891391726,
        "min": 8.98889250755309,
        "count": 2
    },
    "Val_ExecutionTime": [
        2.9894094467163086,
        5.489869475364685,
        7.978923439979553,
        10.478698968887329,
        13.468633532524109,
        15.468567609786987,
        20.458313584327698,
        22.80822467803955,
        25.79813313484192,
        27.549309134483337
    ],
    "Val_Joules": [
        335.9723028957844,
        687.2275019347667,
        1002.1109649658202,
        1317.5813239216802,
        1632.5451462805268,
        1888.8033941328522,
        2529.748402106762,
        2844.908283829689,
        3216.1127486646174,
        3461.9453887999057
    ],
    "Val_JoulesNormalized": [
        110.6151443362236,
        221.09736948013304,
        338.36914936304095,
        448.2711252450943,
        560.7131602108477,
        666.0870165944099,
        913.9423813223838,
        1022.3866350352763,
        1131.3121278643607,
        1230.8095600724218
    ],
    "NrPatches": {
        "median": 0,
        "std": 0.0,
        "max": 0,
        "min": 0
    },
    "Correctness_Per_Patch": [
        "W",
        "W",
        "W",
        "W",
        "W",
        "W",
        "W",
        "W",
        "W",
        "W"
    ],
    "Correctness_Per_Patch_original": [
        "uncompilable",
        "uncompilable",
        "uncompilable",
        "uncompilable",
        "uncompilable",
        "uncompilable",
        "wrong",
        "uncompilable",
        "uncompilable",
        "uncompilable"
    ],
    "patches": [],
    "Correctness_Per_Patch_origina": [
        "uncompilable",
        "uncompilable",
        "uncompilable",
        "uncompilable",
        "uncompilable",
        "uncompilable",
        "wrong",
        "uncompilable",
        "uncompilable",
        "uncompilable"
    ]
}