{
    "TOOL_BUG_ID": "codegen_2B-Math-30",
    "Time": {
        "mean": 355.60409104824066,
        "median": 355.60409104824066,
        "std": 0.0,
        "max": 355.60409104824066,
        "min": 355.60409104824066,
        "count": 6
    },
    "Joules": {
        "mean": 41370.66279630661,
        "median": 41370.66279630661,
        "std": 0.0,
        "max": 41370.66279630661,
        "min": 41370.66279630661,
        "count": 6
    },
    "JoulesNormalized": {
        "mean": 17184.530670034885,
        "median": 17184.530670034885,
        "std": 0.0,
        "max": 17184.530670034885,
        "min": 17184.530670034885,
        "count": 6
    },
    "NrExecutions": 6,
    "ExecutionsIds": [
        "s0",
        "s1",
        "s2",
        "s3",
        "s4",
        "s5"
    ],
    "ExecutionsInferenceIds": [
        "s0",
        "s1"
    ],
    "NrExecutionsInference": 2,
    "ExecutionTime_Per_PatchMedian": [
        37.90537357330322,
        73.2052310705185,
        108.50508856773376,
        143.80494606494904,
        179.1048035621643,
        214.40466105937958,
        249.70451855659485,
        285.0043760538101,
        320.3042335510254,
        355.60409104824066
    ],
    "Joules_Per_PatchMedian": [
        6462.552600091695,
        10341.231510782241,
        14219.910421472787,
        18098.589332163334,
        21977.26824285388,
        25855.947153544425,
        29734.62606423497,
        33613.304974925515,
        37491.983885616064,
        41370.66279630661
    ],
    "JoulesNormalized_Per_PatchMedian": [
        2191.5613675355908,
        3857.446845591068,
        5523.332323646545,
        7189.2178017020215,
        8855.103279757499,
        10520.988757812976,
        12186.874235868454,
        13852.759713923931,
        15518.645191979409,
        17184.530670034885
    ],
    "Inf_ExecutionTime": {
        "mean": 2.6055160760879517,
        "median": 2.6055160760879517,
        "std": 0.02174355914677023,
        "max": 2.6208910942077637,
        "min": 2.5901410579681396,
        "count": 2
    },
    "Inf_Joules": {
        "mean": 2583.8736894011495,
        "median": 2583.8736894011495,
        "std": 6.456146927389382,
        "max": 2588.438874673843,
        "min": 2579.3085041284558,
        "count": 2
    },
    "Inf_JoulesNormalized": {
        "mean": 525.6758894801136,
        "median": 525.6758894801136,
        "std": 27.600199388001855,
        "max": 545.1921776294705,
        "min": 506.1596013307567,
        "count": 2
    },
    "Val_ExecutionTime": [
        35.29985749721527,
        70.59971499443054,
        105.89957249164581,
        141.19942998886108,
        176.49928748607635,
        211.79914498329163,
        247.0990024805069,
        282.39885997772217,
        317.69871747493744,
        352.9985749721527
    ],
    "Val_Joules": [
        3878.6789106905458,
        7757.357821381092,
        11636.036732071638,
        15514.715642762185,
        19393.39455345273,
        23272.073464143275,
        27150.75237483382,
        31029.431285524366,
        34908.11019621491,
        38786.78910690546
    ],
    "Val_JoulesNormalized": [
        1665.885478055477,
        3331.770956110954,
        4997.656434166432,
        6663.541912221908,
        8329.427390277386,
        9995.312868332863,
        11661.19834638834,
        13327.083824443818,
        14992.969302499296,
        16658.85478055477
    ],
    "NrPatches": {
        "median": 2,
        "std": 0.0,
        "max": 2,
        "min": 2
    },
    "Correctness_Per_Patch": [
        "C",
        "W",
        "W",
        "W",
        "W",
        "W",
        "I",
        "W",
        "W",
        "W"
    ],
    "Correctness_Per_Patch_original": [
        "plausible",
        "wrong",
        "wrong",
        "wrong",
        "uncompilable",
        "wrong",
        "plausible",
        "uncompilable",
        "uncompilable",
        "uncompilable"
    ],
    "patches": [
        "    final double n1n2prod = n1 * n2;\n",
        "    final long n1n2prod = n1 * n2;\n"
    ],
    "Correctness_Per_Patch_origina": [
        "plausible",
        "wrong",
        "wrong",
        "wrong",
        "uncompilable",
        "wrong",
        "plausible",
        "uncompilable",
        "uncompilable",
        "uncompilable"
    ]
}