{
    "TOOL_BUG_ID": "codegen_6B-Lang-29",
    "Time": {
        "mean": 93.67900884151459,
        "median": 93.67900884151459,
        "std": 0.0,
        "max": 93.67900884151459,
        "min": 93.67900884151459,
        "count": 6
    },
    "Joules": {
        "mean": 9883.895500709772,
        "median": 9883.895500709772,
        "std": 0.0,
        "max": 9883.895500709772,
        "min": 9883.895500709772,
        "count": 6
    },
    "JoulesNormalized": {
        "mean": 2406.3663113739485,
        "median": 2406.3663113739485,
        "std": 0.0,
        "max": 2406.3663113739485,
        "min": 2406.3663113739485,
        "count": 6
    },
    "NrExecutions": 6,
    "ExecutionsIds": [
        "s0",
        "s1",
        "s2",
        "s3",
        "s4",
        "s5"
    ],
    "ExecutionsInferenceIds": [
        "s0",
        "s1"
    ],
    "NrExecutionsInference": 2,
    "ExecutionTime_Per_PatchMedian": [
        11.151654958724976,
        20.3213609457016,
        29.491066932678223,
        38.660772919654846,
        47.83047890663147,
        57.00018489360809,
        66.16989088058472,
        75.33959686756134,
        84.50930285453796,
        93.67900884151459
    ],
    "Joules_Per_PatchMedian": [
        2910.4313054285053,
        3685.260660459757,
        4460.090015491009,
        5234.919370522261,
        6009.7487255535125,
        6784.578080584764,
        7559.407435616016,
        8334.236790647268,
        9109.06614567852,
        9883.895500709772
    ],
    "JoulesNormalized_Per_PatchMedian": [
        565.715657969952,
        770.2323972370627,
        974.7491365041735,
        1179.2658757712843,
        1383.782615038395,
        1588.2993543055059,
        1792.8160935726166,
        1997.3328328397274,
        2201.849572106838,
        2406.3663113739485
    ],
    "Inf_ExecutionTime": {
        "mean": 1.981948971748352,
        "median": 1.981948971748352,
        "std": 1.3886855534048346,
        "max": 2.963897943496704,
        "min": 1.0,
        "count": 2
    },
    "Inf_Joules": {
        "mean": 2135.6019503972534,
        "median": 2135.6019503972534,
        "std": 1531.2714843157448,
        "max": 3218.3744007945065,
        "min": 1052.8295,
        "count": 2
    },
    "Inf_JoulesNormalized": {
        "mean": 361.19891870284124,
        "median": 361.19891870284124,
        "std": 256.49367751572,
        "max": 542.5673374056823,
        "min": 179.83050000000014,
        "count": 2
    },
    "Val_ExecutionTime": [
        9.169705986976624,
        18.339411973953247,
        27.50911796092987,
        36.678823947906494,
        45.84852993488312,
        55.01823592185974,
        64.18794190883636,
        73.35764789581299,
        82.52735388278961,
        91.69705986976624
    ],
    "Val_Joules": [
        774.8293550312519,
        1549.6587100625038,
        2324.4880650937553,
        3099.317420125007,
        3874.146775156259,
        4648.976130187511,
        5423.805485218763,
        6198.634840250015,
        6973.464195281267,
        7748.293550312519
    ],
    "Val_JoulesNormalized": [
        204.51673926711072,
        409.0334785342215,
        613.5502178013323,
        818.0669570684431,
        1022.5836963355539,
        1227.1004356026647,
        1431.6171748697755,
        1636.1339141368862,
        1840.6506534039968,
        2045.1673926711073
    ],
    "NrPatches": {
        "median": 0,
        "std": 0.0,
        "max": 0,
        "min": 0
    },
    "Correctness_Per_Patch": [
        "W",
        "W",
        "W",
        "W",
        "W",
        "W",
        "W",
        "W",
        "W",
        "W"
    ],
    "Correctness_Per_Patch_original": [
        "uncompilable",
        "wrong",
        "wrong",
        "wrong",
        "wrong",
        "wrong",
        "uncompilable",
        "uncompilable",
        "wrong",
        "uncompilable"
    ],
    "patches": [],
    "Correctness_Per_Patch_origina": [
        "uncompilable",
        "wrong",
        "wrong",
        "wrong",
        "wrong",
        "wrong",
        "uncompilable",
        "uncompilable",
        "wrong",
        "uncompilable"
    ]
}