{
    "TOOL_BUG_ID": "plbart_base-Closure-20",
    "Time": {
        "mean": 50.83113622665405,
        "median": 49.68798589706421,
        "std": 2.3325374178492435,
        "max": 55.09574866294861,
        "min": 49.21820950508118,
        "count": 6
    },
    "Joules": {
        "mean": 7107.751452662547,
        "median": 7168.476032102108,
        "std": 1332.2793665638094,
        "max": 8499.512826460601,
        "min": 5657.294266110659,
        "count": 6
    },
    "JoulesNormalized": {
        "mean": 1333.3425749758876,
        "median": 1294.9576389074325,
        "std": 1457.2164910627937,
        "max": 2781.978104609251,
        "min": -40.85137876868289,
        "count": 6
    },
    "NrExecutions": 6,
    "ExecutionsIds": [
        "s0",
        "s1",
        "s2",
        "s3",
        "s4",
        "s5"
    ],
    "ExecutionsInferenceIds": [
        "s0",
        "s1"
    ],
    "NrExecutionsInference": 2,
    "ExecutionTime_Per_PatchMedian": [
        5.120082139968872,
        10.100200653076172,
        15.100283980369568,
        20.099611520767212,
        25.099384665489197,
        30.089205384254456,
        35.09807360172272,
        40.07860577106476,
        45.07840180397034,
        49.68798589706421
    ],
    "Joules_Per_PatchMedian": [
        824.9585699141026,
        1549.7954831540585,
        2293.660575002432,
        2994.8029687821863,
        3727.5150334358214,
        4424.219707179069,
        5119.055846112966,
        5847.196235775948,
        6540.643384814262,
        7168.476032102108
    ],
    "JoulesNormalized_Per_PatchMedian": [
        136.72791138291353,
        266.54782568812357,
        402.34583451151826,
        526.0644738972186,
        655.7633506357668,
        785.0681829273699,
        907.8417938470839,
        1038.2377308070659,
        1165.8661581993101,
        1294.9576389074325
    ],
    "Inf_ExecutionTime": {
        "mean": 0.12006354331970215,
        "median": 0.12006354331970215,
        "std": 0.00030480600843078566,
        "max": 0.12027907371520996,
        "min": 0.11984801292419434,
        "count": 2
    },
    "Inf_Joules": {
        "mean": 95.30106759667396,
        "median": 95.30106759667396,
        "std": 1.796253358813421,
        "max": 96.57121052742005,
        "min": 94.03092466592788,
        "count": 2
    },
    "Inf_JoulesNormalized": {
        "mean": 5.9001152098178835,
        "median": 5.9001152098178835,
        "std": 3.3136576466416123,
        "max": 8.243225002288824,
        "min": 3.557005417346943,
        "count": 2
    },
    "Val_ExecutionTime": [
        5.00001859664917,
        9.98013710975647,
        14.980220437049866,
        19.97954797744751,
        24.979321122169495,
        29.969141840934753,
        34.978010058403015,
        39.958542227745056,
        44.958338260650635,
        49.56792235374451
    ],
    "Val_Joules": [
        729.6575023174286,
        1454.4944155573846,
        2198.359507405758,
        2899.501901185513,
        3632.213965839147,
        4328.918639582395,
        5023.7547785162915,
        5751.895168179273,
        6445.342317217588,
        7073.174964505433
    ],
    "Val_JoulesNormalized": [
        130.82779617309563,
        260.6477104783057,
        396.4457193017004,
        520.1643586874007,
        649.8632354259489,
        779.168067717552,
        901.941678637266,
        1032.337615597248,
        1159.9660429894923,
        1289.0575236976144
    ],
    "NrPatches": {
        "median": 0,
        "std": 0.0,
        "max": 0,
        "min": 0
    },
    "Correctness_Per_Patch": [
        "W",
        "W",
        "W",
        "W",
        "W",
        "W",
        "W",
        "W",
        "W",
        "W"
    ],
    "Correctness_Per_Patch_original": [
        "wrong",
        "wrong",
        "wrong",
        "wrong",
        "wrong",
        "wrong",
        "wrong",
        "wrong",
        "wrong",
        "wrong"
    ],
    "patches": [],
    "Correctness_Per_Patch_origina": [
        "wrong",
        "wrong",
        "wrong",
        "wrong",
        "wrong",
        "wrong",
        "wrong",
        "wrong",
        "wrong",
        "wrong"
    ]
}