{
    "TOOL_BUG_ID": "codet5_small-Lang-57",
    "Time": {
        "mean": 93.8055067062378,
        "median": 93.8055067062378,
        "std": 0.0,
        "max": 93.8055067062378,
        "min": 93.8055067062378,
        "count": 6
    },
    "Joules": {
        "mean": 8596.208822661636,
        "median": 8596.208822661636,
        "std": 0.0,
        "max": 8596.208822661636,
        "min": 8596.208822661636,
        "count": 6
    },
    "JoulesNormalized": {
        "mean": 2504.1072137773035,
        "median": 2504.1072137773035,
        "std": 0.0,
        "max": 2504.1072137773035,
        "min": 2504.1072137773035,
        "count": 6
    },
    "NrExecutions": 6,
    "ExecutionsIds": [
        "s0",
        "s1",
        "s2",
        "s3",
        "s4",
        "s5"
    ],
    "ExecutionsInferenceIds": [
        "s0",
        "s1"
    ],
    "NrExecutionsInference": 2,
    "ExecutionTime_Per_PatchMedian": [
        9.659862399101257,
        19.00937843322754,
        28.35889446735382,
        37.7084105014801,
        47.057926535606384,
        56.407442569732666,
        65.75695860385895,
        75.10647463798523,
        84.45599067211151,
        93.8055067062378
    ],
    "Joules_Per_PatchMedian": [
        1083.9068385243415,
        1918.607058984041,
        2753.3072794437408,
        3588.0074999034405,
        4422.70772036314,
        5257.407940822839,
        6092.108161282538,
        6926.8083817422375,
        7761.508602201937,
        8596.208822661636
    ],
    "JoulesNormalized_Per_PatchMedian": [
        264.38883343338966,
        513.2464312493801,
        762.1040290653705,
        1010.9616268813609,
        1259.8192246973513,
        1508.6768225133417,
        1757.534420329332,
        2006.3920181453225,
        2255.249615961313,
        2504.1072137773035
    ],
    "Inf_ExecutionTime": {
        "mean": 0.3103463649749756,
        "median": 0.3103463649749756,
        "std": 6.305168537229747e-05,
        "max": 0.3103909492492676,
        "min": 0.3103017807006836,
        "count": 2
    },
    "Inf_Joules": {
        "mean": 249.20661806464193,
        "median": 249.20661806464193,
        "std": 0.023053205029292666,
        "max": 249.2229191422462,
        "min": 249.19031698703762,
        "count": 2
    },
    "Inf_JoulesNormalized": {
        "mean": 15.531235617399176,
        "median": 15.531235617399176,
        "std": 0.8802688363143446,
        "max": 16.15367968082424,
        "min": 14.908791553974112,
        "count": 2
    },
    "Val_ExecutionTime": [
        9.349516034126282,
        18.699032068252563,
        28.048548102378845,
        37.39806413650513,
        46.74758017063141,
        56.09709620475769,
        65.44661223888397,
        74.79612827301025,
        84.14564430713654,
        93.49516034126282
    ],
    "Val_Joules": [
        834.7002204596996,
        1669.400440919399,
        2504.1006613790987,
        3338.8008818387984,
        4173.501102298498,
        5008.201322758197,
        5842.901543217897,
        6677.601763677596,
        7512.301984137295,
        8347.002204596994
    ],
    "Val_JoulesNormalized": [
        248.8575978159905,
        497.7151956319809,
        746.5727934479713,
        995.4303912639617,
        1244.287989079952,
        1493.1455868959424,
        1742.0031847119328,
        1990.8607825279232,
        2239.718380343914,
        2488.5759781599045
    ],
    "NrPatches": {
        "median": 0,
        "std": 0.0,
        "max": 0,
        "min": 0
    },
    "Correctness_Per_Patch": [
        "W",
        "W",
        "W",
        "W",
        "W",
        "W",
        "W",
        "W",
        "W",
        "W"
    ],
    "Correctness_Per_Patch_original": [
        "wrong",
        "uncompilable",
        "uncompilable",
        "uncompilable",
        "wrong",
        "wrong",
        "uncompilable",
        "uncompilable",
        "uncompilable",
        "wrong"
    ],
    "patches": [],
    "Correctness_Per_Patch_origina": [
        "wrong",
        "uncompilable",
        "uncompilable",
        "uncompilable",
        "wrong",
        "wrong",
        "uncompilable",
        "uncompilable",
        "uncompilable",
        "wrong"
    ]
}