{
    "TOOL_BUG_ID": "plbart_base-Closure-86",
    "Time": {
        "mean": 386.410955786705,
        "median": 386.410955786705,
        "std": 0.0,
        "max": 386.410955786705,
        "min": 386.410955786705,
        "count": 6
    },
    "Joules": {
        "mean": 46387.53459576965,
        "median": 46387.53459576965,
        "std": 0.0,
        "max": 46387.53459576965,
        "min": 46387.53459576965,
        "count": 6
    },
    "JoulesNormalized": {
        "mean": 21652.04301182628,
        "median": 21652.04301182628,
        "std": 0.0,
        "max": 21652.04301182628,
        "min": 21652.04301182628,
        "count": 6
    },
    "NrExecutions": 6,
    "ExecutionsIds": [
        "s0",
        "s1",
        "s2",
        "s3",
        "s4",
        "s5"
    ],
    "ExecutionsInferenceIds": [
        "s0",
        "s1"
    ],
    "NrExecutionsInference": 2,
    "ExecutionTime_Per_PatchMedian": [
        38.74914515018463,
        77.37823522090912,
        116.0073252916336,
        154.6364153623581,
        193.26550543308258,
        231.89459550380707,
        270.52368557453156,
        309.15277564525604,
        347.78186571598053,
        386.410955786705
    ],
    "Joules_Per_PatchMedian": [
        4723.263875067234,
        9352.627288478612,
        13981.99070188999,
        18611.35411530137,
        23240.717528712747,
        27870.080942124125,
        32499.444355535503,
        37128.807768946885,
        41758.17118235827,
        46387.53459576965
    ],
    "JoulesNormalized_Per_PatchMedian": [
        2169.183240759373,
        4333.945437544585,
        6498.707634329797,
        8663.46983111501,
        10828.232027900222,
        12992.994224685433,
        15157.756421470645,
        17322.518618255857,
        19487.28081504107,
        21652.04301182628
    ],
    "Inf_ExecutionTime": {
        "mean": 0.12005507946014404,
        "median": 0.12005507946014404,
        "std": 0.014028999995336187,
        "max": 0.1299750804901123,
        "min": 0.11013507843017578,
        "count": 2
    },
    "Inf_Joules": {
        "mean": 93.9004616558552,
        "median": 93.9004616558552,
        "std": 12.05502765570461,
        "max": 102.42465345859529,
        "min": 85.37626985311509,
        "count": 2
    },
    "Inf_JoulesNormalized": {
        "mean": 4.421043974161165,
        "median": 4.421043974161165,
        "std": 0.3342549471453762,
        "max": 4.657397913932812,
        "min": 4.184690034389519,
        "count": 2
    },
    "Val_ExecutionTime": [
        38.62909007072449,
        77.25818014144897,
        115.88727021217346,
        154.51636028289795,
        193.14545035362244,
        231.77454042434692,
        270.4036304950714,
        309.0327205657959,
        347.6618106365204,
        386.2909007072449
    ],
    "Val_Joules": [
        4629.363413411379,
        9258.726826822756,
        13888.090240234134,
        18517.453653645513,
        23146.81706705689,
        27776.18048046827,
        32405.543893879647,
        37034.90730729103,
        41664.270720702414,
        46293.634134113796
    ],
    "Val_JoulesNormalized": [
        2164.762196785212,
        4329.524393570424,
        6494.286590355636,
        8659.048787140848,
        10823.81098392606,
        12988.573180711272,
        15153.335377496483,
        17318.097574281695,
        19482.85977106691,
        21647.62196785212
    ],
    "NrPatches": {
        "median": 2,
        "std": 0.0,
        "max": 2,
        "min": 2
    },
    "Correctness_Per_Patch": [
        "I",
        "C",
        "W",
        "W",
        "W",
        "W",
        "W",
        "W",
        "W",
        "W"
    ],
    "Correctness_Per_Patch_original": [
        "plausible",
        "plausible",
        "wrong",
        "uncompilable",
        "uncompilable",
        "wrong",
        "uncompilable",
        "uncompilable",
        "uncompilable",
        "uncompilable"
    ],
    "patches": [
        "return NodeUtil.isImmutableValue(value);",
        "return false;"
    ],
    "Correctness_Per_Patch_origina": [
        "plausible",
        "plausible",
        "wrong",
        "uncompilable",
        "uncompilable",
        "wrong",
        "uncompilable",
        "uncompilable",
        "uncompilable",
        "uncompilable"
    ]
}