{
    "TOOL_BUG_ID": "incoder_1B-Math-58",
    "Time": {
        "mean": 192.45669627189636,
        "median": 192.45669627189636,
        "std": 0.0,
        "max": 192.45669627189636,
        "min": 192.45669627189636,
        "count": 5
    },
    "Joules": {
        "mean": 21476.66719159483,
        "median": 21476.66719159483,
        "std": 0.0,
        "max": 21476.66719159483,
        "min": 21476.66719159483,
        "count": 5
    },
    "JoulesNormalized": {
        "mean": 9302.46983321309,
        "median": 9302.46983321309,
        "std": 0.0,
        "max": 9302.46983321309,
        "min": 9302.46983321309,
        "count": 5
    },
    "NrExecutions": 5,
    "ExecutionsIds": [
        "s0",
        "s1",
        "s2",
        "s3",
        "s4"
    ],
    "ExecutionsInferenceIds": [
        "s0",
        "s1"
    ],
    "NrExecutionsInference": 2,
    "ExecutionTime_Per_PatchMedian": [
        19.479743003845215,
        38.69940447807312,
        57.919065952301025,
        77.13872742652893,
        96.35838890075684,
        115.57805037498474,
        134.79771184921265,
        154.01737332344055,
        173.23703479766846,
        192.45669627189636
    ],
    "Joules_Per_PatchMedian": [
        2363.28147522211,
        4486.990999263524,
        6610.700523304938,
        8734.410047346351,
        10858.119571387764,
        12981.829095429177,
        15105.53861947059,
        17229.248143512003,
        19352.957667553415,
        21476.66719159483
    ],
    "JoulesNormalized_Per_PatchMedian": [
        961.0191048204898,
        1887.8469635307788,
        2814.674822241068,
        3741.502680951357,
        4668.330539661646,
        5595.158398371935,
        6521.986257082223,
        7448.814115792512,
        8375.641974502802,
        9302.46983321309
    ],
    "Inf_ExecutionTime": {
        "mean": 0.26008152961730957,
        "median": 0.26008152961730957,
        "std": 0.2685951220641659,
        "max": 0.45000696182250977,
        "min": 0.07015609741210938,
        "count": 2
    },
    "Inf_Joules": {
        "mean": 239.57195118069646,
        "median": 239.57195118069646,
        "std": 255.04533329583197,
        "max": 419.9162358641624,
        "min": 59.22766649723054,
        "count": 2
    },
    "Inf_JoulesNormalized": {
        "mean": 34.191246110200865,
        "median": 34.191246110200865,
        "std": 46.55524817605886,
        "max": 67.11077779531473,
        "min": 1.2717144250869907,
        "count": 2
    },
    "Val_ExecutionTime": [
        19.219661474227905,
        38.43932294845581,
        57.658984422683716,
        76.87864589691162,
        96.09830737113953,
        115.31796884536743,
        134.53763031959534,
        153.75729179382324,
        172.97695326805115,
        192.19661474227905
    ],
    "Val_Joules": [
        2123.7095240414137,
        4247.419048082827,
        6371.128572124241,
        8494.838096165655,
        10618.547620207068,
        12742.25714424848,
        14865.966668289893,
        16989.676192331306,
        19113.38571637272,
        21237.09524041413
    ],
    "Val_JoulesNormalized": [
        926.827858710289,
        1853.655717420578,
        2780.483576130867,
        3707.311434841156,
        4634.139293551445,
        5560.967152261734,
        6487.795010972022,
        7414.622869682311,
        8341.450728392601,
        9268.27858710289
    ],
    "NrPatches": {
        "median": 0,
        "std": 0.0,
        "max": 0,
        "min": 0
    },
    "Correctness_Per_Patch": [
        "W",
        "W",
        "W",
        "W",
        "W",
        "W",
        "W",
        "W",
        "W",
        "W"
    ],
    "Correctness_Per_Patch_original": [
        "uncompilable",
        "uncompilable",
        "uncompilable",
        "uncompilable",
        "uncompilable",
        "uncompilable",
        "uncompilable",
        "uncompilable",
        "uncompilable",
        "uncompilable"
    ],
    "patches": [],
    "Correctness_Per_Patch_origina": [
        "uncompilable",
        "uncompilable",
        "uncompilable",
        "uncompilable",
        "uncompilable",
        "uncompilable",
        "uncompilable",
        "uncompilable",
        "uncompilable",
        "uncompilable"
    ]
}