{
    "TOOL_BUG_ID": "incoder_6B-Lang-33",
    "Time": {
        "mean": 89.03976106643677,
        "median": 89.03976106643677,
        "std": 0.0,
        "max": 89.03976106643677,
        "min": 89.03976106643677,
        "count": 5
    },
    "Joules": {
        "mean": 9517.032733982802,
        "median": 9517.032733982802,
        "std": 0.0,
        "max": 9517.032733982802,
        "min": 9517.032733982802,
        "count": 5
    },
    "JoulesNormalized": {
        "mean": 2358.9022011578086,
        "median": 2358.9022011578086,
        "std": 0.0,
        "max": 2358.9022011578086,
        "min": 2358.9022011578086,
        "count": 5
    },
    "NrExecutions": 5,
    "ExecutionsIds": [
        "s0",
        "s1",
        "s2",
        "s3",
        "s4"
    ],
    "ExecutionsInferenceIds": [
        "s0",
        "s1"
    ],
    "NrExecutionsInference": 2,
    "ExecutionTime_Per_PatchMedian": [
        10.563982605934143,
        19.28351354598999,
        28.003044486045837,
        36.722575426101685,
        45.44210636615753,
        54.16163730621338,
        62.881168246269226,
        71.60069918632507,
        80.32023012638092,
        89.03976106643677
    ],
    "Joules_Per_PatchMedian": [
        2798.636462140083,
        3545.1249367892738,
        4291.613411438465,
        5038.101886087656,
        5784.590360736846,
        6531.078835386037,
        7277.567310035228,
        8024.0557846844185,
        8770.54425933361,
        9517.032733982802
    ],
    "JoulesNormalized_Per_PatchMedian": [
        599.945449656248,
        795.3850887119769,
        990.8247277677058,
        1186.2643668234346,
        1381.7040058791636,
        1577.1436449348926,
        1772.5832839906216,
        1968.0229230463506,
        2163.4625621020796,
        2358.9022011578086
    ],
    "Inf_ExecutionTime": {
        "mean": 1.844451665878296,
        "median": 1.844451665878296,
        "std": 0.0076558907383068794,
        "max": 1.849865198135376,
        "min": 1.8390381336212158,
        "count": 2
    },
    "Inf_Joules": {
        "mean": 2052.1479874908923,
        "median": 2052.1479874908923,
        "std": 13.792211118941314,
        "max": 2061.900553500652,
        "min": 2042.3954214811324,
        "count": 2
    },
    "Inf_JoulesNormalized": {
        "mean": 404.5058106005191,
        "median": 404.5058106005191,
        "std": 10.083342195643892,
        "max": 411.63581024408336,
        "min": 397.37581095695487,
        "count": 2
    },
    "Val_ExecutionTime": [
        8.719530940055847,
        17.439061880111694,
        26.15859282016754,
        34.87812376022339,
        43.597654700279236,
        52.31718564033508,
        61.03671658039093,
        69.75624752044678,
        78.47577846050262,
        87.19530940055847
    ],
    "Val_Joules": [
        746.4884746491907,
        1492.9769492983814,
        2239.4654239475726,
        2985.9538985967633,
        3732.442373245954,
        4478.930847895144,
        5225.419322544336,
        5971.907797193526,
        6718.396271842717,
        7464.884746491909
    ],
    "Val_JoulesNormalized": [
        195.4396390557289,
        390.8792781114578,
        586.3189171671867,
        781.7585562229154,
        977.1981952786444,
        1172.6378343343736,
        1368.0774733901026,
        1563.5171124458316,
        1758.9567515015606,
        1954.3963905572896
    ],
    "NrPatches": {
        "median": 3,
        "std": 0.0,
        "max": 3,
        "min": 3
    },
    "Correctness_Per_Patch": [
        "W",
        "C",
        "C",
        "W",
        "W",
        "W",
        "W",
        "C",
        "W",
        "W"
    ],
    "Correctness_Per_Patch_original": [
        "uncompilable",
        "plausible",
        "plausible",
        "uncompilable",
        "uncompilable",
        "uncompilable",
        "wrong",
        "plausible",
        "wrong",
        "uncompilable"
    ],
    "patches": [
        "        if (array[i]!= null) {\n            classes[i] = array[i].getClass();\n        }\n",
        "        classes[i] = array[i] == null? null : array[i].getClass();\n",
        "        classes[i] = array[i] == null? null : array[i].getClass();\n"
    ],
    "Correctness_Per_Patch_origina": [
        "uncompilable",
        "plausible",
        "plausible",
        "uncompilable",
        "uncompilable",
        "uncompilable",
        "wrong",
        "plausible",
        "wrong",
        "uncompilable"
    ]
}