{
    "TOOL_BUG_ID": "codet5_large-Math-9",
    "Time": {
        "mean": 733.17529129982,
        "median": 733.17529129982,
        "std": 0.0,
        "max": 733.17529129982,
        "min": 733.17529129982,
        "count": 6
    },
    "Joules": {
        "mean": 85266.36991885901,
        "median": 85266.36991885901,
        "std": 0.0,
        "max": 85266.36991885901,
        "min": 85266.36991885901,
        "count": 6
    },
    "JoulesNormalized": {
        "mean": 38663.43019770384,
        "median": 38663.43019770384,
        "std": 0.0,
        "max": 38663.43019770384,
        "min": 38663.43019770384,
        "count": 6
    },
    "NrExecutions": 6,
    "ExecutionsIds": [
        "s0",
        "s1",
        "s2",
        "s3",
        "s4",
        "s5"
    ],
    "ExecutionsInferenceIds": [
        "s0",
        "s1"
    ],
    "NrExecutionsInference": 2,
    "ExecutionTime_Per_PatchMedian": [
        73.94285011291504,
        147.19089913368225,
        220.43894815444946,
        293.6869971752167,
        366.9350461959839,
        440.1830952167511,
        513.4311442375183,
        586.6791932582855,
        659.9272422790527,
        733.17529129982
    ],
    "Joules_Per_PatchMedian": [
        9077.611714607478,
        17543.029292857645,
        26008.446871107815,
        34473.864449357985,
        42939.282027608155,
        51404.699605858325,
        59870.117184108494,
        68335.53476235867,
        76800.95234060884,
        85266.36991885901
    ],
    "JoulesNormalized_Per_PatchMedian": [
        3940.3925441086294,
        7798.5078389525415,
        11656.623133796453,
        15514.738428640365,
        19372.853723484277,
        23230.96901832819,
        27089.0843131721,
        30947.199608016013,
        34805.31490285993,
        38663.43019770384
    ],
    "Inf_ExecutionTime": {
        "mean": 0.6948010921478271,
        "median": 0.6948010921478271,
        "std": 0.45982886074961565,
        "max": 1.019949197769165,
        "min": 0.36965298652648926,
        "count": 2
    },
    "Inf_Joules": {
        "mean": 612.1941363573075,
        "median": 612.1941363573075,
        "std": 419.3625913211552,
        "max": 908.7282684564591,
        "min": 315.66000425815577,
        "count": 2
    },
    "Inf_JoulesNormalized": {
        "mean": 82.27724926471708,
        "median": 82.27724926471708,
        "std": 63.59144765314435,
        "max": 127.24319312572482,
        "min": 37.311305403709355,
        "count": 2
    },
    "Val_ExecutionTime": [
        73.24804902076721,
        146.49609804153442,
        219.74414706230164,
        292.99219608306885,
        366.24024510383606,
        439.48829412460327,
        512.7363431453705,
        585.9843921661377,
        659.2324411869049,
        732.4804902076721
    ],
    "Val_Joules": [
        8465.41757825017,
        16930.83515650034,
        25396.25273475051,
        33861.67031300068,
        42327.08789125085,
        50792.50546950102,
        59257.92304775119,
        67723.34062600136,
        76188.75820425153,
        84654.1757825017
    ],
    "Val_JoulesNormalized": [
        3858.115294843912,
        7716.230589687824,
        11574.345884531736,
        15432.461179375648,
        19290.57647421956,
        23148.691769063473,
        27006.807063907385,
        30864.922358751297,
        34723.03765359521,
        38581.15294843912
    ],
    "NrPatches": {
        "median": 0,
        "std": 0.0,
        "max": 0,
        "min": 0
    },
    "Correctness_Per_Patch": [
        "W",
        "W",
        "W",
        "W",
        "W",
        "W",
        "W",
        "W",
        "W",
        "W"
    ],
    "Correctness_Per_Patch_original": [
        "wrong",
        "uncompilable",
        "wrong",
        "uncompilable",
        "uncompilable",
        "uncompilable",
        "wrong",
        "uncompilable",
        "uncompilable",
        "wrong"
    ],
    "patches": [],
    "Correctness_Per_Patch_origina": [
        "wrong",
        "uncompilable",
        "wrong",
        "uncompilable",
        "uncompilable",
        "uncompilable",
        "wrong",
        "uncompilable",
        "uncompilable",
        "wrong"
    ]
}