{
    "TOOL_BUG_ID": "codegen_2B-Chart-10",
    "Time": {
        "mean": 126.62566590309143,
        "median": 126.62566590309143,
        "std": 0.0,
        "max": 126.62566590309143,
        "min": 126.62566590309143,
        "count": 7
    },
    "Joules": {
        "mean": 14771.941354453564,
        "median": 14771.941354453564,
        "std": 0.0,
        "max": 14771.941354453564,
        "min": 14771.941354453564,
        "count": 7
    },
    "JoulesNormalized": {
        "mean": 5851.933964270354,
        "median": 5851.933964270354,
        "std": 0.0,
        "max": 5851.933964270354,
        "min": 5851.933964270354,
        "count": 7
    },
    "NrExecutions": 7,
    "ExecutionsIds": [
        "s0",
        "s1",
        "s2",
        "s3",
        "s4",
        "s5",
        "s6"
    ],
    "ExecutionsInferenceIds": [
        "s0",
        "s1"
    ],
    "NrExecutionsInference": 2,
    "ExecutionTime_Per_PatchMedian": [
        13.858837604522705,
        26.388485193252563,
        38.91813278198242,
        51.44778037071228,
        63.97742795944214,
        76.507075548172,
        89.03672313690186,
        101.56637072563171,
        114.09601831436157,
        126.62566590309143
    ],
    "Joules_Per_PatchMedian": [
        2620.8629507541655,
        3970.9827733874317,
        5321.102596020698,
        6671.222418653964,
        8021.3422412872305,
        9371.462063920497,
        10721.581886553762,
        12071.70170918703,
        13421.821531820297,
        14771.941354453564
    ],
    "JoulesNormalized_Per_PatchMedian": [
        757.0943308711051,
        1323.1876234710214,
        1889.2809160709378,
        2455.3742086708544,
        3021.4675012707708,
        3587.560793870687,
        4153.654086470604,
        4719.747379070521,
        5285.840671670438,
        5851.933964270354
    ],
    "Inf_ExecutionTime": {
        "mean": 1.3291900157928467,
        "median": 1.3291900157928467,
        "std": 0.028342238337029844,
        "max": 1.3492310047149658,
        "min": 1.3091490268707275,
        "count": 2
    },
    "Inf_Joules": {
        "mean": 1270.7431281208992,
        "median": 1270.7431281208992,
        "std": 12.330803766247493,
        "max": 1279.4623230814934,
        "min": 1262.023933160305,
        "count": 2
    },
    "Inf_JoulesNormalized": {
        "mean": 191.0010382711887,
        "median": 191.0010382711887,
        "std": 13.503917858005897,
        "max": 200.54975016117078,
        "min": 181.4523263812066,
        "count": 2
    },
    "Val_ExecutionTime": [
        12.529647588729858,
        25.059295177459717,
        37.588942766189575,
        50.118590354919434,
        62.64823794364929,
        75.17788553237915,
        87.70753312110901,
        100.23718070983887,
        112.76682829856873,
        125.29647588729858
    ],
    "Val_Joules": [
        1350.1198226332663,
        2700.2396452665325,
        4050.359467899799,
        5400.479290533065,
        6750.599113166331,
        8100.718935799598,
        9450.838758432863,
        10800.95858106613,
        12151.078403699397,
        13501.198226332664
    ],
    "Val_JoulesNormalized": [
        566.0932925999164,
        1132.1865851998327,
        1698.279877799749,
        2264.3731703996655,
        2830.4664629995823,
        3396.559755599498,
        3962.653048199415,
        4528.746340799332,
        5094.839633399249,
        5660.9329259991655
    ],
    "NrPatches": {
        "median": 0,
        "std": 0.0,
        "max": 0,
        "min": 0
    },
    "Correctness_Per_Patch": [
        "W",
        "W",
        "W",
        "W",
        "W",
        "W",
        "W",
        "W",
        "W",
        "W"
    ],
    "Correctness_Per_Patch_original": [
        "uncompilable",
        "uncompilable",
        "uncompilable",
        "uncompilable",
        "uncompilable",
        "uncompilable",
        "uncompilable",
        "uncompilable",
        "uncompilable",
        "uncompilable"
    ],
    "patches": [],
    "Correctness_Per_Patch_origina": [
        "uncompilable",
        "uncompilable",
        "uncompilable",
        "uncompilable",
        "uncompilable",
        "uncompilable",
        "uncompilable",
        "uncompilable",
        "uncompilable",
        "uncompilable"
    ]
}