{
    "TOOL_BUG_ID": "codegen_6B-Closure-40",
    "Time": {
        "mean": 160.96898984909058,
        "median": 160.6854875087738,
        "std": 1.5223328915523597,
        "max": 163.0659363269806,
        "min": 159.42520546913147,
        "count": 5
    },
    "Joules": {
        "mean": 28245.54411189556,
        "median": 28784.13449587583,
        "std": 1087.9275733501702,
        "max": 29177.215056762696,
        "min": 26716.676206014163,
        "count": 5
    },
    "JoulesNormalized": {
        "mean": 8819.48557888651,
        "median": 8357.606062778474,
        "std": 893.0635451049794,
        "max": 10383.61937487984,
        "min": 8303.609988042357,
        "count": 5
    },
    "NrExecutions": 5,
    "ExecutionsIds": [
        "s1",
        "s2",
        "s3",
        "s4",
        "s5"
    ],
    "ExecutionsInferenceIds": [
        "s0",
        "s1"
    ],
    "NrExecutionsInference": 2,
    "ExecutionTime_Per_PatchMedian": [
        10.748258352279663,
        20.748072147369385,
        23.748168230056763,
        77.14708375930786,
        130.54599928855896,
        141.54565620422363,
        152.54548835754395,
        155.56545543670654,
        158.5454695224762,
        160.6854875087738
    ],
    "Joules_Per_PatchMedian": [
        8922.736101326942,
        10583.646136746405,
        11075.472425398826,
        17545.631399807928,
        24015.79037421703,
        25515.706772193906,
        27331.272272953986,
        27822.955825147626,
        28315.521468267438,
        28784.13449587583
    ],
    "JoulesNormalized_Per_PatchMedian": [
        1903.650334283352,
        2004.3397421445848,
        2023.4874818291664,
        5054.6246225740915,
        8085.761763319017,
        8186.489500483514,
        8288.390516301633,
        8309.17199109459,
        8333.72924407387,
        8357.606062778474
    ],
    "Inf_ExecutionTime": {
        "mean": 7.7483744621276855,
        "median": 7.7483744621276855,
        "std": 0.35585224829845197,
        "max": 8.0,
        "min": 7.496748924255371,
        "count": 2
    },
    "Inf_Joules": {
        "mean": 8427.658045182228,
        "median": 8427.658045182228,
        "std": 37.19458769451096,
        "max": 8453.958590364455,
        "min": 8401.357500000002,
        "count": 2
    },
    "Inf_JoulesNormalized": {
        "mean": 1878.976756676674,
        "median": 1878.976756676674,
        "std": 201.90904750920018,
        "max": 2021.7480133533463,
        "min": 1736.2055000000018,
        "count": 2
    },
    "Val_ExecutionTime": [
        2.9998838901519775,
        12.9996976852417,
        15.999793767929077,
        69.39870929718018,
        122.79762482643127,
        133.79728174209595,
        144.79711389541626,
        147.81708097457886,
        150.7970950603485,
        152.93711304664612
    ],
    "Val_Joules": [
        495.0780561447136,
        2155.988091564177,
        2647.814380216598,
        9117.9733546257,
        15588.132329034803,
        17088.04872701168,
        18903.61422777176,
        19395.297779965396,
        19887.86342308521,
        20356.476450693604
    ],
    "Val_JoulesNormalized": [
        24.67357760667801,
        125.36298546791068,
        144.51072515249234,
        3175.6478658974174,
        6206.7850066423425,
        6307.51274380684,
        6409.413759624959,
        6430.195234417916,
        6454.752487397195,
        6478.6293061018
    ],
    "NrPatches": {
        "median": 2,
        "std": 0.0,
        "max": 2,
        "min": 2
    },
    "Correctness_Per_Patch": [
        "W",
        "W",
        "W",
        "C",
        "C",
        "W",
        "W",
        "W",
        "W",
        "W"
    ],
    "Correctness_Per_Patch_original": [
        "uncompilable",
        "wrong",
        "uncompilable",
        "plausible",
        "plausible",
        "wrong",
        "wrong",
        "uncompilable",
        "uncompilable",
        "uncompilable"
    ],
    "patches": [
        "    JsName name = getName(ns.name, true);\n",
        "        JsName name = getName(ns.name, true);\n"
    ],
    "Correctness_Per_Patch_origina": [
        "uncompilable",
        "wrong",
        "uncompilable",
        "plausible",
        "plausible",
        "wrong",
        "wrong",
        "uncompilable",
        "uncompilable",
        "uncompilable"
    ]
}