{
    "Group_ID": "s_1223_1224",
    "TOOL_BUG_ID": "TBar10C-Chart-11",
    "patch_correctness": true,
    "ExecutionsIds": [
        "1223",
        "1224"
    ],
    "NrExecutions": 2,
    "NrOutliers": 0,
    "SLB": {
        "median": 62.7,
        "std": 0.4242640687119295,
        "max": 63.0,
        "min": 62.4
    },
    "PowerAvg": {
        "median": 111.425,
        "std": 1.1667261889578076,
        "max": 112.25,
        "min": 110.6
    },
    "Time": {
        "median": 23.41949152946472,
        "std": 0.16966264444278606,
        "max": 23.539461135864258,
        "min": 23.299521923065186
    },
    "Joules": {
        "median": 2661.633420819044,
        "std": 7.918150877153436,
        "max": 2667.2323989987376,
        "min": 2656.034442639351
    },
    "JoulesNormalized": {
        "median": 1193.267292803526,
        "std": 8.619949920260808,
        "max": 1199.362517845631,
        "min": 1187.1720677614212
    },
    "NrPatches": {
        "median": 3.0,
        "std": 0.0,
        "max": 3,
        "min": 3
    },
    "Joules_Per_PatchMedian": [
        1336.5106088221073,
        1382.6702565550804
    ],
    "ExecutionTime_Per_PatchMedian": [
        11.739758849143982,
        12.120214223861694
    ],
    "JoulesNormalized_Per_PatchMedian": [
        600.4457227051258,
        622.75090559721
    ],
    "Correctness_Per_Patch": [
        "C",
        "W",
        "W"
    ],
    "Correctness_Per_Patch_original": [
        "correct",
        "uncompilable",
        "uncompilable"
    ]
}