{
    "TOOL_BUG_ID": "codet5_large-Lang-6",
    "Time": {
        "mean": 144.25726234912872,
        "median": 144.25726234912872,
        "std": 0.0,
        "max": 144.25726234912872,
        "min": 144.25726234912872,
        "count": 6
    },
    "Joules": {
        "mean": 15355.078914403912,
        "median": 15355.078914403912,
        "std": 0.0,
        "max": 15355.078914403912,
        "min": 15355.078914403912,
        "count": 6
    },
    "JoulesNormalized": {
        "mean": 5193.6571155786505,
        "median": 5193.6571155786505,
        "std": 0.0,
        "max": 5193.6571155786505,
        "min": 5193.6571155786505,
        "count": 6
    },
    "NrExecutions": 6,
    "ExecutionsIds": [
        "s0",
        "s1",
        "s2",
        "s3",
        "s4",
        "s5"
    ],
    "ExecutionsInferenceIds": [
        "s0",
        "s1"
    ],
    "NrExecutionsInference": 2,
    "ExecutionTime_Per_PatchMedian": [
        15.918962955474854,
        30.178773999214172,
        44.43858504295349,
        58.69839608669281,
        72.95820713043213,
        87.21801817417145,
        101.47782921791077,
        115.73764026165009,
        129.9974513053894,
        144.25726234912872
    ],
    "Joules_Per_PatchMedian": [
        2935.0392390072348,
        4315.043647384644,
        5695.048055762053,
        7075.052464139462,
        8455.05687251687,
        9835.061280894279,
        11215.065689271687,
        12595.070097649095,
        13975.074506026504,
        15355.078914403912
    ],
    "JoulesNormalized_Per_PatchMedian": [
        778.5644872367379,
        1269.1303348302838,
        1759.6961824238297,
        2250.2620300173753,
        2740.827877610921,
        3231.3937252044666,
        3721.9595727980122,
        4212.525420391558,
        4703.091267985104,
        5193.6571155786505
    ],
    "Inf_ExecutionTime": {
        "mean": 1.6591519117355347,
        "median": 1.6591519117355347,
        "std": 0.12703313022274526,
        "max": 1.7489778995513916,
        "min": 1.5693259239196777,
        "count": 2
    },
    "Inf_Joules": {
        "mean": 1555.0348306298256,
        "median": 1555.0348306298256,
        "std": 138.2756161617067,
        "max": 1652.8104564905166,
        "min": 1457.2592047691346,
        "count": 2
    },
    "Inf_JoulesNormalized": {
        "mean": 287.9986396431922,
        "median": 287.9986396431922,
        "std": 38.457443760881894,
        "max": 315.19215891361205,
        "min": 260.8051203727723,
        "count": 2
    },
    "Val_ExecutionTime": [
        14.259811043739319,
        28.519622087478638,
        42.77943313121796,
        57.039244174957275,
        71.2990552186966,
        85.55886626243591,
        99.81867730617523,
        114.07848834991455,
        128.33829939365387,
        142.5981104373932
    ],
    "Val_Joules": [
        1380.0044083774092,
        2760.0088167548183,
        4140.0132251322275,
        5520.017633509637,
        6900.022041887045,
        8280.026450264453,
        9660.030858641861,
        11040.03526701927,
        12420.039675396678,
        13800.044083774086
    ],
    "Val_JoulesNormalized": [
        490.56584759354575,
        981.1316951870916,
        1471.6975427806374,
        1962.263390374183,
        2452.8292379677287,
        2943.3950855612743,
        3433.96093315482,
        3924.526780748366,
        4415.092628341912,
        4905.658475935458
    ],
    "NrPatches": {
        "median": 1,
        "std": 0.0,
        "max": 1,
        "min": 1
    },
    "Correctness_Per_Patch": [
        "W",
        "W",
        "C",
        "W",
        "W",
        "W",
        "W",
        "W",
        "W",
        "W"
    ],
    "Correctness_Per_Patch_original": [
        "wrong",
        "uncompilable",
        "plausible",
        "wrong",
        "wrong",
        "wrong",
        "wrong",
        "wrong",
        "wrong",
        "wrong"
    ],
    "patches": [
        "            pos += Character.charCount(Character.codePointAt(input, pt));\n"
    ],
    "Correctness_Per_Patch_origina": [
        "wrong",
        "uncompilable",
        "plausible",
        "wrong",
        "wrong",
        "wrong",
        "wrong",
        "wrong",
        "wrong",
        "wrong"
    ]
}