{
    "TOOL_BUG_ID": "codet5_base-Math-101",
    "Time": {
        "mean": 74.92161273956299,
        "median": 74.92161273956299,
        "std": 0.0,
        "max": 74.92161273956299,
        "min": 74.92161273956299,
        "count": 6
    },
    "Joules": {
        "mean": 8347.23117928505,
        "median": 8347.23117928505,
        "std": 0.0,
        "max": 8347.23117928505,
        "min": 8347.23117928505,
        "count": 6
    },
    "JoulesNormalized": {
        "mean": 3423.0141363501552,
        "median": 3423.0141363501552,
        "std": 0.0,
        "max": 3423.0141363501552,
        "min": 3423.0141363501552,
        "count": 6
    },
    "NrExecutions": 6,
    "ExecutionsIds": [
        "s0",
        "s1",
        "s2",
        "s3",
        "s4",
        "s5"
    ],
    "ExecutionsInferenceIds": [
        "s0",
        "s1"
    ],
    "NrExecutionsInference": 2,
    "ExecutionTime_Per_PatchMedian": [
        7.874632477760315,
        15.324296951293945,
        22.773961424827576,
        30.223625898361206,
        37.673290371894836,
        45.12295484542847,
        52.5726193189621,
        60.02228379249573,
        67.47194826602936,
        74.92161273956299
    ],
    "Joules_Per_PatchMedian": [
        1185.589482164383,
        1981.3274485111237,
        2777.0654148578647,
        3572.8033812046056,
        4368.541347551346,
        5164.279313898087,
        5960.017280244828,
        6755.755246591569,
        7551.49321293831,
        8347.23117928505
    ],
    "JoulesNormalized_Per_PatchMedian": [
        401.01199636459364,
        736.790011918545,
        1072.5680274724964,
        1408.3460430264477,
        1744.124058580399,
        2079.90207413435,
        2415.6800896883015,
        2751.4581052422527,
        3087.236120796204,
        3423.0141363501552
    ],
    "Inf_ExecutionTime": {
        "mean": 0.42496800422668457,
        "median": 0.42496800422668457,
        "std": 0.3179308742318661,
        "max": 0.6497790813446045,
        "min": 0.20015692710876465,
        "count": 2
    },
    "Inf_Joules": {
        "mean": 389.8515158176422,
        "median": 389.8515158176422,
        "std": 294.9246030395661,
        "max": 598.3947025656701,
        "min": 181.30832906961442,
        "count": 2
    },
    "Inf_JoulesNormalized": {
        "mean": 65.23398081064224,
        "median": 65.23398081064224,
        "std": 50.748757835112464,
        "max": 101.1187716126442,
        "min": 29.349190008640278,
        "count": 2
    },
    "Val_ExecutionTime": [
        7.44966447353363,
        14.89932894706726,
        22.34899342060089,
        29.79865789413452,
        37.24832236766815,
        44.69798684120178,
        52.14765131473541,
        59.59731578826904,
        67.04698026180267,
        74.4966447353363
    ],
    "Val_Joules": [
        795.7379663467409,
        1591.4759326934816,
        2387.2138990402223,
        3182.951865386963,
        3978.6898317337036,
        4774.4277980804445,
        5570.165764427185,
        6365.903730773926,
        7161.641697120667,
        7957.379663467408
    ],
    "Val_JoulesNormalized": [
        335.7780155539514,
        671.5560311079028,
        1007.3340466618541,
        1343.1120622158055,
        1678.8900777697568,
        2014.668093323708,
        2350.4461088776593,
        2686.2241244316106,
        3022.002139985562,
        3357.780155539513
    ],
    "NrPatches": {
        "median": 0,
        "std": 0.0,
        "max": 0,
        "min": 0
    },
    "Correctness_Per_Patch": [
        "W",
        "W",
        "W",
        "W",
        "W",
        "W",
        "W",
        "W",
        "W",
        "W"
    ],
    "Correctness_Per_Patch_original": [
        "uncompilable",
        "uncompilable",
        "uncompilable",
        "uncompilable",
        "uncompilable",
        "uncompilable",
        "uncompilable",
        "uncompilable",
        "uncompilable",
        "uncompilable"
    ],
    "patches": [],
    "Correctness_Per_Patch_origina": [
        "uncompilable",
        "uncompilable",
        "uncompilable",
        "uncompilable",
        "uncompilable",
        "uncompilable",
        "uncompilable",
        "uncompilable",
        "uncompilable",
        "uncompilable"
    ]
}