{
    "TOOL_BUG_ID": "incoder_6B-Lang-39",
    "Time": {
        "mean": 81.84894585609436,
        "median": 81.84894585609436,
        "std": 0.0,
        "max": 81.84894585609436,
        "min": 81.84894585609436,
        "count": 5
    },
    "Joules": {
        "mean": 14958.928240460154,
        "median": 14958.928240460154,
        "std": 0.0,
        "max": 14958.928240460154,
        "min": 14958.928240460154,
        "count": 5
    },
    "JoulesNormalized": {
        "mean": 3976.4313864290702,
        "median": 3976.4313864290702,
        "std": 0.0,
        "max": 3976.4313864290702,
        "min": 3976.4313864290702,
        "count": 5
    },
    "NrExecutions": 5,
    "ExecutionsIds": [
        "s0",
        "s1",
        "s2",
        "s3",
        "s4"
    ],
    "ExecutionsInferenceIds": [
        "s0",
        "s1"
    ],
    "NrExecutionsInference": 2,
    "ExecutionTime_Per_PatchMedian": [
        14.532873511314392,
        22.012437105178833,
        29.492000699043274,
        36.971564292907715,
        44.451127886772156,
        51.9306914806366,
        59.41025507450104,
        66.88981866836548,
        74.36938226222992,
        81.84894585609436
    ],
    "Joules_Per_PatchMedian": [
        9058.652469491959,
        9714.238666266203,
        10369.824863040447,
        11025.41105981469,
        11680.997256588935,
        12336.583453363179,
        12992.169650137423,
        13647.755846911667,
        14303.34204368591,
        14958.928240460154
    ],
    "JoulesNormalized_Per_PatchMedian": [
        2328.681026870012,
        2511.7644001543517,
        2694.8477734386915,
        2877.9311467230314,
        3061.014520007371,
        3244.097893291711,
        3427.181266576051,
        3610.2646398603906,
        3793.3480131447304,
        3976.4313864290702
    ],
    "Inf_ExecutionTime": {
        "mean": 7.053309917449951,
        "median": 7.053309917449951,
        "std": 0.46050759359803506,
        "max": 7.3789379596710205,
        "min": 6.727681875228882,
        "count": 2
    },
    "Inf_Joules": {
        "mean": 8403.066272717715,
        "median": 8403.066272717715,
        "std": 541.4936198655768,
        "max": 8785.960083293914,
        "min": 8020.172462141514,
        "count": 2
    },
    "Inf_JoulesNormalized": {
        "mean": 2145.597653585672,
        "median": 2145.597653585672,
        "std": 139.91370340681505,
        "max": 2244.5315820455544,
        "min": 2046.6637251257898,
        "count": 2
    },
    "Val_ExecutionTime": [
        7.479563593864441,
        14.959127187728882,
        22.438690781593323,
        29.918254375457764,
        37.397817969322205,
        44.877381563186646,
        52.356945157051086,
        59.83650875091553,
        67.31607234477997,
        74.79563593864441
    ],
    "Val_Joules": [
        655.586196774244,
        1311.172393548488,
        1966.7585903227318,
        2622.344787096976,
        3277.9309838712197,
        3933.5171806454637,
        4589.103377419708,
        5244.689574193952,
        5900.2757709681955,
        6555.861967742439
    ],
    "Val_JoulesNormalized": [
        183.0833732843398,
        366.1667465686796,
        549.2501198530194,
        732.3334931373593,
        915.4168664216991,
        1098.5002397060389,
        1281.5836129903787,
        1464.6669862747185,
        1647.7503595590583,
        1830.8337328433981
    ],
    "NrPatches": {
        "median": 1,
        "std": 0.0,
        "max": 1,
        "min": 1
    },
    "Correctness_Per_Patch": [
        "W",
        "W",
        "W",
        "W",
        "W",
        "W",
        "W",
        "W",
        "I",
        "W"
    ],
    "Correctness_Per_Patch_original": [
        "wrong",
        "wrong",
        "wrong",
        "wrong",
        "wrong",
        "wrong",
        "wrong",
        "uncompilable",
        "plausible",
        "wrong"
    ],
    "patches": [
        "        int greater = 0;\n"
    ],
    "Correctness_Per_Patch_origina": [
        "wrong",
        "wrong",
        "wrong",
        "wrong",
        "wrong",
        "wrong",
        "wrong",
        "uncompilable",
        "plausible",
        "wrong"
    ]
}