{
    "TOOL_BUG_ID": "codet5_small-Math-2",
    "Time": {
        "mean": 498.6714642047882,
        "median": 498.6714642047882,
        "std": 0.0,
        "max": 498.6714642047882,
        "min": 498.6714642047882,
        "count": 6
    },
    "Joules": {
        "mean": 59565.561318558444,
        "median": 59565.561318558444,
        "std": 0.0,
        "max": 59565.561318558444,
        "min": 59565.561318558444,
        "count": 6
    },
    "JoulesNormalized": {
        "mean": 28039.828072291617,
        "median": 28039.828072291617,
        "std": 0.0,
        "max": 28039.828072291617,
        "min": 28039.828072291617,
        "count": 6
    },
    "NrExecutions": 6,
    "ExecutionsIds": [
        "s0",
        "s1",
        "s2",
        "s3",
        "s4",
        "s5"
    ],
    "ExecutionsInferenceIds": [
        "s0",
        "s1"
    ],
    "NrExecutionsInference": 2,
    "ExecutionTime_Per_PatchMedian": [
        50.29910910129547,
        100.11825966835022,
        149.93741023540497,
        199.75656080245972,
        249.57571136951447,
        299.3948619365692,
        349.21401250362396,
        399.0331630706787,
        448.85231363773346,
        498.6714642047882
    ],
    "Joules_Per_PatchMedian": [
        6307.025528240204,
        12224.640616053344,
        18142.25570386648,
        24059.87079167962,
        29977.485879492757,
        35895.100967305894,
        41812.71605511903,
        47730.33114293217,
        53647.94623074531,
        59565.561318558444
    ],
    "JoulesNormalized_Per_PatchMedian": [
        2828.9031702935695,
        5630.117048293352,
        8431.330926293134,
        11232.544804292917,
        14033.758682292699,
        16834.97256029248,
        19636.186438292265,
        22437.40031629205,
        25238.614194291833,
        28039.828072291617
    ],
    "Inf_ExecutionTime": {
        "mean": 0.47995853424072266,
        "median": 0.47995853424072266,
        "std": 0.00026232198513180446,
        "max": 0.48014402389526367,
        "min": 0.47977304458618164,
        "count": 2
    },
    "Inf_Joules": {
        "mean": 389.4104404270649,
        "median": 389.4104404270649,
        "std": 2.5051306953884747,
        "max": 391.18183532953265,
        "min": 387.6390455245971,
        "count": 2
    },
    "Inf_JoulesNormalized": {
        "mean": 27.68929229378699,
        "median": 27.68929229378699,
        "std": 0.8480894140190159,
        "max": 28.288982069492363,
        "min": 27.08960251808162,
        "count": 2
    },
    "Val_ExecutionTime": [
        49.81915056705475,
        99.6383011341095,
        149.45745170116425,
        199.276602268219,
        249.09575283527374,
        298.9149034023285,
        348.73405396938324,
        398.553204536438,
        448.37235510349274,
        498.1915056705475
    ],
    "Val_Joules": [
        5917.615087813139,
        11835.230175626279,
        17752.845263439416,
        23670.460351252554,
        29588.07543906569,
        35505.69052687883,
        41423.30561469197,
        47340.92070250511,
        53258.535790318245,
        59176.15087813138
    ],
    "Val_JoulesNormalized": [
        2801.2138779997827,
        5602.427755999565,
        8403.641633999347,
        11204.855511999129,
        14006.069389998911,
        16807.283267998693,
        19608.497145998477,
        22409.71102399826,
        25210.924901998045,
        28012.13877999783
    ],
    "NrPatches": {
        "median": 0,
        "std": 0.0,
        "max": 0,
        "min": 0
    },
    "Correctness_Per_Patch": [
        "W",
        "W",
        "W",
        "W",
        "W",
        "W",
        "W",
        "W",
        "W",
        "W"
    ],
    "Correctness_Per_Patch_original": [
        "uncompilable",
        "wrong",
        "wrong",
        "wrong",
        "uncompilable",
        "wrong",
        "wrong",
        "wrong",
        "wrong",
        "wrong"
    ],
    "patches": [],
    "Correctness_Per_Patch_origina": [
        "uncompilable",
        "wrong",
        "wrong",
        "wrong",
        "uncompilable",
        "wrong",
        "wrong",
        "wrong",
        "wrong",
        "wrong"
    ]
}