{
    "TOOL_BUG_ID": "codet5_small-Chart-20",
    "Time": {
        "mean": 85.13126122951508,
        "median": 99.88050556182861,
        "std": 36.128122705804934,
        "max": 99.88050556182861,
        "min": 11.385039567947388,
        "count": 6
    },
    "Joules": {
        "mean": 9757.369266120593,
        "median": 11429.319342744351,
        "std": 4095.424563135444,
        "max": 11429.319342744351,
        "min": 1397.6188830018045,
        "count": 6
    },
    "JoulesNormalized": {
        "mean": 4080.3110305031137,
        "median": 4815.19062051773,
        "std": 1800.0800179215105,
        "max": 4815.19062051773,
        "min": 405.91308043003085,
        "count": 6
    },
    "NrExecutions": 6,
    "ExecutionsIds": [
        "s0",
        "s1",
        "s2",
        "s3",
        "s4",
        "s5"
    ],
    "ExecutionsInferenceIds": [
        "s0",
        "s1"
    ],
    "NrExecutionsInference": 2,
    "ExecutionTime_Per_PatchMedian": [
        10.334380388259888,
        20.283949851989746,
        30.233519315719604,
        40.18308877944946,
        50.13265824317932,
        60.08222770690918,
        70.03179717063904,
        79.9813666343689,
        89.93093609809875,
        99.88050556182861
    ],
    "Joules_Per_PatchMedian": [
        1423.2668316245079,
        2535.0504439711567,
        3646.834056317806,
        4758.617668664455,
        5870.4012810111035,
        6982.184893357753,
        8093.968505704403,
        9205.752118051052,
        10317.535730397702,
        11429.319342744351
    ],
    "JoulesNormalized_Per_PatchMedian": [
        500.9518657922745,
        980.3117274284363,
        1459.671589064598,
        1939.0314507007597,
        2418.3913123369216,
        2897.7511739730835,
        3377.1110356092454,
        3856.4708972454073,
        4335.830758881569,
        4815.19062051773
    ],
    "Inf_ExecutionTime": {
        "mean": 0.3848109245300293,
        "median": 0.3848109245300293,
        "std": 0.006895561591170351,
        "max": 0.38968682289123535,
        "min": 0.37993502616882324,
        "count": 2
    },
    "Inf_Joules": {
        "mean": 311.4832192778587,
        "median": 311.4832192778587,
        "std": 5.009715487936233,
        "max": 315.0256230711937,
        "min": 307.94081548452374,
        "count": 2
    },
    "Inf_JoulesNormalized": {
        "mean": 21.592004156112665,
        "median": 21.592004156112665,
        "std": 0.49520019875266186,
        "max": 21.9421635746956,
        "min": 21.241844737529732,
        "count": 2
    },
    "Val_ExecutionTime": [
        9.949569463729858,
        19.899138927459717,
        29.848708391189575,
        39.798277854919434,
        49.74784731864929,
        59.69741678237915,
        69.64698624610901,
        79.59655570983887,
        89.54612517356873,
        99.49569463729858
    ],
    "Val_Joules": [
        1111.783612346649,
        2223.567224693298,
        3335.3508370399472,
        4447.134449386596,
        5558.918061733245,
        6670.7016740798945,
        7782.485286426544,
        8894.268898773193,
        10006.052511119842,
        11117.836123466492
    ],
    "Val_JoulesNormalized": [
        479.3598616361618,
        958.7197232723236,
        1438.0795849084855,
        1917.4394465446471,
        2396.799308180809,
        2876.159169816971,
        3355.519031453133,
        3834.8788930892947,
        4314.238754725456,
        4793.598616361617
    ],
    "NrPatches": {
        "median": 0,
        "std": 0.0,
        "max": 0,
        "min": 0
    },
    "Correctness_Per_Patch": [
        "W",
        "W",
        "W",
        "W",
        "W",
        "W",
        "W",
        "W",
        "W",
        "W"
    ],
    "Correctness_Per_Patch_original": [
        "uncompilable",
        "uncompilable",
        "uncompilable",
        "uncompilable",
        "uncompilable",
        "uncompilable",
        "uncompilable",
        "uncompilable",
        "uncompilable",
        "uncompilable"
    ],
    "patches": [],
    "Correctness_Per_Patch_origina": [
        "uncompilable",
        "uncompilable",
        "uncompilable",
        "uncompilable",
        "uncompilable",
        "uncompilable",
        "uncompilable",
        "uncompilable",
        "uncompilable",
        "uncompilable"
    ]
}