{
    "TOOL_BUG_ID": "incoder_6B-Closure-152",
    "Time": {
        "mean": 106.95463979244232,
        "median": 27.68337094783783,
        "std": 177.45712602889296,
        "max": 424.3995443582535,
        "min": 27.463483929634094,
        "count": 5
    },
    "Joules": {
        "mean": 15497.348824574947,
        "median": 6594.089300751685,
        "std": 19964.90672222975,
        "max": 51211.627783834934,
        "min": 6532.699663579465,
        "count": 5
    },
    "JoulesNormalized": {
        "mean": 5677.009776635171,
        "median": 1891.8823539018633,
        "std": 9054.952022723764,
        "max": 21856.1298042059,
        "min": 876.3324460148813,
        "count": 5
    },
    "NrExecutions": 5,
    "ExecutionsIds": [
        "s0",
        "s1",
        "s2",
        "s3",
        "s4"
    ],
    "ExecutionsInferenceIds": [
        "s0",
        "s1"
    ],
    "NrExecutionsInference": 2,
    "ExecutionTime_Per_PatchMedian": [
        4.504197001457214,
        10.504500031471252,
        11.484777092933655,
        12.48502504825592,
        13.483648657798767,
        14.483559489250183,
        15.483598351478577,
        21.483595490455627,
        27.503363490104675,
        27.68337094783783
    ],
    "Joules_Per_PatchMedian": [
        4272.348368012905,
        4865.658296978473,
        4970.354313528537,
        5077.212372374534,
        5181.103778350353,
        5288.212144839764,
        5391.722900843621,
        5984.0824906110765,
        6576.030427849293,
        6594.089300751685
    ],
    "JoulesNormalized_Per_PatchMedian": [
        1056.170786356926,
        1263.5682860016823,
        1305.991154396534,
        1345.6900887250902,
        1387.2104373812676,
        1427.0509677410128,
        1467.7298477292063,
        1678.597399222851,
        1885.9661055564882,
        1891.8823539018633
    ],
    "Inf_ExecutionTime": {
        "mean": 3.504085898399353,
        "median": 3.504085898399353,
        "std": 0.3474624966338734,
        "max": 3.749778985977173,
        "min": 3.258392810821533,
        "count": 2
    },
    "Inf_Joules": {
        "mean": 4166.699988722801,
        "median": 4166.699988722801,
        "std": 378.1163479140211,
        "max": 4434.068622410297,
        "min": 3899.331355035305,
        "count": 2
    },
    "Inf_JoulesNormalized": {
        "mean": 1014.9946631312371,
        "median": 1014.9946631312371,
        "std": 98.14131748136055,
        "max": 1084.391054236889,
        "min": 945.5982720255852,
        "count": 2
    },
    "Val_ExecutionTime": [
        1.0001111030578613,
        7.000414133071899,
        7.980691194534302,
        8.980939149856567,
        9.979562759399414,
        10.97947359085083,
        11.979512453079224,
        17.979509592056274,
        23.999277591705322,
        24.179285049438477
    ],
    "Val_Joules": [
        105.64837929010355,
        698.9583082556719,
        803.654324805736,
        910.5123836517332,
        1014.4037896275522,
        1121.5121561169626,
        1225.0229121208195,
        1817.3825018882753,
        2409.330439126492,
        2427.389312028884
    ],
    "Val_JoulesNormalized": [
        41.176123225689025,
        248.5736228704452,
        290.996491265297,
        330.6954255938531,
        372.21577425003056,
        412.0563046097757,
        452.73518459796924,
        663.6027360916139,
        870.9714424252511,
        876.8876907706263
    ],
    "NrPatches": {
        "median": 0,
        "std": 0.0,
        "max": 0,
        "min": 0
    },
    "Correctness_Per_Patch": [
        "W",
        "W",
        "W",
        "W",
        "W",
        "W",
        "W",
        "W",
        "W",
        "W"
    ],
    "Correctness_Per_Patch_original": [
        "uncompilable",
        "wrong",
        "uncompilable",
        "uncompilable",
        "uncompilable",
        "uncompilable",
        "uncompilable",
        "wrong",
        "wrong",
        "uncompilable"
    ],
    "patches": [],
    "Correctness_Per_Patch_origina": [
        "uncompilable",
        "wrong",
        "uncompilable",
        "uncompilable",
        "uncompilable",
        "uncompilable",
        "uncompilable",
        "wrong",
        "wrong",
        "uncompilable"
    ]
}