{
    "TOOL_BUG_ID": "plbart_base-Lang-61",
    "Time": {
        "mean": 90.91236758232117,
        "median": 90.91236758232117,
        "std": 0.0,
        "max": 90.91236758232117,
        "min": 90.91236758232117,
        "count": 6
    },
    "Joules": {
        "mean": 8060.0916386961935,
        "median": 8060.0916386961935,
        "std": 0.0,
        "max": 8060.0916386961935,
        "min": 8060.0916386961935,
        "count": 6
    },
    "JoulesNormalized": {
        "mean": 2311.538965845107,
        "median": 2311.538965845107,
        "std": 0.0,
        "max": 2311.538965845107,
        "min": 2311.538965845107,
        "count": 6
    },
    "NrExecutions": 6,
    "ExecutionsIds": [
        "s0",
        "s1",
        "s2",
        "s3",
        "s4",
        "s5"
    ],
    "ExecutionsInferenceIds": [
        "s0",
        "s1"
    ],
    "NrExecutionsInference": 2,
    "ExecutionTime_Per_PatchMedian": [
        9.194689989089966,
        18.274431943893433,
        27.3541738986969,
        36.433915853500366,
        45.51365780830383,
        54.5933997631073,
        63.67314171791077,
        72.75288367271423,
        81.8326256275177,
        90.91236758232117
    ],
    "Joules_Per_PatchMedian": [
        888.1377836287022,
        1685.021545302868,
        2481.9053069770334,
        3278.789068651199,
        4075.672830325365,
        4872.556591999531,
        5669.440353673696,
        6466.324115347862,
        7263.207877022028,
        8060.0916386961935
    ],
    "JoulesNormalized_Per_PatchMedian": [
        236.26307111978528,
        466.8492816448211,
        697.4354921698568,
        928.0217026948926,
        1158.6079132199284,
        1389.1941237449641,
        1619.78033427,
        1850.3665447950357,
        2080.9527553200714,
        2311.538965845107
    ],
    "Inf_ExecutionTime": {
        "mean": 0.11494803428649902,
        "median": 0.11494803428649902,
        "std": 0.006905676834812966,
        "max": 0.11983108520507812,
        "min": 0.11006498336791992,
        "count": 2
    },
    "Inf_Joules": {
        "mean": 91.25402195453646,
        "median": 91.25402195453646,
        "std": 0.871033576721799,
        "max": 91.8699357032776,
        "min": 90.63810820579529,
        "count": 2
    },
    "Inf_JoulesNormalized": {
        "mean": 5.676860594749456,
        "median": 5.676860594749456,
        "std": 3.069362618831789,
        "max": 7.847227716445914,
        "min": 3.5064934730529984,
        "count": 2
    },
    "Val_ExecutionTime": [
        9.079741954803467,
        18.159483909606934,
        27.2392258644104,
        36.31896781921387,
        45.398709774017334,
        54.4784517288208,
        63.55819368362427,
        72.63793563842773,
        81.7176775932312,
        90.79741954803467
    ],
    "Val_Joules": [
        796.8837616741657,
        1593.7675233483315,
        2390.651285022497,
        3187.535046696663,
        3984.4188083708286,
        4781.302570044994,
        5578.18633171916,
        6375.070093393326,
        7171.9538550674915,
        7968.837616741657
    ],
    "Val_JoulesNormalized": [
        230.58621052503582,
        461.17242105007165,
        691.7586315751074,
        922.3448421001432,
        1152.9310526251788,
        1383.5172631502146,
        1614.1034736752504,
        1844.6896842002861,
        2075.275894725322,
        2305.8621052503577
    ],
    "NrPatches": {
        "median": 0,
        "std": 0.0,
        "max": 0,
        "min": 0
    },
    "Correctness_Per_Patch": [
        "W",
        "W",
        "W",
        "W",
        "W",
        "W",
        "W",
        "W",
        "W",
        "W"
    ],
    "Correctness_Per_Patch_original": [
        "wrong",
        "wrong",
        "wrong",
        "wrong",
        "wrong",
        "wrong",
        "wrong",
        "wrong",
        "wrong",
        "uncompilable"
    ],
    "patches": [],
    "Correctness_Per_Patch_origina": [
        "wrong",
        "wrong",
        "wrong",
        "wrong",
        "wrong",
        "wrong",
        "wrong",
        "wrong",
        "wrong",
        "uncompilable"
    ]
}