{
    "TOOL_BUG_ID": "plbart_base-Closure-65",
    "Time": {
        "mean": 25.032894412676495,
        "median": 25.409903049468994,
        "std": 1.4255789075519194,
        "max": 26.870375633239746,
        "min": 23.00909996032715,
        "count": 6
    },
    "Joules": {
        "mean": 3197.5748454988,
        "median": 2866.961978667974,
        "std": 760.3978718242648,
        "max": 4245.708339971304,
        "min": 2480.32671713233,
        "count": 6
    },
    "JoulesNormalized": {
        "mean": 718.6754478275775,
        "median": 974.1271710693836,
        "std": 644.8212232322313,
        "max": 1289.3114118635654,
        "min": -79.62982783913637,
        "count": 6
    },
    "NrExecutions": 6,
    "ExecutionsIds": [
        "s0",
        "s1",
        "s2",
        "s3",
        "s4",
        "s5"
    ],
    "ExecutionsInferenceIds": [
        "s0",
        "s1"
    ],
    "NrExecutionsInference": 2,
    "ExecutionTime_Per_PatchMedian": [
        2.1099008321762085,
        4.109832763671875,
        8.099575400352478,
        10.09950590133667,
        14.089640855789185,
        16.07945191860199,
        18.069630980491638,
        20.059438467025757,
        24.04930055141449,
        25.409903049468994
    ],
    "Joules_Per_PatchMedian": [
        325.9399691224098,
        550.4576982915402,
        949.9733012139798,
        1173.0364704430103,
        1572.4632876574992,
        1796.1866240739819,
        2019.6283005714413,
        2236.18716288805,
        2691.6713924944397,
        2866.961978667974
    ],
    "JoulesNormalized_Per_PatchMedian": [
        82.65858566164972,
        158.90249347686768,
        309.4989837884903,
        387.4174165427685,
        537.9607336103916,
        615.338658541441,
        690.7207777500153,
        755.1012526452541,
        909.594535022974,
        974.1271710693836
    ],
    "Inf_ExecutionTime": {
        "mean": 0.12980246543884277,
        "median": 0.12980246543884277,
        "std": 0.0004265261069302476,
        "max": 0.13010406494140625,
        "min": 0.1295008659362793,
        "count": 2
    },
    "Inf_Joules": {
        "mean": 102.01131306290628,
        "median": 102.01131306290628,
        "std": 1.0663731012311477,
        "max": 102.76535271406175,
        "min": 101.2572734117508,
        "count": 2
    },
    "Inf_JoulesNormalized": {
        "mean": 5.317273670434965,
        "median": 5.317273670434965,
        "std": 0.02018458936721082,
        "max": 5.331546330451985,
        "min": 5.303001010417944,
        "count": 2
    },
    "Val_ExecutionTime": [
        1.9800983667373657,
        3.9800302982330322,
        7.969772934913635,
        9.969703435897827,
        13.959838390350342,
        15.949649453163147,
        17.939828515052795,
        19.929636001586914,
        23.919498085975647,
        25.28010058403015
    ],
    "Val_Joules": [
        223.92865605950357,
        448.44638522863386,
        847.9619881510735,
        1071.0251573801038,
        1470.4519745945927,
        1694.1753110110758,
        1917.616987508535,
        2134.175849825144,
        2589.6600794315336,
        2764.950665605068
    ],
    "Val_JoulesNormalized": [
        77.34131199121475,
        153.58521980643272,
        304.1817101180553,
        382.1001428723335,
        532.6434599399566,
        610.021384871006,
        685.4035040795803,
        749.7839789748192,
        904.277261352539,
        968.8098973989486
    ],
    "NrPatches": {
        "median": 0,
        "std": 0.0,
        "max": 0,
        "min": 0
    },
    "Correctness_Per_Patch": [
        "W",
        "W",
        "W",
        "W",
        "W",
        "W",
        "W",
        "W",
        "W",
        "W"
    ],
    "Correctness_Per_Patch_original": [
        "uncompilable",
        "uncompilable",
        "wrong",
        "uncompilable",
        "wrong",
        "uncompilable",
        "uncompilable",
        "uncompilable",
        "wrong",
        "uncompilable"
    ],
    "patches": [],
    "Correctness_Per_Patch_origina": [
        "uncompilable",
        "uncompilable",
        "wrong",
        "uncompilable",
        "wrong",
        "uncompilable",
        "uncompilable",
        "uncompilable",
        "wrong",
        "uncompilable"
    ]
}