{
    "TOOL_BUG_ID": "codet5_large-Chart-24",
    "Time": {
        "mean": 100.3617730140686,
        "median": 100.3617730140686,
        "std": 0.0,
        "max": 100.3617730140686,
        "min": 100.3617730140686,
        "count": 6
    },
    "Joules": {
        "mean": 12339.728153920174,
        "median": 12339.728153920174,
        "std": 0.0,
        "max": 12339.728153920174,
        "min": 12339.728153920174,
        "count": 6
    },
    "JoulesNormalized": {
        "mean": 5007.262772190571,
        "median": 5007.262772190571,
        "std": 0.0,
        "max": 5007.262772190571,
        "min": 5007.262772190571,
        "count": 6
    },
    "NrExecutions": 6,
    "ExecutionsIds": [
        "s0",
        "s1",
        "s2",
        "s3",
        "s4",
        "s5"
    ],
    "ExecutionsInferenceIds": [
        "s0",
        "s1"
    ],
    "NrExecutionsInference": 2,
    "ExecutionTime_Per_PatchMedian": [
        11.261512517929077,
        21.16154146194458,
        31.061570405960083,
        40.961599349975586,
        50.86162829399109,
        60.76165723800659,
        70.6616861820221,
        80.5617151260376,
        90.4617440700531,
        100.3617730140686
    ],
    "Joules_Per_PatchMedian": [
        2356.2228280067443,
        3465.501197552681,
        4574.779567098618,
        5684.0579366445545,
        6793.336306190491,
        7902.614675736428,
        9011.893045282364,
        10121.1714148283,
        11230.449784374237,
        12339.728153920174
    ],
    "JoulesNormalized_Per_PatchMedian": [
        687.0457906007766,
        1167.0698996663093,
        1647.094008731842,
        2127.118117797375,
        2607.1422268629076,
        3087.1663359284403,
        3567.190444993973,
        4047.2145540595056,
        4527.238663125038,
        5007.262772190571
    ],
    "Inf_ExecutionTime": {
        "mean": 1.3614835739135742,
        "median": 1.3614835739135742,
        "std": 0.5807164746972904,
        "max": 1.7721121311187744,
        "min": 0.950855016708374,
        "count": 2
    },
    "Inf_Joules": {
        "mean": 1246.9444584608077,
        "median": 1246.9444584608077,
        "std": 534.1992695226735,
        "max": 1624.6803844451904,
        "min": 869.2085324764251,
        "count": 2
    },
    "Inf_JoulesNormalized": {
        "mean": 207.02168153524394,
        "median": 207.02168153524394,
        "std": 89.67614792574061,
        "max": 270.43229384422307,
        "min": 143.61106922626482,
        "count": 2
    },
    "Val_ExecutionTime": [
        9.900028944015503,
        19.800057888031006,
        29.70008683204651,
        39.60011577606201,
        49.500144720077515,
        59.40017366409302,
        69.30020260810852,
        79.20023155212402,
        89.10026049613953,
        99.00028944015503
    ],
    "Val_Joules": [
        1109.2783695459366,
        2218.556739091873,
        3327.83510863781,
        4437.113478183746,
        5546.391847729683,
        6655.6702172756195,
        7764.948586821556,
        8874.226956367493,
        9983.50532591343,
        11092.783695459366
    ],
    "Val_JoulesNormalized": [
        480.0241090655327,
        960.0482181310654,
        1440.072327196598,
        1920.096436262131,
        2400.1205453276634,
        2880.144654393196,
        3360.168763458729,
        3840.1928725242615,
        4320.216981589794,
        4800.241090655327
    ],
    "NrPatches": {
        "median": 1,
        "std": 0.0,
        "max": 1,
        "min": 1
    },
    "Correctness_Per_Patch": [
        "C",
        "W",
        "W",
        "W",
        "W",
        "W",
        "W",
        "W",
        "W",
        "W"
    ],
    "Correctness_Per_Patch_original": [
        "plausible",
        "uncompilable",
        "uncompilable",
        "uncompilable",
        "uncompilable",
        "uncompilable",
        "uncompilable",
        "uncompilable",
        "uncompilable",
        "uncompilable"
    ],
    "patches": [
        "    int g = (int) ((v - this.lowerBound) / (this.upperBound \n"
    ],
    "Correctness_Per_Patch_origina": [
        "plausible",
        "uncompilable",
        "uncompilable",
        "uncompilable",
        "uncompilable",
        "uncompilable",
        "uncompilable",
        "uncompilable",
        "uncompilable",
        "uncompilable"
    ]
}