{
    "TOOL_BUG_ID": "plbart_large-Math-91",
    "Time": {
        "mean": 69.99440586566925,
        "median": 69.99440586566925,
        "std": 0.0,
        "max": 69.99440586566925,
        "min": 69.99440586566925,
        "count": 5
    },
    "Joules": {
        "mean": 8456.01605004668,
        "median": 8456.01605004668,
        "std": 0.0,
        "max": 8456.01605004668,
        "min": 8456.01605004668,
        "count": 5
    },
    "JoulesNormalized": {
        "mean": 3854.241681855917,
        "median": 3854.241681855917,
        "std": 0.0,
        "max": 3854.241681855917,
        "min": 3854.241681855917,
        "count": 5
    },
    "NrExecutions": 5,
    "ExecutionsIds": [
        "s0",
        "s1",
        "s2",
        "s3",
        "s4"
    ],
    "ExecutionsInferenceIds": [
        "s0",
        "s1"
    ],
    "NrExecutionsInference": 2,
    "ExecutionTime_Per_PatchMedian": [
        7.354950547218323,
        14.314890027046204,
        21.274829506874084,
        28.234768986701965,
        35.194708466529846,
        42.15464794635773,
        49.11458742618561,
        56.07452690601349,
        63.03446638584137,
        69.99440586566925
    ],
    "Joules_Per_PatchMedian": [
        1131.617235380411,
        1945.4393258988857,
        2759.26141641736,
        3573.0835069358345,
        4386.905597454309,
        5200.727687972783,
        6014.549778491258,
        6828.371869009732,
        7642.1939595282065,
        8456.01605004668
    ],
    "JoulesNormalized_Per_PatchMedian": [
        406.0400489985942,
        789.173563760519,
        1172.3070785224436,
        1555.4405932843683,
        1938.574108046293,
        2321.707622808218,
        2704.8411375701426,
        3087.9746523320673,
        3471.108167093992,
        3854.241681855917
    ],
    "Inf_ExecutionTime": {
        "mean": 0.3950110673904419,
        "median": 0.3950110673904419,
        "std": 0.0778538271567175,
        "max": 0.4500620365142822,
        "min": 0.33996009826660156,
        "count": 2
    },
    "Inf_Joules": {
        "mean": 317.79514486193654,
        "median": 317.79514486193654,
        "std": 64.04045000846524,
        "max": 363.0785813331604,
        "min": 272.51170839071267,
        "count": 2
    },
    "Inf_JoulesNormalized": {
        "mean": 22.9065342366695,
        "median": 22.9065342366695,
        "std": 2.0581876097976988,
        "max": 24.361892652511585,
        "min": 21.451175820827416,
        "count": 2
    },
    "Val_ExecutionTime": [
        6.959939479827881,
        13.919878959655762,
        20.879818439483643,
        27.839757919311523,
        34.799697399139404,
        41.759636878967285,
        48.719576358795166,
        55.67951583862305,
        62.63945531845093,
        69.59939479827881
    ],
    "Val_Joules": [
        813.8220905184746,
        1627.6441810369492,
        2441.4662715554236,
        3255.288362073898,
        4069.1104525923724,
        4882.932543110846,
        5696.754633629321,
        6510.576724147795,
        7324.39881466627,
        8138.220905184744
    ],
    "Val_JoulesNormalized": [
        383.13351476192474,
        766.2670295238495,
        1149.400544285774,
        1532.5340590476987,
        1915.6675738096235,
        2298.8010885715485,
        2681.934603333473,
        3065.068118095398,
        3448.2016328573227,
        3831.3351476192474
    ],
    "NrPatches": {
        "median": 0,
        "std": 0.0,
        "max": 0,
        "min": 0
    },
    "Correctness_Per_Patch": [
        "W",
        "W",
        "W",
        "W",
        "W",
        "W",
        "W",
        "W",
        "W",
        "W"
    ],
    "Correctness_Per_Patch_original": [
        "uncompilable",
        "uncompilable",
        "uncompilable",
        "uncompilable",
        "uncompilable",
        "uncompilable",
        "uncompilable",
        "uncompilable",
        "uncompilable",
        "uncompilable"
    ],
    "patches": [],
    "Correctness_Per_Patch_origina": [
        "uncompilable",
        "uncompilable",
        "uncompilable",
        "uncompilable",
        "uncompilable",
        "uncompilable",
        "uncompilable",
        "uncompilable",
        "uncompilable",
        "uncompilable"
    ]
}