{
    "TOOL_BUG_ID": "codet5_large-Closure-33",
    "Time": {
        "mean": 31.947458783785503,
        "median": 31.264442086219788,
        "std": 3.0542579029414654,
        "max": 36.58154118061066,
        "min": 27.624874711036682,
        "count": 6
    },
    "Joules": {
        "mean": 4491.315611831346,
        "median": 4659.673004359007,
        "std": 522.751718446447,
        "max": 5114.811923617123,
        "min": 3608.602731114625,
        "count": 6
    },
    "JoulesNormalized": {
        "mean": 1140.6455595930418,
        "median": 1034.1708331942557,
        "std": 492.6750955486495,
        "max": 1789.8674061000347,
        "min": 683.2072240412233,
        "count": 6
    },
    "NrExecutions": 6,
    "ExecutionsIds": [
        "s0",
        "s1",
        "s2",
        "s3",
        "s4",
        "s5"
    ],
    "ExecutionsInferenceIds": [
        "s0",
        "s1"
    ],
    "NrExecutionsInference": 2,
    "ExecutionTime_Per_PatchMedian": [
        3.8549654483795166,
        6.3452160358428955,
        10.855268001556396,
        15.834921956062317,
        18.314959406852722,
        20.334372997283936,
        22.314777135849,
        27.31481409072876,
        29.81458306312561,
        31.264442086219788
    ],
    "Joules_Per_PatchMedian": [
        1089.999454718828,
        1403.1466814637183,
        1976.4346337795257,
        2578.7028797626494,
        2857.329909211397,
        3141.283013385534,
        3478.061991858482,
        4090.27688871026,
        4373.763042366504,
        4659.673004359007
    ],
    "JoulesNormalized_Per_PatchMedian": [
        218.36878898739803,
        294.4016010880469,
        451.5187450110911,
        551.7303424239157,
        622.7555201649664,
        696.8630944788454,
        774.8443309545515,
        881.0362978756426,
        962.5579369544981,
        1034.1708331942557
    ],
    "Inf_ExecutionTime": {
        "mean": 0.8653289079666138,
        "median": 0.8653289079666138,
        "std": 0.007273365941222005,
        "max": 0.8704719543457031,
        "min": 0.8601858615875244,
        "count": 2
    },
    "Inf_Joules": {
        "mean": 792.6806208431719,
        "median": 792.6806208431719,
        "std": 7.770908552232959,
        "max": 798.1754829764365,
        "min": 787.1857587099075,
        "count": 2
    },
    "Inf_JoulesNormalized": {
        "mean": 139.2978282868861,
        "median": 139.2978282868861,
        "std": 1.575690016000369,
        "max": 140.4120093822479,
        "min": 138.1836471915243,
        "count": 2
    },
    "Val_ExecutionTime": [
        2.989636540412903,
        5.479887127876282,
        9.989939093589783,
        14.969593048095703,
        17.44963049888611,
        19.469044089317322,
        21.449448227882385,
        26.449485182762146,
        28.949254155158997,
        30.399113178253174
    ],
    "Val_Joules": [
        297.3188338756561,
        610.4660606205464,
        1183.7540129363538,
        1786.0222589194775,
        2064.6492883682254,
        2348.602392542362,
        2685.38137101531,
        3297.5962678670885,
        3581.0824215233324,
        3866.9923835158347
    ],
    "Val_JoulesNormalized": [
        79.07096070051193,
        155.1037728011608,
        312.220916724205,
        412.43251413702956,
        483.45769187808025,
        557.5652661919593,
        635.5465026676654,
        741.7384695887565,
        823.260108667612,
        894.8730049073697
    ],
    "NrPatches": {
        "median": 0,
        "std": 0.0,
        "max": 0,
        "min": 0
    },
    "Correctness_Per_Patch": [
        "W",
        "W",
        "W",
        "W",
        "W",
        "W",
        "W",
        "W",
        "W",
        "W"
    ],
    "Correctness_Per_Patch_original": [
        "uncompilable",
        "uncompilable",
        "wrong",
        "wrong",
        "uncompilable",
        "uncompilable",
        "uncompilable",
        "wrong",
        "uncompilable",
        "uncompilable"
    ],
    "patches": [],
    "Correctness_Per_Patch_origina": [
        "uncompilable",
        "uncompilable",
        "wrong",
        "wrong",
        "uncompilable",
        "uncompilable",
        "uncompilable",
        "wrong",
        "uncompilable",
        "uncompilable"
    ]
}