{
    "TOOL_BUG_ID": "incoder_6B-Closure-59",
    "Time": {
        "mean": 235.19032335281372,
        "median": 234.72166466712952,
        "std": 2.336482259477799,
        "max": 239.1629605293274,
        "min": 233.14309549331665,
        "count": 5
    },
    "Joules": {
        "mean": 33436.93017978429,
        "median": 33376.955636024475,
        "std": 230.95189515052837,
        "max": 33828.34442596435,
        "min": 33247.024964213364,
        "count": 5
    },
    "JoulesNormalized": {
        "mean": 13823.168616374727,
        "median": 14039.542206174134,
        "std": 568.6402366316045,
        "max": 14203.651225668187,
        "min": 12815.652505558726,
        "count": 5
    },
    "NrExecutions": 5,
    "ExecutionsIds": [
        "s0",
        "s1",
        "s2",
        "s3",
        "s4"
    ],
    "ExecutionsInferenceIds": [
        "s0",
        "s1"
    ],
    "NrExecutionsInference": 2,
    "ExecutionTime_Per_PatchMedian": [
        55.946255922317505,
        60.946178913116455,
        111.3249044418335,
        161.70362997055054,
        166.74354910850525,
        171.74329590797424,
        176.7430980205536,
        227.12182354927063,
        230.14147567749023,
        234.72166466712952
    ],
    "Joules_Per_PatchMedian": [
        12418.626735657454,
        13021.43734393716,
        18920.471721470356,
        24819.506099003553,
        25413.11526928544,
        26010.037080246206,
        26604.694732052085,
        32503.72910958528,
        32806.58324664831,
        33376.955636024475
    ],
    "JoulesNormalized_Per_PatchMedian": [
        4275.1354180276385,
        4557.42736621499,
        7303.085537964104,
        10048.743709713219,
        10321.013558989762,
        10597.711569851635,
        10874.490717405079,
        13620.148889154192,
        13769.726186484097,
        14039.542206174134
    ],
    "Inf_ExecutionTime": {
        "mean": 5.567530393600464,
        "median": 5.567530393600464,
        "std": 0.1810116106350115,
        "max": 5.6955249309539795,
        "min": 5.439535856246948,
        "count": 2
    },
    "Inf_Joules": {
        "mean": 6519.592358124256,
        "median": 6519.592358124256,
        "std": 215.49570629374674,
        "max": 6671.970833361149,
        "min": 6367.213882887363,
        "count": 2
    },
    "Inf_JoulesNormalized": {
        "mean": 1529.477246278524,
        "median": 1529.477246278524,
        "std": 31.41912190082091,
        "max": 1551.6939204335213,
        "min": 1507.2605721235268,
        "count": 2
    },
    "Val_ExecutionTime": [
        50.37872552871704,
        55.37864851951599,
        105.75737404823303,
        156.13609957695007,
        161.17601871490479,
        166.17576551437378,
        171.17556762695312,
        221.55429315567017,
        224.57394528388977,
        229.15413427352905
    ],
    "Val_Joules": [
        5899.034377533198,
        6501.844985812903,
        12400.8793633461,
        18299.913740879296,
        18893.522911161184,
        19490.44472212195,
        20085.102373927828,
        25984.136751461025,
        26286.990888524055,
        26857.36327790022
    ],
    "Val_JoulesNormalized": [
        2745.6581717491144,
        3027.950119936466,
        5773.60829168558,
        8519.266463434695,
        8791.536312711238,
        9068.234323573111,
        9345.013471126555,
        12090.671642875668,
        12240.248940205573,
        12510.06495989561
    ],
    "NrPatches": {
        "median": 1,
        "std": 0.0,
        "max": 1,
        "min": 1
    },
    "Correctness_Per_Patch": [
        "W",
        "W",
        "W",
        "W",
        "W",
        "W",
        "W",
        "I",
        "W",
        "W"
    ],
    "Correctness_Per_Patch_original": [
        "wrong",
        "wrong",
        "wrong",
        "wrong",
        "wrong",
        "wrong",
        "wrong",
        "plausible",
        "uncompilable",
        "wrong"
    ],
    "patches": [
        "  if (options.checkGlobalThisLevel.isOn() &&!options.checkSymbols) {\n"
    ],
    "Correctness_Per_Patch_origina": [
        "wrong",
        "wrong",
        "wrong",
        "wrong",
        "wrong",
        "wrong",
        "wrong",
        "plausible",
        "uncompilable",
        "wrong"
    ]
}