{
    "TOOL_BUG_ID": "codegen_2B-Chart-17",
    "Time": {
        "mean": 101.98885941505432,
        "median": 101.98885941505432,
        "std": 0.0,
        "max": 101.98885941505432,
        "min": 101.98885941505432,
        "count": 6
    },
    "Joules": {
        "mean": 12526.266672211887,
        "median": 12526.266672211887,
        "std": 0.0,
        "max": 12526.266672211887,
        "min": 12526.266672211887,
        "count": 6
    },
    "JoulesNormalized": {
        "mean": 5027.101373374461,
        "median": 5027.101373374461,
        "std": 0.0,
        "max": 5027.101373374461,
        "min": 5027.101373374461,
        "count": 6
    },
    "NrExecutions": 6,
    "ExecutionsIds": [
        "s1",
        "s2",
        "s3",
        "s4",
        "s5",
        "s6"
    ],
    "ExecutionsInferenceIds": [
        "s0",
        "s1"
    ],
    "NrExecutionsInference": 2,
    "ExecutionTime_Per_PatchMedian": [
        11.454091310501099,
        21.51350998878479,
        31.57292866706848,
        41.63234734535217,
        51.691766023635864,
        61.751184701919556,
        71.81060338020325,
        81.87002205848694,
        91.92944073677063,
        101.98885941505432
    ],
    "Joules_Per_PatchMedian": [
        2413.3990888833996,
        3537.0510425865646,
        4660.7029962897295,
        5784.354949992894,
        6908.006903696059,
        8031.658857399225,
        9155.31081110239,
        10278.962764805556,
        11402.614718508721,
        12526.266672211887
    ],
    "JoulesNormalized_Per_PatchMedian": [
        660.7134315967556,
        1145.867647349834,
        1631.0218631029124,
        2116.176078855991,
        2601.3302946090694,
        3086.484510362148,
        3571.6387261152263,
        4056.7929418683048,
        4541.947157621383,
        5027.101373374461
    ],
    "Inf_ExecutionTime": {
        "mean": 1.3946726322174072,
        "median": 1.3946726322174072,
        "std": 0.036261125410044705,
        "max": 1.4203131198883057,
        "min": 1.3690321445465088,
        "count": 2
    },
    "Inf_Joules": {
        "mean": 1289.7471351802349,
        "median": 1289.7471351802349,
        "std": 10.893374261433383,
        "max": 1297.4499139904974,
        "min": 1282.0443563699723,
        "count": 2
    },
    "Inf_JoulesNormalized": {
        "mean": 175.5592158436773,
        "median": 175.5592158436773,
        "std": 3.4353617040507762,
        "max": 177.98838340044017,
        "min": 173.13004828691442,
        "count": 2
    },
    "Val_ExecutionTime": [
        10.059418678283691,
        20.118837356567383,
        30.178256034851074,
        40.237674713134766,
        50.29709339141846,
        60.35651206970215,
        70.41593074798584,
        80.47534942626953,
        90.53476810455322,
        100.59418678283691
    ],
    "Val_Joules": [
        1123.6519537031647,
        2247.30390740633,
        3370.9558611094944,
        4494.607814812659,
        5618.259768515824,
        6741.91172221899,
        7865.563675922155,
        8989.215629625322,
        10112.867583328487,
        11236.519537031652
    ],
    "Val_JoulesNormalized": [
        485.15421575307835,
        970.3084315061567,
        1455.4626472592352,
        1940.6168630123136,
        2425.7710787653923,
        2910.9252945184708,
        3396.079510271549,
        3881.2337260246277,
        4366.387941777705,
        4851.542157530784
    ],
    "NrPatches": {
        "median": 0,
        "std": 0.0,
        "max": 0,
        "min": 0
    },
    "Correctness_Per_Patch": [
        "W",
        "W",
        "W",
        "W",
        "W",
        "W",
        "W",
        "W",
        "W",
        "W"
    ],
    "Correctness_Per_Patch_original": [
        "wrong",
        "uncompilable",
        "uncompilable",
        "wrong",
        "uncompilable",
        "uncompilable",
        "uncompilable",
        "wrong",
        "uncompilable",
        "wrong"
    ],
    "patches": [],
    "Correctness_Per_Patch_origina": [
        "wrong",
        "uncompilable",
        "uncompilable",
        "wrong",
        "uncompilable",
        "uncompilable",
        "uncompilable",
        "wrong",
        "uncompilable",
        "wrong"
    ]
}