{
    "TOOL_BUG_ID": "incoder_6B-Math-48",
    "Time": {
        "mean": 293.0270998477936,
        "median": 293.0270998477936,
        "std": 0.0,
        "max": 293.0270998477936,
        "min": 293.0270998477936,
        "count": 5
    },
    "Joules": {
        "mean": 37785.325133460756,
        "median": 37785.325133460756,
        "std": 0.0,
        "max": 37785.325133460756,
        "min": 37785.325133460756,
        "count": 5
    },
    "JoulesNormalized": {
        "mean": 15719.176670831443,
        "median": 15719.176670831443,
        "std": 0.0,
        "max": 15719.176670831443,
        "min": 15719.176670831443,
        "count": 5
    },
    "NrExecutions": 5,
    "ExecutionsIds": [
        "s0",
        "s1",
        "s2",
        "s3",
        "s4"
    ],
    "ExecutionsInferenceIds": [
        "s0",
        "s1"
    ],
    "NrExecutionsInference": 2,
    "ExecutionTime_Per_PatchMedian": [
        34.10245907306671,
        62.87186360359192,
        91.64126813411713,
        120.41067266464233,
        149.18007719516754,
        177.94948172569275,
        206.71888625621796,
        235.48829078674316,
        264.2576953172684,
        293.0270998477936
    ],
    "Joules_Per_PatchMedian": [
        9361.422896718977,
        12519.634256356952,
        15677.845615994927,
        18836.056975632902,
        21994.268335270877,
        25152.479694908852,
        28310.691054546827,
        31468.902414184802,
        34627.11377382278,
        37785.325133460756
    ],
    "JoulesNormalized_Per_PatchMedian": [
        2901.729148340225,
        4325.889984172582,
        5750.05082000494,
        7174.211655837297,
        8598.372491669656,
        10022.533327502013,
        11446.69416333437,
        12870.854999166728,
        14295.015834999085,
        15719.176670831443
    ],
    "Inf_ExecutionTime": {
        "mean": 5.333054542541504,
        "median": 5.333054542541504,
        "std": 0.655309315891023,
        "max": 5.796428203582764,
        "min": 4.869680881500244,
        "count": 2
    },
    "Inf_Joules": {
        "mean": 6203.2115370810025,
        "median": 6203.2115370810025,
        "std": 749.1678410095568,
        "max": 6732.953197705746,
        "min": 5673.46987645626,
        "count": 2
    },
    "Inf_JoulesNormalized": {
        "mean": 1477.5683125078676,
        "median": 1477.5683125078676,
        "std": 176.7290111361646,
        "max": 1602.5345947146425,
        "min": 1352.6020303010928,
        "count": 2
    },
    "Val_ExecutionTime": [
        28.769404530525208,
        57.538809061050415,
        86.30821359157562,
        115.07761812210083,
        143.84702265262604,
        172.61642718315125,
        201.38583171367645,
        230.15523624420166,
        258.92464077472687,
        287.6940453052521
    ],
    "Val_Joules": [
        3158.211359637975,
        6316.42271927595,
        9474.634078913925,
        12632.8454385519,
        15791.056798189875,
        18949.26815782785,
        22107.479517465825,
        25265.6908771038,
        28423.902236741775,
        31582.113596379753
    ],
    "Val_JoulesNormalized": [
        1424.1608358323574,
        2848.321671664715,
        4272.482507497072,
        5696.64334332943,
        7120.804179161788,
        8544.965014994144,
        9969.125850826502,
        11393.28668665886,
        12817.447522491217,
        14241.608358323574
    ],
    "NrPatches": {
        "median": 0,
        "std": 0.0,
        "max": 0,
        "min": 0
    },
    "Correctness_Per_Patch": [
        "W",
        "W",
        "W",
        "W",
        "W",
        "W",
        "W",
        "W",
        "W",
        "W"
    ],
    "Correctness_Per_Patch_original": [
        "wrong",
        "uncompilable",
        "wrong",
        "wrong",
        "wrong",
        "wrong",
        "wrong",
        "uncompilable",
        "wrong",
        "wrong"
    ],
    "patches": [],
    "Correctness_Per_Patch_origina": [
        "wrong",
        "uncompilable",
        "wrong",
        "wrong",
        "wrong",
        "wrong",
        "wrong",
        "uncompilable",
        "wrong",
        "wrong"
    ]
}