{
    "TOOL_BUG_ID": "codet5_base-Math-96",
    "Time": {
        "mean": 68.80207979679108,
        "median": 68.80207979679108,
        "std": 0.0,
        "max": 68.80207979679108,
        "min": 68.80207979679108,
        "count": 6
    },
    "Joules": {
        "mean": 9031.884433531759,
        "median": 9031.884433531759,
        "std": 0.0,
        "max": 9031.884433531759,
        "min": 9031.884433531759,
        "count": 6
    },
    "JoulesNormalized": {
        "mean": 3689.3668884873396,
        "median": 3689.3668884873396,
        "std": 0.0,
        "max": 3689.3668884873396,
        "min": 3689.3668884873396,
        "count": 6
    },
    "NrExecutions": 6,
    "ExecutionsIds": [
        "s0",
        "s1",
        "s2",
        "s3",
        "s4",
        "s5"
    ],
    "ExecutionsInferenceIds": [
        "s0",
        "s1"
    ],
    "NrExecutionsInference": 2,
    "ExecutionTime_Per_PatchMedian": [
        8.148618936538696,
        14.887892365455627,
        21.62716579437256,
        28.36643922328949,
        35.10571265220642,
        41.84498608112335,
        48.58425951004028,
        55.323532938957214,
        62.062806367874146,
        68.80207979679108
    ],
    "Joules_Per_PatchMedian": [
        2031.0944816052915,
        2808.960031819344,
        3586.825582033396,
        4364.691132247448,
        5142.5566824615,
        5920.422232675552,
        6698.2877828896035,
        7476.153333103655,
        8254.018883317707,
        9031.884433531759
    ],
    "JoulesNormalized_Per_PatchMedian": [
        533.7343176841737,
        884.3601588845255,
        1234.9860000848773,
        1585.6118412852293,
        1936.237682485581,
        2286.8635236859327,
        2637.4893648862844,
        2988.115206086636,
        3338.741047286988,
        3689.3668884873396
    ],
    "Inf_ExecutionTime": {
        "mean": 1.4093455076217651,
        "median": 1.4093455076217651,
        "std": 0.5094557633468291,
        "max": 1.769585132598877,
        "min": 1.0491058826446533,
        "count": 2
    },
    "Inf_Joules": {
        "mean": 1253.2289313912393,
        "median": 1253.2289313912393,
        "std": 452.71198143761984,
        "max": 1573.3446433901786,
        "min": 933.1132193922997,
        "count": 2
    },
    "Inf_JoulesNormalized": {
        "mean": 183.1084764838219,
        "median": 183.1084764838219,
        "std": 73.14591513572405,
        "max": 234.8304490923881,
        "min": 131.3865038752557,
        "count": 2
    },
    "Val_ExecutionTime": [
        6.739273428916931,
        13.478546857833862,
        20.217820286750793,
        26.957093715667725,
        33.696367144584656,
        40.43564057350159,
        47.17491400241852,
        53.91418743133545,
        60.65346086025238,
        67.39273428916931
    ],
    "Val_Joules": [
        777.8655502140523,
        1555.7311004281046,
        2333.596650642157,
        3111.4622008562087,
        3889.3277510702605,
        4667.193301284313,
        5445.058851498365,
        6222.9244017124165,
        7000.789951926468,
        7778.65550214052
    ],
    "Val_JoulesNormalized": [
        350.6258412003518,
        701.2516824007037,
        1051.8775236010554,
        1402.5033648014073,
        1753.129206001759,
        2103.7550472021107,
        2454.3808884024625,
        2805.006729602814,
        3155.632570803166,
        3506.2584120035176
    ],
    "NrPatches": {
        "median": 0,
        "std": 0.0,
        "max": 0,
        "min": 0
    },
    "Correctness_Per_Patch": [
        "W",
        "W",
        "W",
        "W",
        "W",
        "W",
        "W",
        "W",
        "W",
        "W"
    ],
    "Correctness_Per_Patch_original": [
        "wrong",
        "wrong",
        "wrong",
        "wrong",
        "uncompilable",
        "uncompilable",
        "uncompilable",
        "wrong",
        "wrong",
        "uncompilable"
    ],
    "patches": [],
    "Correctness_Per_Patch_origina": [
        "wrong",
        "wrong",
        "wrong",
        "wrong",
        "uncompilable",
        "uncompilable",
        "uncompilable",
        "wrong",
        "wrong",
        "uncompilable"
    ]
}