{
    "TOOL_BUG_ID": "codegen_350M-Closure-83",
    "Time": {
        "mean": 474.9980105161667,
        "median": 474.9980105161667,
        "std": 0.0,
        "max": 474.9980105161667,
        "min": 474.9980105161667,
        "count": 6
    },
    "Joules": {
        "mean": 53699.43462194204,
        "median": 53699.43462194204,
        "std": 0.0,
        "max": 53699.43462194204,
        "min": 53699.43462194204,
        "count": 6
    },
    "JoulesNormalized": {
        "mean": 23751.909822011003,
        "median": 23751.909822011003,
        "std": 0.0,
        "max": 23751.909822011003,
        "min": 23751.909822011003,
        "count": 6
    },
    "NrExecutions": 6,
    "ExecutionsIds": [
        "s0",
        "s1",
        "s2",
        "s3",
        "s4",
        "s5"
    ],
    "ExecutionsInferenceIds": [
        "s0",
        "s1"
    ],
    "NrExecutionsInference": 2,
    "ExecutionTime_Per_PatchMedian": [
        47.86469745635986,
        95.32395446300507,
        142.78321146965027,
        190.24246847629547,
        237.70172548294067,
        285.1609824895859,
        332.6202394962311,
        380.0794965028763,
        427.5387535095215,
        474.9980105161667
    ],
    "Joules_Per_PatchMedian": [
        5670.625759565831,
        11007.160077607634,
        16343.694395649436,
        21680.22871369124,
        27016.76303173304,
        32353.297349774843,
        37689.831667816645,
        43026.36598585844,
        48362.90030390024,
        53699.43462194204
    ],
    "JoulesNormalized_Per_PatchMedian": [
        2405.521533298493,
        4777.342454266549,
        7149.163375234605,
        9520.984296202661,
        11892.805217170717,
        14264.626138138774,
        16636.44705910683,
        19008.26798007489,
        21380.088901042946,
        23751.909822011003
    ],
    "Inf_ExecutionTime": {
        "mean": 0.40544044971466064,
        "median": 0.40544044971466064,
        "std": 0.57337938272112,
        "max": 0.8108808994293213,
        "min": 0,
        "count": 2
    },
    "Inf_Joules": {
        "mean": 334.09144152402877,
        "median": 334.09144152402877,
        "std": 472.4766476760593,
        "max": 668.1828830480575,
        "min": 0,
        "count": 2
    },
    "Inf_JoulesNormalized": {
        "mean": 33.700612330436684,
        "median": 33.700612330436684,
        "std": 47.659863017981515,
        "max": 67.40122466087337,
        "min": 0,
        "count": 2
    },
    "Val_ExecutionTime": [
        47.4592570066452,
        94.9185140132904,
        142.3777710199356,
        189.8370280265808,
        237.296285033226,
        284.7555420398712,
        332.2147990465164,
        379.6740560531616,
        427.1333130598068,
        474.592570066452
    ],
    "Val_Joules": [
        5336.534318041802,
        10673.068636083604,
        16009.602954125407,
        21346.13727216721,
        26682.67159020901,
        32019.205908250813,
        37355.74022629262,
        42692.27454433442,
        48028.808862376216,
        53365.343180418015
    ],
    "Val_JoulesNormalized": [
        2371.8209209680563,
        4743.6418419361125,
        7115.462762904169,
        9487.283683872225,
        11859.10460484028,
        14230.925525808338,
        16602.746446776393,
        18974.56736774445,
        21346.388288712507,
        23718.209209680565
    ],
    "NrPatches": {
        "median": 0,
        "std": 0.0,
        "max": 0,
        "min": 0
    },
    "Correctness_Per_Patch": [
        "W",
        "W",
        "W",
        "W",
        "W",
        "W",
        "W",
        "W",
        "W",
        "W"
    ],
    "Correctness_Per_Patch_original": [
        "wrong",
        "wrong",
        "wrong",
        "uncompilable",
        "uncompilable",
        "uncompilable",
        "uncompilable",
        "uncompilable",
        "uncompilable",
        "wrong"
    ],
    "patches": [],
    "Correctness_Per_Patch_origina": [
        "wrong",
        "wrong",
        "wrong",
        "uncompilable",
        "uncompilable",
        "uncompilable",
        "uncompilable",
        "uncompilable",
        "uncompilable",
        "wrong"
    ]
}