{
    "TOOL_BUG_ID": "incoder_1B-Time-16",
    "Time": {
        "mean": 102.71058559417725,
        "median": 102.71058559417725,
        "std": 0.0,
        "max": 102.71058559417725,
        "min": 102.71058559417725,
        "count": 5
    },
    "Joules": {
        "mean": 12722.94422876239,
        "median": 12722.94422876239,
        "std": 0.0,
        "max": 12722.94422876239,
        "min": 12722.94422876239,
        "count": 5
    },
    "JoulesNormalized": {
        "mean": 5570.912211281061,
        "median": 5570.912211281061,
        "std": 0.0,
        "max": 5570.912211281061,
        "min": 5570.912211281061,
        "count": 5
    },
    "NrExecutions": 5,
    "ExecutionsIds": [
        "s0",
        "s1",
        "s2",
        "s3",
        "s4"
    ],
    "ExecutionsInferenceIds": [
        "s0",
        "s1"
    ],
    "NrExecutionsInference": 2,
    "ExecutionTime_Per_PatchMedian": [
        11.09433901309967,
        21.273921966552734,
        31.4535049200058,
        41.63308787345886,
        51.812670826911926,
        61.99225378036499,
        72.17183673381805,
        82.35141968727112,
        92.53100264072418,
        102.71058559417725
    ],
    "Joules_Per_PatchMedian": [
        2120.848648887873,
        3298.8592688739304,
        4476.869888859988,
        5654.880508846046,
        6832.891128832103,
        8010.901748818161,
        9188.912368804218,
        10366.922988790277,
        11544.933608776333,
        12722.94422876239
    ],
    "JoulesNormalized_Per_PatchMedian": [
        754.6313832521439,
        1289.7736974775792,
        1824.9160117030144,
        2360.0583259284494,
        2895.2006401538847,
        3430.34295437932,
        3965.485268604755,
        4500.6275828301905,
        5035.769897055626,
        5570.912211281061
    ],
    "Inf_ExecutionTime": {
        "mean": 0.9147560596466064,
        "median": 0.9147560596466064,
        "std": 0.20460845100450278,
        "max": 1.0594360828399658,
        "min": 0.7700760364532471,
        "count": 2
    },
    "Inf_Joules": {
        "mean": 942.8380289018155,
        "median": 942.8380289018155,
        "std": 211.55862224200064,
        "max": 1092.4325653076173,
        "min": 793.2434924960137,
        "count": 2
    },
    "Inf_JoulesNormalized": {
        "mean": 219.4890690267087,
        "median": 219.4890690267087,
        "std": 58.08780954701564,
        "max": 260.56335306167614,
        "min": 178.41478499174127,
        "count": 2
    },
    "Val_ExecutionTime": [
        10.179582953453064,
        20.359165906906128,
        30.538748860359192,
        40.718331813812256,
        50.89791476726532,
        61.077497720718384,
        71.25708067417145,
        81.43666362762451,
        91.61624658107758,
        101.79582953453064
    ],
    "Val_Joules": [
        1178.0106199860575,
        2356.021239972115,
        3534.031859958173,
        4712.04247994423,
        5890.053099930288,
        7068.063719916345,
        8246.074339902403,
        9424.084959888462,
        10602.095579874518,
        11780.106199860575
    ],
    "Val_JoulesNormalized": [
        535.1423142254353,
        1070.2846284508705,
        1605.4269426763058,
        2140.5692569017406,
        2675.711571127176,
        3210.853885352611,
        3745.9961995780463,
        4281.138513803482,
        4816.280828028917,
        5351.423142254353
    ],
    "NrPatches": {
        "median": 0,
        "std": 0.0,
        "max": 0,
        "min": 0
    },
    "Correctness_Per_Patch": [
        "W",
        "W",
        "W",
        "W",
        "W",
        "W",
        "W",
        "W",
        "W",
        "W"
    ],
    "Correctness_Per_Patch_original": [
        "uncompilable",
        "uncompilable",
        "uncompilable",
        "wrong",
        "uncompilable",
        "uncompilable",
        "wrong",
        "wrong",
        "wrong",
        "uncompilable"
    ],
    "patches": [],
    "Correctness_Per_Patch_origina": [
        "uncompilable",
        "uncompilable",
        "uncompilable",
        "wrong",
        "uncompilable",
        "uncompilable",
        "wrong",
        "wrong",
        "wrong",
        "uncompilable"
    ]
}