{
    "TOOL_BUG_ID": "codet5_base-Mockito-8",
    "Time": {
        "mean": 422.0963459809621,
        "median": 420.9702616930008,
        "std": 3.2674551329100905,
        "max": 428.53965878486633,
        "min": 419.86008501052856,
        "count": 6
    },
    "Joules": {
        "mean": 57293.62290722131,
        "median": 56815.53551387787,
        "std": 1387.955561469746,
        "max": 60033.181394165746,
        "min": 56179.83643187879,
        "count": 6
    },
    "JoulesNormalized": {
        "mean": 25321.462119579315,
        "median": 29623.484460741285,
        "std": 7516.284670686744,
        "max": 30801.62566949725,
        "min": 14328.426809901004,
        "count": 6
    },
    "NrExecutions": 6,
    "ExecutionsIds": [
        "s0",
        "s1",
        "s2",
        "s3",
        "s4",
        "s5"
    ],
    "ExecutionsInferenceIds": [
        "s0",
        "s1"
    ],
    "NrExecutionsInference": 2,
    "ExecutionTime_Per_PatchMedian": [
        59.94850504398346,
        99.89746904373169,
        159.11576092243195,
        199.06472492218018,
        239.0136889219284,
        298.2324984073639,
        309.9819860458374,
        349.93095004558563,
        409.53053522109985,
        420.9702616930008
    ],
    "Joules_Per_PatchMedian": [
        8896.861717909575,
        13727.945615845918,
        22136.836000448468,
        26967.91989838481,
        31799.003796321154,
        40216.195358180994,
        41895.720941632986,
        46726.804839569326,
        55192.42198508978,
        56815.53551387787
    ],
    "JoulesNormalized_Per_PatchMedian": [
        4649.721762889624,
        6988.91204405427,
        11565.280514883996,
        13904.470796048643,
        16243.66107721329,
        20826.843123286963,
        21750.331034934523,
        24089.52131609917,
        28710.813707304005,
        29623.484460741285
    ],
    "Inf_ExecutionTime": {
        "mean": 0.5299079418182373,
        "median": 0.5299079418182373,
        "std": 0.1984536624227599,
        "max": 0.6702358722686768,
        "min": 0.38958001136779785,
        "count": 2
    },
    "Inf_Joules": {
        "mean": 460.8855356037617,
        "median": 460.8855356037617,
        "std": 178.48964579711952,
        "max": 587.0967745184898,
        "min": 334.6742966890335,
        "count": 2
    },
    "Inf_JoulesNormalized": {
        "mean": 58.56352646946905,
        "median": 58.56352646946905,
        "std": 24.054684223257798,
        "max": 75.5727568030357,
        "min": 41.554296135902405,
        "count": 2
    },
    "Val_ExecutionTime": [
        59.41859710216522,
        99.36756110191345,
        158.5858529806137,
        198.53481698036194,
        238.48378098011017,
        297.70259046554565,
        309.45207810401917,
        349.4010421037674,
        409.0006272792816,
        420.44035375118256
    ],
    "Val_Joules": [
        8435.976182305812,
        13267.060080242156,
        21675.950464844707,
        26507.03436278105,
        31338.118260717394,
        39755.30982257724,
        41434.835406029226,
        46265.919303965566,
        54731.53644948601,
        56354.6499782741
    ],
    "Val_JoulesNormalized": [
        4591.158236420155,
        6930.348517584801,
        11506.716988414528,
        13845.907269579175,
        16185.097550743822,
        20768.279596817498,
        21691.767508465055,
        24030.9577896297,
        28652.250180834537,
        29564.920934271817
    ],
    "NrPatches": {
        "median": 0,
        "std": 0.0,
        "max": 0,
        "min": 0
    },
    "Correctness_Per_Patch": [
        "W",
        "W",
        "W",
        "W",
        "W",
        "W",
        "W",
        "W",
        "W",
        "W"
    ],
    "Correctness_Per_Patch_original": [
        "wrong",
        "wrong",
        "wrong",
        "wrong",
        "wrong",
        "wrong",
        "uncompilable",
        "wrong",
        "wrong",
        "uncompilable"
    ],
    "patches": [],
    "Correctness_Per_Patch_origina": [
        "wrong",
        "wrong",
        "wrong",
        "wrong",
        "wrong",
        "wrong",
        "uncompilable",
        "wrong",
        "wrong",
        "uncompilable"
    ]
}