{
    "TOOL_BUG_ID": "plbart_base-Chart-3",
    "Time": {
        "mean": 121.41521751880646,
        "median": 121.41521751880646,
        "std": 0.0,
        "max": 121.41521751880646,
        "min": 121.41521751880646,
        "count": 6
    },
    "Joules": {
        "mean": 13621.8472247839,
        "median": 13621.8472247839,
        "std": 0.0,
        "max": 13621.8472247839,
        "min": 13621.8472247839,
        "count": 6
    },
    "JoulesNormalized": {
        "mean": 5832.298199272155,
        "median": 5832.298199272155,
        "std": 0.0,
        "max": 5832.298199272155,
        "min": 5832.298199272155,
        "count": 6
    },
    "NrExecutions": 6,
    "ExecutionsIds": [
        "s0",
        "s1",
        "s2",
        "s3",
        "s4",
        "s5"
    ],
    "ExecutionsInferenceIds": [
        "s0",
        "s1"
    ],
    "NrExecutionsInference": 2,
    "ExecutionTime_Per_PatchMedian": [
        12.249330997467041,
        24.37887394428253,
        36.50841689109802,
        48.63795983791351,
        60.767502784729004,
        72.8970457315445,
        85.02658867835999,
        97.15613162517548,
        109.28567457199097,
        121.41521751880646
    ],
    "Joules_Per_PatchMedian": [
        1445.8976282060146,
        2798.780916714668,
        4151.664205223322,
        5504.547493731976,
        6857.43078224063,
        8210.314070749284,
        9563.197359257938,
        10916.080647766592,
        12268.963936275246,
        13621.8472247839
    ],
    "JoulesNormalized_Per_PatchMedian": [
        586.7847604036332,
        1169.61958694458,
        1752.454413485527,
        2335.289240026474,
        2918.1240665674213,
        3500.958893108368,
        4083.793719649315,
        4666.628546190262,
        5249.463372731208,
        5832.298199272155
    ],
    "Inf_ExecutionTime": {
        "mean": 0.11978805065155029,
        "median": 0.11978805065155029,
        "std": 0.014402589660536752,
        "max": 0.12997221946716309,
        "min": 0.1096038818359375,
        "count": 2
    },
    "Inf_Joules": {
        "mean": 93.014339697361,
        "median": 93.014339697361,
        "std": 10.486635787992498,
        "max": 100.42951097488402,
        "min": 85.59916841983797,
        "count": 2
    },
    "Inf_JoulesNormalized": {
        "mean": 3.9499338626861586,
        "median": 3.9499338626861586,
        "std": 1.0310225416244172,
        "max": 4.678976893424974,
        "min": 3.2208908319473437,
        "count": 2
    },
    "Val_ExecutionTime": [
        12.12954294681549,
        24.25908589363098,
        36.38862884044647,
        48.51817178726196,
        60.647714734077454,
        72.77725768089294,
        84.90680062770844,
        97.03634357452393,
        109.16588652133942,
        121.29542946815491
    ],
    "Val_Joules": [
        1352.8832885086535,
        2705.766577017307,
        4058.649865525961,
        5411.533154034615,
        6764.416442543269,
        8117.299731051923,
        9470.183019560576,
        10823.06630806923,
        12175.949596577884,
        13528.832885086538
    ],
    "Val_JoulesNormalized": [
        582.834826540947,
        1165.669653081894,
        1748.504479622841,
        2331.339306163788,
        2914.1741327047353,
        3497.008959245682,
        4079.843785786629,
        4662.678612327575,
        5245.513438868522,
        5828.348265409469
    ],
    "NrPatches": {
        "median": 0,
        "std": 0.0,
        "max": 0,
        "min": 0
    },
    "Correctness_Per_Patch": [
        "W",
        "W",
        "W",
        "W",
        "W",
        "W",
        "W",
        "W",
        "W",
        "W"
    ],
    "Correctness_Per_Patch_original": [
        "uncompilable",
        "uncompilable",
        "uncompilable",
        "uncompilable",
        "uncompilable",
        "uncompilable",
        "uncompilable",
        "uncompilable",
        "uncompilable",
        "wrong"
    ],
    "patches": [],
    "Correctness_Per_Patch_origina": [
        "uncompilable",
        "uncompilable",
        "uncompilable",
        "uncompilable",
        "uncompilable",
        "uncompilable",
        "uncompilable",
        "uncompilable",
        "uncompilable",
        "wrong"
    ]
}