{
    "TOOL_BUG_ID": "codet5_small-Time-15",
    "Time": {
        "mean": 25.895499682426454,
        "median": 24.089844822883606,
        "std": 4.285636977100668,
        "max": 33.53788411617279,
        "min": 23.429707169532776,
        "count": 5
    },
    "Joules": {
        "mean": 3482.026819173098,
        "median": 3337.182579606772,
        "std": 418.95961210471546,
        "max": 4197.357760387659,
        "min": 3153.154973310232,
        "count": 5
    },
    "JoulesNormalized": {
        "mean": 1697.9366891753673,
        "median": 1639.0381316006183,
        "std": 183.15797231637328,
        "max": 1966.8628435075284,
        "min": 1525.0327317535878,
        "count": 5
    },
    "NrExecutions": 5,
    "ExecutionsIds": [
        "s0",
        "s1",
        "s2",
        "s3",
        "s4"
    ],
    "ExecutionsInferenceIds": [
        "s0",
        "s1"
    ],
    "NrExecutionsInference": 2,
    "ExecutionTime_Per_PatchMedian": [
        3.210295557975769,
        6.209959387779236,
        7.190186381340027,
        10.170166373252869,
        13.170011401176453,
        14.149821400642395,
        15.149828553199768,
        18.13068926334381,
        21.130354285240173,
        24.089844822883606
    ],
    "Joules_Per_PatchMedian": [
        572.3341233313083,
        957.1174890100956,
        1077.5208096683025,
        1459.4828522503376,
        1845.7494465768336,
        1966.604777342081,
        2088.489008051157,
        2472.1389050662515,
        2941.232111281157,
        3337.182579606772
    ],
    "JoulesNormalized_Per_PatchMedian": [
        214.93118881583206,
        417.06973959803577,
        477.3759526789188,
        676.6859459102153,
        879.0777365982532,
        939.845459574461,
        1000.4732723891735,
        1200.2221901953221,
        1432.2404258072374,
        1639.0381316006183
    ],
    "Inf_ExecutionTime": {
        "mean": 0.23019850254058838,
        "median": 0.23019850254058838,
        "std": 0.0005140229644388636,
        "max": 0.2305619716644287,
        "min": 0.22983503341674805,
        "count": 2
    },
    "Inf_Joules": {
        "mean": 186.43919613957405,
        "median": 186.43919613957405,
        "std": 0.25099010527196935,
        "max": 186.61667294502257,
        "min": 186.2617193341255,
        "count": 2
    },
    "Inf_JoulesNormalized": {
        "mean": 12.926148003339748,
        "median": 12.926148003339748,
        "std": 0.9666068072175616,
        "max": 13.609642231464363,
        "min": 12.242653775215132,
        "count": 2
    },
    "Val_ExecutionTime": [
        2.9800970554351807,
        5.9797608852386475,
        6.9599878787994385,
        9.93996787071228,
        12.939812898635864,
        13.919622898101807,
        14.91963005065918,
        17.900490760803223,
        20.900155782699585,
        23.859646320343018
    ],
    "Val_Joules": [
        385.89492719173427,
        770.6782928705215,
        891.0816135287284,
        1273.0436561107635,
        1659.3102504372596,
        1780.165581202507,
        1902.0498119115828,
        2285.6997089266774,
        2754.792915141583,
        3150.743383467198
    ],
    "Val_JoulesNormalized": [
        202.00504081249233,
        404.14359159469603,
        464.44980467557906,
        663.7597979068755,
        866.1515885949134,
        926.9193115711212,
        987.5471243858337,
        1187.2960421919825,
        1419.3142778038978,
        1626.1119835972786
    ],
    "NrPatches": {
        "median": 0,
        "std": 0.0,
        "max": 0,
        "min": 0
    },
    "Correctness_Per_Patch": [
        "W",
        "W",
        "W",
        "W",
        "W",
        "W",
        "W",
        "W",
        "W",
        "W"
    ],
    "Correctness_Per_Patch_original": [
        "wrong",
        "wrong",
        "uncompilable",
        "wrong",
        "wrong",
        "uncompilable",
        "uncompilable",
        "wrong",
        "wrong",
        "wrong"
    ],
    "patches": [],
    "Correctness_Per_Patch_origina": [
        "wrong",
        "wrong",
        "uncompilable",
        "wrong",
        "wrong",
        "uncompilable",
        "uncompilable",
        "wrong",
        "wrong",
        "wrong"
    ]
}