{
    "Group_ID": "s_1223_1224",
    "TOOL_BUG_ID": "TBar10C-Math-98",
    "patch_correctness": true,
    "ExecutionsIds": [
        "1223",
        "1224"
    ],
    "NrExecutions": 2,
    "NrOutliers": 0,
    "SLB": {
        "median": 62.55,
        "std": 0.7778174593052033,
        "max": 63.1,
        "min": 62.0
    },
    "PowerAvg": {
        "median": 120.69999999999999,
        "std": 0.565685424949236,
        "max": 121.1,
        "min": 120.3
    },
    "Time": {
        "median": 2.909965991973877,
        "std": 0.04250695118457111,
        "max": 2.9400229454040527,
        "min": 2.879909038543701
    },
    "Joules": {
        "median": 357.74211542606355,
        "std": 4.131210522520194,
        "max": 360.6633224010468,
        "min": 354.8209084510803
    },
    "JoulesNormalized": {
        "median": 175.70721130371095,
        "std": 0.7910216286163926,
        "max": 176.26654806137083,
        "min": 175.14787454605107
    },
    "NrPatches": {
        "median": 4.0,
        "std": 0.0,
        "max": 4,
        "min": 4
    },
    "Joules_Per_PatchMedian": [
        148.603874784708,
        221.74576615691183,
        271.44323748350143
    ],
    "ExecutionTime_Per_PatchMedian": [
        1.1800565719604492,
        1.7703495025634766,
        2.1700994968414307
    ],
    "JoulesNormalized_Per_PatchMedian": [
        74.7914019048214,
        110.99415970444679,
        135.68720122575758
    ],
    "Correctness_Per_Patch": [
        "W",
        "W",
        "W",
        "W"
    ],
    "Correctness_Per_Patch_original": [
        "uncompilable",
        "uncompilable",
        "uncompilable",
        "uncompilable"
    ]
}