{
    "TOOL_BUG_ID": "codet5_base-Math-63",
    "Time": {
        "mean": 119.49256253242493,
        "median": 119.49256253242493,
        "std": 0.0,
        "max": 119.49256253242493,
        "min": 119.49256253242493,
        "count": 6
    },
    "Joules": {
        "mean": 14062.360827302931,
        "median": 14062.360827302931,
        "std": 0.0,
        "max": 14062.360827302931,
        "min": 14062.360827302931,
        "count": 6
    },
    "JoulesNormalized": {
        "mean": 6036.373976325989,
        "median": 6036.373976325989,
        "std": 0.0,
        "max": 6036.373976325989,
        "min": 6036.373976325989,
        "count": 6
    },
    "NrExecutions": 6,
    "ExecutionsIds": [
        "s0",
        "s1",
        "s2",
        "s3",
        "s4",
        "s5"
    ],
    "ExecutionsInferenceIds": [
        "s0",
        "s1"
    ],
    "NrExecutionsInference": 2,
    "ExecutionTime_Per_PatchMedian": [
        12.664411067962646,
        24.534205675125122,
        36.4040002822876,
        48.27379488945007,
        60.14358949661255,
        72.01338410377502,
        83.8831787109375,
        95.75297331809998,
        107.62276792526245,
        119.49256253242493
    ],
    "Joules_Per_PatchMedian": [
        2013.1248078644276,
        3351.9288100242616,
        4690.732812184096,
        6029.53681434393,
        7368.340816503764,
        8707.144818663597,
        10045.94882082343,
        11384.752822983264,
        12723.556825143098,
        14062.360827302931
    ],
    "JoulesNormalized_Per_PatchMedian": [
        665.195629531145,
        1261.9932236194609,
        1858.7908177077768,
        2455.5884117960927,
        3052.3860058844084,
        3649.1835999727246,
        4245.981194061041,
        4842.778788149357,
        5439.576382237673,
        6036.373976325989
    ],
    "Inf_ExecutionTime": {
        "mean": 0.7946164608001709,
        "median": 0.7946164608001709,
        "std": 0.007228690281800457,
        "max": 0.7997279167175293,
        "min": 0.7895050048828125,
        "count": 2
    },
    "Inf_Joules": {
        "mean": 674.3208057045936,
        "median": 674.3208057045936,
        "std": 4.6276375317391905,
        "max": 677.5930395841598,
        "min": 671.0485718250275,
        "count": 2
    },
    "Inf_JoulesNormalized": {
        "mean": 68.3980354428291,
        "median": 68.3980354428291,
        "std": 7.499045473117,
        "max": 73.70066134929641,
        "min": 63.095409536361785,
        "count": 2
    },
    "Val_ExecutionTime": [
        11.869794607162476,
        23.73958921432495,
        35.60938382148743,
        47.4791784286499,
        59.34897303581238,
        71.21876764297485,
        83.08856225013733,
        94.9583568572998,
        106.82815146446228,
        118.69794607162476
    ],
    "Val_Joules": [
        1338.804002159834,
        2677.608004319668,
        4016.412006479502,
        5355.216008639336,
        6694.0200107991695,
        8032.824012959003,
        9371.628015118837,
        10710.43201727867,
        12049.236019438504,
        13388.040021598337
    ],
    "Val_JoulesNormalized": [
        596.7975940883159,
        1193.5951881766318,
        1790.3927822649478,
        2387.1903763532637,
        2983.9879704415794,
        3580.7855645298955,
        4177.583158618211,
        4774.380752706527,
        5371.1783467948435,
        5967.97594088316
    ],
    "NrPatches": {
        "median": 0,
        "std": 0.0,
        "max": 0,
        "min": 0
    },
    "Correctness_Per_Patch": [
        "W",
        "W",
        "W",
        "W",
        "W",
        "W",
        "W",
        "W",
        "W",
        "W"
    ],
    "Correctness_Per_Patch_original": [
        "wrong",
        "wrong",
        "wrong",
        "uncompilable",
        "wrong",
        "wrong",
        "uncompilable",
        "wrong",
        "wrong",
        "uncompilable"
    ],
    "patches": [],
    "Correctness_Per_Patch_origina": [
        "wrong",
        "wrong",
        "wrong",
        "uncompilable",
        "wrong",
        "wrong",
        "uncompilable",
        "wrong",
        "wrong",
        "uncompilable"
    ]
}