{
    "TOOL_BUG_ID": "codet5_base-Mockito-1",
    "Time": {
        "mean": 381.9796345233917,
        "median": 381.9796345233917,
        "std": 0.0,
        "max": 381.9796345233917,
        "min": 381.9796345233917,
        "count": 6
    },
    "Joules": {
        "mean": 46158.98022924065,
        "median": 46158.98022924065,
        "std": 0.0,
        "max": 46158.98022924065,
        "min": 46158.98022924065,
        "count": 6
    },
    "JoulesNormalized": {
        "mean": 22041.677594512705,
        "median": 22041.677594512705,
        "std": 0.0,
        "max": 22041.677594512705,
        "min": 22041.677594512705,
        "count": 6
    },
    "NrExecutions": 6,
    "ExecutionsIds": [
        "s0",
        "s1",
        "s2",
        "s3",
        "s4",
        "s5"
    ],
    "ExecutionsInferenceIds": [
        "s0",
        "s1"
    ],
    "NrExecutionsInference": 2,
    "ExecutionTime_Per_PatchMedian": [
        38.72855889797211,
        76.86756730079651,
        115.00657570362091,
        153.1455841064453,
        191.28459250926971,
        229.42360091209412,
        267.5626093149185,
        305.7016177177429,
        343.8406261205673,
        381.9796345233917
    ],
    "Joules_Per_PatchMedian": [
        5073.607160681486,
        9638.648612743615,
        14203.690064805745,
        18768.731516867876,
        23333.772968930007,
        27898.814420992137,
        32463.855873054268,
        37028.8973251164,
        41593.938777178526,
        46158.98022924065
    ],
    "JoulesNormalized_Per_PatchMedian": [
        2259.5147923648356,
        4457.532881492376,
        6655.550970619916,
        8853.569059747457,
        11051.587148874998,
        13249.60523800254,
        15447.62332713008,
        17645.641416257622,
        19843.659505385163,
        22041.677594512705
    ],
    "Inf_ExecutionTime": {
        "mean": 0.5895504951477051,
        "median": 0.5895504951477051,
        "std": 0.028498350263914195,
        "max": 0.6097018718719482,
        "min": 0.5693991184234619,
        "count": 2
    },
    "Inf_Joules": {
        "mean": 508.56570861935614,
        "median": 508.56570861935614,
        "std": 23.381210745194128,
        "max": 525.0987212896347,
        "min": 492.0326959490776,
        "count": 2
    },
    "Inf_JoulesNormalized": {
        "mean": 61.49670323729512,
        "median": 61.49670323729512,
        "std": 4.893200634809648,
        "max": 64.95671858787534,
        "min": 58.0366878867149,
        "count": 2
    },
    "Val_ExecutionTime": [
        38.1390084028244,
        76.2780168056488,
        114.4170252084732,
        152.5560336112976,
        190.695042014122,
        228.8340504169464,
        266.9730588197708,
        305.1120672225952,
        343.2510756254196,
        381.390084028244
    ],
    "Val_Joules": [
        4565.04145206213,
        9130.082904124258,
        13695.124356186388,
        18260.16580824852,
        22825.20726031065,
        27390.24871237278,
        31955.29016443491,
        36520.331616497046,
        41085.37306855917,
        45650.4145206213
    ],
    "Val_JoulesNormalized": [
        2198.0180891275404,
        4396.036178255081,
        6594.054267382621,
        8792.072356510162,
        10990.090445637703,
        13188.108534765244,
        15386.126623892786,
        17584.144713020327,
        19782.16280214787,
        21980.18089127541
    ],
    "NrPatches": {
        "median": 2,
        "std": 0.0,
        "max": 2,
        "min": 2
    },
    "Correctness_Per_Patch": [
        "W",
        "W",
        "W",
        "W",
        "I",
        "W",
        "W",
        "W",
        "I",
        "W"
    ],
    "Correctness_Per_Patch_original": [
        "wrong",
        "wrong",
        "wrong",
        "uncompilable",
        "plausible",
        "uncompilable",
        "wrong",
        "wrong",
        "plausible",
        "wrong"
    ],
    "patches": [
        "        if (indexOfVararg == -1) {\n            throw new RuntimeException(\"String_Node_Str\");\n        }\n",
        "        if (indexOfVararg == -1) {\n            throw new UnsupportedOperationException();\n        } else {\n            return;\n        }\n"
    ],
    "Correctness_Per_Patch_origina": [
        "wrong",
        "wrong",
        "wrong",
        "uncompilable",
        "plausible",
        "uncompilable",
        "wrong",
        "wrong",
        "plausible",
        "wrong"
    ]
}