{
    "TOOL_BUG_ID": "codegen_2B-Closure-35",
    "Time": {
        "mean": 30.476933757464092,
        "median": 30.228127121925354,
        "std": 1.7379100795928402,
        "max": 33.563955664634705,
        "min": 28.528262972831726,
        "count": 6
    },
    "Joules": {
        "mean": 9405.290466262897,
        "median": 9445.296337532996,
        "std": 449.8921469500172,
        "max": 9890.045142179728,
        "min": 8863.275987869501,
        "count": 6
    },
    "JoulesNormalized": {
        "mean": 1894.4169207950422,
        "median": 1893.3526452898968,
        "std": 519.0742603241529,
        "max": 2428.991863960027,
        "min": 1387.5651481091961,
        "count": 6
    },
    "NrExecutions": 6,
    "ExecutionsIds": [
        "s0",
        "s1",
        "s2",
        "s3",
        "s4",
        "s5"
    ],
    "ExecutionsInferenceIds": [
        "s0",
        "s1"
    ],
    "NrExecutionsInference": 2,
    "ExecutionTime_Per_PatchMedian": [
        9.40652310848236,
        11.90618109703064,
        14.386985659599304,
        16.37724781036377,
        18.876302123069763,
        21.876028180122375,
        24.377145767211914,
        26.356916427612305,
        28.35659897327423,
        30.228127121925354
    ],
    "Joules_Per_PatchMedian": [
        6670.2638331770895,
        6985.958825570345,
        7329.973521369695,
        7632.62642468214,
        7988.661736756563,
        8270.256164044142,
        8642.151366806029,
        8902.507565069198,
        9245.556790584324,
        9445.296337532996
    ],
    "JoulesNormalized_Per_PatchMedian": [
        1297.4290627658356,
        1369.3143513500681,
        1435.5542424440373,
        1505.406145018338,
        1569.7887200534333,
        1635.2677607297887,
        1704.9268378138531,
        1774.8089814007271,
        1843.1975258290759,
        1893.3526452898968
    ],
    "Inf_ExecutionTime": {
        "mean": 6.4069355726242065,
        "median": 6.4069355726242065,
        "std": 0.15619504046961497,
        "max": 6.5173821449279785,
        "min": 6.296489000320435,
        "count": 2
    },
    "Inf_Joules": {
        "mean": 6357.779449039697,
        "median": 6357.779449039697,
        "std": 89.73971381109396,
        "max": 6421.235009217262,
        "min": 6294.323888862133,
        "count": 2
    },
    "Inf_JoulesNormalized": {
        "mean": 1226.254590123891,
        "median": 1226.254590123891,
        "std": 105.03826267770337,
        "max": 1300.5278579473488,
        "min": 1151.981322300433,
        "count": 2
    },
    "Val_ExecutionTime": [
        2.9995875358581543,
        5.499245524406433,
        7.980050086975098,
        9.970312237739563,
        12.469366550445557,
        15.469092607498169,
        17.970210194587708,
        19.949980854988098,
        21.949663400650024,
        23.821191549301147
    ],
    "Val_Joules": [
        312.4843841373922,
        628.1793765306475,
        972.1940723299981,
        1274.8469756424429,
        1630.8822877168654,
        1912.476715004444,
        2284.3719177663324,
        2544.7281160295006,
        2887.7773415446272,
        3087.516888493299
    ],
    "Val_JoulesNormalized": [
        71.17447264194482,
        143.05976122617722,
        209.2996523201465,
        279.15155489444703,
        343.53412992954236,
        409.0131706058978,
        478.6722476899622,
        548.5543912768362,
        616.9429357051848,
        667.0980551660058
    ],
    "NrPatches": {
        "median": 0,
        "std": 0.0,
        "max": 0,
        "min": 0
    },
    "Correctness_Per_Patch": [
        "W",
        "W",
        "W",
        "W",
        "W",
        "W",
        "W",
        "W",
        "W",
        "W"
    ],
    "Correctness_Per_Patch_original": [
        "uncompilable",
        "uncompilable",
        "uncompilable",
        "uncompilable",
        "uncompilable",
        "uncompilable",
        "uncompilable",
        "uncompilable",
        "uncompilable",
        "uncompilable"
    ],
    "patches": [],
    "Correctness_Per_Patch_origina": [
        "uncompilable",
        "uncompilable",
        "uncompilable",
        "uncompilable",
        "uncompilable",
        "uncompilable",
        "uncompilable",
        "uncompilable",
        "uncompilable",
        "uncompilable"
    ]
}