{
    "TOOL_BUG_ID": "incoder_6B-Closure-122",
    "Time": {
        "mean": 209.01963651180267,
        "median": 206.69540083408356,
        "std": 10.167109268933514,
        "max": 226.73551309108734,
        "min": 201.97558343410492,
        "count": 5
    },
    "Joules": {
        "mean": 26231.073248904944,
        "median": 25829.512119430303,
        "std": 1034.7696756576138,
        "max": 28013.548677629235,
        "min": 25354.027795416114,
        "count": 5
    },
    "JoulesNormalized": {
        "mean": 10453.697405755518,
        "median": 11402.897993445395,
        "std": 2448.258975494161,
        "max": 12219.566470754145,
        "min": 6138.676866090297,
        "count": 5
    },
    "NrExecutions": 5,
    "ExecutionsIds": [
        "s0",
        "s1",
        "s2",
        "s3",
        "s4"
    ],
    "ExecutionsInferenceIds": [
        "s0",
        "s1"
    ],
    "NrExecutionsInference": 2,
    "ExecutionTime_Per_PatchMedian": [
        14.909551501274109,
        28.929048657417297,
        41.928815722465515,
        55.94882929325104,
        68.96827232837677,
        83.98765742778778,
        165.75590693950653,
        179.79562985897064,
        193.79572999477386,
        206.69540083408356
    ],
    "Joules_Per_PatchMedian": [
        3791.7483526229857,
        5442.907948839664,
        7002.8946887731545,
        8563.432249212265,
        10131.742818844317,
        11695.487057685852,
        21064.884437042474,
        22682.65150708556,
        24312.391929155587,
        25829.512119430303
    ],
    "JoulesNormalized_Per_PatchMedian": [
        1254.0612231731418,
        1992.1894440174108,
        2711.5522934794426,
        3444.8556666612626,
        4155.841472125054,
        4919.611554443836,
        9186.482188129423,
        9922.997777974604,
        10662.323679816722,
        11402.897993445395
    ],
    "Inf_ExecutionTime": {
        "mean": 1.8898295164108276,
        "median": 1.8898295164108276,
        "std": 0.6647038484241014,
        "max": 2.3598461151123047,
        "min": 1.4198129177093506,
        "count": 2
    },
    "Inf_Joules": {
        "mean": 2205.9106436014176,
        "median": 2205.9106436014176,
        "std": 756.2307606807811,
        "max": 2740.646542620659,
        "min": 1671.1747445821761,
        "count": 2
    },
    "Inf_JoulesNormalized": {
        "mean": 528.3335283637049,
        "median": 528.3335283637049,
        "std": 189.49972513726595,
        "max": 662.3300690412525,
        "min": 394.3369876861573,
        "count": 2
    },
    "Val_ExecutionTime": [
        13.019721984863281,
        27.03921914100647,
        40.03898620605469,
        54.05899977684021,
        67.07844281196594,
        82.09782791137695,
        163.8660774230957,
        177.90580034255981,
        191.90590047836304,
        204.80557131767273
    ],
    "Val_Joules": [
        1585.8377090215681,
        3236.997305238246,
        4796.984045171737,
        6357.5216056108475,
        7925.8321752429,
        9489.576414084435,
        18858.973793441055,
        20476.74086348414,
        22106.481285554168,
        23623.601475828884
    ],
    "Val_JoulesNormalized": [
        725.7276948094369,
        1463.8559156537058,
        2183.218765115738,
        2916.522138297558,
        3627.507943761349,
        4391.278026080131,
        8658.148659765719,
        9394.6642496109,
        10133.990151453017,
        10874.56446508169
    ],
    "NrPatches": {
        "median": 0,
        "std": 0.0,
        "max": 0,
        "min": 0
    },
    "Correctness_Per_Patch": [
        "W",
        "W",
        "W",
        "W",
        "W",
        "W",
        "W",
        "W",
        "W",
        "W"
    ],
    "Correctness_Per_Patch_original": [
        "wrong",
        "wrong",
        "wrong",
        "wrong",
        "wrong",
        "wrong",
        "wrong",
        "wrong",
        "wrong",
        "wrong"
    ],
    "patches": [],
    "Correctness_Per_Patch_origina": [
        "wrong",
        "wrong",
        "wrong",
        "wrong",
        "wrong",
        "wrong",
        "wrong",
        "wrong",
        "wrong",
        "wrong"
    ]
}