{
    "TOOL_BUG_ID": "codet5_small-Lang-33",
    "Time": {
        "mean": 87.55522930622101,
        "median": 87.55522930622101,
        "std": 0.0,
        "max": 87.55522930622101,
        "min": 87.55522930622101,
        "count": 6
    },
    "Joules": {
        "mean": 7759.815649569033,
        "median": 7759.815649569033,
        "std": 0.0,
        "max": 7759.815649569033,
        "min": 7759.815649569033,
        "count": 6
    },
    "JoulesNormalized": {
        "mean": 1978.36432312727,
        "median": 1978.36432312727,
        "std": 0.0,
        "max": 1978.36432312727,
        "min": 1978.36432312727,
        "count": 6
    },
    "NrExecutions": 6,
    "ExecutionsIds": [
        "s0",
        "s1",
        "s2",
        "s3",
        "s4",
        "s5"
    ],
    "ExecutionsInferenceIds": [
        "s0",
        "s1"
    ],
    "NrExecutionsInference": 2,
    "ExecutionTime_Per_PatchMedian": [
        9.079450845718384,
        17.79898178577423,
        26.518512725830078,
        35.238043665885925,
        43.95757460594177,
        52.67710554599762,
        61.39663648605347,
        70.11616742610931,
        78.83569836616516,
        87.55522930622101
    ],
    "Joules_Per_PatchMedian": [
        1041.4193777263163,
        1787.907852375507,
        2534.3963270246977,
        3280.8848016738884,
        4027.373276323079,
        4773.86175097227,
        5520.350225621461,
        6266.838700270651,
        7013.327174919842,
        7759.815649569033
    ],
    "JoulesNormalized_Per_PatchMedian": [
        219.40757162570955,
        414.84721068143847,
        610.2868497371674,
        805.7264887928962,
        1001.1661278486251,
        1196.605766904354,
        1392.045405960083,
        1587.485045015812,
        1782.924684071541,
        1978.36432312727
    ],
    "Inf_ExecutionTime": {
        "mean": 0.3599199056625366,
        "median": 0.3599199056625366,
        "std": 0.014392474416894138,
        "max": 0.37009692192077637,
        "min": 0.3497428894042969,
        "count": 2
    },
    "Inf_Joules": {
        "mean": 294.93090307712555,
        "median": 294.93090307712555,
        "std": 16.416183417945863,
        "max": 306.53889769315725,
        "min": 283.3229084610939,
        "count": 2
    },
    "Inf_JoulesNormalized": {
        "mean": 23.96793256998066,
        "median": 23.96793256998066,
        "std": 4.818023258973918,
        "max": 27.374789488315628,
        "min": 20.561075651645695,
        "count": 2
    },
    "Val_ExecutionTime": [
        8.719530940055847,
        17.439061880111694,
        26.15859282016754,
        34.87812376022339,
        43.597654700279236,
        52.31718564033508,
        61.03671658039093,
        69.75624752044678,
        78.47577846050262,
        87.19530940055847
    ],
    "Val_Joules": [
        746.4884746491907,
        1492.9769492983814,
        2239.465423947572,
        2985.953898596763,
        3732.4423732459536,
        4478.930847895144,
        5225.419322544335,
        5971.907797193526,
        6718.3962718427165,
        7464.884746491907
    ],
    "Val_JoulesNormalized": [
        195.4396390557289,
        390.8792781114578,
        586.3189171671867,
        781.7585562229156,
        977.1981952786444,
        1172.6378343343733,
        1368.0774733901023,
        1563.5171124458313,
        1758.9567515015603,
        1954.3963905572894
    ],
    "NrPatches": {
        "median": 1,
        "std": 0.0,
        "max": 1,
        "min": 1
    },
    "Correctness_Per_Patch": [
        "W",
        "C",
        "W",
        "W",
        "W",
        "W",
        "W",
        "W",
        "W",
        "W"
    ],
    "Correctness_Per_Patch_original": [
        "wrong",
        "plausible",
        "wrong",
        "wrong",
        "uncompilable",
        "wrong",
        "uncompilable",
        "uncompilable",
        "uncompilable",
        "wrong"
    ],
    "patches": [
        "        if (array[i]!= null) {\n            classes[i] = array[i].getClass();\n        }\n"
    ],
    "Correctness_Per_Patch_origina": [
        "wrong",
        "plausible",
        "wrong",
        "wrong",
        "uncompilable",
        "wrong",
        "uncompilable",
        "uncompilable",
        "uncompilable",
        "wrong"
    ]
}