{
    "TOOL_BUG_ID": "codet5_base-Math-9",
    "Time": {
        "mean": 732.7705301046371,
        "median": 732.7705301046371,
        "std": 0.0,
        "max": 732.7705301046371,
        "min": 732.7705301046371,
        "count": 6
    },
    "Joules": {
        "mean": 84899.96381794215,
        "median": 84899.96381794215,
        "std": 0.0,
        "max": 84899.96381794215,
        "min": 84899.96381794215,
        "count": 6
    },
    "JoulesNormalized": {
        "mean": 38604.272251534465,
        "median": 38604.272251534465,
        "std": 0.0,
        "max": 38604.272251534465,
        "min": 38604.272251534465,
        "count": 6
    },
    "NrExecutions": 6,
    "ExecutionsIds": [
        "s0",
        "s1",
        "s2",
        "s3",
        "s4",
        "s5"
    ],
    "ExecutionsInferenceIds": [
        "s0",
        "s1"
    ],
    "NrExecutionsInference": 2,
    "ExecutionTime_Per_PatchMedian": [
        73.53808891773224,
        146.78613793849945,
        220.03418695926666,
        293.2822359800339,
        366.5302850008011,
        439.7783340215683,
        513.0263830423355,
        586.2744320631027,
        659.5224810838699,
        732.7705301046371
    ],
    "Joules_Per_PatchMedian": [
        8711.205613690614,
        17176.623191940784,
        25642.040770190953,
        34107.45834844113,
        42572.8759266913,
        51038.29350494147,
        59503.711083191636,
        67969.1286614418,
        76434.54623969198,
        84899.96381794215
    ],
    "JoulesNormalized_Per_PatchMedian": [
        3881.234597939253,
        7739.349892783165,
        11597.465187627076,
        15455.580482470988,
        19313.6957773149,
        23171.811072158813,
        27029.926367002725,
        30888.041661846637,
        34746.15695669055,
        38604.272251534465
    ],
    "Inf_ExecutionTime": {
        "mean": 0.29003989696502686,
        "median": 0.29003989696502686,
        "std": 0.3680561211658724,
        "max": 0.5502948760986328,
        "min": 0.0297849178314209,
        "count": 2
    },
    "Inf_Joules": {
        "mean": 245.78803544044496,
        "median": 245.78803544044496,
        "std": 315.3598164835182,
        "max": 468.78110018968584,
        "min": 22.79497069120407,
        "count": 2
    },
    "Inf_JoulesNormalized": {
        "mean": 23.11930309534074,
        "median": 23.11930309534074,
        "std": 32.57687928256195,
        "max": 46.154635345935844,
        "min": 0.08397084474563954,
        "count": 2
    },
    "Val_ExecutionTime": [
        73.24804902076721,
        146.49609804153442,
        219.74414706230164,
        292.99219608306885,
        366.24024510383606,
        439.48829412460327,
        512.7363431453705,
        585.9843921661377,
        659.2324411869049,
        732.4804902076721
    ],
    "Val_Joules": [
        8465.41757825017,
        16930.83515650034,
        25396.25273475051,
        33861.67031300068,
        42327.08789125085,
        50792.50546950102,
        59257.92304775119,
        67723.34062600136,
        76188.75820425153,
        84654.1757825017
    ],
    "Val_JoulesNormalized": [
        3858.115294843912,
        7716.230589687824,
        11574.345884531736,
        15432.461179375648,
        19290.57647421956,
        23148.691769063473,
        27006.807063907385,
        30864.922358751297,
        34723.03765359521,
        38581.15294843912
    ],
    "NrPatches": {
        "median": 0,
        "std": 0.0,
        "max": 0,
        "min": 0
    },
    "Correctness_Per_Patch": [
        "W",
        "W",
        "W",
        "W",
        "W",
        "W",
        "W",
        "W",
        "W",
        "W"
    ],
    "Correctness_Per_Patch_original": [
        "uncompilable",
        "wrong",
        "wrong",
        "uncompilable",
        "uncompilable",
        "uncompilable",
        "uncompilable",
        "uncompilable",
        "uncompilable",
        "uncompilable"
    ],
    "patches": [],
    "Correctness_Per_Patch_origina": [
        "uncompilable",
        "wrong",
        "wrong",
        "uncompilable",
        "uncompilable",
        "uncompilable",
        "uncompilable",
        "uncompilable",
        "uncompilable",
        "uncompilable"
    ]
}