{
    "TOOL_BUG_ID": "codegen_6B-Math-53",
    "Time": {
        "mean": 203.93893933296204,
        "median": 203.93893933296204,
        "std": 0.0,
        "max": 203.93893933296204,
        "min": 203.93893933296204,
        "count": 5
    },
    "Joules": {
        "mean": 24527.640881789448,
        "median": 24527.640881789448,
        "std": 0.0,
        "max": 24527.640881789448,
        "min": 24527.640881789448,
        "count": 5
    },
    "JoulesNormalized": {
        "mean": 10081.617812297103,
        "median": 10081.617812297103,
        "std": 0.0,
        "max": 10081.617812297103,
        "min": 10081.617812297103,
        "count": 5
    },
    "NrExecutions": 5,
    "ExecutionsIds": [
        "s0",
        "s1",
        "s2",
        "s3",
        "s4"
    ],
    "ExecutionsInferenceIds": [
        "s0",
        "s1"
    ],
    "NrExecutionsInference": 2,
    "ExecutionTime_Per_PatchMedian": [
        22.324676513671875,
        42.50403904914856,
        62.683401584625244,
        82.86276412010193,
        103.04212665557861,
        123.2214891910553,
        143.40085172653198,
        163.58021426200867,
        183.75957679748535,
        203.93893933296204
    ],
    "Joules_Per_PatchMedian": [
        4557.65122223568,
        6776.538962186098,
        8995.426702136516,
        11214.314442086934,
        13433.202182037352,
        15652.08992198777,
        17870.97766193819,
        20089.865401888608,
        22308.753141839028,
        24527.640881789448
    ],
    "JoulesNormalized_Per_PatchMedian": [
        1459.8520570669173,
        2417.826029870271,
        3375.8000026736254,
        4333.773975476979,
        5291.747948280333,
        6249.7219210836865,
        7207.69589388704,
        8165.669866690394,
        9123.643839493749,
        10081.617812297103
    ],
    "Inf_ExecutionTime": {
        "mean": 2.1453139781951904,
        "median": 2.1453139781951904,
        "std": 1.6197185611391216,
        "max": 3.290627956390381,
        "min": 1.0,
        "count": 2
    },
    "Inf_Joules": {
        "mean": 2338.7634822852615,
        "median": 2338.7634822852615,
        "std": 1779.0976069756782,
        "max": 3596.7754645705227,
        "min": 1080.7515,
        "count": 2
    },
    "Inf_JoulesNormalized": {
        "mean": 501.8780842635633,
        "median": 501.8780842635633,
        "std": 369.12187976133237,
        "max": 762.8866685271269,
        "min": 240.8694999999998,
        "count": 2
    },
    "Val_ExecutionTime": [
        20.179362535476685,
        40.35872507095337,
        60.538087606430054,
        80.71745014190674,
        100.89681267738342,
        121.07617521286011,
        141.2555377483368,
        161.43490028381348,
        181.61426281929016,
        201.79362535476685
    ],
    "Val_Joules": [
        2218.887739950418,
        4437.775479900836,
        6656.663219851254,
        8875.550959801672,
        11094.43869975209,
        13313.326439702509,
        15532.214179652927,
        17751.101919603345,
        19969.989659553765,
        22188.877399504185
    ],
    "Val_JoulesNormalized": [
        957.973972803354,
        1915.947945606708,
        2873.921918410062,
        3831.895891213416,
        4789.8698640167695,
        5747.843836820123,
        6705.817809623477,
        7663.791782426831,
        8621.765755230186,
        9579.739728033539
    ],
    "NrPatches": {
        "median": 0,
        "std": 0.0,
        "max": 0,
        "min": 0
    },
    "Correctness_Per_Patch": [
        "W",
        "W",
        "W",
        "W",
        "W",
        "W",
        "W",
        "W",
        "W",
        "W"
    ],
    "Correctness_Per_Patch_original": [
        "uncompilable",
        "uncompilable",
        "uncompilable",
        "wrong",
        "wrong",
        "uncompilable",
        "wrong",
        "uncompilable",
        "uncompilable",
        "uncompilable"
    ],
    "patches": [],
    "Correctness_Per_Patch_origina": [
        "uncompilable",
        "uncompilable",
        "uncompilable",
        "wrong",
        "wrong",
        "uncompilable",
        "wrong",
        "uncompilable",
        "uncompilable",
        "uncompilable"
    ]
}