{
    "TOOL_BUG_ID": "incoder_1B-Closure-35",
    "Time": {
        "mean": 45.9358438650767,
        "median": 43.83977162837982,
        "std": 4.5156071715655,
        "max": 55.03682470321655,
        "min": 43.67961287498474,
        "count": 6
    },
    "Joules": {
        "mean": 8196.833867007494,
        "median": 7605.033420765398,
        "std": 1053.0764458699298,
        "max": 10157.489729988574,
        "min": 7561.465413177013,
        "count": 6
    },
    "JoulesNormalized": {
        "mean": 2516.644538857539,
        "median": 2851.413618993758,
        "std": 973.209151828103,
        "max": 3247.6971320271487,
        "min": 564.0000285506244,
        "count": 6
    },
    "NrExecutions": 6,
    "ExecutionsIds": [
        "s0",
        "s1",
        "s2",
        "s3",
        "s4",
        "s5"
    ],
    "ExecutionsInferenceIds": [
        "s0",
        "s1"
    ],
    "NrExecutionsInference": 2,
    "ExecutionTime_Per_PatchMedian": [
        7.680819034576416,
        12.690887928009033,
        15.180702924728394,
        20.19029986858368,
        25.18051016330719,
        30.1805282831192,
        32.1803240776062,
        37.17006063461304,
        42.17028260231018,
        43.83977162837982
    ],
    "Joules_Per_PatchMedian": [
        3321.682612299918,
        3928.854816555976,
        4203.303640395402,
        4807.351462352275,
        5411.585811179875,
        5994.708932876585,
        6230.989568650721,
        6821.739205366372,
        7400.937172424792,
        7605.033420765398
    ],
    "JoulesNormalized_Per_PatchMedian": [
        857.2456142663951,
        1143.1088708937164,
        1260.63388479948,
        1542.0834545135494,
        1824.4216560721393,
        2090.565956151485,
        2197.397273731231,
        2470.950497967004,
        2740.4732120692724,
        2851.413618993758
    ],
    "Inf_ExecutionTime": {
        "mean": 2.6805989742279053,
        "median": 2.6805989742279053,
        "std": 0.5948717466507653,
        "max": 3.1012368202209473,
        "min": 2.2599611282348633,
        "count": 2
    },
    "Inf_Joules": {
        "mean": 2714.938605165481,
        "median": 2714.938605165481,
        "std": 578.0822369179872,
        "max": 3123.7044749736783,
        "min": 2306.172735357284,
        "count": 2
    },
    "Inf_JoulesNormalized": {
        "mean": 583.1538517713542,
        "median": 583.1538517713542,
        "std": 129.40606526258398,
        "max": 674.6577580451963,
        "min": 491.64994549751214,
        "count": 2
    },
    "Val_ExecutionTime": [
        5.000220060348511,
        10.010288953781128,
        12.500103950500488,
        17.509700894355774,
        22.499911189079285,
        27.499929308891296,
        29.499725103378296,
        34.48946166038513,
        39.489683628082275,
        41.15917265415192
    ],
    "Val_Joules": [
        606.7440071344374,
        1213.9162113904952,
        1488.365035229921,
        2092.4128571867936,
        2696.647206014394,
        3279.7703277111045,
        3516.05096348524,
        4106.800600200891,
        4685.99856725931,
        4890.094815599918
    ],
    "Val_JoulesNormalized": [
        274.09176249504094,
        559.9550191223622,
        677.4800330281258,
        958.9296027421951,
        1241.2678043007852,
        1507.4121043801306,
        1614.2434219598767,
        1887.7966461956498,
        2157.319360297918,
        2268.2597672224038
    ],
    "NrPatches": {
        "median": 0,
        "std": 0.0,
        "max": 0,
        "min": 0
    },
    "Correctness_Per_Patch": [
        "W",
        "W",
        "W",
        "W",
        "W",
        "W",
        "W",
        "W",
        "W",
        "W"
    ],
    "Correctness_Per_Patch_original": [
        "wrong",
        "wrong",
        "uncompilable",
        "wrong",
        "wrong",
        "wrong",
        "uncompilable",
        "wrong",
        "wrong",
        "uncompilable"
    ],
    "patches": [],
    "Correctness_Per_Patch_origina": [
        "wrong",
        "wrong",
        "uncompilable",
        "wrong",
        "wrong",
        "wrong",
        "uncompilable",
        "wrong",
        "wrong",
        "uncompilable"
    ]
}