{
    "TOOL_BUG_ID": "codegen_6B-Closure-146",
    "Time": {
        "mean": 15.878930648167929,
        "median": 15.900265216827393,
        "std": 0.17057201587546775,
        "max": 16.059601545333862,
        "min": 15.658766269683838,
        "count": 6
    },
    "Joules": {
        "mean": 4126.105326692025,
        "median": 4086.794520866633,
        "std": 271.96821726332115,
        "max": 4620.887481015683,
        "min": 3786.835632270337,
        "count": 6
    },
    "JoulesNormalized": {
        "mean": 722.3291956495445,
        "median": 666.8047572226526,
        "std": 174.08292186274127,
        "max": 1064.4766696782115,
        "min": 569.9695665450098,
        "count": 6
    },
    "NrExecutions": 6,
    "ExecutionsIds": [
        "s0",
        "s1",
        "s2",
        "s3",
        "s4",
        "s5"
    ],
    "ExecutionsInferenceIds": [
        "s0",
        "s1"
    ],
    "NrExecutionsInference": 2,
    "ExecutionTime_Per_PatchMedian": [
        3.1789640188217163,
        4.179047465324402,
        6.179237961769104,
        8.159708499908447,
        10.14943242073059,
        11.139556288719177,
        13.13957142829895,
        14.120052218437195,
        15.12009584903717,
        15.900265216827393
    ],
    "Joules_Per_PatchMedian": [
        2548.332072174311,
        2670.325916361571,
        2912.9656466004853,
        3156.0468408820634,
        3398.7994662461288,
        3520.399835663796,
        3761.964654785156,
        3883.3263256368637,
        4004.915214705229,
        4086.794520866633
    ],
    "JoulesNormalized_Per_PatchMedian": [
        538.1915559680464,
        548.727464154482,
        567.4460211725236,
        587.1450975329877,
        606.1764368445874,
        616.9949277968408,
        636.8257660419943,
        647.0940956504346,
        657.1152969033719,
        666.8047572226526
    ],
    "Inf_ExecutionTime": {
        "mean": 2.1993415355682373,
        "median": 2.1993415355682373,
        "std": 1.696125065517975,
        "max": 3.3986830711364746,
        "min": 1.0,
        "count": 2
    },
    "Inf_Joules": {
        "mean": 2427.400558358193,
        "median": 2427.400558358193,
        "std": 1878.2715619408064,
        "max": 3755.5391167163853,
        "min": 1099.2620000000002,
        "count": 2
    },
    "Inf_JoulesNormalized": {
        "mean": 527.4124470205309,
        "median": 527.4124470205309,
        "std": 398.0564951565278,
        "max": 808.8808940410618,
        "min": 245.94399999999996,
        "count": 2
    },
    "Val_ExecutionTime": [
        0.979622483253479,
        1.9797059297561646,
        3.9798964262008667,
        5.96036696434021,
        7.9500908851623535,
        8.94021475315094,
        10.940229892730713,
        11.920710682868958,
        12.920754313468933,
        13.700923681259155
    ],
    "Val_Joules": [
        120.93151381611824,
        242.92535800337805,
        485.56508824229263,
        728.6462825238705,
        971.3989078879356,
        1092.9992773056028,
        1334.5640964269635,
        1455.925767278671,
        1577.5146563470362,
        1659.39396250844
    ],
    "Val_JoulesNormalized": [
        10.77910894751551,
        21.315017133951187,
        40.03357415199275,
        59.73265051245687,
        78.76398982405658,
        89.58248077630992,
        109.4133190214634,
        119.6816486299038,
        129.70284988284112,
        139.39231020212173
    ],
    "NrPatches": {
        "median": 0,
        "std": 0.0,
        "max": 0,
        "min": 0
    },
    "Correctness_Per_Patch": [
        "W",
        "W",
        "W",
        "W",
        "W",
        "W",
        "W",
        "W",
        "W",
        "W"
    ],
    "Correctness_Per_Patch_original": [
        "uncompilable",
        "uncompilable",
        "wrong",
        "wrong",
        "wrong",
        "uncompilable",
        "wrong",
        "uncompilable",
        "uncompilable",
        "uncompilable"
    ],
    "patches": [],
    "Correctness_Per_Patch_origina": [
        "uncompilable",
        "uncompilable",
        "wrong",
        "wrong",
        "wrong",
        "uncompilable",
        "wrong",
        "uncompilable",
        "uncompilable",
        "uncompilable"
    ]
}