{
    "TOOL_BUG_ID": "codegen_2B-Closure-83",
    "Time": {
        "mean": 476.6705665588379,
        "median": 476.6705665588379,
        "std": 0.0,
        "max": 476.6705665588379,
        "min": 476.6705665588379,
        "count": 6
    },
    "Joules": {
        "mean": 55403.609409230936,
        "median": 55403.609409230936,
        "std": 0.0,
        "max": 55403.609409230936,
        "min": 55403.609409230936,
        "count": 6
    },
    "JoulesNormalized": {
        "mean": 24106.959255069505,
        "median": 24106.959255069505,
        "std": 0.0,
        "max": 24106.959255069505,
        "min": 24106.959255069505,
        "count": 6
    },
    "NrExecutions": 6,
    "ExecutionsIds": [
        "s0",
        "s1",
        "s2",
        "s3",
        "s4",
        "s5"
    ],
    "ExecutionsInferenceIds": [
        "s0",
        "s1"
    ],
    "NrExecutionsInference": 2,
    "ExecutionTime_Per_PatchMedian": [
        49.53725349903107,
        96.99651050567627,
        144.45576751232147,
        191.91502451896667,
        239.37428152561188,
        286.8335385322571,
        334.2927955389023,
        381.7520525455475,
        429.2113095521927,
        476.6705665588379
    ],
    "Joules_Per_PatchMedian": [
        7374.800546854735,
        12711.334864896537,
        18047.86918293834,
        23384.40350098014,
        28720.937819021943,
        34057.47213706374,
        39394.00645510554,
        44730.54077314734,
        50067.07509118914,
        55403.609409230936
    ],
    "JoulesNormalized_Per_PatchMedian": [
        2760.5709663569933,
        5132.3918873250495,
        7504.212808293106,
        9876.033729261162,
        12247.85465022922,
        14619.675571197276,
        16991.496492165334,
        19363.31741313339,
        21735.138334101448,
        24106.959255069505
    ],
    "Inf_ExecutionTime": {
        "mean": 2.0779964923858643,
        "median": 2.0779964923858643,
        "std": 0.00048418299569315064,
        "max": 2.078338861465454,
        "min": 2.0776541233062744,
        "count": 2
    },
    "Inf_Joules": {
        "mean": 2038.266228812933,
        "median": 2038.266228812933,
        "std": 2.5726542793988414,
        "max": 2040.0853700995444,
        "min": 2036.4470875263214,
        "count": 2
    },
    "Inf_JoulesNormalized": {
        "mean": 388.750045388937,
        "median": 388.750045388937,
        "std": 19.852171348301017,
        "max": 402.78765037059793,
        "min": 374.71244040727606,
        "count": 2
    },
    "Val_ExecutionTime": [
        47.4592570066452,
        94.9185140132904,
        142.3777710199356,
        189.8370280265808,
        237.296285033226,
        284.7555420398712,
        332.2147990465164,
        379.6740560531616,
        427.1333130598068,
        474.592570066452
    ],
    "Val_Joules": [
        5336.534318041802,
        10673.068636083604,
        16009.602954125407,
        21346.13727216721,
        26682.67159020901,
        32019.20590825081,
        37355.740226292604,
        42692.2745443344,
        48028.8088623762,
        53365.343180418
    ],
    "Val_JoulesNormalized": [
        2371.8209209680563,
        4743.6418419361125,
        7115.462762904169,
        9487.283683872225,
        11859.104604840282,
        14230.92552580834,
        16602.746446776397,
        18974.567367744454,
        21346.38828871251,
        23718.209209680568
    ],
    "NrPatches": {
        "median": 0,
        "std": 0.0,
        "max": 0,
        "min": 0
    },
    "Correctness_Per_Patch": [
        "W",
        "W",
        "W",
        "W",
        "W",
        "W",
        "W",
        "W",
        "W",
        "W"
    ],
    "Correctness_Per_Patch_original": [
        "wrong",
        "uncompilable",
        "wrong",
        "uncompilable",
        "uncompilable",
        "wrong",
        "wrong",
        "uncompilable",
        "wrong",
        "uncompilable"
    ],
    "patches": [],
    "Correctness_Per_Patch_origina": [
        "wrong",
        "uncompilable",
        "wrong",
        "uncompilable",
        "uncompilable",
        "wrong",
        "wrong",
        "uncompilable",
        "wrong",
        "uncompilable"
    ]
}