{
    "TOOL_BUG_ID": "plbart_base-Lang-21",
    "Time": {
        "mean": 89.31856524944305,
        "median": 89.31856524944305,
        "std": 0.0,
        "max": 89.31856524944305,
        "min": 89.31856524944305,
        "count": 6
    },
    "Joules": {
        "mean": 7920.74070546031,
        "median": 7920.74070546031,
        "std": 0.0,
        "max": 7920.74070546031,
        "min": 7920.74070546031,
        "count": 6
    },
    "JoulesNormalized": {
        "mean": 1950.5864761769776,
        "median": 1950.5864761769776,
        "std": 0.0,
        "max": 1950.5864761769776,
        "min": 1950.5864761769776,
        "count": 6
    },
    "NrExecutions": 6,
    "ExecutionsIds": [
        "s0",
        "s1",
        "s2",
        "s3",
        "s4",
        "s5"
    ],
    "ExecutionsInferenceIds": [
        "s0",
        "s1"
    ],
    "NrExecutionsInference": 2,
    "ExecutionTime_Per_PatchMedian": [
        9.224424481391907,
        18.123773455619812,
        27.023122429847717,
        35.92247140407562,
        44.82182037830353,
        53.72116935253143,
        62.62051832675934,
        71.51986730098724,
        80.41921627521515,
        89.31856524944305
    ],
    "Joules_Per_PatchMedian": [
        1026.097069710493,
        1792.168584793806,
        2558.240099877119,
        3324.311614960432,
        4090.383130043745,
        4856.454645127058,
        5622.526160210371,
        6388.597675293684,
        7154.669190376997,
        7920.74070546031
    ],
    "JoulesNormalized_Per_PatchMedian": [
        211.0563252389431,
        404.3374531209469,
        597.6185810029508,
        790.8997088849546,
        984.1808367669585,
        1177.4619646489623,
        1370.7430925309661,
        1564.02422041297,
        1757.3053482949738,
        1950.5864761769776
    ],
    "Inf_ExecutionTime": {
        "mean": 0.32507550716400146,
        "median": 0.32507550716400146,
        "std": 0.007289550331050188,
        "max": 0.3302299976348877,
        "min": 0.31992101669311523,
        "count": 2
    },
    "Inf_Joules": {
        "mean": 260.0255546271801,
        "median": 260.0255546271801,
        "std": 9.485681946060632,
        "max": 266.73294465541835,
        "min": 253.3181645989418,
        "count": 2
    },
    "Inf_JoulesNormalized": {
        "mean": 17.775197356939273,
        "median": 17.775197356939273,
        "std": 0.7901820381059506,
        "max": 18.333940434455798,
        "min": 17.21645427942275,
        "count": 2
    },
    "Val_ExecutionTime": [
        8.899348974227905,
        17.79869794845581,
        26.698046922683716,
        35.59739589691162,
        44.496744871139526,
        53.39609384536743,
        62.29544281959534,
        71.19479179382324,
        80.09414076805115,
        88.99348974227905
    ],
    "Val_Joules": [
        766.071515083313,
        1532.143030166626,
        2298.214545249939,
        3064.286060333252,
        3830.357575416565,
        4596.429090499878,
        5362.500605583191,
        6128.572120666504,
        6894.643635749817,
        7660.71515083313
    ],
    "Val_JoulesNormalized": [
        193.28112788200383,
        386.56225576400766,
        579.8433836460115,
        773.1245115280153,
        966.4056394100191,
        1159.686767292023,
        1352.9678951740268,
        1546.2490230560306,
        1739.5301509380345,
        1932.8112788200383
    ],
    "NrPatches": {
        "median": 1,
        "std": 0.0,
        "max": 1,
        "min": 1
    },
    "Correctness_Per_Patch": [
        "C",
        "W",
        "W",
        "W",
        "W",
        "W",
        "W",
        "W",
        "W",
        "W"
    ],
    "Correctness_Per_Patch_original": [
        "plausible",
        "uncompilable",
        "uncompilable",
        "uncompilable",
        "uncompilable",
        "uncompilable",
        "uncompilable",
        "uncompilable",
        "wrong",
        "uncompilable"
    ],
    "patches": [
        "cal1.get(Calendar.HOUR_OF_DAY) == cal2.get(Calendar.HOUR_OF_DAY) &&"
    ],
    "Correctness_Per_Patch_origina": [
        "plausible",
        "uncompilable",
        "uncompilable",
        "uncompilable",
        "uncompilable",
        "uncompilable",
        "uncompilable",
        "uncompilable",
        "wrong",
        "uncompilable"
    ]
}