{
    "TOOL_BUG_ID": "plbart_large-Closure-111",
    "Time": {
        "mean": 25.28284776210785,
        "median": 25.409422993659973,
        "std": 1.8152329384784287,
        "max": 27.558937907218933,
        "min": 23.319388031959534,
        "count": 6
    },
    "Joules": {
        "mean": 3142.0627187589807,
        "median": 3113.3512490212916,
        "std": 245.58226682603467,
        "max": 3557.131088644266,
        "min": 2811.0506501138216,
        "count": 6
    },
    "JoulesNormalized": {
        "mean": 1008.0816249271234,
        "median": 1226.012482446432,
        "std": 430.1130239116303,
        "max": 1363.603929156065,
        "min": 445.876307052374,
        "count": 6
    },
    "NrExecutions": 6,
    "ExecutionsIds": [
        "s0",
        "s1",
        "s2",
        "s3",
        "s4",
        "s5"
    ],
    "ExecutionsInferenceIds": [
        "s0",
        "s1"
    ],
    "NrExecutionsInference": 2,
    "ExecutionTime_Per_PatchMedian": [
        3.2300102710723877,
        5.2304733991622925,
        7.220827341079712,
        9.700905442237854,
        12.181042432785034,
        14.170745372772217,
        16.150861382484436,
        18.15104842185974,
        23.13916051387787,
        25.409422993659973
    ],
    "Joules_Per_PatchMedian": [
        490.5057080805302,
        793.9602480471135,
        1080.6579041659834,
        1327.5306532204152,
        1560.9870992958547,
        1811.6164144754412,
        2052.3769003629686,
        2293.937061095238,
        2861.4402407944203,
        3113.3512490212916
    ],
    "JoulesNormalized_Per_PatchMedian": [
        118.53740512132643,
        232.07242503166196,
        345.8895895540714,
        460.41742596626284,
        565.9805177032947,
        672.1265993595123,
        778.764014083147,
        889.952317392826,
        1134.474414372444,
        1226.012482446432
    ],
    "Inf_ExecutionTime": {
        "mean": 0.24005186557769775,
        "median": 0.24005186557769775,
        "std": 0.042699309401174834,
        "max": 0.270244836807251,
        "min": 0.20985889434814453,
        "count": 2
    },
    "Inf_Joules": {
        "mean": 189.69887738823894,
        "median": 189.69887738823894,
        "std": 36.2958021595549,
        "max": 215.36388522386554,
        "min": 164.03386955261232,
        "count": 2
    },
    "Inf_JoulesNormalized": {
        "mean": 10.343650025129321,
        "median": 10.343650025129321,
        "std": 2.196128799600975,
        "max": 11.896547591686243,
        "min": 8.790752458572399,
        "count": 2
    },
    "Val_ExecutionTime": [
        2.98995840549469,
        4.990421533584595,
        6.980775475502014,
        9.460853576660156,
        11.940990567207336,
        13.930693507194519,
        15.910809516906738,
        17.910996556282043,
        22.89910864830017,
        25.169371128082275
    ],
    "Val_Joules": [
        300.8068306922912,
        604.2613706588745,
        890.9590267777443,
        1137.8317758321762,
        1371.2882219076157,
        1621.9175370872022,
        1862.6780229747294,
        2104.238183706999,
        2671.7413634061813,
        2923.652371633053
    ],
    "Val_JoulesNormalized": [
        108.19375509619711,
        221.72877500653266,
        335.5459395289421,
        450.0737759411335,
        555.6368676781653,
        661.7829493343829,
        768.4203640580176,
        879.6086673676966,
        1124.1307643473147,
        1215.6688324213026
    ],
    "NrPatches": {
        "median": 0,
        "std": 0.0,
        "max": 0,
        "min": 0
    },
    "Correctness_Per_Patch": [
        "W",
        "W",
        "W",
        "W",
        "W",
        "W",
        "W",
        "W",
        "W",
        "W"
    ],
    "Correctness_Per_Patch_original": [
        "uncompilable",
        "uncompilable",
        "uncompilable",
        "uncompilable",
        "uncompilable",
        "uncompilable",
        "uncompilable",
        "uncompilable",
        "wrong",
        "uncompilable"
    ],
    "patches": [],
    "Correctness_Per_Patch_origina": [
        "uncompilable",
        "uncompilable",
        "uncompilable",
        "uncompilable",
        "uncompilable",
        "uncompilable",
        "uncompilable",
        "uncompilable",
        "wrong",
        "uncompilable"
    ]
}