{
    "TOOL_BUG_ID": "codegen_350M-Math-82",
    "Time": {
        "mean": 72.69720339775085,
        "median": 72.69720339775085,
        "std": 0.0,
        "max": 72.69720339775085,
        "min": 72.69720339775085,
        "count": 6
    },
    "Joules": {
        "mean": 9341.30701637268,
        "median": 9341.30701637268,
        "std": 0.0,
        "max": 9341.30701637268,
        "min": 9341.30701637268,
        "count": 6
    },
    "JoulesNormalized": {
        "mean": 4248.678812515736,
        "median": 4248.678812515736,
        "std": 0.0,
        "max": 4248.678812515736,
        "min": 4248.678812515736,
        "count": 6
    },
    "NrExecutions": 6,
    "ExecutionsIds": [
        "s0",
        "s1",
        "s2",
        "s3",
        "s4",
        "s5"
    ],
    "ExecutionsInferenceIds": [
        "s0",
        "s1"
    ],
    "NrExecutionsInference": 2,
    "ExecutionTime_Per_PatchMedian": [
        7.899404525756836,
        15.099159955978394,
        22.29891538619995,
        29.49867081642151,
        36.698426246643066,
        43.898181676864624,
        51.09793710708618,
        58.29769253730774,
        65.4974479675293,
        72.69720339775085
    ],
    "Joules_Per_PatchMedian": [
        1451.5493306040764,
        2328.1890734672547,
        3204.8288163304333,
        4081.4685591936113,
        4958.108302056789,
        5834.7480449199675,
        6711.3877877831455,
        7588.027530646324,
        8464.667273509502,
        9341.30701637268
    ],
    "JoulesNormalized_Per_PatchMedian": [
        476.509117847681,
        895.6390839219093,
        1314.7690499961377,
        1733.899016070366,
        2153.0289821445945,
        2572.158948218823,
        2991.288914293051,
        3410.4188803672796,
        3829.548846441508,
        4248.678812515736
    ],
    "Inf_ExecutionTime": {
        "mean": 0.6996490955352783,
        "median": 0.6996490955352783,
        "std": 0.9894532398080599,
        "max": 1.3992981910705566,
        "min": 0.0,
        "count": 2
    },
    "Inf_Joules": {
        "mean": 574.9095877408981,
        "median": 574.9095877408981,
        "std": 813.044936121503,
        "max": 1149.8191754817963,
        "min": 0.0,
        "count": 2
    },
    "Inf_JoulesNormalized": {
        "mean": 57.37915177345269,
        "median": 57.37915177345269,
        "std": 81.14637463548102,
        "max": 114.75830354690538,
        "min": 0.0,
        "count": 2
    },
    "Val_ExecutionTime": [
        7.199755430221558,
        14.399510860443115,
        21.599266290664673,
        28.79902172088623,
        35.99877715110779,
        43.198532581329346,
        50.3982880115509,
        57.59804344177246,
        64.79779887199402,
        71.99755430221558
    ],
    "Val_Joules": [
        876.6397428631783,
        1753.2794857263566,
        2629.919228589535,
        3506.558971452713,
        4383.198714315891,
        5259.838457179069,
        6136.478200042247,
        7013.1179429054255,
        7889.757685768604,
        8766.397428631783
    ],
    "Val_JoulesNormalized": [
        419.1299660742283,
        838.2599321484566,
        1257.3898982226851,
        1676.5198642969135,
        2095.649830371142,
        2514.7797964453703,
        2933.9097625195986,
        3353.039728593827,
        3772.1696946680554,
        4191.299660742284
    ],
    "NrPatches": {
        "median": 1,
        "std": 0.0,
        "max": 1,
        "min": 1
    },
    "Correctness_Per_Patch": [
        "W",
        "W",
        "W",
        "W",
        "W",
        "W",
        "W",
        "W",
        "C",
        "W"
    ],
    "Correctness_Per_Patch_original": [
        "wrong",
        "wrong",
        "uncompilable",
        "wrong",
        "wrong",
        "wrong",
        "uncompilable",
        "wrong",
        "plausible",
        "uncompilable"
    ],
    "patches": [
        "        if (MathUtils.compareTo(entry, 0, epsilon) > 0) {\n"
    ],
    "Correctness_Per_Patch_origina": [
        "wrong",
        "wrong",
        "uncompilable",
        "wrong",
        "wrong",
        "wrong",
        "uncompilable",
        "wrong",
        "plausible",
        "uncompilable"
    ]
}