{
    "TOOL_BUG_ID": "codegen_6B-Closure-10",
    "Time": {
        "mean": 159.86518516540528,
        "median": 160.34561109542847,
        "std": 1.5032063451005064,
        "max": 160.88549184799194,
        "min": 157.22474813461304,
        "count": 5
    },
    "Joules": {
        "mean": 21626.581050582645,
        "median": 22056.26363991332,
        "std": 833.8913931325368,
        "max": 22286.226407359358,
        "min": 20346.359867821455,
        "count": 5
    },
    "JoulesNormalized": {
        "mean": 7819.210134375334,
        "median": 7614.861362786532,
        "std": 380.9150636624985,
        "max": 8479.859333117247,
        "min": 7578.942906840086,
        "count": 5
    },
    "NrExecutions": 5,
    "ExecutionsIds": [
        "s1",
        "s2",
        "s3",
        "s4",
        "s5"
    ],
    "ExecutionsInferenceIds": [
        "s0",
        "s1"
    ],
    "NrExecutionsInference": 2,
    "ExecutionTime_Per_PatchMedian": [
        5.148581504821777,
        8.128601551055908,
        11.128493309020996,
        14.128566265106201,
        80.24724614620209,
        83.28729450702667,
        88.28705608844757,
        154.40573596954346,
        157.44570922851562,
        160.34561109542847
    ],
    "Joules_Per_PatchMedian": [
        2840.6695416433813,
        3334.269024370432,
        3826.6316044790747,
        4315.0632541282175,
        12047.123254786253,
        12545.305634198903,
        13377.920095382451,
        21109.980096040486,
        21605.693819866894,
        22056.26363991332
    ],
    "JoulesNormalized_Per_PatchMedian": [
        374.9738579108716,
        402.97030087256434,
        428.87635936284073,
        454.3594767167569,
        3971.8275998785493,
        3998.0343849494457,
        4049.7778878405093,
        7567.246011002302,
        7589.651370163202,
        7614.861362786532
    ],
    "Inf_ExecutionTime": {
        "mean": 2.1486663818359375,
        "median": 2.1486663818359375,
        "std": 1.624459575834415,
        "max": 3.297332763671875,
        "min": 1.0,
        "count": 2
    },
    "Inf_Joules": {
        "mean": 2348.14086148572,
        "median": 2348.14086148572,
        "std": 1798.4827685455575,
        "max": 3619.8602229714397,
        "min": 1076.4215000000002,
        "count": 2
    },
    "Inf_JoulesNormalized": {
        "mean": 347.3796949818135,
        "median": 347.3796949818135,
        "std": 259.5636187703205,
        "max": 530.918889963627,
        "min": 163.84050000000002,
        "count": 2
    },
    "Val_ExecutionTime": [
        2.99991512298584,
        5.979935169219971,
        8.979826927185059,
        11.979899883270264,
        78.09857976436615,
        81.13862812519073,
        86.13838970661163,
        152.25706958770752,
        155.2970428466797,
        158.19694471359253
    ],
    "Val_Joules": [
        492.52868015766126,
        986.1281628847119,
        1478.4907429933546,
        1966.9223926424975,
        9698.982393300532,
        10197.164772713182,
        11029.77923389673,
        18761.839234554765,
        19257.552958381173,
        19708.122778427598
    ],
    "Val_JoulesNormalized": [
        27.594162929058086,
        55.59060589075085,
        81.49666438102724,
        106.9797817349434,
        3624.447904896736,
        3650.6546899676323,
        3702.398192858696,
        7219.866316020489,
        7242.271675181389,
        7267.481667804718
    ],
    "NrPatches": {
        "median": 1,
        "std": 0.0,
        "max": 1,
        "min": 1
    },
    "Correctness_Per_Patch": [
        "W",
        "W",
        "W",
        "W",
        "W",
        "W",
        "W",
        "I",
        "W",
        "W"
    ],
    "Correctness_Per_Patch_original": [
        "uncompilable",
        "uncompilable",
        "uncompilable",
        "uncompilable",
        "wrong",
        "uncompilable",
        "wrong",
        "plausible",
        "uncompilable",
        "uncompilable"
    ],
    "patches": [
        "    return mayBeStringHelper(n);\n"
    ],
    "Correctness_Per_Patch_origina": [
        "uncompilable",
        "uncompilable",
        "uncompilable",
        "uncompilable",
        "wrong",
        "uncompilable",
        "wrong",
        "plausible",
        "uncompilable",
        "uncompilable"
    ]
}