{
    "TOOL_BUG_ID": "LlamaRepairCL7bdcuda-Closure-145",
    "Time": {
        "mean": 3.808992862701416,
        "median": 3.808992862701416,
        "std": 0,
        "max": 3.808992862701416,
        "min": 3.808992862701416,
        "count": 1
    },
    "Joules": {
        "mean": 3352.7301019310953,
        "median": 3352.7301019310953,
        "std": 0,
        "max": 3352.7301019310953,
        "min": 3352.7301019310953,
        "count": 1
    },
    "JoulesNormalized": {
        "mean": 518.8394120812413,
        "median": 518.8394120812413,
        "std": 0,
        "max": 518.8394120812413,
        "min": 518.8394120812413,
        "count": 1
    },
    "NrExecutions": 1,
    "ExecutionsIds": [
        "s4"
    ],
    "ExecutionsInferenceIds": [
        "s1_cuda",
        "s2_cuda",
        "s3_cuda",
        "s4_cuda",
        "s5_cuda"
    ],
    "NrExecutionsInference": 5,
    "ExecutionTime_Per_PatchMedian": [],
    "Joules_Per_PatchMedian": [],
    "JoulesNormalized_Per_PatchMedian": [],
    "Inf_ExecutionTime": {
        "mean": 3.5488447666168215,
        "median": 3.808992862701416,
        "std": 0.46358470976408384,
        "max": 3.960973024368286,
        "min": 3.001132011413574,
        "count": 5
    },
    "Inf_Joules": {
        "mean": 3147.1073942875864,
        "median": 3352.7301019310953,
        "std": 376.7969669581118,
        "max": 3476.5877294778825,
        "min": 2704.8031903743745,
        "count": 5
    },
    "Inf_JoulesNormalized": {
        "mean": 499.70734438657763,
        "median": 518.8394120812413,
        "std": 40.78520620955911,
        "max": 533.9808696746827,
        "min": 444.3744905948638,
        "count": 5
    },
    "Val_ExecutionTime": [],
    "Val_Joules": [],
    "Val_JoulesNormalized": [],
    "NrPatches": {
        "median": 0,
        "std": 0.0,
        "max": 0,
        "min": 0
    },
    "Correctness_Per_Patch": [
        "W",
        "W",
        "W",
        "W",
        "W",
        "W",
        "W",
        "W",
        "W",
        "W"
    ],
    "Correctness_Per_Patch_original": [
        "uncompilable",
        "wrong",
        "wrong",
        "wrong",
        "wrong",
        "wrong",
        "wrong",
        "wrong",
        "wrong",
        "wrong"
    ],
    "patches": [
        "  private boolean isOneExactlyFunctionOrDo(Node n) {\n// buggy code\n//       return (n.getType() == Token.FUNCTION || n.getType() == Token.DO);\n  }\n",
        "  private boolean isOneExactlyFunctionOrDo(Node n) {\n// buggy code\n//       return (n.getType() == Token.FUNCTION || n.getType() == Token.DO);\n return (n.getType() == Token.FUNCTION || n.getType() == Token.DO);\n  }\n",
        "  private boolean isOneExactlyFunctionOrDo(Node n) {\n// buggy code\n//       return (n.getType() == Token.FUNCTION || n.getType() == Token.DO);\n     return n.getType() == Token.FUNCTION || n.getType() == Token.DO;\n  }\n",
        "  private boolean isOneExactlyFunctionOrDo(Node n) {\n// buggy code\n//       return (n.getType() == Token.FUNCTION || n.getType() == Token.DO);\n   return n.getType() == Token.FUNCTION || n.getType() == Token.DO;\n  }\n",
        "  private boolean isOneExactlyFunctionOrDo(Node n) {\n// buggy code\n//       return (n.getType() == Token.FUNCTION || n.getType() == Token.DO);\n if (n.getType() == Token.FUNCTION || n.getType() == Token.DO) {\n    return true;\n  }\n  return false;\n  }\n",
        "  private boolean isOneExactlyFunctionOrDo(Node n) {\n// buggy code\n//       return (n.getType() == Token.FUNCTION || n.getType() == Token.DO);\n if (n.getType() == Token.FUNCTION || n.getType() == Token.DO) {\n    return true;\n  } else {\n    return false;\n  }\n  }\n",
        "  private boolean isOneExactlyFunctionOrDo(Node n) {\n// buggy code\n//       return (n.getType() == Token.FUNCTION || n.getType() == Token.DO);\n     return (n.getType() == Token.FUNCTION || n.getType() == Token.DO || n.getType() == Token.CALL);\n  }\n",
        "  private boolean isOneExactlyFunctionOrDo(Node n) {\n// buggy code\n//       return (n.getType() == Token.FUNCTION || n.getType() == Token.DO);\n   return (n.getType() == Token.FUNCTION || n.getType() == Token.DO || n.getType() == Token.CALL);\n  }\n",
        "  private boolean isOneExactlyFunctionOrDo(Node n) {\n// buggy code\n//       return (n.getType() == Token.FUNCTION || n.getType() == Token.DO);\n   return (n.getType() == Token.FUNCTION || n.getType() == Token.DO ||\n            n.getType() == Token.CALL);\n  }\n",
        "  private boolean isOneExactlyFunctionOrDo(Node n) {\n// buggy code\n//       return (n.getType() == Token.FUNCTION || n.getType() == Token.DO);\n   return (n.getType() == Token.FUNCTION || n.getType() == Token.DO ||\n        n.getType() == Token.CALL);\n  }\n"
    ]
}