{
    "TOOL_BUG_ID": "codegen_6B-Closure-1",
    "Time": {
        "mean": 687.9673411846161,
        "median": 687.9673411846161,
        "std": 0.0,
        "max": 687.9673411846161,
        "min": 687.9673411846161,
        "count": 5
    },
    "Joules": {
        "mean": 85218.11202124883,
        "median": 85218.11202124883,
        "std": 0.0,
        "max": 85218.11202124883,
        "min": 85218.11202124883,
        "count": 5
    },
    "JoulesNormalized": {
        "mean": 37975.08320909024,
        "median": 37975.08320909024,
        "std": 0.0,
        "max": 37975.08320909024,
        "min": 37975.08320909024,
        "count": 5
    },
    "NrExecutions": 5,
    "ExecutionsIds": [
        "s1",
        "s2",
        "s3",
        "s4",
        "s5"
    ],
    "ExecutionsInferenceIds": [
        "s0",
        "s1"
    ],
    "NrExecutionsInference": 2,
    "ExecutionTime_Per_PatchMedian": [
        72.47514796257019,
        140.8631694316864,
        209.2511909008026,
        277.6392123699188,
        346.02723383903503,
        414.41525530815125,
        482.80327677726746,
        551.1912982463837,
        619.5793197154999,
        687.9673411846161
    ],
    "Joules_Per_PatchMedian": [
        12789.422095000029,
        20837.054309027673,
        28884.686523055316,
        36932.31873708296,
        44979.95095111061,
        53027.583165138254,
        61075.2153791659,
        69122.84759319354,
        77170.47980722119,
        85218.11202124883
    ],
    "JoulesNormalized_Per_PatchMedian": [
        4718.100978897811,
        8413.32122669697,
        12108.541474496127,
        15803.761722295285,
        19498.981970094443,
        23194.202217893602,
        26889.42246569276,
        30584.64271349192,
        34279.86296129108,
        37975.08320909024
    ],
    "Inf_ExecutionTime": {
        "mean": 4.0871264934539795,
        "median": 4.0871264934539795,
        "std": 1.5374290310577234,
        "max": 5.174252986907959,
        "min": 3.0,
        "count": 2
    },
    "Inf_Joules": {
        "mean": 4741.789880972386,
        "median": 4741.789880972386,
        "std": 1811.6484172627763,
        "max": 6022.818761944771,
        "min": 3460.7610000000004,
        "count": 2
    },
    "Inf_JoulesNormalized": {
        "mean": 1022.8807310986524,
        "median": 1022.8807310986524,
        "std": 334.4908257021139,
        "max": 1259.4014621973047,
        "min": 786.3600000000001,
        "count": 2
    },
    "Val_ExecutionTime": [
        68.38802146911621,
        136.77604293823242,
        205.16406440734863,
        273.55208587646484,
        341.94010734558105,
        410.32812881469727,
        478.7161502838135,
        547.1041717529297,
        615.4921932220459,
        683.8802146911621
    ],
    "Val_Joules": [
        8047.632214027643,
        16095.264428055289,
        24142.89664208293,
        32190.528856110577,
        40238.16107013822,
        48285.79328416587,
        56333.425498193516,
        64381.057712221154,
        72428.6899262488,
        80476.32214027645
    ],
    "Val_JoulesNormalized": [
        3695.2202477991586,
        7390.440495598317,
        11085.660743397475,
        14780.880991196633,
        18476.10123899579,
        22171.32148679495,
        25866.54173459411,
        29561.76198239327,
        33256.98223019243,
        36952.20247799159
    ],
    "NrPatches": {
        "median": 0,
        "std": 0.0,
        "max": 0,
        "min": 0
    },
    "Correctness_Per_Patch": [
        "W",
        "W",
        "W",
        "W",
        "W",
        "W",
        "W",
        "W",
        "W",
        "W"
    ],
    "Correctness_Per_Patch_original": [
        "wrong",
        "wrong",
        "wrong",
        "uncompilable",
        "uncompilable",
        "uncompilable",
        "uncompilable",
        "uncompilable",
        "uncompilable",
        "wrong"
    ],
    "patches": [],
    "Correctness_Per_Patch_origina": [
        "wrong",
        "wrong",
        "wrong",
        "uncompilable",
        "uncompilable",
        "uncompilable",
        "uncompilable",
        "uncompilable",
        "uncompilable",
        "wrong"
    ]
}