{
    "Group_ID": "s_1223_1224",
    "TOOL_BUG_ID": "TBar10C-Closure-40",
    "patch_correctness": true,
    "ExecutionsIds": [
        "1223",
        "1224"
    ],
    "NrExecutions": 2,
    "NrOutliers": 0,
    "SLB": {
        "median": 64.1,
        "std": 0.14142135623731153,
        "max": 64.2,
        "min": 64.0
    },
    "PowerAvg": {
        "median": 110.55,
        "std": 0.07071067811865074,
        "max": 110.6,
        "min": 110.5
    },
    "Time": {
        "median": 427.6510908603668,
        "std": 197.06854101509165,
        "max": 598.2268090248108,
        "min": 256.4335603713989
    },
    "Joules": {
        "median": 49197.58603278994,
        "std": 22714.22584869413,
        "max": 68911.5246672988,
        "min": 29487.40172998905
    },
    "JoulesNormalized": {
        "median": 21763.611008137465,
        "std": 10082.501460352134,
        "max": 30633.973947083956,
        "min": 13024.36715414524
    },
    "NrPatches": {
        "median": 17.5,
        "std": 8.660254037844387,
        "max": 25,
        "min": 10
    },
    "Joules_Per_PatchMedian": [
        9112.142253381015,
        18095.65145121217,
        26985.624176961184,
        27312.661484748125,
        27692.4498865962,
        28066.07519663572,
        28433.239833223815,
        28790.53486011028,
        29159.783720624444,
        29527.470769441126
    ],
    "ExecutionTime_Per_PatchMedian": [
        80.01810300350189,
        158.35599446296692,
        235.8244264125824,
        238.60425186157227,
        241.69412434101105,
        244.7840152978897,
        247.81408631801605,
        250.75436234474182,
        253.79397094249725,
        256.8245060443878
    ],
    "JoulesNormalized_Per_PatchMedian": [
        3983.0218351423746,
        7945.070209270716,
        11869.32746284604,
        12018.177964192628,
        12199.90258566141,
        12375.458844172954,
        12548.38897486925,
        12717.214357829092,
        12891.626296675204,
        13065.059026563167
    ],
    "Correctness_Per_Patch": [
        "W",
        "W",
        "W",
        "W",
        "W",
        "W",
        "W",
        "W",
        "W",
        "W"
    ],
    "Correctness_Per_Patch_original": [
        "uncompilable",
        "uncompilable",
        "uncompilable",
        "uncompilable",
        "uncompilable",
        "uncompilable",
        "uncompilable",
        "uncompilable",
        "uncompilable",
        "uncompilable"
    ]
}