{
    "TOOL_BUG_ID": "codet5_small-Math-30",
    "Time": {
        "mean": 353.3186049461365,
        "median": 353.3186049461365,
        "std": 0.0,
        "max": 353.3186049461365,
        "min": 353.3186049461365,
        "count": 6
    },
    "Joules": {
        "mean": 39048.592699360845,
        "median": 39048.592699360845,
        "std": 0.0,
        "max": 39048.592699360845,
        "min": 39048.592699360845,
        "count": 6
    },
    "JoulesNormalized": {
        "mean": 16679.325043696168,
        "median": 16679.325043696168,
        "std": 0.0,
        "max": 16679.325043696168,
        "min": 16679.325043696168,
        "count": 6
    },
    "NrExecutions": 6,
    "ExecutionsIds": [
        "s0",
        "s1",
        "s2",
        "s3",
        "s4",
        "s5"
    ],
    "ExecutionsInferenceIds": [
        "s0",
        "s1"
    ],
    "NrExecutionsInference": 2,
    "ExecutionTime_Per_PatchMedian": [
        35.619887471199036,
        70.9197449684143,
        106.21960246562958,
        141.51945996284485,
        176.81931746006012,
        212.1191749572754,
        247.41903245449066,
        282.71888995170593,
        318.0187474489212,
        353.3186049461365
    ],
    "Joules_Per_PatchMedian": [
        4140.482503145933,
        8019.1614138364785,
        11897.840324527024,
        15776.519235217569,
        19655.198145908114,
        23533.87705659866,
        27412.555967289205,
        31291.23487797975,
        35169.913788670296,
        39048.592699360845
    ],
    "JoulesNormalized_Per_PatchMedian": [
        1686.3557411968707,
        3352.241219252348,
        5018.126697307825,
        6684.012175363303,
        8349.89765341878,
        10015.783131474258,
        11681.668609529735,
        13347.554087585213,
        15013.43956564069,
        16679.325043696168
    ],
    "Inf_ExecutionTime": {
        "mean": 0.32002997398376465,
        "median": 0.32002997398376465,
        "std": 0.11376075045187664,
        "max": 0.4004709720611572,
        "min": 0.23958897590637207,
        "count": 2
    },
    "Inf_Joules": {
        "mean": 261.80359245538716,
        "median": 261.80359245538716,
        "std": 97.26593854769851,
        "max": 330.58099718093877,
        "min": 193.0261877298355,
        "count": 2
    },
    "Inf_JoulesNormalized": {
        "mean": 20.470263141393673,
        "median": 20.470263141393673,
        "std": 10.769215478844348,
        "max": 28.085248434543644,
        "min": 12.855277848243702,
        "count": 2
    },
    "Val_ExecutionTime": [
        35.29985749721527,
        70.59971499443054,
        105.89957249164581,
        141.19942998886108,
        176.49928748607635,
        211.79914498329163,
        247.0990024805069,
        282.39885997772217,
        317.69871747493744,
        352.9985749721527
    ],
    "Val_Joules": [
        3878.678910690546,
        7757.3578213810915,
        11636.036732071636,
        15514.715642762181,
        19393.394553452727,
        23272.073464143272,
        27150.752374833817,
        31029.431285524362,
        34908.11019621491,
        38786.78910690546
    ],
    "Val_JoulesNormalized": [
        1665.885478055477,
        3331.770956110954,
        4997.656434166432,
        6663.541912221909,
        8329.427390277388,
        9995.312868332865,
        11661.198346388343,
        13327.08382444382,
        14992.969302499298,
        16658.854780554775
    ],
    "NrPatches": {
        "median": 1,
        "std": 0.0,
        "max": 1,
        "min": 1
    },
    "Correctness_Per_Patch": [
        "W",
        "W",
        "W",
        "W",
        "W",
        "W",
        "W",
        "C",
        "W",
        "W"
    ],
    "Correctness_Per_Patch_original": [
        "uncompilable",
        "wrong",
        "wrong",
        "uncompilable",
        "wrong",
        "wrong",
        "uncompilable",
        "plausible",
        "wrong",
        "wrong"
    ],
    "patches": [
        "    final double n1n2prod = n1 * n2;\n"
    ],
    "Correctness_Per_Patch_origina": [
        "uncompilable",
        "wrong",
        "wrong",
        "uncompilable",
        "wrong",
        "wrong",
        "uncompilable",
        "plausible",
        "wrong",
        "wrong"
    ]
}