{
    "TOOL_BUG_ID": "codet5_small-Math-65",
    "Time": {
        "mean": 87.5660811662674,
        "median": 87.5660811662674,
        "std": 0.0,
        "max": 87.5660811662674,
        "min": 87.5660811662674,
        "count": 6
    },
    "Joules": {
        "mean": 10186.217807209492,
        "median": 10186.217807209492,
        "std": 0.0,
        "max": 10186.217807209492,
        "min": 10186.217807209492,
        "count": 6
    },
    "JoulesNormalized": {
        "mean": 4551.838163733483,
        "median": 4551.838163733483,
        "std": 0.0,
        "max": 4551.838163733483,
        "min": 4551.838163733483,
        "count": 6
    },
    "NrExecutions": 6,
    "ExecutionsIds": [
        "s0",
        "s1",
        "s2",
        "s3",
        "s4",
        "s5"
    ],
    "ExecutionsInferenceIds": [
        "s0",
        "s1"
    ],
    "NrExecutionsInference": 2,
    "ExecutionTime_Per_PatchMedian": [
        8.999713778495789,
        17.729310154914856,
        26.458906531333923,
        35.18850290775299,
        43.91809928417206,
        52.647695660591125,
        61.37729203701019,
        70.10688841342926,
        78.83648478984833,
        87.5660811662674
    ],
    "Joules_Per_PatchMedian": [
        1214.5976980686187,
        2211.444376862049,
        3208.2910556554793,
        4205.13773444891,
        5201.98441324234,
        6198.831092035771,
        7195.677770829201,
        8192.524449622631,
        9189.371128416062,
        10186.217807209492
    ],
    "JoulesNormalized_Per_PatchMedian": [
        467.99376081228263,
        921.7542500257493,
        1375.514739239216,
        1829.2752284526828,
        2283.0357176661496,
        2736.7962068796164,
        3190.5566960930832,
        3644.31718530655,
        4098.077674520016,
        4551.838163733483
    ],
    "Inf_ExecutionTime": {
        "mean": 0.2701174020767212,
        "median": 0.2701174020767212,
        "std": 0.1416894439113176,
        "max": 0.37030696868896484,
        "min": 0.16992783546447754,
        "count": 2
    },
    "Inf_Joules": {
        "mean": 217.75101927518847,
        "median": 217.75101927518847,
        "std": 118.51819405615461,
        "max": 301.55603798627857,
        "min": 133.94600056409837,
        "count": 2
    },
    "Inf_JoulesNormalized": {
        "mean": 14.23327159881594,
        "median": 14.23327159881594,
        "std": 11.10454223720609,
        "max": 22.0853687167168,
        "min": 6.381174480915078,
        "count": 2
    },
    "Val_ExecutionTime": [
        8.729596376419067,
        17.459192752838135,
        26.188789129257202,
        34.91838550567627,
        43.64798188209534,
        52.377578258514404,
        61.10717463493347,
        69.83677101135254,
        78.5663673877716,
        87.29596376419067
    ],
    "Val_Joules": [
        996.8466787934302,
        1993.6933575868607,
        2990.540036380291,
        3987.3867151737218,
        4984.233393967152,
        5981.080072760582,
        6977.926751554012,
        7974.773430347443,
        8971.620109140873,
        9968.466787934303
    ],
    "Val_JoulesNormalized": [
        453.7604892134667,
        907.5209784269334,
        1361.2814676404,
        1815.0419568538668,
        2268.8024460673337,
        2722.5629352808005,
        3176.3234244942673,
        3630.083913707734,
        4083.8444029212005,
        4537.604892134667
    ],
    "NrPatches": {
        "median": 0,
        "std": 0.0,
        "max": 0,
        "min": 0
    },
    "Correctness_Per_Patch": [
        "W",
        "W",
        "W",
        "W",
        "W",
        "W",
        "W",
        "W",
        "W",
        "W"
    ],
    "Correctness_Per_Patch_original": [
        "wrong",
        "wrong",
        "uncompilable",
        "uncompilable",
        "uncompilable",
        "wrong",
        "uncompilable",
        "uncompilable",
        "uncompilable",
        "wrong"
    ],
    "patches": [],
    "Correctness_Per_Patch_origina": [
        "wrong",
        "wrong",
        "uncompilable",
        "uncompilable",
        "uncompilable",
        "wrong",
        "uncompilable",
        "uncompilable",
        "uncompilable",
        "wrong"
    ]
}