{
    "TOOL_BUG_ID": "plbart_base-Math-85",
    "Time": {
        "mean": 71.64836871623993,
        "median": 71.64836871623993,
        "std": 0.0,
        "max": 71.64836871623993,
        "min": 71.64836871623993,
        "count": 6
    },
    "Joules": {
        "mean": 8780.075908458231,
        "median": 8780.075908458231,
        "std": 0.0,
        "max": 8780.075908458231,
        "min": 8780.075908458231,
        "count": 6
    },
    "JoulesNormalized": {
        "mean": 4133.570086562634,
        "median": 4133.570086562634,
        "std": 0.0,
        "max": 4133.570086562634,
        "min": 4133.570086562634,
        "count": 6
    },
    "NrExecutions": 6,
    "ExecutionsIds": [
        "s0",
        "s1",
        "s2",
        "s3",
        "s4",
        "s5"
    ],
    "ExecutionsInferenceIds": [
        "s0",
        "s1"
    ],
    "NrExecutionsInference": 2,
    "ExecutionTime_Per_PatchMedian": [
        7.299880623817444,
        14.449712634086609,
        21.599544644355774,
        28.74937665462494,
        35.899208664894104,
        43.04904067516327,
        50.198872685432434,
        57.3487046957016,
        64.49853670597076,
        71.64836871623993
    ],
    "Joules_Per_PatchMedian": [
        983.8376556217671,
        1850.0863503813744,
        2716.3350451409815,
        3582.5837399005886,
        4448.832434660196,
        5315.081129419803,
        6181.32982417941,
        7047.578518939017,
        7913.827213698624,
        8780.075908458231
    ],
    "JoulesNormalized_Per_PatchMedian": [
        418.36397402286525,
        831.1646531939506,
        1243.965332365036,
        1656.7660115361214,
        2069.566690707207,
        2482.3673698782923,
        2895.1680490493777,
        3307.968728220463,
        3720.7694073915486,
        4133.570086562634
    ],
    "Inf_ExecutionTime": {
        "mean": 0.1500486135482788,
        "median": 0.1500486135482788,
        "std": 0.00012526043377437707,
        "max": 0.15013718605041504,
        "min": 0.14996004104614258,
        "count": 2
    },
    "Inf_Joules": {
        "mean": 117.58896086215972,
        "median": 117.58896086215972,
        "std": 1.487923915993953,
        "max": 118.6410819530487,
        "min": 116.53683977127076,
        "count": 2
    },
    "Inf_JoulesNormalized": {
        "mean": 5.563294851779936,
        "median": 5.563294851779936,
        "std": 0.07481778735358686,
        "max": 5.616199016571031,
        "min": 5.510390686988842,
        "count": 2
    },
    "Val_ExecutionTime": [
        7.149832010269165,
        14.29966402053833,
        21.449496030807495,
        28.59932804107666,
        35.749160051345825,
        42.89899206161499,
        50.048824071884155,
        57.19865608215332,
        64.34848809242249,
        71.49832010269165
    ],
    "Val_Joules": [
        866.2486947596074,
        1732.4973895192147,
        2598.746084278822,
        3464.994779038429,
        4331.243473798036,
        5197.492168557643,
        6063.74086331725,
        6929.989558076857,
        7796.238252836464,
        8662.486947596071
    ],
    "Val_JoulesNormalized": [
        412.80067917108533,
        825.6013583421707,
        1238.402037513256,
        1651.2027166843413,
        2064.003395855427,
        2476.8040750265122,
        2889.6047541975977,
        3302.405433368683,
        3715.2061125397686,
        4128.0067917108545
    ],
    "NrPatches": {
        "median": 3,
        "std": 0.0,
        "max": 3,
        "min": 3
    },
    "Correctness_Per_Patch": [
        "C",
        "W",
        "W",
        "I",
        "W",
        "W",
        "I",
        "W",
        "W",
        "W"
    ],
    "Correctness_Per_Patch_original": [
        "plausible",
        "wrong",
        "wrong",
        "plausible",
        "uncompilable",
        "uncompilable",
        "plausible",
        "uncompilable",
        "uncompilable",
        "wrong"
    ],
    "patches": [
        "if (fa * fb > 0.0) {",
        "if ((fa * fb > 0.0) && (fa * fb < 0.0)) {",
        "if (fa * fb >= 0.0 && (a * fb > 0.0)) {"
    ],
    "Correctness_Per_Patch_origina": [
        "plausible",
        "wrong",
        "wrong",
        "plausible",
        "uncompilable",
        "uncompilable",
        "plausible",
        "uncompilable",
        "uncompilable",
        "wrong"
    ]
}