{
    "TOOL_BUG_ID": "codet5_base-Lang-26",
    "Time": {
        "mean": 89.03959238529205,
        "median": 89.03959238529205,
        "std": 0.0,
        "max": 89.03959238529205,
        "min": 89.03959238529205,
        "count": 6
    },
    "Joules": {
        "mean": 7945.175203233958,
        "median": 7945.175203233958,
        "std": 0.0,
        "max": 7945.175203233958,
        "min": 7945.175203233958,
        "count": 6
    },
    "JoulesNormalized": {
        "mean": 2011.5973843872548,
        "median": 2011.5973843872548,
        "std": 0.0,
        "max": 2011.5973843872548,
        "min": 2011.5973843872548,
        "count": 6
    },
    "NrExecutions": 6,
    "ExecutionsIds": [
        "s0",
        "s1",
        "s2",
        "s3",
        "s4",
        "s5"
    ],
    "ExecutionsInferenceIds": [
        "s0",
        "s1"
    ],
    "NrExecutionsInference": 2,
    "ExecutionTime_Per_PatchMedian": [
        9.304469585418701,
        18.163927674293518,
        27.023385763168335,
        35.88284385204315,
        44.74230194091797,
        53.601760029792786,
        62.4612181186676,
        71.32067620754242,
        80.18013429641724,
        89.03959238529205
    ],
    "Joules_Per_PatchMedian": [
        1131.671584534645,
        1888.727542167902,
        2645.7834998011585,
        3402.8394574344156,
        4159.895415067673,
        4916.95137270093,
        5674.007330334187,
        6431.063287967444,
        7188.119245600701,
        7945.175203233958
    ],
    "JoulesNormalized_Per_PatchMedian": [
        232.15683888792992,
        429.87245505452154,
        627.5880712211132,
        825.3036873877048,
        1023.0193035542965,
        1220.7349197208882,
        1418.4505358874799,
        1616.1661520540715,
        1813.8817682206632,
        2011.5973843872548
    ],
    "Inf_ExecutionTime": {
        "mean": 0.4450114965438843,
        "median": 0.4450114965438843,
        "std": 0.007180642874498038,
        "max": 0.4500889778137207,
        "min": 0.43993401527404785,
        "count": 2
    },
    "Inf_Joules": {
        "mean": 374.61562690138817,
        "median": 374.61562690138817,
        "std": 15.445275541696468,
        "max": 385.5370859742165,
        "min": 363.6941678285599,
        "count": 2
    },
    "Inf_JoulesNormalized": {
        "mean": 34.44122272133828,
        "median": 34.44122272133828,
        "std": 9.012380187693656,
        "max": 40.81393786668775,
        "min": 28.068507575988804,
        "count": 2
    },
    "Val_ExecutionTime": [
        8.859458088874817,
        17.718916177749634,
        26.57837426662445,
        35.43783235549927,
        44.297290444374084,
        53.1567485332489,
        62.01620662212372,
        70.87566471099854,
        79.73512279987335,
        88.59458088874817
    ],
    "Val_Joules": [
        757.0559576332569,
        1514.1119152665137,
        2271.1678728997704,
        3028.2238305330275,
        3785.2797881662846,
        4542.335745799542,
        5299.391703432799,
        6056.447661066056,
        6813.503618699313,
        7570.55957633257
    ],
    "Val_JoulesNormalized": [
        197.71561616659164,
        395.4312323331833,
        593.1468484997749,
        790.8624646663666,
        988.5780808329582,
        1186.2936969995499,
        1384.0093131661415,
        1581.7249293327332,
        1779.4405454993248,
        1977.1561616659164
    ],
    "NrPatches": {
        "median": 1,
        "std": 0.0,
        "max": 1,
        "min": 1
    },
    "Correctness_Per_Patch": [
        "W",
        "W",
        "W",
        "W",
        "W",
        "W",
        "W",
        "C",
        "W",
        "W"
    ],
    "Correctness_Per_Patch_original": [
        "wrong",
        "wrong",
        "wrong",
        "uncompilable",
        "wrong",
        "uncompilable",
        "uncompilable",
        "plausible",
        "uncompilable",
        "uncompilable"
    ],
    "patches": [
        "    Calendar c = new GregorianCalendar(mTimeZone, mLocale);\n"
    ],
    "Correctness_Per_Patch_origina": [
        "wrong",
        "wrong",
        "wrong",
        "uncompilable",
        "wrong",
        "uncompilable",
        "uncompilable",
        "plausible",
        "uncompilable",
        "uncompilable"
    ]
}