{
    "TOOL_BUG_ID": "codet5_base-Chart-24",
    "Time": {
        "mean": 99.71538496017456,
        "median": 99.71538496017456,
        "std": 0.0,
        "max": 99.71538496017456,
        "min": 99.71538496017456,
        "count": 6
    },
    "Joules": {
        "mean": 11716.858593726158,
        "median": 11716.858593726158,
        "std": 0.0,
        "max": 11716.858593726158,
        "min": 11716.858593726158,
        "count": 6
    },
    "JoulesNormalized": {
        "mean": 4877.278106641769,
        "median": 4877.278106641769,
        "std": 0.0,
        "max": 4877.278106641769,
        "min": 4877.278106641769,
        "count": 6
    },
    "NrExecutions": 6,
    "ExecutionsIds": [
        "s0",
        "s1",
        "s2",
        "s3",
        "s4",
        "s5"
    ],
    "ExecutionsInferenceIds": [
        "s0",
        "s1"
    ],
    "NrExecutionsInference": 2,
    "ExecutionTime_Per_PatchMedian": [
        10.615124464035034,
        20.515153408050537,
        30.41518235206604,
        40.31521129608154,
        50.215240240097046,
        60.11526918411255,
        70.01529812812805,
        79.91532707214355,
        89.81535601615906,
        99.71538496017456
    ],
    "Joules_Per_PatchMedian": [
        1733.3532678127287,
        2842.631637358665,
        3951.9100069046017,
        5061.188376450538,
        6170.466745996475,
        7279.745115542411,
        8389.023485088348,
        9498.301854634285,
        10607.580224180221,
        11716.858593726158
    ],
    "JoulesNormalized_Per_PatchMedian": [
        557.0611250519753,
        1037.085234117508,
        1517.1093431830407,
        1997.1334522485733,
        2477.157561314106,
        2957.1816703796385,
        3437.205779445171,
        3917.229888510704,
        4397.2539975762365,
        4877.278106641769
    ],
    "Inf_ExecutionTime": {
        "mean": 0.7150955200195312,
        "median": 0.7150955200195312,
        "std": 0.3892305292703515,
        "max": 0.9903230667114258,
        "min": 0.4398679733276367,
        "count": 2
    },
    "Inf_Joules": {
        "mean": 624.0748982667922,
        "median": 624.0748982667922,
        "std": 348.51901744564975,
        "max": 870.5150588750838,
        "min": 377.6347376585006,
        "count": 2
    },
    "Inf_JoulesNormalized": {
        "mean": 77.03701598644255,
        "median": 77.03701598644255,
        "std": 47.10187735021059,
        "max": 110.34307286739352,
        "min": 43.73095910549159,
        "count": 2
    },
    "Val_ExecutionTime": [
        9.900028944015503,
        19.800057888031006,
        29.70008683204651,
        39.60011577606201,
        49.500144720077515,
        59.40017366409302,
        69.30020260810852,
        79.20023155212402,
        89.10026049613953,
        99.00028944015503
    ],
    "Val_Joules": [
        1109.2783695459366,
        2218.556739091873,
        3327.8351086378098,
        4437.113478183746,
        5546.391847729683,
        6655.6702172756195,
        7764.948586821556,
        8874.226956367493,
        9983.50532591343,
        11092.783695459366
    ],
    "Val_JoulesNormalized": [
        480.02410906553274,
        960.0482181310654,
        1440.072327196598,
        1920.0964362621307,
        2400.1205453276634,
        2880.144654393196,
        3360.168763458729,
        3840.1928725242615,
        4320.216981589794,
        4800.241090655327
    ],
    "NrPatches": {
        "median": 0,
        "std": 0.0,
        "max": 0,
        "min": 0
    },
    "Correctness_Per_Patch": [
        "W",
        "W",
        "W",
        "W",
        "W",
        "W",
        "W",
        "W",
        "W",
        "W"
    ],
    "Correctness_Per_Patch_original": [
        "uncompilable",
        "uncompilable",
        "uncompilable",
        "uncompilable",
        "uncompilable",
        "uncompilable",
        "uncompilable",
        "uncompilable",
        "uncompilable",
        "uncompilable"
    ],
    "patches": [],
    "Correctness_Per_Patch_origina": [
        "uncompilable",
        "uncompilable",
        "uncompilable",
        "uncompilable",
        "uncompilable",
        "uncompilable",
        "uncompilable",
        "uncompilable",
        "uncompilable",
        "uncompilable"
    ]
}