{
    "TOOL_BUG_ID": "codegen_350M-Math-63",
    "Time": {
        "mean": 104.10246578852336,
        "median": 119.27233111858368,
        "std": 37.15842952538491,
        "max": 119.27233111858368,
        "min": 28.25313913822174,
        "count": 6
    },
    "Joules": {
        "mean": 12081.634034440913,
        "median": 13847.91190573573,
        "std": 4326.479528641559,
        "max": 13847.91190573573,
        "min": 3250.244677966832,
        "count": 6
    },
    "JoulesNormalized": {
        "mean": 5184.187334996463,
        "median": 6003.4921523273,
        "std": 2006.8787462647315,
        "max": 6003.4921523273,
        "min": 1087.6632483422757,
        "count": 6
    },
    "NrExecutions": 6,
    "ExecutionsIds": [
        "s0",
        "s1",
        "s2",
        "s3",
        "s4",
        "s5"
    ],
    "ExecutionsInferenceIds": [
        "s0",
        "s1"
    ],
    "NrExecutionsInference": 2,
    "ExecutionTime_Per_PatchMedian": [
        12.444179654121399,
        24.313974261283875,
        36.18376886844635,
        48.053563475608826,
        59.9233580827713,
        71.79315268993378,
        83.66294729709625,
        95.53274190425873,
        107.4025365114212,
        119.27233111858368
    ],
    "Joules_Per_PatchMedian": [
        1798.675886297226,
        3137.47988845706,
        4476.2838906168945,
        5815.087892776728,
        7153.891894936562,
        8492.695897096395,
        9831.499899256229,
        11170.303901416062,
        12509.107903575896,
        13847.91190573573
    ],
    "JoulesNormalized_Per_PatchMedian": [
        632.3138055324555,
        1229.1113996207714,
        1825.9089937090873,
        2422.7065877974032,
        3019.504181885719,
        3616.301775974035,
        4213.099370062351,
        4809.896964150667,
        5406.6945582389835,
        6003.4921523273
    ],
    "Inf_ExecutionTime": {
        "mean": 0.5743850469589233,
        "median": 0.5743850469589233,
        "std": 0.8123031234336164,
        "max": 1.1487700939178467,
        "min": 0,
        "count": 2
    },
    "Inf_Joules": {
        "mean": 459.87188413739204,
        "median": 459.87188413739204,
        "std": 650.3570555011685,
        "max": 919.7437682747841,
        "min": 0,
        "count": 2
    },
    "Inf_JoulesNormalized": {
        "mean": 35.516211444139515,
        "median": 35.516211444139515,
        "std": 50.22750790841263,
        "max": 71.03242288827903,
        "min": 0,
        "count": 2
    },
    "Val_ExecutionTime": [
        11.869794607162476,
        23.73958921432495,
        35.60938382148743,
        47.4791784286499,
        59.34897303581238,
        71.21876764297485,
        83.08856225013733,
        94.9583568572998,
        106.82815146446228,
        118.69794607162476
    ],
    "Val_Joules": [
        1338.804002159834,
        2677.608004319668,
        4016.4120064795025,
        5355.216008639336,
        6694.0200107991695,
        8032.824012959003,
        9371.628015118837,
        10710.43201727867,
        12049.236019438504,
        13388.040021598337
    ],
    "Val_JoulesNormalized": [
        596.7975940883159,
        1193.5951881766318,
        1790.3927822649478,
        2387.1903763532637,
        2983.9879704415794,
        3580.7855645298955,
        4177.583158618212,
        4774.380752706528,
        5371.178346794844,
        5967.975940883161
    ],
    "NrPatches": {
        "median": 0,
        "std": 0.0,
        "max": 0,
        "min": 0
    },
    "Correctness_Per_Patch": [
        "W",
        "W",
        "W",
        "W",
        "W",
        "W",
        "W",
        "W",
        "W",
        "W"
    ],
    "Correctness_Per_Patch_original": [
        "wrong",
        "wrong",
        "wrong",
        "wrong",
        "wrong",
        "wrong",
        "uncompilable",
        "wrong",
        "uncompilable",
        "wrong"
    ],
    "patches": [],
    "Correctness_Per_Patch_origina": [
        "wrong",
        "wrong",
        "wrong",
        "wrong",
        "wrong",
        "wrong",
        "uncompilable",
        "wrong",
        "uncompilable",
        "wrong"
    ]
}