{
    "TOOL_BUG_ID": "codegen_350M-Time-4",
    "Time": {
        "mean": 107.35439085960388,
        "median": 107.35439085960388,
        "std": 0.0,
        "max": 107.35439085960388,
        "min": 107.35439085960388,
        "count": 5
    },
    "Joules": {
        "mean": 12681.33865299225,
        "median": 12681.33865299225,
        "std": 0.0,
        "max": 12681.33865299225,
        "min": 12681.33865299225,
        "count": 5
    },
    "JoulesNormalized": {
        "mean": 5465.139200508594,
        "median": 5465.139200508594,
        "std": 0.0,
        "max": 5465.139200508594,
        "min": 5465.139200508594,
        "count": 5
    },
    "NrExecutions": 5,
    "ExecutionsIds": [
        "s0",
        "s1",
        "s2",
        "s3",
        "s4"
    ],
    "ExecutionsInferenceIds": [
        "s0",
        "s1"
    ],
    "NrExecutionsInference": 2,
    "ExecutionTime_Per_PatchMedian": [
        11.41996693611145,
        22.079347372055054,
        32.73872780799866,
        43.39810824394226,
        54.057488679885864,
        64.71686911582947,
        75.37624955177307,
        86.03562998771667,
        96.69501042366028,
        107.35439085960388
    ],
    "Joules_Per_PatchMedian": [
        1864.4234838545322,
        3066.302947092056,
        4268.18241032958,
        5470.061873567104,
        6671.941336804628,
        7873.820800042152,
        9075.700263279676,
        10277.5797265172,
        11479.459189754725,
        12681.33865299225
    ],
    "JoulesNormalized_Per_PatchMedian": [
        638.5803241848946,
        1174.8646437764169,
        1711.148963367939,
        2247.433282959461,
        2783.717602550983,
        3320.001922142505,
        3856.286241734027,
        4392.5705613255495,
        4928.854880917072,
        5465.139200508594
    ],
    "Inf_ExecutionTime": {
        "mean": 0.7605865001678467,
        "median": 0.7605865001678467,
        "std": 1.0756317438952552,
        "max": 1.5211730003356934,
        "min": 0.0,
        "count": 2
    },
    "Inf_Joules": {
        "mean": 662.5440206170083,
        "median": 662.5440206170083,
        "std": 936.9787396257726,
        "max": 1325.0880412340166,
        "min": 0.0,
        "count": 2
    },
    "Inf_JoulesNormalized": {
        "mean": 102.29600459337246,
        "median": 102.29600459337246,
        "std": 144.66839707252777,
        "max": 204.59200918674492,
        "min": 0.0,
        "count": 2
    },
    "Val_ExecutionTime": [
        10.659380435943604,
        21.318760871887207,
        31.97814130783081,
        42.637521743774414,
        53.29690217971802,
        63.95628261566162,
        74.61566305160522,
        85.27504348754883,
        95.93442392349243,
        106.59380435943604
    ],
    "Val_Joules": [
        1201.8794632375239,
        2403.7589264750477,
        3605.638389712572,
        4807.517852950095,
        6009.39731618762,
        7211.276779425143,
        8413.156242662668,
        9615.035705900193,
        10816.915169137717,
        12018.794632375242
    ],
    "Val_JoulesNormalized": [
        536.2843195915221,
        1072.5686391830445,
        1608.8529587745666,
        2145.1372783660886,
        2681.4215979576106,
        3217.7059175491327,
        3753.9902371406547,
        4290.274556732177,
        4826.558876323699,
        5362.843195915221
    ],
    "NrPatches": {
        "median": 0,
        "std": 0.0,
        "max": 0,
        "min": 0
    },
    "Correctness_Per_Patch": [
        "W",
        "W",
        "W",
        "W",
        "W",
        "W",
        "W",
        "W",
        "W",
        "W"
    ],
    "Correctness_Per_Patch_original": [
        "uncompilable",
        "wrong",
        "uncompilable",
        "uncompilable",
        "uncompilable",
        "uncompilable",
        "uncompilable",
        "uncompilable",
        "uncompilable",
        "uncompilable"
    ],
    "patches": [],
    "Correctness_Per_Patch_origina": [
        "uncompilable",
        "wrong",
        "uncompilable",
        "uncompilable",
        "uncompilable",
        "uncompilable",
        "uncompilable",
        "uncompilable",
        "uncompilable",
        "uncompilable"
    ]
}