{
    "TOOL_BUG_ID": "incoder_6B-Math-2",
    "Time": {
        "mean": 499.5812646150589,
        "median": 499.5812646150589,
        "std": 0.0,
        "max": 499.5812646150589,
        "min": 499.5812646150589,
        "count": 5
    },
    "Joules": {
        "mean": 60807.428527200216,
        "median": 60807.428527200216,
        "std": 0.0,
        "max": 60807.428527200216,
        "min": 60807.428527200216,
        "count": 5
    },
    "JoulesNormalized": {
        "mean": 28378.283149731164,
        "median": 28378.283149731164,
        "std": 0.0,
        "max": 28378.283149731164,
        "min": 28378.283149731164,
        "count": 5
    },
    "NrExecutions": 5,
    "ExecutionsIds": [
        "s0",
        "s1",
        "s2",
        "s3",
        "s4"
    ],
    "ExecutionsInferenceIds": [
        "s0",
        "s1"
    ],
    "NrExecutionsInference": 2,
    "ExecutionTime_Per_PatchMedian": [
        51.20890951156616,
        101.02806007862091,
        150.84721064567566,
        200.6663612127304,
        250.48551177978516,
        300.3046623468399,
        350.12381291389465,
        399.9429634809494,
        449.76211404800415,
        499.5812646150589
    ],
    "Joules_Per_PatchMedian": [
        7548.892736881971,
        13466.50782469511,
        19384.12291250825,
        25301.73800032139,
        31219.35308813453,
        37136.968175947666,
        43054.583263760804,
        48972.19835157394,
        54889.81343938708,
        60807.428527200216
    ],
    "JoulesNormalized_Per_PatchMedian": [
        3167.3582477331165,
        5968.572125732899,
        8769.786003732681,
        11570.999881732463,
        14372.213759732245,
        17173.427637732028,
        19974.64151573181,
        22775.855393731596,
        25577.06927173138,
        28378.283149731164
    ],
    "Inf_ExecutionTime": {
        "mean": 1.3897589445114136,
        "median": 1.3897589445114136,
        "std": 0.537604800530285,
        "max": 1.7699029445648193,
        "min": 1.0096149444580078,
        "count": 2
    },
    "Inf_Joules": {
        "mean": 1631.2776490688325,
        "median": 1631.2776490688325,
        "std": 614.54666399071,
        "max": 2065.8277625322344,
        "min": 1196.7275356054308,
        "count": 2
    },
    "Inf_JoulesNormalized": {
        "mean": 366.1443697333338,
        "median": 366.1443697333338,
        "std": 149.24451785384116,
        "max": 471.67618036270164,
        "min": 260.61255910396596,
        "count": 2
    },
    "Val_ExecutionTime": [
        49.81915056705475,
        99.6383011341095,
        149.45745170116425,
        199.276602268219,
        249.09575283527374,
        298.9149034023285,
        348.73405396938324,
        398.553204536438,
        448.37235510349274,
        498.1915056705475
    ],
    "Val_Joules": [
        5917.615087813139,
        11835.230175626279,
        17752.845263439416,
        23670.460351252557,
        29588.075439065695,
        35505.69052687883,
        41423.30561469197,
        47340.92070250511,
        53258.535790318245,
        59176.15087813138
    ],
    "Val_JoulesNormalized": [
        2801.2138779997827,
        5602.427755999565,
        8403.641633999347,
        11204.855511999129,
        14006.069389998911,
        16807.283267998693,
        19608.497145998477,
        22409.71102399826,
        25210.924901998045,
        28012.13877999783
    ],
    "NrPatches": {
        "median": 1,
        "std": 0.0,
        "max": 1,
        "min": 1
    },
    "Correctness_Per_Patch": [
        "W",
        "W",
        "W",
        "C",
        "W",
        "W",
        "W",
        "W",
        "W",
        "W"
    ],
    "Correctness_Per_Patch_original": [
        "wrong",
        "wrong",
        "wrong",
        "plausible",
        "wrong",
        "wrong",
        "wrong",
        "wrong",
        "uncompilable",
        "wrong"
    ],
    "patches": [
        "    return (double) getSampleSize() * getNumberOfSuccesses() / (double) getPopulationSize();\n"
    ],
    "Correctness_Per_Patch_origina": [
        "wrong",
        "wrong",
        "wrong",
        "plausible",
        "wrong",
        "wrong",
        "wrong",
        "wrong",
        "uncompilable",
        "wrong"
    ]
}