{
    "TOOL_BUG_ID": "incoder_6B-Math-79",
    "Time": {
        "mean": 73.80104768276215,
        "median": 73.80104768276215,
        "std": 0.0,
        "max": 73.80104768276215,
        "min": 73.80104768276215,
        "count": 6
    },
    "Joules": {
        "mean": 9913.03914977908,
        "median": 9913.03914977908,
        "std": 0.0,
        "max": 9913.03914977908,
        "min": 9913.03914977908,
        "count": 6
    },
    "JoulesNormalized": {
        "mean": 4401.609843719007,
        "median": 4401.609843719007,
        "std": 0.0,
        "max": 4401.609843719007,
        "min": 4401.609843719007,
        "count": 6
    },
    "NrExecutions": 6,
    "ExecutionsIds": [
        "s0",
        "s1",
        "s2",
        "s3",
        "s4",
        "s5"
    ],
    "ExecutionsInferenceIds": [
        "s0",
        "s1"
    ],
    "NrExecutionsInference": 2,
    "ExecutionTime_Per_PatchMedian": [
        8.279350638389587,
        15.559539198875427,
        22.839727759361267,
        30.119916319847107,
        37.40010488033295,
        44.68029344081879,
        51.96048200130463,
        59.240670561790466,
        66.5208591222763,
        73.80104768276215
    ],
    "Joules_Per_PatchMedian": [
        1970.6951658308506,
        2853.1778307139875,
        3735.6604955971243,
        4618.143160480261,
        5500.625825363398,
        6383.1084902465345,
        7265.591155129671,
        8148.073820012808,
        9030.556484895944,
        9913.03914977908
    ],
    "JoulesNormalized_Per_PatchMedian": [
        610.4719666004181,
        1031.7095085024835,
        1452.9470504045487,
        1874.184592306614,
        2295.4221342086794,
        2716.659676110745,
        3137.8972180128103,
        3559.1347599148758,
        3980.372301816941,
        4401.609843719007
    ],
    "Inf_ExecutionTime": {
        "mean": 0.9991620779037476,
        "median": 0.9991620779037476,
        "std": 0.3530781427294649,
        "max": 1.248826026916504,
        "min": 0.7494981288909912,
        "count": 2
    },
    "Inf_Joules": {
        "mean": 1088.2125009477138,
        "median": 1088.2125009477138,
        "std": 394.6607020477778,
        "max": 1367.279759633541,
        "min": 809.1452422618866,
        "count": 2
    },
    "Inf_JoulesNormalized": {
        "mean": 189.23442469835283,
        "median": 189.23442469835283,
        "std": 84.63574671667891,
        "max": 249.08093513250355,
        "min": 129.3879142642021,
        "count": 2
    },
    "Val_ExecutionTime": [
        7.28018856048584,
        14.56037712097168,
        21.84056568145752,
        29.12075424194336,
        36.4009428024292,
        43.68113136291504,
        50.96131992340088,
        58.24150848388672,
        65.52169704437256,
        72.8018856048584
    ],
    "Val_Joules": [
        882.4826648831367,
        1764.9653297662737,
        2647.4479946494102,
        3529.930659532547,
        4412.413324415684,
        5294.8959892988205,
        6177.378654181957,
        7059.861319065094,
        7942.34398394823,
        8824.826648831367
    ],
    "Val_JoulesNormalized": [
        421.2375419020653,
        842.4750838041307,
        1263.712625706196,
        1684.9501676082612,
        2106.1877095103264,
        2527.425251412392,
        2948.6627933144573,
        3369.9003352165228,
        3791.137877118588,
        4212.375419020654
    ],
    "NrPatches": {
        "median": 0,
        "std": 0.0,
        "max": 0,
        "min": 0
    },
    "Correctness_Per_Patch": [
        "W",
        "W",
        "W",
        "W",
        "W",
        "W",
        "W",
        "W",
        "W",
        "W"
    ],
    "Correctness_Per_Patch_original": [
        "wrong",
        "uncompilable",
        "wrong",
        "uncompilable",
        "wrong",
        "wrong",
        "wrong",
        "uncompilable",
        "uncompilable",
        "uncompilable"
    ],
    "patches": [],
    "Correctness_Per_Patch_origina": [
        "wrong",
        "uncompilable",
        "wrong",
        "uncompilable",
        "wrong",
        "wrong",
        "wrong",
        "uncompilable",
        "uncompilable",
        "uncompilable"
    ]
}