{
    "TOOL_BUG_ID": "codegen_350M-Closure-118",
    "Time": {
        "mean": 41.576531847318016,
        "median": 42.12654137611389,
        "std": 1.8324037596603873,
        "max": 43.61670684814453,
        "min": 38.47695016860962,
        "count": 6
    },
    "Joules": {
        "mean": 8219.952453533097,
        "median": 7825.875963784539,
        "std": 716.412891226659,
        "max": 9149.740246595227,
        "min": 7607.611788047634,
        "count": 6
    },
    "JoulesNormalized": {
        "mean": 1709.765430411263,
        "median": 2254.8722444659115,
        "std": 906.0932120730702,
        "max": 2355.767291802728,
        "min": 536.6728395050407,
        "count": 6
    },
    "NrExecutions": 6,
    "ExecutionsIds": [
        "s0",
        "s1",
        "s2",
        "s3",
        "s4",
        "s5"
    ],
    "ExecutionsInferenceIds": [
        "s0",
        "s1"
    ],
    "NrExecutionsInference": 2,
    "ExecutionTime_Per_PatchMedian": [
        6.817632675170898,
        16.32698917388916,
        19.3066486120224,
        21.306270599365234,
        23.805785059928894,
        26.295892596244812,
        28.78625762462616,
        30.77592658996582,
        40.29555356502533,
        42.12654137611389
    ],
    "Joules_Per_PatchMedian": [
        3876.7978168381087,
        4996.206562627636,
        5248.939860768401,
        5479.3937448097095,
        5752.060729039989,
        6030.199057991587,
        6298.212153298937,
        6531.870364512288,
        7611.496555633627,
        7825.875963784539
    ],
    "JoulesNormalized_Per_PatchMedian": [
        488.51572489198406,
        1002.6906413918372,
        1115.722259903514,
        1223.1374623542663,
        1341.0240597194072,
        1455.987289751136,
        1559.375419349038,
        1662.4136602943772,
        2179.6997609978553,
        2254.8722444659115
    ],
    "Inf_ExecutionTime": {
        "mean": 4.317538022994995,
        "median": 4.317538022994995,
        "std": 1.8632801410617568,
        "max": 5.63507604598999,
        "min": 3.0,
        "count": 2
    },
    "Inf_Joules": {
        "mean": 3578.2186938298573,
        "median": 3578.2186938298573,
        "std": 1514.7876782867852,
        "max": 4649.33533320427,
        "min": 2507.1020544554453,
        "count": 2
    },
    "Inf_JoulesNormalized": {
        "mean": 372.71691708024696,
        "median": 372.71691708024696,
        "std": 173.95373074827168,
        "max": 495.7207797050487,
        "min": 249.71305445544522,
        "count": 2
    },
    "Val_ExecutionTime": [
        2.5000946521759033,
        12.009451150894165,
        14.989110589027405,
        16.98873257637024,
        19.4882470369339,
        21.978354573249817,
        24.468719601631165,
        26.458388566970825,
        35.978015542030334,
        37.8090033531189
    ],
    "Val_Joules": [
        298.57912300825114,
        1417.987868797779,
        1670.7211669385433,
        1901.1750509798526,
        2173.8420352101325,
        2451.9803641617295,
        2719.9934594690794,
        2953.65167068243,
        4033.27786180377,
        4247.657269954681
    ],
    "Val_JoulesNormalized": [
        115.79880781173708,
        629.9737243115902,
        743.005342823267,
        850.4205452740193,
        968.3071426391602,
        1083.270372670889,
        1186.6585022687914,
        1289.6967432141305,
        1806.982843917608,
        1882.1553273856644
    ],
    "NrPatches": {
        "median": 0,
        "std": 0.0,
        "max": 0,
        "min": 0
    },
    "Correctness_Per_Patch": [
        "W",
        "W",
        "W",
        "W",
        "W",
        "W",
        "W",
        "W",
        "W",
        "W"
    ],
    "Correctness_Per_Patch_original": [
        "uncompilable",
        "wrong",
        "uncompilable",
        "uncompilable",
        "uncompilable",
        "uncompilable",
        "uncompilable",
        "uncompilable",
        "wrong",
        "uncompilable"
    ],
    "patches": [],
    "Correctness_Per_Patch_origina": [
        "uncompilable",
        "wrong",
        "uncompilable",
        "uncompilable",
        "uncompilable",
        "uncompilable",
        "uncompilable",
        "uncompilable",
        "wrong",
        "uncompilable"
    ]
}