{
    "TOOL_BUG_ID": "plbart_large-Closure-1",
    "Time": {
        "mean": 684.0901362895966,
        "median": 684.0901362895966,
        "std": 0.0,
        "max": 684.0901362895966,
        "min": 684.0901362895966,
        "count": 5
    },
    "Joules": {
        "mean": 80644.61490236523,
        "median": 80644.61490236523,
        "std": 0.0,
        "max": 80644.61490236523,
        "min": 80644.61490236523,
        "count": 5
    },
    "JoulesNormalized": {
        "mean": 36963.88263189793,
        "median": 36963.88263189793,
        "std": 0.0,
        "max": 36963.88263189793,
        "min": 36963.88263189793,
        "count": 5
    },
    "NrExecutions": 5,
    "ExecutionsIds": [
        "s1",
        "s2",
        "s3",
        "s4",
        "s5"
    ],
    "ExecutionsInferenceIds": [
        "s0",
        "s1"
    ],
    "NrExecutionsInference": 2,
    "ExecutionTime_Per_PatchMedian": [
        68.59794306755066,
        136.98596453666687,
        205.37398600578308,
        273.7620074748993,
        342.1500289440155,
        410.5380504131317,
        478.9260718822479,
        547.3140933513641,
        615.7021148204803,
        684.0901362895966
    ],
    "Joules_Per_PatchMedian": [
        8215.92497611642,
        16263.557190144063,
        24311.189404171706,
        32358.82161819935,
        40406.453832226995,
        48454.08604625464,
        56501.71826028229,
        64549.35047430993,
        72596.98268833758,
        80644.61490236523
    ],
    "JoulesNormalized_Per_PatchMedian": [
        3706.9004017055036,
        7402.120649504662,
        11097.34089730382,
        14792.561145102978,
        18487.781392902136,
        22183.001640701295,
        25878.221888500455,
        29573.442136299615,
        33268.662384098774,
        36963.88263189793
    ],
    "Inf_ExecutionTime": {
        "mean": 0.20992159843444824,
        "median": 0.20992159843444824,
        "std": 0.00012947511862546645,
        "max": 0.21001315116882324,
        "min": 0.20983004570007324,
        "count": 2
    },
    "Inf_Joules": {
        "mean": 168.29276208877565,
        "median": 168.29276208877565,
        "std": 1.5535434065411886,
        "max": 169.39128316640856,
        "min": 167.1942410111427,
        "count": 2
    },
    "Inf_JoulesNormalized": {
        "mean": 11.680153906345367,
        "median": 11.680153906345367,
        "std": 0.48757601930311834,
        "max": 12.024922215938545,
        "min": 11.33538559675219,
        "count": 2
    },
    "Val_ExecutionTime": [
        68.38802146911621,
        136.77604293823242,
        205.16406440734863,
        273.55208587646484,
        341.94010734558105,
        410.32812881469727,
        478.7161502838135,
        547.1041717529297,
        615.4921932220459,
        683.8802146911621
    ],
    "Val_Joules": [
        8047.632214027643,
        16095.264428055289,
        24142.89664208293,
        32190.528856110574,
        40238.161070138216,
        48285.79328416586,
        56333.42549819351,
        64381.057712221154,
        72428.6899262488,
        80476.32214027645
    ],
    "Val_JoulesNormalized": [
        3695.220247799158,
        7390.440495598316,
        11085.660743397475,
        14780.880991196633,
        18476.10123899579,
        22171.32148679495,
        25866.54173459411,
        29561.76198239327,
        33256.98223019243,
        36952.20247799159
    ],
    "NrPatches": {
        "median": 0,
        "std": 0.0,
        "max": 0,
        "min": 0
    },
    "Correctness_Per_Patch": [
        "W",
        "W",
        "W",
        "W",
        "W",
        "W",
        "W",
        "W",
        "W",
        "W"
    ],
    "Correctness_Per_Patch_original": [
        "uncompilable",
        "uncompilable",
        "uncompilable",
        "wrong",
        "uncompilable",
        "uncompilable",
        "uncompilable",
        "uncompilable",
        "uncompilable",
        "uncompilable"
    ],
    "patches": [],
    "Correctness_Per_Patch_origina": [
        "uncompilable",
        "uncompilable",
        "uncompilable",
        "wrong",
        "uncompilable",
        "uncompilable",
        "uncompilable",
        "uncompilable",
        "uncompilable",
        "uncompilable"
    ]
}