{
    "TOOL_BUG_ID": "plbart_large-Math-75",
    "Time": {
        "mean": 73.48022139072418,
        "median": 73.48022139072418,
        "std": 0.0,
        "max": 73.48022139072418,
        "min": 73.48022139072418,
        "count": 4
    },
    "Joules": {
        "mean": 9106.794643384217,
        "median": 9106.794643384217,
        "std": 0.0,
        "max": 9106.794643384217,
        "min": 9106.794643384217,
        "count": 4
    },
    "JoulesNormalized": {
        "mean": 4245.316674953699,
        "median": 4245.316674953699,
        "std": 0.0,
        "max": 4245.316674953699,
        "min": 4245.316674953699,
        "count": 4
    },
    "NrExecutions": 4,
    "ExecutionsIds": [
        "s1",
        "s2",
        "s3",
        "s4"
    ],
    "ExecutionsInferenceIds": [
        "s0",
        "s1"
    ],
    "NrExecutionsInference": 2,
    "ExecutionTime_Per_PatchMedian": [
        7.595509886741638,
        14.916033387184143,
        22.236556887626648,
        29.557080388069153,
        36.87760388851166,
        44.19812738895416,
        51.51865088939667,
        58.83917438983917,
        66.15969789028168,
        73.48022139072418
    ],
    "Joules_Per_PatchMedian": [
        1107.3482950925827,
        1996.1756671249866,
        2885.0030391573905,
        3773.830411189794,
        4662.657783222198,
        5551.485155254602,
        6440.312527287007,
        7329.139899319411,
        8217.967271351814,
        9106.794643384217
    ],
    "JoulesNormalized_Per_PatchMedian": [
        436.5533008396625,
        859.7492312967777,
        1282.9451617538928,
        1706.1410922110078,
        2129.337022668123,
        2552.5329531252382,
        2975.7288835823533,
        3398.9248140394684,
        3822.1207444965835,
        4245.316674953699
    ],
    "Inf_ExecutionTime": {
        "mean": 0.2749863862991333,
        "median": 0.2749863862991333,
        "std": 0.04994789299547243,
        "max": 0.3103048801422119,
        "min": 0.2396678924560547,
        "count": 2
    },
    "Inf_Joules": {
        "mean": 218.52092306017875,
        "median": 218.52092306017875,
        "std": 42.27465423499681,
        "max": 248.41361774206158,
        "min": 188.6282283782959,
        "count": 2
    },
    "Inf_JoulesNormalized": {
        "mean": 13.357370382547344,
        "median": 13.357370382547344,
        "std": 2.3701469836625537,
        "max": 15.033317387103978,
        "min": 11.681423377990711,
        "count": 2
    },
    "Val_ExecutionTime": [
        7.320523500442505,
        14.64104700088501,
        21.961570501327515,
        29.28209400177002,
        36.602617502212524,
        43.92314100265503,
        51.243664503097534,
        58.56418800354004,
        65.88471150398254,
        73.20523500442505
    ],
    "Val_Joules": [
        888.8273720324039,
        1777.6547440648078,
        2666.482116097212,
        3555.3094881296156,
        4444.13686016202,
        5332.964232194424,
        6221.791604226828,
        7110.618976259232,
        7999.446348291635,
        8888.273720324038
    ],
    "Val_JoulesNormalized": [
        423.19593045711514,
        846.3918609142304,
        1269.5877913713455,
        1692.7837218284606,
        2115.979652285576,
        2539.175582742691,
        2962.371513199806,
        3385.567443656921,
        3808.763374114036,
        4231.959304571151
    ],
    "NrPatches": {
        "median": 0,
        "std": 0.0,
        "max": 0,
        "min": 0
    },
    "Correctness_Per_Patch": [
        "W",
        "W",
        "W",
        "W",
        "W",
        "W",
        "W",
        "W",
        "W",
        "W"
    ],
    "Correctness_Per_Patch_original": [
        "uncompilable",
        "wrong",
        "wrong",
        "uncompilable",
        "wrong",
        "uncompilable",
        "uncompilable",
        "uncompilable",
        "wrong",
        "uncompilable"
    ],
    "patches": [],
    "Correctness_Per_Patch_origina": [
        "uncompilable",
        "wrong",
        "wrong",
        "uncompilable",
        "wrong",
        "uncompilable",
        "uncompilable",
        "uncompilable",
        "wrong",
        "uncompilable"
    ]
}