{
    "TOOL_BUG_ID": "codet5_small-Closure-59",
    "Time": {
        "mean": 86.32042161623637,
        "median": 85.62349033355713,
        "std": 2.7052706841279095,
        "max": 91.32473421096802,
        "min": 83.76356482505798,
        "count": 6
    },
    "Joules": {
        "mean": 10689.19228435556,
        "median": 10799.31727554798,
        "std": 328.35491908484414,
        "max": 11000.882915967703,
        "min": 10199.320420235395,
        "count": 6
    },
    "JoulesNormalized": {
        "mean": 4283.74768025875,
        "median": 4569.359232294559,
        "std": 648.4441541460321,
        "max": 4870.27790788412,
        "min": 3439.231096959113,
        "count": 6
    },
    "NrExecutions": 6,
    "ExecutionsIds": [
        "s0",
        "s1",
        "s2",
        "s3",
        "s4",
        "s5"
    ],
    "ExecutionsInferenceIds": [
        "s0",
        "s1"
    ],
    "NrExecutionsInference": 2,
    "ExecutionTime_Per_PatchMedian": [
        5.585013389587402,
        55.96373891830444,
        60.99388241767883,
        65.99380838871002,
        70.99377989768982,
        72.99382328987122,
        77.99368023872375,
        80.95322930812836,
        82.97352397441864,
        85.62349033355713
    ],
    "Joules_Per_PatchMedian": [
        1135.2027379095555,
        7034.237115442752,
        7665.493450564145,
        8296.480737185477,
        8929.135558390617,
        9372.640917885303,
        10032.048167163133,
        10342.2675765872,
        10596.858209460974,
        10799.31727554798
    ],
    "JoulesNormalized_Per_PatchMedian": [
        338.68165153264994,
        3084.3398232817644,
        3352.5294764816754,
        3613.1686566531653,
        3878.6270990312096,
        3983.5747303247454,
        4243.294994056225,
        4362.087803268432,
        4474.610908651352,
        4569.359232294559
    ],
    "Inf_ExecutionTime": {
        "mean": 0.5853679180145264,
        "median": 0.5853679180145264,
        "std": 0.0061207339281460745,
        "max": 0.589695930480957,
        "min": 0.5810399055480957,
        "count": 2
    },
    "Inf_Joules": {
        "mean": 503.15892900228494,
        "median": 503.15892900228494,
        "std": 2.544530892787365,
        "max": 504.95818405151357,
        "min": 501.35967395305636,
        "count": 2
    },
    "Inf_JoulesNormalized": {
        "mean": 62.20603717565527,
        "median": 62.20603717565527,
        "std": 1.1555992017873875,
        "max": 63.02316920757289,
        "min": 61.388905143737645,
        "count": 2
    },
    "Val_ExecutionTime": [
        4.999645471572876,
        55.37837100028992,
        60.40851449966431,
        65.4084404706955,
        70.4084119796753,
        72.40845537185669,
        77.40831232070923,
        80.36786139011383,
        82.38815605640411,
        85.0381224155426
    ],
    "Val_Joules": [
        632.0438089072705,
        6531.078186440467,
        7162.33452156186,
        7793.321808183193,
        8425.976629388331,
        8869.481988883017,
        9528.889238160848,
        9839.108647584915,
        10093.699280458688,
        10296.158346545695
    ],
    "Val_JoulesNormalized": [
        276.47561435699464,
        3022.1337861061093,
        3290.32343930602,
        3550.96261947751,
        3816.4210618555544,
        3921.36869314909,
        4181.08895688057,
        4299.881766092778,
        4412.404871475697,
        4507.1531951189045
    ],
    "NrPatches": {
        "median": 0,
        "std": 0.0,
        "max": 0,
        "min": 0
    },
    "Correctness_Per_Patch": [
        "W",
        "W",
        "W",
        "W",
        "W",
        "W",
        "W",
        "W",
        "W",
        "W"
    ],
    "Correctness_Per_Patch_original": [
        "wrong",
        "wrong",
        "wrong",
        "wrong",
        "wrong",
        "uncompilable",
        "wrong",
        "uncompilable",
        "uncompilable",
        "uncompilable"
    ],
    "patches": [],
    "Correctness_Per_Patch_origina": [
        "wrong",
        "wrong",
        "wrong",
        "wrong",
        "wrong",
        "uncompilable",
        "wrong",
        "uncompilable",
        "uncompilable",
        "uncompilable"
    ]
}