{
    "Group_ID": "s_1223_1224",
    "TOOL_BUG_ID": "TBar10C-Math-63",
    "patch_correctness": true,
    "ExecutionsIds": [
        "1223",
        "1224"
    ],
    "NrExecutions": 2,
    "NrOutliers": 0,
    "SLB": {
        "median": 63.05,
        "std": 0.49497474683058024,
        "max": 63.4,
        "min": 62.7
    },
    "PowerAvg": {
        "median": 117.85,
        "std": 0.49497474683058523,
        "max": 118.2,
        "min": 117.5
    },
    "Time": {
        "median": 11.980193614959717,
        "std": 526.3036130998177,
        "max": 1062.135593175888,
        "min": 4.880109548568726
    },
    "Joules": {
        "median": 1439.4616953909397,
        "std": 62833.8128388791,
        "max": 126815.27850385904,
        "min": 594.3282750725746
    },
    "JoulesNormalized": {
        "median": 681.6256992042065,
        "std": 29837.3026291118,
        "max": 60219.37681173085,
        "min": 284.9293296933174
    },
    "NrPatches": {
        "median": 11.5,
        "std": 46.521500405726385,
        "max": 104,
        "min": 10
    },
    "Joules_Per_PatchMedian": [
        141.80913482308387,
        192.33931116461753,
        241.46383341550825,
        291.913189458847,
        343.4452959537506,
        394.20259776711464,
        444.4700464248657,
        494.8856290578842,
        544.1684256136417,
        594.5217786550522
    ],
    "ExecutionTime_Per_PatchMedian": [
        1.1097540855407715,
        1.5300936698913574,
        1.9399616718292236,
        2.3598235845565796,
        2.790173053741455,
        3.2105300426483154,
        3.6303800344467163,
        4.050261616706848,
        4.460583209991455,
        4.88045334815979
    ],
    "JoulesNormalized_Per_PatchMedian": [
        71.83551406264303,
        95.86343273520468,
        119.14922497272491,
        143.12623455524442,
        167.52141429185866,
        191.7753934562206,
        215.57123224735255,
        239.51322979927062,
        262.9288267076015,
        286.8093153834343
    ],
    "Correctness_Per_Patch": [
        "W",
        "W",
        "W",
        "W",
        "W",
        "W",
        "W",
        "W",
        "W",
        "W"
    ],
    "Correctness_Per_Patch_original": [
        "uncompilable",
        "uncompilable",
        "uncompilable",
        "uncompilable",
        "uncompilable",
        "uncompilable",
        "uncompilable",
        "uncompilable",
        "uncompilable",
        "uncompilable"
    ]
}