{
    "TOOL_BUG_ID": "codet5_base-Closure-33",
    "Time": {
        "mean": 66.74526538451512,
        "median": 75.88293540477753,
        "std": 21.7960717573303,
        "max": 77.24310064315796,
        "min": 22.396026253700256,
        "count": 6
    },
    "Joules": {
        "mean": 8514.074930554629,
        "median": 9615.544357019662,
        "std": 2726.5840189112287,
        "max": 9979.729535919429,
        "min": 2997.6657840907574,
        "count": 6
    },
    "JoulesNormalized": {
        "mean": 3285.0950000425178,
        "median": 3414.975114905834,
        "std": 1045.5383604056765,
        "max": 4163.761212319136,
        "min": 1268.2579976022241,
        "count": 6
    },
    "NrExecutions": 6,
    "ExecutionsIds": [
        "s0",
        "s1",
        "s2",
        "s3",
        "s4",
        "s5"
    ],
    "ExecutionsInferenceIds": [
        "s0",
        "s1"
    ],
    "NrExecutionsInference": 2,
    "ExecutionTime_Per_PatchMedian": [
        2.434612512588501,
        5.4548680782318115,
        7.914866924285889,
        10.404769539833069,
        12.394732475280762,
        14.904499650001526,
        17.424296259880066,
        19.90394377708435,
        73.99287736415863,
        75.88293540477753
    ],
    "Joules_Per_PatchMedian": [
        657.7571235120296,
        1030.8401846170425,
        1285.673268097639,
        1599.7306970179081,
        1858.5379546105862,
        2166.4347270011904,
        2454.577412450314,
        2741.9066392958166,
        9298.71904733777,
        9615.544357019662
    ],
    "JoulesNormalized_Per_PatchMedian": [
        119.37867144942277,
        187.10159437656392,
        257.68626485466956,
        325.00039728879926,
        395.1303978204727,
        465.8377816081047,
        531.7356380343438,
        597.5219929814339,
        3385.553707766533,
        3414.975114905834
    ],
    "Inf_ExecutionTime": {
        "mean": 0.4348524808883667,
        "median": 0.4348524808883667,
        "std": 0.007569405405162525,
        "max": 0.4402048587799072,
        "min": 0.42950010299682617,
        "count": 2
    },
    "Inf_Joules": {
        "mean": 383.9031042039394,
        "median": 383.9031042039394,
        "std": 7.782587410237921,
        "max": 389.4062245368957,
        "min": 378.39998387098314,
        "count": 2
    },
    "Inf_JoulesNormalized": {
        "mean": 51.22596966624255,
        "median": 51.22596966624255,
        "std": 0.27006430219764366,
        "max": 51.416933965682915,
        "min": 51.03500536680218,
        "count": 2
    },
    "Val_ExecutionTime": [
        1.9997600317001343,
        5.020015597343445,
        7.480014443397522,
        9.969917058944702,
        11.959879994392395,
        14.46964716911316,
        16.9894437789917,
        19.469091296195984,
        73.55802488327026,
        75.44808292388916
    ],
    "Val_Joules": [
        273.8540193080902,
        646.9370804131031,
        901.7701638936996,
        1215.8275928139687,
        1474.6348504066468,
        1782.531622797251,
        2070.6743082463745,
        2358.0035350918774,
        8914.815943133832,
        9231.641252815723
    ],
    "Val_JoulesNormalized": [
        68.15270178318022,
        135.8756247103214,
        206.460295188427,
        273.77442762255674,
        343.9044281542302,
        414.61181194186213,
        480.50966836810113,
        546.2960233151913,
        3334.32773810029,
        3363.7491452395916
    ],
    "NrPatches": {
        "median": 0,
        "std": 0.0,
        "max": 0,
        "min": 0
    },
    "Correctness_Per_Patch": [
        "W",
        "W",
        "W",
        "W",
        "W",
        "W",
        "W",
        "W",
        "W",
        "W"
    ],
    "Correctness_Per_Patch_original": [
        "uncompilable",
        "uncompilable",
        "uncompilable",
        "uncompilable",
        "uncompilable",
        "uncompilable",
        "uncompilable",
        "uncompilable",
        "wrong",
        "uncompilable"
    ],
    "patches": [],
    "Correctness_Per_Patch_origina": [
        "uncompilable",
        "uncompilable",
        "uncompilable",
        "uncompilable",
        "uncompilable",
        "uncompilable",
        "uncompilable",
        "uncompilable",
        "wrong",
        "uncompilable"
    ]
}