{
    "Group_ID": "s_1223_1224",
    "TOOL_BUG_ID": "TBar10C-Lang-63",
    "patch_correctness": true,
    "ExecutionsIds": [
        "1223",
        "1224"
    ],
    "NrExecutions": 2,
    "NrOutliers": 0,
    "SLB": {
        "median": 62.150000000000006,
        "std": 0.7778174593052033,
        "max": 62.7,
        "min": 61.6
    },
    "PowerAvg": {
        "median": 105.1,
        "std": 0.848528137423859,
        "max": 105.7,
        "min": 104.5
    },
    "Time": {
        "median": 2918.893500685692,
        "std": 2583.395087372205,
        "max": 5159.324633836746,
        "min": 682.4447400569916
    },
    "Joules": {
        "median": 307872.743342787,
        "std": 279356.4348278032,
        "max": 553804.3449507237,
        "min": 66660.06035538911
    },
    "JoulesNormalized": {
        "median": 127570.90201982854,
        "std": 118789.35129679998,
        "max": 230584.33625350002,
        "min": 24601.863299763194
    },
    "NrPatches": {
        "median": 502.5,
        "std": 568.6900151517814,
        "max": 995,
        "min": 10
    },
    "Joules_Per_PatchMedian": [
        1012.8309647619725,
        1911.9389349877833,
        2792.9210083007815,
        3674.760509431362,
        62757.07040601372,
        62811.38974121809,
        63893.995168048146,
        64968.23887917995,
        66046.63441827893,
        67131.21290351154
    ],
    "ExecutionTime_Per_PatchMedian": [
        11.399884462356567,
        21.40015399456024,
        31.329838514328003,
        41.33981812000275,
        641.8661106824875,
        642.3259280920029,
        652.415712594986,
        662.4449920654297,
        672.5045120716095,
        682.603839635849
    ],
    "JoulesNormalized_Per_PatchMedian": [
        304.43820564150815,
        582.007589095831,
        845.8432621121408,
        1105.54602060318,
        22865.124743443725,
        22890.866359245774,
        23346.41920534968,
        23797.30437812805,
        24250.566665250062,
        24707.47177491188
    ],
    "Correctness_Per_Patch": [
        "W",
        "W",
        "W",
        "W",
        "W",
        "W",
        "W",
        "W",
        "W",
        "W"
    ],
    "Correctness_Per_Patch_original": [
        "uncompilable",
        "uncompilable",
        "uncompilable",
        "uncompilable",
        "uncompilable",
        "uncompilable",
        "uncompilable",
        "uncompilable",
        "uncompilable",
        "uncompilable"
    ]
}