{
    "TOOL_BUG_ID": "incoder_6B-Lang-59",
    "Time": {
        "mean": 92.19809472560883,
        "median": 92.19809472560883,
        "std": 0.0,
        "max": 92.19809472560883,
        "min": 92.19809472560883,
        "count": 5
    },
    "Joules": {
        "mean": 10124.103841263059,
        "median": 10124.103841263059,
        "std": 0.0,
        "max": 10124.103841263059,
        "min": 10124.103841263059,
        "count": 5
    },
    "JoulesNormalized": {
        "mean": 2806.382497948409,
        "median": 2806.382497948409,
        "std": 0.0,
        "max": 2806.382497948409,
        "min": 2806.382497948409,
        "count": 5
    },
    "NrExecutions": 5,
    "ExecutionsIds": [
        "s0",
        "s1",
        "s2",
        "s3",
        "s4"
    ],
    "ExecutionsInferenceIds": [
        "s0",
        "s1"
    ],
    "NrExecutionsInference": 2,
    "ExecutionTime_Per_PatchMedian": [
        10.844299554824829,
        19.883610129356384,
        28.92292070388794,
        37.962231278419495,
        47.00154185295105,
        56.040852427482605,
        65.08016300201416,
        74.11947357654572,
        83.15878415107727,
        92.19809472560883
    ],
    "Joules_Per_PatchMedian": [
        2970.4211673974996,
        3765.2747978270063,
        4560.128428256513,
        5354.98205868602,
        6149.835689115526,
        6944.689319545033,
        7739.54294997454,
        8534.396580404045,
        9329.250210833552,
        10124.103841263059
    ],
    "JoulesNormalized_Per_PatchMedian": [
        743.0685812294483,
        972.3256830871105,
        1201.5827849447728,
        1430.839886802435,
        1660.0969886600974,
        1889.3540905177597,
        2118.611192375422,
        2347.8682942330843,
        2577.1253960907466,
        2806.382497948409
    ],
    "Inf_ExecutionTime": {
        "mean": 1.804988980293274,
        "median": 1.804988980293274,
        "std": 0.6859869953977386,
        "max": 2.2900550365448,
        "min": 1.319922924041748,
        "count": 2
    },
    "Inf_Joules": {
        "mean": 2175.567536967993,
        "median": 2175.567536967993,
        "std": 804.8297543348034,
        "max": 2744.6681139588354,
        "min": 1606.46695997715,
        "count": 2
    },
    "Inf_JoulesNormalized": {
        "mean": 513.8114793717862,
        "median": 513.8114793717862,
        "std": 200.63225813338016,
        "max": 655.6799096226691,
        "min": 371.9430491209032,
        "count": 2
    },
    "Val_ExecutionTime": [
        9.039310574531555,
        18.07862114906311,
        27.117931723594666,
        36.15724229812622,
        45.196552872657776,
        54.23586344718933,
        63.275174021720886,
        72.31448459625244,
        81.353795170784,
        90.39310574531555
    ],
    "Val_Joules": [
        794.8536304295067,
        1589.7072608590133,
        2384.56089128852,
        3179.4145217180267,
        3974.2681521475333,
        4769.12178257704,
        5563.975413006547,
        6358.829043436052,
        7153.682673865559,
        7948.536304295066
    ],
    "Val_JoulesNormalized": [
        229.25710185766218,
        458.51420371532436,
        687.7713055729866,
        917.0284074306489,
        1146.2855092883112,
        1375.5426111459735,
        1604.7997130036358,
        1834.056814861298,
        2063.31391671896,
        2292.571018576623
    ],
    "NrPatches": {
        "median": 1,
        "std": 0.0,
        "max": 1,
        "min": 1
    },
    "Correctness_Per_Patch": [
        "C",
        "W",
        "W",
        "W",
        "W",
        "W",
        "W",
        "W",
        "W",
        "W"
    ],
    "Correctness_Per_Patch_original": [
        "plausible",
        "wrong",
        "uncompilable",
        "wrong",
        "wrong",
        "wrong",
        "uncompilable",
        "wrong",
        "wrong",
        "wrong"
    ],
    "patches": [
        "            str.getChars(0, width, buffer, size);\n"
    ],
    "Correctness_Per_Patch_origina": [
        "plausible",
        "wrong",
        "uncompilable",
        "wrong",
        "wrong",
        "wrong",
        "uncompilable",
        "wrong",
        "wrong",
        "wrong"
    ]
}