{
    "TOOL_BUG_ID": "plbart_base-Lang-57",
    "Time": {
        "mean": 93.61519730091095,
        "median": 93.61519730091095,
        "std": 0.0,
        "max": 93.61519730091095,
        "min": 93.61519730091095,
        "count": 6
    },
    "Joules": {
        "mean": 8439.321939378975,
        "median": 8439.321939378975,
        "std": 0.0,
        "max": 8439.321939378975,
        "min": 8439.321939378975,
        "count": 6
    },
    "JoulesNormalized": {
        "mean": 2491.5026495039465,
        "median": 2491.5026495039465,
        "std": 0.0,
        "max": 2491.5026495039465,
        "min": 2491.5026495039465,
        "count": 6
    },
    "NrExecutions": 6,
    "ExecutionsIds": [
        "s0",
        "s1",
        "s2",
        "s3",
        "s4",
        "s5"
    ],
    "ExecutionsInferenceIds": [
        "s0",
        "s1"
    ],
    "NrExecutionsInference": 2,
    "ExecutionTime_Per_PatchMedian": [
        9.469552993774414,
        18.819069027900696,
        28.168585062026978,
        37.51810109615326,
        46.86761713027954,
        56.21713316440582,
        65.5666491985321,
        74.91616523265839,
        84.26568126678467,
        93.61519730091095
    ],
    "Joules_Per_PatchMedian": [
        927.0199552416801,
        1761.7201757013797,
        2596.420396161079,
        3431.120616620779,
        4265.820837080479,
        5100.521057540178,
        5935.221277999877,
        6769.9214984595765,
        7604.621718919276,
        8439.321939378975
    ],
    "JoulesNormalized_Per_PatchMedian": [
        251.7842691600323,
        500.64186697602275,
        749.4994647920132,
        998.3570626080036,
        1247.214660423994,
        1496.0722582399844,
        1744.9298560559748,
        1993.7874538719652,
        2242.645051687956,
        2491.5026495039465
    ],
    "Inf_ExecutionTime": {
        "mean": 0.12003695964813232,
        "median": 0.12003695964813232,
        "std": 0.00031104374201039795,
        "max": 0.12025690078735352,
        "min": 0.11981701850891113,
        "count": 2
    },
    "Inf_Joules": {
        "mean": 92.31973478198051,
        "median": 92.31973478198051,
        "std": 1.5232942846194835,
        "max": 93.39686650037767,
        "min": 91.24260306358337,
        "count": 2
    },
    "Inf_JoulesNormalized": {
        "mean": 2.9266713440418357,
        "median": 2.9266713440418357,
        "std": 0.10335473570138543,
        "max": 2.9997541785240287,
        "min": 2.8535885095596427,
        "count": 2
    },
    "Val_ExecutionTime": [
        9.349516034126282,
        18.699032068252563,
        28.048548102378845,
        37.39806413650513,
        46.74758017063141,
        56.09709620475769,
        65.44661223888397,
        74.79612827301025,
        84.14564430713654,
        93.49516034126282
    ],
    "Val_Joules": [
        834.7002204596996,
        1669.4004409193992,
        2504.1006613790987,
        3338.8008818387984,
        4173.501102298498,
        5008.201322758197,
        5842.901543217897,
        6677.601763677596,
        7512.301984137295,
        8347.002204596994
    ],
    "Val_JoulesNormalized": [
        248.85759781599046,
        497.7151956319809,
        746.5727934479714,
        995.4303912639618,
        1244.2879890799522,
        1493.1455868959426,
        1742.003184711933,
        1990.8607825279234,
        2239.718380343914,
        2488.5759781599045
    ],
    "NrPatches": {
        "median": 0,
        "std": 0.0,
        "max": 0,
        "min": 0
    },
    "Correctness_Per_Patch": [
        "W",
        "W",
        "W",
        "W",
        "W",
        "W",
        "W",
        "W",
        "W",
        "W"
    ],
    "Correctness_Per_Patch_original": [
        "uncompilable",
        "uncompilable",
        "uncompilable",
        "wrong",
        "wrong",
        "wrong",
        "uncompilable",
        "uncompilable",
        "uncompilable",
        "uncompilable"
    ],
    "patches": [],
    "Correctness_Per_Patch_origina": [
        "uncompilable",
        "uncompilable",
        "uncompilable",
        "wrong",
        "wrong",
        "wrong",
        "uncompilable",
        "uncompilable",
        "uncompilable",
        "uncompilable"
    ]
}