{
    "TOOL_BUG_ID": "codet5_base-Closure-111",
    "Time": {
        "mean": 27.85927951335907,
        "median": 28.25965964794159,
        "std": 2.0512017348856952,
        "max": 30.06816291809082,
        "min": 25.089962482452393,
        "count": 6
    },
    "Joules": {
        "mean": 3700.1853851914407,
        "median": 3735.3798622488976,
        "std": 603.3319949650972,
        "max": 4313.534280896187,
        "min": 3061.1605783224104,
        "count": 6
    },
    "JoulesNormalized": {
        "mean": 867.0671622037888,
        "median": 872.9907257676125,
        "std": 475.8702767430077,
        "max": 1313.1349796414374,
        "min": 410.890887129307,
        "count": 6
    },
    "NrExecutions": 6,
    "ExecutionsIds": [
        "s0",
        "s1",
        "s2",
        "s3",
        "s4",
        "s5"
    ],
    "ExecutionsInferenceIds": [
        "s0",
        "s1"
    ],
    "NrExecutionsInference": 2,
    "ExecutionTime_Per_PatchMedian": [
        3.290127396583557,
        6.289692521095276,
        11.280014395713806,
        13.289497017860413,
        15.769685864448547,
        18.2598717212677,
        21.23989725112915,
        24.22994327545166,
        26.23984408378601,
        28.25965964794159
    ],
    "Joules_Per_PatchMedian": [
        609.4532355725765,
        968.8355483233929,
        1599.685828447342,
        1857.1240856289864,
        2155.9513521134854,
        2473.7821849823,
        2830.949688124657,
        3189.54085367918,
        3486.6488939940928,
        3735.3798622488976
    ],
    "JoulesNormalized_Per_PatchMedian": [
        95.47420748472214,
        173.90658819675448,
        340.6096583545208,
        419.4373660981655,
        493.21591075062753,
        569.060566931963,
        651.6379871666431,
        725.432536059618,
        800.4077365994453,
        872.9907257676125
    ],
    "Inf_ExecutionTime": {
        "mean": 0.31026148796081543,
        "median": 0.31026148796081543,
        "std": 0.014432766804070553,
        "max": 0.3204669952392578,
        "min": 0.30005598068237305,
        "count": 2
    },
    "Inf_Joules": {
        "mean": 253.27031724452976,
        "median": 253.27031724452976,
        "std": 11.789450610456727,
        "max": 261.6067177176476,
        "min": 244.93391677141193,
        "count": 2
    },
    "Inf_JoulesNormalized": {
        "mean": 17.824763095378913,
        "median": 17.824763095378913,
        "std": 1.680706871678253,
        "max": 19.013202321529434,
        "min": 16.63632386922839,
        "count": 2
    },
    "Val_ExecutionTime": [
        2.9798659086227417,
        5.9794310331344604,
        10.96975290775299,
        12.979235529899597,
        15.459424376487732,
        17.949610233306885,
        20.929635763168335,
        23.919681787490845,
        25.929582595825195,
        27.949398159980774
    ],
    "Val_Joules": [
        356.18291832804675,
        715.5652310788631,
        1346.4155112028122,
        1603.8537683844568,
        1902.6810348689557,
        2220.51186773777,
        2577.679370880127,
        2936.2705364346502,
        3233.378576749563,
        3482.1095450043676
    ],
    "Val_JoulesNormalized": [
        77.64944438934324,
        156.08182510137559,
        322.7848952591419,
        401.6126030027866,
        475.39114765524863,
        551.2358038365841,
        633.8132240712642,
        707.6077729642391,
        782.5829735040663,
        855.1659626722335
    ],
    "NrPatches": {
        "median": 0,
        "std": 0.0,
        "max": 0,
        "min": 0
    },
    "Correctness_Per_Patch": [
        "W",
        "W",
        "W",
        "W",
        "W",
        "W",
        "W",
        "W",
        "W",
        "W"
    ],
    "Correctness_Per_Patch_original": [
        "uncompilable",
        "uncompilable",
        "wrong",
        "uncompilable",
        "uncompilable",
        "uncompilable",
        "uncompilable",
        "uncompilable",
        "uncompilable",
        "uncompilable"
    ],
    "patches": [],
    "Correctness_Per_Patch_origina": [
        "uncompilable",
        "uncompilable",
        "wrong",
        "uncompilable",
        "uncompilable",
        "uncompilable",
        "uncompilable",
        "uncompilable",
        "uncompilable",
        "uncompilable"
    ]
}