{
    "TOOL_BUG_ID": "incoder_1B-Closure-97",
    "Time": {
        "mean": 365.9398305416107,
        "median": 365.9398305416107,
        "std": 0.0,
        "max": 365.9398305416107,
        "min": 365.9398305416107,
        "count": 5
    },
    "Joules": {
        "mean": 42217.36511701345,
        "median": 42217.36511701345,
        "std": 0.0,
        "max": 42217.36511701345,
        "min": 42217.36511701345,
        "count": 5
    },
    "JoulesNormalized": {
        "mean": 18633.498566305643,
        "median": 18633.498566305643,
        "std": 0.0,
        "max": 18633.498566305643,
        "min": 18633.498566305643,
        "count": 5
    },
    "NrExecutions": 5,
    "ExecutionsIds": [
        "s0",
        "s1",
        "s2",
        "s3",
        "s4"
    ],
    "ExecutionsInferenceIds": [
        "s0",
        "s1"
    ],
    "NrExecutionsInference": 2,
    "ExecutionTime_Per_PatchMedian": [
        37.26931607723236,
        73.78826212882996,
        110.30720818042755,
        146.82615423202515,
        183.34510028362274,
        219.86404633522034,
        256.38299238681793,
        292.9019384384155,
        329.4208844900131,
        365.9398305416107
    ],
    "Joules_Per_PatchMedian": [
        4954.6657423436645,
        9094.96567286253,
        13235.265603381396,
        17375.565533900262,
        21515.865464419127,
        25656.16539493799,
        29796.465325456855,
        33936.76525597572,
        38077.06518649458,
        42217.36511701345
    ],
    "JoulesNormalized_Per_PatchMedian": [
        2040.7793069899087,
        3884.4147802472125,
        5728.050253504516,
        7571.68572676182,
        9415.321200019123,
        11258.956673276427,
        13102.59214653373,
        14946.227619791034,
        16789.863093048338,
        18633.498566305643
    ],
    "Inf_ExecutionTime": {
        "mean": 0.7503700256347656,
        "median": 0.7503700256347656,
        "std": 0.3818659575489519,
        "max": 1.0203900337219238,
        "min": 0.4803500175476074,
        "count": 2
    },
    "Inf_Joules": {
        "mean": 814.3658118247986,
        "median": 814.3658118247986,
        "std": 405.26024082199064,
        "max": 1100.9280762553215,
        "min": 527.8035473942757,
        "count": 2
    },
    "Inf_JoulesNormalized": {
        "mean": 197.14383373260503,
        "median": 197.14383373260503,
        "std": 96.1421495449549,
        "max": 265.1265996336938,
        "min": 129.16106783151628,
        "count": 2
    },
    "Val_ExecutionTime": [
        36.518946051597595,
        73.03789210319519,
        109.55683815479279,
        146.07578420639038,
        182.59473025798798,
        219.11367630958557,
        255.63262236118317,
        292.15156841278076,
        328.67051446437836,
        365.18946051597595
    ],
    "Val_Joules": [
        4140.299930518866,
        8280.599861037732,
        12420.899791556598,
        16561.199722075464,
        20701.499652594328,
        24841.799583113192,
        28982.099513632056,
        33122.39944415092,
        37262.699374669784,
        41402.99930518865
    ],
    "Val_JoulesNormalized": [
        1843.6354732573036,
        3687.2709465146077,
        5530.906419771911,
        7374.541893029214,
        9218.177366286518,
        11061.812839543822,
        12905.448312801125,
        14749.083786058429,
        16592.719259315734,
        18436.35473257304
    ],
    "NrPatches": {
        "median": 1,
        "std": 0.0,
        "max": 1,
        "min": 1
    },
    "Correctness_Per_Patch": [
        "W",
        "W",
        "W",
        "W",
        "W",
        "W",
        "W",
        "W",
        "W",
        "C"
    ],
    "Correctness_Per_Patch_original": [
        "wrong",
        "wrong",
        "wrong",
        "uncompilable",
        "wrong",
        "wrong",
        "wrong",
        "wrong",
        "wrong",
        "plausible"
    ],
    "patches": [
        "        result = lvalInt >>> rvalInt & 0xFFFFFFFFL;\n"
    ],
    "Correctness_Per_Patch_origina": [
        "wrong",
        "wrong",
        "wrong",
        "uncompilable",
        "wrong",
        "wrong",
        "wrong",
        "wrong",
        "wrong",
        "plausible"
    ]
}