{
    "Group_ID": "s_1223_1224",
    "TOOL_BUG_ID": "TBar10C-Math-33",
    "patch_correctness": true,
    "ExecutionsIds": [
        "1223",
        "1224"
    ],
    "NrExecutions": 2,
    "NrOutliers": 0,
    "SLB": {
        "median": 62.725,
        "std": 0.6010407640085714,
        "max": 63.150000000000006,
        "min": 62.3
    },
    "PowerAvg": {
        "median": 115.15,
        "std": 0.9192388155425097,
        "max": 115.8,
        "min": 114.5
    },
    "Time": {
        "median": 1314.70052587986,
        "std": 1108.4770324467872,
        "max": 2274.8897609710693,
        "min": 353.4704968929291
    },
    "Joules": {
        "median": 149391.26320464016,
        "std": 126471.88973745753,
        "max": 260455.37607728245,
        "min": 39953.30585001707
    },
    "JoulesNormalized": {
        "median": 67304.41051836015,
        "std": 56939.69448385187,
        "max": 116856.77292271852,
        "min": 17932.09389358759
    },
    "NrPatches": {
        "median": 42.5,
        "std": 37.52776749732568,
        "max": 75,
        "min": 10
    },
    "Joules_Per_PatchMedian": [
        4090.719713258743,
        8108.070521599055,
        12124.723590677975,
        16193.163377934694,
        20225.689361339806,
        24112.618354588747,
        28172.9620310843,
        32205.49255039692,
        36191.88565058112,
        40273.09554142356
    ],
    "ExecutionTime_Per_PatchMedian": [
        36.089518427848816,
        71.44855260848999,
        106.8776296377182,
        142.69697964191437,
        178.22598659992218,
        212.57544362545013,
        248.2142115831375,
        283.75296795368195,
        318.71195685863495,
        354.4713788032532
    ],
    "JoulesNormalized_Per_PatchMedian": [
        1826.9410820066926,
        3626.302878284454,
        5420.67976039052,
        7242.461310118437,
        9046.33253789544,
        10778.789700990914,
        12603.920969057082,
        14407.359287434816,
        16200.550180655719,
        18038.452931177613
    ],
    "Correctness_Per_Patch": [
        "W",
        "W",
        "W",
        "W",
        "W",
        "W",
        "W",
        "W",
        "W",
        "W"
    ],
    "Correctness_Per_Patch_original": [
        "uncompilable",
        "uncompilable",
        "uncompilable",
        "uncompilable",
        "uncompilable",
        "uncompilable",
        "uncompilable",
        "uncompilable",
        "uncompilable",
        "uncompilable"
    ]
}