{
    "TOOL_BUG_ID": "plbart_base-Lang-29",
    "Time": {
        "mean": 91.86219394207001,
        "median": 91.86219394207001,
        "std": 0.0,
        "max": 91.86219394207001,
        "min": 91.86219394207001,
        "count": 6
    },
    "Joules": {
        "mean": 7876.437578403949,
        "median": 7876.437578403949,
        "std": 0.0,
        "max": 7876.437578403949,
        "min": 7876.437578403949,
        "count": 6
    },
    "JoulesNormalized": {
        "mean": 2050.3336116909973,
        "median": 2050.3336116909973,
        "std": 0.0,
        "max": 2050.3336116909973,
        "min": 2050.3336116909973,
        "count": 6
    },
    "NrExecutions": 6,
    "ExecutionsIds": [
        "s0",
        "s1",
        "s2",
        "s3",
        "s4",
        "s5"
    ],
    "ExecutionsInferenceIds": [
        "s0",
        "s1"
    ],
    "NrExecutionsInference": 2,
    "ExecutionTime_Per_PatchMedian": [
        9.334840059280396,
        18.50454604625702,
        27.674252033233643,
        36.843958020210266,
        46.01366400718689,
        55.18336999416351,
        64.35307598114014,
        73.52278196811676,
        82.69248795509338,
        91.86219394207001
    ],
    "Joules_Per_PatchMedian": [
        902.9733831226825,
        1677.8027381539346,
        2452.6320931851865,
        3227.4614482164384,
        4002.2908032476903,
        4777.120158278942,
        5551.949513310194,
        6326.778868341446,
        7101.6082233726975,
        7876.437578403949
    ],
    "JoulesNormalized_Per_PatchMedian": [
        209.68295828700053,
        414.19969755411125,
        618.716436821222,
        823.2331760883328,
        1027.7499153554436,
        1232.2666546225544,
        1436.7833938896651,
        1641.300133156776,
        1845.8168724238867,
        2050.3336116909973
    ],
    "Inf_ExecutionTime": {
        "mean": 0.16513407230377197,
        "median": 0.16513407230377197,
        "std": 0.006875836866067252,
        "max": 0.16999602317810059,
        "min": 0.16027212142944336,
        "count": 2
    },
    "Inf_Joules": {
        "mean": 128.14402809143064,
        "median": 128.14402809143064,
        "std": 6.515908562331845,
        "max": 132.751471221447,
        "min": 123.53658496141432,
        "count": 2
    },
    "Inf_JoulesNormalized": {
        "mean": 5.166219019889823,
        "median": 5.166219019889823,
        "std": 0.3079563504870276,
        "max": 5.383977043628661,
        "min": 4.948460996150985,
        "count": 2
    },
    "Val_ExecutionTime": [
        9.169705986976624,
        18.339411973953247,
        27.50911796092987,
        36.678823947906494,
        45.84852993488312,
        55.01823592185974,
        64.18794190883636,
        73.35764789581299,
        82.52735388278961,
        91.69705986976624
    ],
    "Val_Joules": [
        774.8293550312519,
        1549.6587100625038,
        2324.4880650937557,
        3099.3174201250076,
        3874.1467751562595,
        4648.976130187511,
        5423.805485218763,
        6198.634840250015,
        6973.464195281267,
        7748.293550312519
    ],
    "Val_JoulesNormalized": [
        204.51673926711072,
        409.03347853422144,
        613.5502178013322,
        818.066957068443,
        1022.5836963355538,
        1227.1004356026644,
        1431.6171748697752,
        1636.133914136886,
        1840.6506534039968,
        2045.1673926711073
    ],
    "NrPatches": {
        "median": 0,
        "std": 0.0,
        "max": 0,
        "min": 0
    },
    "Correctness_Per_Patch": [
        "W",
        "W",
        "W",
        "W",
        "W",
        "W",
        "W",
        "W",
        "W",
        "W"
    ],
    "Correctness_Per_Patch_original": [
        "uncompilable",
        "uncompilable",
        "uncompilable",
        "uncompilable",
        "uncompilable",
        "uncompilable",
        "uncompilable",
        "uncompilable",
        "uncompilable",
        "uncompilable"
    ],
    "patches": [],
    "Correctness_Per_Patch_origina": [
        "uncompilable",
        "uncompilable",
        "uncompilable",
        "uncompilable",
        "uncompilable",
        "uncompilable",
        "uncompilable",
        "uncompilable",
        "uncompilable",
        "uncompilable"
    ]
}