{
    "TOOL_BUG_ID": "codet5_large-Math-56",
    "Time": {
        "mean": 195.02138555049896,
        "median": 195.02138555049896,
        "std": 0.0,
        "max": 195.02138555049896,
        "min": 195.02138555049896,
        "count": 6
    },
    "Joules": {
        "mean": 22064.365609908105,
        "median": 22064.365609908105,
        "std": 0.0,
        "max": 22064.365609908105,
        "min": 22064.365609908105,
        "count": 6
    },
    "JoulesNormalized": {
        "mean": 9409.151529455185,
        "median": 9409.151529455185,
        "std": 0.0,
        "max": 9409.151529455185,
        "min": 9409.151529455185,
        "count": 6
    },
    "NrExecutions": 6,
    "ExecutionsIds": [
        "s0",
        "s1",
        "s2",
        "s3",
        "s4",
        "s5"
    ],
    "ExecutionsInferenceIds": [
        "s0",
        "s1"
    ],
    "NrExecutionsInference": 2,
    "ExecutionTime_Per_PatchMedian": [
        20.159215927124023,
        39.588345885276794,
        59.017475843429565,
        78.44660580158234,
        97.87573575973511,
        117.30486571788788,
        136.73399567604065,
        156.16312563419342,
        175.5922555923462,
        195.02138555049896
    ],
    "Joules_Per_PatchMedian": [
        2821.989805334807,
        4960.031561398508,
        7098.073317462207,
        9236.115073525907,
        11374.156829589607,
        13512.198585653307,
        15650.240341717006,
        17788.282097780706,
        19926.323853844406,
        22064.365609908105
    ],
    "JoulesNormalized_Per_PatchMedian": [
        1059.1352606654166,
        1986.9148460865017,
        2914.694431507587,
        3842.4740169286724,
        4770.253602349758,
        5698.033187770843,
        6625.8127731919285,
        7553.592358613014,
        8481.3719440341,
        9409.151529455185
    ],
    "Inf_ExecutionTime": {
        "mean": 0.7300859689712524,
        "median": 0.7300859689712524,
        "std": 0.36779447353031675,
        "max": 0.9901559352874756,
        "min": 0.4700160026550293,
        "count": 2
    },
    "Inf_Joules": {
        "mean": 683.9480492711067,
        "median": 683.9480492711067,
        "std": 331.6707129266339,
        "max": 918.4746595025063,
        "min": 449.4214390397072,
        "count": 2
    },
    "Inf_JoulesNormalized": {
        "mean": 131.3556752443314,
        "median": 131.3556752443314,
        "std": 57.7542981039954,
        "max": 172.1941310763359,
        "min": 90.51721941232688,
        "count": 2
    },
    "Val_ExecutionTime": [
        19.42912995815277,
        38.85825991630554,
        58.28738987445831,
        77.71651983261108,
        97.14564979076385,
        116.57477974891663,
        136.0039097070694,
        155.43303966522217,
        174.86216962337494,
        194.2912995815277
    ],
    "Val_Joules": [
        2138.0417560637,
        4276.083512127401,
        6414.125268191101,
        8552.1670242548,
        10690.2087803185,
        12828.2505363822,
        14966.2922924459,
        17104.334048509598,
        19242.375804573298,
        21380.417560636997
    ],
    "Val_JoulesNormalized": [
        927.7795854210851,
        1855.5591708421703,
        2783.3387562632556,
        3711.118341684341,
        4638.897927105427,
        5566.677512526512,
        6494.4570979475975,
        7422.236683368683,
        8350.016268789768,
        9277.795854210854
    ],
    "NrPatches": {
        "median": 0,
        "std": 0.0,
        "max": 0,
        "min": 0
    },
    "Correctness_Per_Patch": [
        "W",
        "W",
        "W",
        "W",
        "W",
        "W",
        "W",
        "W",
        "W",
        "W"
    ],
    "Correctness_Per_Patch_original": [
        "wrong",
        "wrong",
        "wrong",
        "wrong",
        "wrong",
        "wrong",
        "wrong",
        "wrong",
        "wrong",
        "wrong"
    ],
    "patches": [],
    "Correctness_Per_Patch_origina": [
        "wrong",
        "wrong",
        "wrong",
        "wrong",
        "wrong",
        "wrong",
        "wrong",
        "wrong",
        "wrong",
        "wrong"
    ]
}