{
    "TOOL_BUG_ID": "plbart_base-Time-16",
    "Time": {
        "mean": 102.03060960769653,
        "median": 102.03060960769653,
        "std": 0.0,
        "max": 102.03060960769653,
        "min": 102.03060960769653,
        "count": 5
    },
    "Joules": {
        "mean": 11965.323655390737,
        "median": 11965.323655390737,
        "std": 0.0,
        "max": 11965.323655390737,
        "min": 11965.323655390737,
        "count": 5
    },
    "JoulesNormalized": {
        "mean": 5361.862085342407,
        "median": 5361.862085342407,
        "std": 0.0,
        "max": 5361.862085342407,
        "min": 5361.862085342407,
        "count": 5
    },
    "NrExecutions": 5,
    "ExecutionsIds": [
        "s0",
        "s1",
        "s2",
        "s3",
        "s4"
    ],
    "ExecutionsInferenceIds": [
        "s0",
        "s1"
    ],
    "NrExecutionsInference": 2,
    "ExecutionTime_Per_PatchMedian": [
        10.414363026618958,
        20.59394598007202,
        30.773528933525085,
        40.95311188697815,
        51.13269484043121,
        61.31227779388428,
        71.49186074733734,
        81.6714437007904,
        91.85102665424347,
        102.03060960769653
    ],
    "Joules_Per_PatchMedian": [
        1363.2280755162242,
        2541.2386955022816,
        3719.249315488339,
        4897.259935474396,
        6075.270555460454,
        7253.281175446511,
        8431.291795432568,
        9609.302415418624,
        10787.31303540468,
        11965.323655390737
    ],
    "JoulesNormalized_Per_PatchMedian": [
        545.5812573134899,
        1080.7235715389252,
        1615.8658857643604,
        2151.0081999897957,
        2686.150514215231,
        3221.292828440666,
        3756.4351426661015,
        4291.577456891537,
        4826.719771116972,
        5361.862085342407
    ],
    "Inf_ExecutionTime": {
        "mean": 0.23478007316589355,
        "median": 0.23478007316589355,
        "std": 0.03516867909664233,
        "max": 0.25964808464050293,
        "min": 0.20991206169128418,
        "count": 2
    },
    "Inf_Joules": {
        "mean": 185.21745553016663,
        "median": 185.21745553016663,
        "std": 27.463110727791353,
        "max": 204.63680735826492,
        "min": 165.79810370206835,
        "count": 2
    },
    "Inf_JoulesNormalized": {
        "mean": 10.438943088054671,
        "median": 10.438943088054671,
        "std": 3.498366353539874,
        "max": 12.912661659717571,
        "min": 7.965224516391771,
        "count": 2
    },
    "Val_ExecutionTime": [
        10.179582953453064,
        20.359165906906128,
        30.538748860359192,
        40.718331813812256,
        50.89791476726532,
        61.077497720718384,
        71.25708067417145,
        81.43666362762451,
        91.61624658107758,
        101.79582953453064
    ],
    "Val_Joules": [
        1178.0106199860575,
        2356.021239972115,
        3534.0318599581724,
        4712.04247994423,
        5890.053099930287,
        7068.063719916345,
        8246.074339902401,
        9424.084959888458,
        10602.095579874514,
        11780.106199860571
    ],
    "Val_JoulesNormalized": [
        535.1423142254353,
        1070.2846284508705,
        1605.4269426763058,
        2140.569256901741,
        2675.7115711271763,
        3210.8538853526115,
        3745.996199578047,
        4281.138513803482,
        4816.280828028917,
        5351.423142254353
    ],
    "NrPatches": {
        "median": 0,
        "std": 0.0,
        "max": 0,
        "min": 0
    },
    "Correctness_Per_Patch": [
        "W",
        "W",
        "W",
        "W",
        "W",
        "W",
        "W",
        "W",
        "W",
        "W"
    ],
    "Correctness_Per_Patch_original": [
        "uncompilable",
        "uncompilable",
        "uncompilable",
        "uncompilable",
        "uncompilable",
        "uncompilable",
        "uncompilable",
        "uncompilable",
        "uncompilable",
        "uncompilable"
    ],
    "patches": [],
    "Correctness_Per_Patch_origina": [
        "uncompilable",
        "uncompilable",
        "uncompilable",
        "uncompilable",
        "uncompilable",
        "uncompilable",
        "uncompilable",
        "uncompilable",
        "uncompilable",
        "uncompilable"
    ]
}