{
    "TOOL_BUG_ID": "codet5_base-Math-85",
    "Time": {
        "mean": 72.34794902801514,
        "median": 72.34794902801514,
        "std": 0.0,
        "max": 72.34794902801514,
        "min": 72.34794902801514,
        "count": 6
    },
    "Joules": {
        "mean": 9435.563392400742,
        "median": 9435.563392400742,
        "std": 0.0,
        "max": 9435.563392400742,
        "min": 9435.563392400742,
        "count": 6
    },
    "JoulesNormalized": {
        "mean": 4255.959374725819,
        "median": 4255.959374725819,
        "std": 0.0,
        "max": 4255.959374725819,
        "min": 4255.959374725819,
        "count": 6
    },
    "NrExecutions": 6,
    "ExecutionsIds": [
        "s0",
        "s1",
        "s2",
        "s3",
        "s4",
        "s5"
    ],
    "ExecutionsInferenceIds": [
        "s0",
        "s1"
    ],
    "NrExecutionsInference": 2,
    "ExecutionTime_Per_PatchMedian": [
        7.999460935592651,
        15.149292945861816,
        22.29912495613098,
        29.448956966400146,
        36.59878897666931,
        43.74862098693848,
        50.89845299720764,
        58.04828500747681,
        65.19811701774597,
        72.34794902801514
    ],
    "Joules_Per_PatchMedian": [
        1639.3251395642758,
        2505.573834323883,
        3371.8225290834907,
        4238.071223843098,
        5104.319918602705,
        5970.568613362312,
        6836.817308121919,
        7703.066002881526,
        8569.314697641134,
        9435.563392400742
    ],
    "JoulesNormalized_Per_PatchMedian": [
        540.7532621860505,
        953.5539413571358,
        1366.3546205282212,
        1779.1552996993064,
        2191.955978870392,
        2604.7566580414773,
        3017.5573372125627,
        3430.358016383648,
        3843.1586955547336,
        4255.959374725819
    ],
    "Inf_ExecutionTime": {
        "mean": 0.8496289253234863,
        "median": 0.8496289253234863,
        "std": 0.042313412856209084,
        "max": 0.8795490264892578,
        "min": 0.8197088241577148,
        "count": 2
    },
    "Inf_Joules": {
        "mean": 773.0764448046684,
        "median": 773.0764448046684,
        "std": 41.15632816345785,
        "max": 802.1783635377884,
        "min": 743.9745260715486,
        "count": 2
    },
    "Inf_JoulesNormalized": {
        "mean": 127.95258301496517,
        "median": 127.95258301496517,
        "std": 2.1873429940009195,
        "max": 129.4992680788041,
        "min": 126.40589795112624,
        "count": 2
    },
    "Val_ExecutionTime": [
        7.149832010269165,
        14.29966402053833,
        21.449496030807495,
        28.59932804107666,
        35.749160051345825,
        42.89899206161499,
        50.048824071884155,
        57.19865608215332,
        64.34848809242249,
        71.49832010269165
    ],
    "Val_Joules": [
        866.2486947596074,
        1732.4973895192147,
        2598.7460842788223,
        3464.9947790384294,
        4331.243473798037,
        5197.492168557644,
        6063.740863317251,
        6929.989558076858,
        7796.238252836465,
        8662.486947596073
    ],
    "Val_JoulesNormalized": [
        412.80067917108533,
        825.6013583421707,
        1238.402037513256,
        1651.2027166843413,
        2064.003395855427,
        2476.8040750265122,
        2889.6047541975977,
        3302.405433368683,
        3715.2061125397686,
        4128.006791710854
    ],
    "NrPatches": {
        "median": 4,
        "std": 0.0,
        "max": 4,
        "min": 4
    },
    "Correctness_Per_Patch": [
        "C",
        "I",
        "W",
        "W",
        "W",
        "C",
        "W",
        "W",
        "I",
        "W"
    ],
    "Correctness_Per_Patch_original": [
        "plausible",
        "plausible",
        "wrong",
        "wrong",
        "wrong",
        "plausible",
        "wrong",
        "uncompilable",
        "plausible",
        "wrong"
    ],
    "patches": [
        "    if (fa * fb > 0.0) {\n",
        "    if (fa * fb >= maximumIterations) {\n",
        "    if ( fa * fb > 0.0) {\n",
        "    if (fa * fb >= Integer.MAX_VALUE) {\n"
    ],
    "Correctness_Per_Patch_origina": [
        "plausible",
        "plausible",
        "wrong",
        "wrong",
        "wrong",
        "plausible",
        "wrong",
        "uncompilable",
        "plausible",
        "wrong"
    ]
}