{
    "TOOL_BUG_ID": "plbart_large-Lang-26",
    "Time": {
        "mean": 88.82446146011353,
        "median": 88.82446146011353,
        "std": 0.0,
        "max": 88.82446146011353,
        "min": 88.82446146011353,
        "count": 6
    },
    "Joules": {
        "mean": 7752.684392732383,
        "median": 7752.684392732383,
        "std": 0.0,
        "max": 7752.684392732383,
        "min": 7752.684392732383,
        "count": 6
    },
    "JoulesNormalized": {
        "mean": 1987.9486266553401,
        "median": 1987.9486266553401,
        "std": 0.0,
        "max": 1987.9486266553401,
        "min": 1987.9486266553401,
        "count": 6
    },
    "NrExecutions": 6,
    "ExecutionsIds": [
        "s0",
        "s1",
        "s2",
        "s3",
        "s4",
        "s5"
    ],
    "ExecutionsInferenceIds": [
        "s0",
        "s1"
    ],
    "NrExecutionsInference": 2,
    "ExecutionTime_Per_PatchMedian": [
        9.089338660240173,
        17.94879674911499,
        26.808254837989807,
        35.667712926864624,
        44.52717101573944,
        53.38662910461426,
        62.246087193489075,
        71.10554528236389,
        79.96500337123871,
        88.82446146011353
    ],
    "Joules_Per_PatchMedian": [
        939.1807740330696,
        1696.2367316663265,
        2453.2926892995833,
        3210.34864693284,
        3967.404604566097,
        4724.460562199354,
        5481.516519832611,
        6238.572477465868,
        6995.628435099125,
        7752.684392732383
    ],
    "JoulesNormalized_Per_PatchMedian": [
        208.5080811560154,
        406.22369732260705,
        603.9393134891986,
        801.6549296557903,
        999.3705458223819,
        1197.0861619889736,
        1394.8017781555652,
        1592.5173943221569,
        1790.2330104887485,
        1987.9486266553401
    ],
    "Inf_ExecutionTime": {
        "mean": 0.22988057136535645,
        "median": 0.22988057136535645,
        "std": 0.04269846646420461,
        "max": 0.2600729465484619,
        "min": 0.19968819618225098,
        "count": 2
    },
    "Inf_Joules": {
        "mean": 182.1248163998127,
        "median": 182.1248163998127,
        "std": 36.12193091626594,
        "max": 207.66687870025635,
        "min": 156.58275409936905,
        "count": 2
    },
    "Inf_JoulesNormalized": {
        "mean": 10.792464989423763,
        "median": 10.792464989423763,
        "std": 2.205651104519995,
        "max": 12.35209584236145,
        "min": 9.232834136486076,
        "count": 2
    },
    "Val_ExecutionTime": [
        8.859458088874817,
        17.718916177749634,
        26.57837426662445,
        35.43783235549927,
        44.297290444374084,
        53.1567485332489,
        62.01620662212372,
        70.87566471099854,
        79.73512279987335,
        88.59458088874817
    ],
    "Val_Joules": [
        757.0559576332569,
        1514.1119152665137,
        2271.167872899771,
        3028.2238305330275,
        3785.2797881662846,
        4542.335745799542,
        5299.391703432799,
        6056.447661066056,
        6813.503618699313,
        7570.55957633257
    ],
    "Val_JoulesNormalized": [
        197.71561616659164,
        395.4312323331833,
        593.1468484997749,
        790.8624646663666,
        988.5780808329582,
        1186.2936969995499,
        1384.0093131661415,
        1581.7249293327332,
        1779.4405454993248,
        1977.1561616659164
    ],
    "NrPatches": {
        "median": 0,
        "std": 0.0,
        "max": 0,
        "min": 0
    },
    "Correctness_Per_Patch": [
        "W",
        "W",
        "W",
        "W",
        "W",
        "W",
        "W",
        "W",
        "W",
        "W"
    ],
    "Correctness_Per_Patch_original": [
        "wrong",
        "wrong",
        "wrong",
        "uncompilable",
        "uncompilable",
        "wrong",
        "wrong",
        "uncompilable",
        "wrong",
        "uncompilable"
    ],
    "patches": [],
    "Correctness_Per_Patch_origina": [
        "wrong",
        "wrong",
        "wrong",
        "uncompilable",
        "uncompilable",
        "wrong",
        "wrong",
        "uncompilable",
        "wrong",
        "uncompilable"
    ]
}