{
    "TOOL_BUG_ID": "plbart_large-Math-70",
    "Time": {
        "mean": 78.63282227516174,
        "median": 78.63282227516174,
        "std": 0.0,
        "max": 78.63282227516174,
        "min": 78.63282227516174,
        "count": 4
    },
    "Joules": {
        "mean": 9702.2943659544,
        "median": 9702.2943659544,
        "std": 0.0,
        "max": 9702.2943659544,
        "min": 9702.2943659544,
        "count": 4
    },
    "JoulesNormalized": {
        "mean": 4543.207129478454,
        "median": 4543.207129478454,
        "std": 0.0,
        "max": 4543.207129478454,
        "min": 4543.207129478454,
        "count": 4
    },
    "NrExecutions": 4,
    "ExecutionsIds": [
        "s1",
        "s2",
        "s3",
        "s4"
    ],
    "ExecutionsInferenceIds": [
        "s0",
        "s1"
    ],
    "NrExecutionsInference": 2,
    "ExecutionTime_Per_PatchMedian": [
        8.070401549339294,
        15.910670518875122,
        23.75093948841095,
        31.591208457946777,
        39.431477427482605,
        47.27174639701843,
        55.11201536655426,
        62.95228433609009,
        70.79255330562592,
        78.63282227516174
    ],
    "Joules_Per_PatchMedian": [
        1137.5108993291856,
        2089.1535067319874,
        3040.7961141347887,
        3992.43872153759,
        4944.081328940391,
        5895.723936343193,
        6847.366543745994,
        7799.009151148795,
        8750.651758551598,
        9702.2943659544
    ],
    "JoulesNormalized_Per_PatchMedian": [
        466.8498250067234,
        919.7784143924714,
        1372.7070037782194,
        1825.6355931639673,
        2278.564182549715,
        2731.4927719354628,
        3184.4213613212105,
        3637.349950706958,
        4090.278540092706,
        4543.207129478454
    ],
    "Inf_ExecutionTime": {
        "mean": 0.2301325798034668,
        "median": 0.2301325798034668,
        "std": 0.056906000509832945,
        "max": 0.2703711986541748,
        "min": 0.1898939609527588,
        "count": 2
    },
    "Inf_Joules": {
        "mean": 185.86829192638396,
        "median": 185.86829192638396,
        "std": 52.487114346295634,
        "max": 222.98228640556331,
        "min": 148.75429744720458,
        "count": 2
    },
    "Inf_JoulesNormalized": {
        "mean": 13.921235620975452,
        "median": 13.921235620975452,
        "std": 7.776159788247025,
        "max": 19.41981093883507,
        "min": 8.422660303115833,
        "count": 2
    },
    "Val_ExecutionTime": [
        7.840268969535828,
        15.680537939071655,
        23.520806908607483,
        31.36107587814331,
        39.20134484767914,
        47.041613817214966,
        54.88188278675079,
        62.72215175628662,
        70.56242072582245,
        78.40268969535828
    ],
    "Val_Joules": [
        951.6426074028016,
        1903.2852148056033,
        2854.927822208405,
        3806.5704296112062,
        4758.213037014008,
        5709.855644416809,
        6661.49825181961,
        7613.140859222412,
        8564.783466625213,
        9516.426074028015
    ],
    "Val_JoulesNormalized": [
        452.92858938574796,
        905.8571787714959,
        1358.7857681572439,
        1811.7143575429918,
        2264.6429469287395,
        2717.5715363144873,
        3170.500125700235,
        3623.4287150859827,
        4076.3573044717305,
        4529.285893857478
    ],
    "NrPatches": {
        "median": 0,
        "std": 0.0,
        "max": 0,
        "min": 0
    },
    "Correctness_Per_Patch": [
        "W",
        "W",
        "W",
        "W",
        "W",
        "W",
        "W",
        "W",
        "W",
        "W"
    ],
    "Correctness_Per_Patch_original": [
        "wrong",
        "wrong",
        "uncompilable",
        "uncompilable",
        "uncompilable",
        "uncompilable",
        "uncompilable",
        "uncompilable",
        "wrong",
        "wrong"
    ],
    "patches": [],
    "Correctness_Per_Patch_origina": [
        "wrong",
        "wrong",
        "uncompilable",
        "uncompilable",
        "uncompilable",
        "uncompilable",
        "uncompilable",
        "uncompilable",
        "wrong",
        "wrong"
    ]
}