{
    "TOOL_BUG_ID": "codegen_2B-Chart-14",
    "Time": {
        "mean": 39.35443592071533,
        "median": 38.01428830623627,
        "std": 3.0941321822730323,
        "max": 45.63374078273773,
        "min": 37.79417026042938,
        "count": 6
    },
    "Joules": {
        "mean": 13506.97783158819,
        "median": 13545.538775479796,
        "std": 276.50307937454096,
        "max": 13802.487600392104,
        "min": 12995.278446429968,
        "count": 6
    },
    "JoulesNormalized": {
        "mean": 1554.244544275601,
        "median": 1357.5358242034904,
        "std": 363.0087696004718,
        "max": 2065.0782667756075,
        "min": 1246.871578156947,
        "count": 6
    },
    "NrExecutions": 6,
    "ExecutionsIds": [
        "s1",
        "s2",
        "s3",
        "s4",
        "s5",
        "s6"
    ],
    "ExecutionsInferenceIds": [
        "s0",
        "s1"
    ],
    "NrExecutionsInference": 2,
    "ExecutionTime_Per_PatchMedian": [
        12.815182209014893,
        13.81528127193451,
        14.81513524055481,
        15.814988851547241,
        16.815141797065735,
        27.0743967294693,
        28.07464635372162,
        29.074764847755432,
        30.074890851974487,
        38.01428830623627
    ],
    "Joules_Per_PatchMedian": [
        10338.536982232332,
        10485.72279251814,
        10631.441303384305,
        10778.659262549878,
        10926.626457691193,
        12069.731330400706,
        12217.06121299863,
        12363.150826048852,
        12509.492334067822,
        13545.538775479796
    ],
    "JoulesNormalized_Per_PatchMedian": [
        817.8685797929757,
        822.2724277436726,
        826.5117933750146,
        831.0463978946202,
        836.0870355784887,
        1329.334201139211,
        1334.2158901214593,
        1339.2826631426806,
        1343.665398180484,
        1357.5358242034904
    ],
    "Inf_ExecutionTime": {
        "mean": 11.815172553062439,
        "median": 11.815172553062439,
        "std": 10.442300321073407,
        "max": 19.198993921279907,
        "min": 4.431351184844971,
        "count": 2
    },
    "Inf_Joules": {
        "mean": 10191.345914816857,
        "median": 10191.345914816857,
        "std": 8712.771201296764,
        "max": 16352.20551418066,
        "min": 4030.4863154530526,
        "count": 2
    },
    "Inf_JoulesNormalized": {
        "mean": 813.650338816642,
        "median": 813.650338816642,
        "std": 318.8169449780568,
        "max": 1039.0879625678044,
        "min": 588.2127150654796,
        "count": 2
    },
    "Val_ExecutionTime": [
        1.0000096559524536,
        2.0001087188720703,
        2.9999626874923706,
        3.9998162984848022,
        4.999969244003296,
        15.25922417640686,
        16.25947380065918,
        17.259592294692993,
        18.25971829891205,
        26.199115753173828
    ],
    "Val_Joules": [
        147.19106741547512,
        294.37687770128196,
        440.0953885674471,
        587.3133477330202,
        735.2805428743359,
        1878.385415583849,
        2025.7152981817726,
        2171.804911231995,
        2318.1464192509657,
        3354.192860662939
    ],
    "Val_JoulesNormalized": [
        4.218240976333618,
        8.622088927030575,
        12.861454558372486,
        17.39605907797818,
        22.436696761846576,
        515.6838623225689,
        520.5655513048172,
        525.6323243260384,
        530.015059363842,
        543.8854853868484
    ],
    "NrPatches": {
        "median": 1,
        "std": 0.0,
        "max": 1,
        "min": 1
    },
    "Correctness_Per_Patch": [
        "W",
        "W",
        "W",
        "W",
        "W",
        "C",
        "W",
        "W",
        "W",
        "W"
    ],
    "Correctness_Per_Patch_original": [
        "uncompilable",
        "uncompilable",
        "uncompilable",
        "uncompilable",
        "uncompilable",
        "plausible",
        "uncompilable",
        "uncompilable",
        "uncompilable",
        "wrong"
    ],
    "patches": [
        "    boolean removed = markers!= null? markers.remove(marker) : false;\n"
    ],
    "Correctness_Per_Patch_origina": [
        "uncompilable",
        "uncompilable",
        "uncompilable",
        "uncompilable",
        "uncompilable",
        "plausible",
        "uncompilable",
        "uncompilable",
        "uncompilable",
        "wrong"
    ]
}