{
    "TOOL_BUG_ID": "codet5_small-Chart-17",
    "Time": {
        "mean": 100.7941198348999,
        "median": 100.7941198348999,
        "std": 0.0,
        "max": 100.7941198348999,
        "min": 100.7941198348999,
        "count": 6
    },
    "Joules": {
        "mean": 11395.60370643735,
        "median": 11395.60370643735,
        "std": 0.0,
        "max": 11395.60370643735,
        "min": 11395.60370643735,
        "count": 6
    },
    "JoulesNormalized": {
        "mean": 4859.93651522994,
        "median": 4859.93651522994,
        "std": 0.0,
        "max": 4859.93651522994,
        "min": 4859.93651522994,
        "count": 6
    },
    "NrExecutions": 6,
    "ExecutionsIds": [
        "s0",
        "s1",
        "s2",
        "s3",
        "s4",
        "s5"
    ],
    "ExecutionsInferenceIds": [
        "s0",
        "s1"
    ],
    "NrExecutionsInference": 2,
    "ExecutionTime_Per_PatchMedian": [
        10.25935173034668,
        20.31877040863037,
        30.378189086914062,
        40.437607765197754,
        50.497026443481445,
        60.55644512176514,
        70.61586380004883,
        80.67528247833252,
        90.73470115661621,
        100.7941198348999
    ],
    "Joules_Per_PatchMedian": [
        1282.7361231088637,
        2406.388076812029,
        3530.040030515194,
        4653.691984218359,
        5777.343937921523,
        6900.995891624689,
        8024.647845327854,
        9148.29979903102,
        10271.951752734185,
        11395.60370643735
    ],
    "JoulesNormalized_Per_PatchMedian": [
        493.54857345223417,
        978.7027892053125,
        1463.857004958391,
        1949.0112207114694,
        2434.165436464548,
        2919.3196522176263,
        3404.4738679707048,
        3889.628083723783,
        4374.782299476861,
        4859.93651522994
    ],
    "Inf_ExecutionTime": {
        "mean": 0.19993305206298828,
        "median": 0.19993305206298828,
        "std": 0.16983999838131988,
        "max": 0.32002806663513184,
        "min": 0.07983803749084473,
        "count": 2
    },
    "Inf_Joules": {
        "mean": 159.0841694056988,
        "median": 159.0841694056988,
        "std": 138.72313870745907,
        "max": 257.1762414932251,
        "min": 60.992097318172455,
        "count": 2
    },
    "Inf_JoulesNormalized": {
        "mean": 8.394357699155819,
        "median": 8.394357699155819,
        "std": 10.353043857927586,
        "max": 15.71506521701815,
        "min": 1.0736501812934875,
        "count": 2
    },
    "Val_ExecutionTime": [
        10.059418678283691,
        20.118837356567383,
        30.178256034851074,
        40.237674713134766,
        50.29709339141846,
        60.35651206970215,
        70.41593074798584,
        80.47534942626953,
        90.53476810455322,
        100.59418678283691
    ],
    "Val_Joules": [
        1123.651953703165,
        2247.30390740633,
        3370.955861109495,
        4494.60781481266,
        5618.259768515824,
        6741.91172221899,
        7865.563675922155,
        8989.215629625322,
        10112.867583328487,
        11236.519537031652
    ],
    "Val_JoulesNormalized": [
        485.15421575307835,
        970.3084315061567,
        1455.4626472592352,
        1940.6168630123136,
        2425.771078765392,
        2910.9252945184703,
        3396.0795102715488,
        3881.2337260246272,
        4366.387941777705,
        4851.542157530784
    ],
    "NrPatches": {
        "median": 0,
        "std": 0.0,
        "max": 0,
        "min": 0
    },
    "Correctness_Per_Patch": [
        "W",
        "W",
        "W",
        "W",
        "W",
        "W",
        "W",
        "W",
        "W",
        "W"
    ],
    "Correctness_Per_Patch_original": [
        "wrong",
        "uncompilable",
        "wrong",
        "wrong",
        "uncompilable",
        "uncompilable",
        "uncompilable",
        "uncompilable",
        "wrong",
        "uncompilable"
    ],
    "patches": [],
    "Correctness_Per_Patch_origina": [
        "wrong",
        "uncompilable",
        "wrong",
        "wrong",
        "uncompilable",
        "uncompilable",
        "uncompilable",
        "uncompilable",
        "wrong",
        "uncompilable"
    ]
}