{
    "TOOL_BUG_ID": "codet5_base-Lang-61",
    "Time": {
        "mean": 91.2523775100708,
        "median": 91.2523775100708,
        "std": 0.0,
        "max": 91.2523775100708,
        "min": 91.2523775100708,
        "count": 6
    },
    "Joules": {
        "mean": 8373.200483047962,
        "median": 8373.200483047962,
        "std": 0.0,
        "max": 8373.200483047962,
        "min": 8373.200483047962,
        "count": 6
    },
    "JoulesNormalized": {
        "mean": 2365.52703089714,
        "median": 2365.52703089714,
        "std": 0.0,
        "max": 2365.52703089714,
        "min": 2365.52703089714,
        "count": 6
    },
    "NrExecutions": 6,
    "ExecutionsIds": [
        "s0",
        "s1",
        "s2",
        "s3",
        "s4",
        "s5"
    ],
    "ExecutionsInferenceIds": [
        "s0",
        "s1"
    ],
    "NrExecutionsInference": 2,
    "ExecutionTime_Per_PatchMedian": [
        9.5346999168396,
        18.614441871643066,
        27.694183826446533,
        36.77392578125,
        45.85366773605347,
        54.933409690856934,
        64.0131516456604,
        73.09289360046387,
        82.17263555526733,
        91.2523775100708
    ],
    "Joules_Per_PatchMedian": [
        1201.2466279804707,
        1998.1303896546365,
        2795.014151328802,
        3591.897913002968,
        4388.781674677133,
        5185.665436351299,
        5982.549198025465,
        6779.43295969963,
        7576.316721373796,
        8373.200483047962
    ],
    "JoulesNormalized_Per_PatchMedian": [
        290.2511361718178,
        520.8373466968536,
        751.4235572218895,
        982.0097677469253,
        1212.595978271961,
        1443.1821887969968,
        1673.7683993220326,
        1904.3546098470683,
        2134.940820372104,
        2365.52703089714
    ],
    "Inf_ExecutionTime": {
        "mean": 0.4549579620361328,
        "median": 0.4549579620361328,
        "std": 0.23342576861794742,
        "max": 0.6200149059295654,
        "min": 0.2899010181427002,
        "count": 2
    },
    "Inf_Joules": {
        "mean": 404.3628663063049,
        "median": 404.3628663063049,
        "std": 204.22320589808638,
        "max": 548.7704800724983,
        "min": 259.95525254011153,
        "count": 2
    },
    "Inf_JoulesNormalized": {
        "mean": 59.66492564678195,
        "median": 59.66492564678195,
        "std": 28.98895763629091,
        "max": 80.1632141709328,
        "min": 39.1666371226311,
        "count": 2
    },
    "Val_ExecutionTime": [
        9.079741954803467,
        18.159483909606934,
        27.2392258644104,
        36.31896781921387,
        45.398709774017334,
        54.4784517288208,
        63.55819368362427,
        72.63793563842773,
        81.7176775932312,
        90.79741954803467
    ],
    "Val_Joules": [
        796.8837616741658,
        1593.7675233483315,
        2390.651285022497,
        3187.535046696663,
        3984.418808370828,
        4781.302570044994,
        5578.18633171916,
        6375.070093393326,
        7171.9538550674915,
        7968.837616741657
    ],
    "Val_JoulesNormalized": [
        230.58621052503582,
        461.17242105007165,
        691.7586315751075,
        922.3448421001433,
        1152.931052625179,
        1383.5172631502148,
        1614.1034736752506,
        1844.6896842002864,
        2075.2758947253224,
        2305.862105250358
    ],
    "NrPatches": {
        "median": 0,
        "std": 0.0,
        "max": 0,
        "min": 0
    },
    "Correctness_Per_Patch": [
        "W",
        "W",
        "W",
        "W",
        "W",
        "W",
        "W",
        "W",
        "W",
        "W"
    ],
    "Correctness_Per_Patch_original": [
        "wrong",
        "wrong",
        "wrong",
        "wrong",
        "wrong",
        "wrong",
        "wrong",
        "wrong",
        "wrong",
        "wrong"
    ],
    "patches": [],
    "Correctness_Per_Patch_origina": [
        "wrong",
        "wrong",
        "wrong",
        "wrong",
        "wrong",
        "wrong",
        "wrong",
        "wrong",
        "wrong",
        "wrong"
    ]
}