{
    "TOOL_BUG_ID": "codegen_350M-Chart-17",
    "Time": {
        "mean": 100.93896877765656,
        "median": 100.93896877765656,
        "std": 0.0,
        "max": 100.93896877765656,
        "min": 100.93896877765656,
        "count": 5
    },
    "Joules": {
        "mean": 11511.746303123236,
        "median": 11511.746303123236,
        "std": 0.0,
        "max": 11511.746303123236,
        "min": 11511.746303123236,
        "count": 5
    },
    "JoulesNormalized": {
        "mean": 4873.147288233041,
        "median": 4873.147288233041,
        "std": 0.0,
        "max": 4873.147288233041,
        "min": 4873.147288233041,
        "count": 5
    },
    "NrExecutions": 5,
    "ExecutionsIds": [
        "s1",
        "s2",
        "s3",
        "s4",
        "s5"
    ],
    "ExecutionsInferenceIds": [
        "s0",
        "s1"
    ],
    "NrExecutionsInference": 2,
    "ExecutionTime_Per_PatchMedian": [
        10.404200673103333,
        20.463619351387024,
        30.523038029670715,
        40.58245670795441,
        50.6418753862381,
        60.70129406452179,
        70.76071274280548,
        80.82013142108917,
        90.87955009937286,
        100.93896877765656
    ],
    "Joules_Per_PatchMedian": [
        1398.8787197947502,
        2522.530673497915,
        3646.18262720108,
        4769.834580904245,
        5893.486534607409,
        7017.138488310575,
        8140.79044201374,
        9264.442395716906,
        10388.094349420071,
        11511.746303123236
    ],
    "JoulesNormalized_Per_PatchMedian": [
        506.7593464553355,
        991.9135622084139,
        1477.067777961492,
        1962.2219937145705,
        2447.376209467649,
        2932.5304252207275,
        3417.684640973806,
        3902.8388567268844,
        4387.993072479962,
        4873.147288233041
    ],
    "Inf_ExecutionTime": {
        "mean": 0.3447819948196411,
        "median": 0.3447819948196411,
        "std": 0.48759537313598666,
        "max": 0.6895639896392822,
        "min": 0,
        "count": 2
    },
    "Inf_Joules": {
        "mean": 275.22676609158515,
        "median": 275.22676609158515,
        "std": 389.22942533480716,
        "max": 550.4535321831703,
        "min": 0,
        "count": 2
    },
    "Inf_JoulesNormalized": {
        "mean": 21.605130702257185,
        "median": 21.605130702257185,
        "std": 30.55426885597546,
        "max": 43.21026140451437,
        "min": 0,
        "count": 2
    },
    "Val_ExecutionTime": [
        10.059418678283691,
        20.118837356567383,
        30.178256034851074,
        40.237674713134766,
        50.29709339141846,
        60.35651206970215,
        70.41593074798584,
        80.47534942626953,
        90.53476810455322,
        100.59418678283691
    ],
    "Val_Joules": [
        1123.651953703165,
        2247.30390740633,
        3370.955861109495,
        4494.60781481266,
        5618.259768515824,
        6741.91172221899,
        7865.563675922155,
        8989.21562962532,
        10112.867583328485,
        11236.51953703165
    ],
    "Val_JoulesNormalized": [
        485.15421575307835,
        970.3084315061567,
        1455.462647259235,
        1940.6168630123134,
        2425.771078765392,
        2910.9252945184703,
        3396.0795102715488,
        3881.2337260246272,
        4366.387941777705,
        4851.542157530784
    ],
    "NrPatches": {
        "median": 0,
        "std": 0.0,
        "max": 0,
        "min": 0
    },
    "Correctness_Per_Patch": [
        "W",
        "W",
        "W",
        "W",
        "W",
        "W",
        "W",
        "W",
        "W",
        "W"
    ],
    "Correctness_Per_Patch_original": [
        "wrong",
        "uncompilable",
        "uncompilable",
        "wrong",
        "wrong",
        "wrong",
        "uncompilable",
        "uncompilable",
        "wrong",
        "uncompilable"
    ],
    "patches": [],
    "Correctness_Per_Patch_origina": [
        "wrong",
        "uncompilable",
        "uncompilable",
        "wrong",
        "wrong",
        "wrong",
        "uncompilable",
        "uncompilable",
        "wrong",
        "uncompilable"
    ]
}