{
    "TOOL_BUG_ID": "codegen_2B-Lang-40",
    "Time": {
        "mean": 79.66748535633087,
        "median": 79.66748535633087,
        "std": 0.0,
        "max": 79.66748535633087,
        "min": 79.66748535633087,
        "count": 6
    },
    "Joules": {
        "mean": 8779.65675677657,
        "median": 8779.65675677657,
        "std": 0.0,
        "max": 8779.65675677657,
        "min": 8779.65675677657,
        "count": 6
    },
    "JoulesNormalized": {
        "mean": 2242.619414442778,
        "median": 2242.619414442778,
        "std": 0.0,
        "max": 2242.619414442778,
        "min": 2242.619414442778,
        "count": 6
    },
    "NrExecutions": 6,
    "ExecutionsIds": [
        "s0",
        "s1",
        "s2",
        "s3",
        "s4",
        "s5"
    ],
    "ExecutionsInferenceIds": [
        "s0",
        "s1"
    ],
    "NrExecutionsInference": 2,
    "ExecutionTime_Per_PatchMedian": [
        9.830703020095825,
        17.59034550189972,
        25.349987983703613,
        33.10963046550751,
        40.8692729473114,
        48.628915429115295,
        56.38855791091919,
        64.14820039272308,
        71.90784287452698,
        79.66748535633087
    ],
    "Joules_Per_PatchMedian": [
        2642.2408554255962,
        3324.1759555757044,
        4006.1110557258125,
        4688.046155875921,
        5369.981256026029,
        6051.916356176137,
        6733.851456326245,
        7415.786556476353,
        8097.7216566264615,
        8779.65675677657
    ],
    "JoulesNormalized_Per_PatchMedian": [
        516.790733075142,
        708.5494754493238,
        900.3082178235056,
        1092.0669601976874,
        1283.8257025718692,
        1475.584444946051,
        1667.3431873202328,
        1859.1019296944146,
        2050.8606720685966,
        2242.619414442778
    ],
    "Inf_ExecutionTime": {
        "mean": 2.071060538291931,
        "median": 2.071060538291931,
        "std": 0.01593875799506182,
        "max": 2.0823309421539307,
        "min": 2.0597901344299316,
        "count": 2
    },
    "Inf_Joules": {
        "mean": 1960.305755275488,
        "median": 1960.305755275488,
        "std": 0.569778178967714,
        "max": 1960.7086492896083,
        "min": 1959.902861261368,
        "count": 2
    },
    "Inf_JoulesNormalized": {
        "mean": 325.03199070096025,
        "median": 325.03199070096025,
        "std": 23.016367056821515,
        "max": 341.3070199251174,
        "min": 308.7569614768031,
        "count": 2
    },
    "Val_ExecutionTime": [
        7.759642481803894,
        15.519284963607788,
        23.278927445411682,
        31.038569927215576,
        38.79821240901947,
        46.557854890823364,
        54.31749737262726,
        62.07713985443115,
        69.83678233623505,
        77.59642481803894
    ],
    "Val_Joules": [
        681.9351001501082,
        1363.8702003002163,
        2045.8053004503245,
        2727.7404006004326,
        3409.675500750541,
        4091.610600900649,
        4773.545701050757,
        5455.480801200865,
        6137.415901350973,
        6819.3510015010825
    ],
    "Val_JoulesNormalized": [
        191.7587423741818,
        383.5174847483636,
        575.2762271225454,
        767.0349694967272,
        958.793711870909,
        1150.5524542450908,
        1342.3111966192726,
        1534.0699389934543,
        1725.8286813676364,
        1917.587423741818
    ],
    "NrPatches": {
        "median": 0,
        "std": 0.0,
        "max": 0,
        "min": 0
    },
    "Correctness_Per_Patch": [
        "W",
        "W",
        "W",
        "W",
        "W",
        "W",
        "W",
        "W",
        "W",
        "W"
    ],
    "Correctness_Per_Patch_original": [
        "wrong",
        "wrong",
        "wrong",
        "wrong",
        "wrong",
        "uncompilable",
        "wrong",
        "wrong",
        "wrong",
        "uncompilable"
    ],
    "patches": [],
    "Correctness_Per_Patch_origina": [
        "wrong",
        "wrong",
        "wrong",
        "wrong",
        "wrong",
        "uncompilable",
        "wrong",
        "wrong",
        "wrong",
        "uncompilable"
    ]
}