{
    "TOOL_BUG_ID": "incoder_6B-Closure-146",
    "Time": {
        "mean": 16.16893877983093,
        "median": 16.047712087631226,
        "std": 0.38967663558301474,
        "max": 16.608461618423462,
        "min": 15.68967056274414,
        "count": 5
    },
    "Joules": {
        "mean": 3398.2700748538973,
        "median": 3399.018466722966,
        "std": 43.423750809520776,
        "max": 3454.4839443325995,
        "min": 3347.2102081656453,
        "count": 5
    },
    "JoulesNormalized": {
        "mean": 873.152470636368,
        "median": 979.9108797430994,
        "std": 277.4648302114032,
        "max": 1039.929230761528,
        "min": 378.8553716778757,
        "count": 5
    },
    "NrExecutions": 5,
    "ExecutionsIds": [
        "s0",
        "s1",
        "s2",
        "s3",
        "s4"
    ],
    "ExecutionsInferenceIds": [
        "s0",
        "s1"
    ],
    "NrExecutionsInference": 2,
    "ExecutionTime_Per_PatchMedian": [
        3.749718189239502,
        4.729762315750122,
        5.729854345321655,
        6.729883432388306,
        7.709797143936157,
        9.70962643623352,
        11.709762573242188,
        13.689685583114624,
        15.68967056274414,
        16.047712087631226
    ],
    "Joules_Per_PatchMedian": [
        2132.7743903160094,
        2234.2125913381574,
        2336.266707897186,
        2439.4351629734033,
        2540.4561951518053,
        2743.9735890388483,
        2945.4754623413082,
        3146.293391573429,
        3360.2143594384193,
        3399.018466722966
    ],
    "JoulesNormalized_Per_PatchMedian": [
        520.3148849725725,
        558.9331591606142,
        596.8811168193819,
        635.8467439770701,
        674.157218205929,
        747.4978463530543,
        821.0596395730976,
        895.4098531365397,
        967.9749902725222,
        979.9108797430994
    ],
    "Inf_ExecutionTime": {
        "mean": 1.749758005142212,
        "median": 1.749758005142212,
        "std": 0.07143755952681304,
        "max": 1.800271987915039,
        "min": 1.6992440223693848,
        "count": 2
    },
    "Inf_Joules": {
        "mean": 1931.098713517189,
        "median": 1931.098713517189,
        "std": 81.07800986780951,
        "max": 1988.429524099827,
        "min": 1873.767902934551,
        "count": 2
    },
    "Inf_JoulesNormalized": {
        "mean": 446.83729784488696,
        "median": 446.83729784488696,
        "std": 36.180087523353095,
        "max": 472.42048307657274,
        "min": 421.2541126132012,
        "count": 2
    },
    "Val_ExecutionTime": [
        1.99996018409729,
        2.98000431060791,
        3.9800963401794434,
        4.980125427246094,
        5.960039138793945,
        7.959868431091309,
        9.960004568099976,
        11.939927577972412,
        13.939912557601929,
        14.297954082489014
    ],
    "Val_Joules": [
        201.6756767988204,
        303.11387782096836,
        405.1679943799968,
        508.33644945621427,
        609.3574816346163,
        812.8748755216593,
        1014.3767488241192,
        1215.1946780562398,
        1429.1156459212302,
        1467.919753205777
    ],
    "Val_JoulesNormalized": [
        73.47758712768552,
        112.09586131572723,
        150.0438189744949,
        189.00944613218314,
        227.31992036104202,
        300.6605485081674,
        374.2223417282106,
        448.57255529165275,
        521.1376924276352,
        533.0735818982124
    ],
    "NrPatches": {
        "median": 0,
        "std": 0.0,
        "max": 0,
        "min": 0
    },
    "Correctness_Per_Patch": [
        "W",
        "W",
        "W",
        "W",
        "W",
        "W",
        "W",
        "W",
        "W",
        "W"
    ],
    "Correctness_Per_Patch_original": [
        "wrong",
        "uncompilable",
        "uncompilable",
        "uncompilable",
        "uncompilable",
        "wrong",
        "wrong",
        "wrong",
        "wrong",
        "uncompilable"
    ],
    "patches": [],
    "Correctness_Per_Patch_origina": [
        "wrong",
        "uncompilable",
        "uncompilable",
        "uncompilable",
        "uncompilable",
        "wrong",
        "wrong",
        "wrong",
        "wrong",
        "uncompilable"
    ]
}