{
    "TOOL_BUG_ID": "incoder_1B-Mockito-38",
    "Time": {
        "mean": 87.85273134708405,
        "median": 87.85273134708405,
        "std": 0.0,
        "max": 87.85273134708405,
        "min": 87.85273134708405,
        "count": 5
    },
    "Joules": {
        "mean": 11876.359287321566,
        "median": 11876.359287321566,
        "std": 0.0,
        "max": 11876.359287321566,
        "min": 11876.359287321566,
        "count": 5
    },
    "JoulesNormalized": {
        "mean": 5985.429254972933,
        "median": 5985.429254972933,
        "std": 0.0,
        "max": 5985.429254972933,
        "min": 5985.429254972933,
        "count": 5
    },
    "NrExecutions": 5,
    "ExecutionsIds": [
        "s0",
        "s1",
        "s2",
        "s3",
        "s4"
    ],
    "ExecutionsInferenceIds": [
        "s0",
        "s1"
    ],
    "NrExecutionsInference": 2,
    "ExecutionTime_Per_PatchMedian": [
        9.199139595031738,
        17.938427567481995,
        26.67771553993225,
        35.41700351238251,
        44.156291484832764,
        52.89557945728302,
        61.634867429733276,
        70.37415540218353,
        79.11344337463379,
        87.85273134708405
    ],
    "Joules_Per_PatchMedian": [
        1572.588764834404,
        2717.4521562218665,
        3862.315547609329,
        5007.178938996792,
        6152.0423303842545,
        7296.905721771717,
        8441.76911315918,
        9586.632504546642,
        10731.495895934104,
        11876.359287321566
    ],
    "JoulesNormalized_Per_PatchMedian": [
        656.671121674776,
        1248.7553587079046,
        1840.8395957410335,
        2432.9238327741623,
        3025.008069807291,
        3617.09230684042,
        4209.176543873548,
        4801.260780906677,
        5393.345017939805,
        5985.429254972933
    ],
    "Inf_ExecutionTime": {
        "mean": 0.45985162258148193,
        "median": 0.45985162258148193,
        "std": 0.07101389940558153,
        "max": 0.510066032409668,
        "min": 0.4096372127532959,
        "count": 2
    },
    "Inf_Joules": {
        "mean": 427.7253734469414,
        "median": 427.7253734469414,
        "std": 63.28040431574359,
        "max": 472.47137645483014,
        "min": 382.9793704390526,
        "count": 2
    },
    "Inf_JoulesNormalized": {
        "mean": 64.58688464164734,
        "median": 64.58688464164734,
        "std": 2.5751745850754575,
        "max": 66.40780805349345,
        "min": 62.765961229801235,
        "count": 2
    },
    "Val_ExecutionTime": [
        8.739287972450256,
        17.478575944900513,
        26.21786391735077,
        34.957151889801025,
        43.69643986225128,
        52.43572783470154,
        61.175015807151794,
        69.91430377960205,
        78.65359175205231,
        87.39287972450256
    ],
    "Val_Joules": [
        1144.8633913874626,
        2289.726782774925,
        3434.5901741623875,
        4579.45356554985,
        5724.316956937313,
        6869.180348324776,
        8014.043739712239,
        9158.9071310997,
        10303.770522487162,
        11448.633913874624
    ],
    "Val_JoulesNormalized": [
        592.0842370331287,
        1184.1684740662572,
        1776.252711099386,
        2368.336948132515,
        2960.4211851656437,
        3552.5054221987725,
        4144.589659231901,
        4736.67389626503,
        5328.758133298158,
        5920.8423703312865
    ],
    "NrPatches": {
        "median": 1,
        "std": 0.0,
        "max": 1,
        "min": 1
    },
    "Correctness_Per_Patch": [
        "W",
        "W",
        "W",
        "W",
        "W",
        "W",
        "W",
        "C",
        "W",
        "W"
    ],
    "Correctness_Per_Patch_original": [
        "wrong",
        "wrong",
        "uncompilable",
        "wrong",
        "wrong",
        "wrong",
        "uncompilable",
        "plausible",
        "uncompilable",
        "wrong"
    ],
    "patches": [
        "    return arg!= null && StringDescription.toString(m).equals(arg.toString());\n"
    ],
    "Correctness_Per_Patch_origina": [
        "wrong",
        "wrong",
        "uncompilable",
        "wrong",
        "wrong",
        "wrong",
        "uncompilable",
        "plausible",
        "uncompilable",
        "wrong"
    ]
}