{
    "TOOL_BUG_ID": "plbart_large-Lang-57",
    "Time": {
        "mean": 93.73017823696136,
        "median": 93.73017823696136,
        "std": 0.0,
        "max": 93.73017823696136,
        "min": 93.73017823696136,
        "count": 4
    },
    "Joules": {
        "mean": 8532.835438513754,
        "median": 8532.835438513754,
        "std": 0.0,
        "max": 8532.835438513754,
        "min": 8532.835438513754,
        "count": 4
    },
    "JoulesNormalized": {
        "mean": 2498.882276105881,
        "median": 2498.882276105881,
        "std": 0.0,
        "max": 2498.882276105881,
        "min": 2498.882276105881,
        "count": 4
    },
    "NrExecutions": 4,
    "ExecutionsIds": [
        "s1",
        "s2",
        "s3",
        "s4"
    ],
    "ExecutionsInferenceIds": [
        "s0",
        "s1"
    ],
    "NrExecutionsInference": 2,
    "ExecutionTime_Per_PatchMedian": [
        9.584533929824829,
        18.93404996395111,
        28.283565998077393,
        37.633082032203674,
        46.982598066329956,
        56.33211410045624,
        65.68163013458252,
        75.0311461687088,
        84.38066220283508,
        93.73017823696136
    ],
    "Joules_Per_PatchMedian": [
        1020.5334543764591,
        1855.2336748361586,
        2689.9338952958583,
        3524.634115755558,
        4359.334336215257,
        5194.034556674957,
        6028.734777134656,
        6863.434997594355,
        7698.135218054054,
        8532.835438513754
    ],
    "JoulesNormalized_Per_PatchMedian": [
        259.1638957619667,
        508.0214935779572,
        756.8790913939476,
        1005.736689209938,
        1254.5942870259285,
        1503.4518848419189,
        1752.3094826579093,
        2001.1670804738997,
        2250.0246782898903,
        2498.882276105881
    ],
    "Inf_ExecutionTime": {
        "mean": 0.23501789569854736,
        "median": 0.23501789569854736,
        "std": 0.04930928394683536,
        "max": 0.2698848247528076,
        "min": 0.2001509666442871,
        "count": 2
    },
    "Inf_Joules": {
        "mean": 185.8332339167595,
        "median": 185.8332339167595,
        "std": 41.453370115478364,
        "max": 215.14519302845002,
        "min": 156.52127480506897,
        "count": 2
    },
    "Inf_JoulesNormalized": {
        "mean": 10.30629794597624,
        "median": 10.30629794597624,
        "std": 2.3993370395749074,
        "max": 12.002885437011713,
        "min": 8.609710454940767,
        "count": 2
    },
    "Val_ExecutionTime": [
        9.349516034126282,
        18.699032068252563,
        28.048548102378845,
        37.39806413650513,
        46.74758017063141,
        56.09709620475769,
        65.44661223888397,
        74.79612827301025,
        84.14564430713654,
        93.49516034126282
    ],
    "Val_Joules": [
        834.7002204596996,
        1669.400440919399,
        2504.1006613790987,
        3338.8008818387984,
        4173.501102298498,
        5008.201322758197,
        5842.901543217897,
        6677.601763677596,
        7512.301984137295,
        8347.002204596994
    ],
    "Val_JoulesNormalized": [
        248.8575978159905,
        497.7151956319809,
        746.5727934479714,
        995.4303912639618,
        1244.2879890799522,
        1493.1455868959426,
        1742.003184711933,
        1990.8607825279234,
        2239.718380343914,
        2488.5759781599045
    ],
    "NrPatches": {
        "median": 1,
        "std": 0.0,
        "max": 1,
        "min": 1
    },
    "Correctness_Per_Patch": [
        "W",
        "W",
        "W",
        "W",
        "W",
        "W",
        "W",
        "W",
        "W",
        "C"
    ],
    "Correctness_Per_Patch_original": [
        "uncompilable",
        "wrong",
        "wrong",
        "wrong",
        "uncompilable",
        "uncompilable",
        "uncompilable",
        "wrong",
        "uncompilable",
        "plausible"
    ],
    "patches": [
        "return cAvailableLocaleList.contains(locale);"
    ],
    "Correctness_Per_Patch_origina": [
        "uncompilable",
        "wrong",
        "wrong",
        "wrong",
        "uncompilable",
        "uncompilable",
        "uncompilable",
        "wrong",
        "uncompilable",
        "plausible"
    ]
}