{
    "TOOL_BUG_ID": "plbart_large-Closure-168",
    "Time": {
        "mean": 359.19205971558887,
        "median": 295.6236799955368,
        "std": 156.01518435105825,
        "max": 677.6551793813705,
        "min": 294.94373428821564,
        "count": 6
    },
    "Joules": {
        "mean": 41291.39887917241,
        "median": 34151.19710153938,
        "std": 17688.17558343718,
        "max": 77394.93076941371,
        "min": 33792.412530010944,
        "count": 6
    },
    "JoulesNormalized": {
        "mean": 18145.194118376574,
        "median": 15103.636687904596,
        "std": 8109.181548161324,
        "max": 34678.72712449432,
        "min": 14347.463144308329,
        "count": 6
    },
    "NrExecutions": 6,
    "ExecutionsIds": [
        "s0",
        "s1",
        "s2",
        "s3",
        "s4",
        "s5"
    ],
    "ExecutionsInferenceIds": [
        "s0",
        "s1"
    ],
    "NrExecutionsInference": 2,
    "ExecutionTime_Per_PatchMedian": [
        5.3700315952301025,
        73.09853208065033,
        140.82703256607056,
        208.55553305149078,
        213.60536348819733,
        218.60523211956024,
        220.5957064628601,
        225.59412014484406,
        293.3226206302643,
        295.6236799955368
    ],
    "Joules_Per_PatchMedian": [
        925.5974390208721,
        8634.82270091772,
        16344.04796281457,
        24053.273224711418,
        24679.01388411522,
        25303.56707999706,
        25548.27160462737,
        26165.795110630992,
        33875.02037252784,
        34151.19710153938
    ],
    "JoulesNormalized_Per_PatchMedian": [
        283.1701888203621,
        3748.3768384337423,
        7213.583488047123,
        10678.790137660502,
        10934.428358888625,
        11187.198542279004,
        11289.196335154771,
        11532.87723726034,
        14998.083886873721,
        15103.636687904596
    ],
    "Inf_ExecutionTime": {
        "mean": 0.3701745271682739,
        "median": 0.3701745271682739,
        "std": 0.07018815834955609,
        "max": 0.41980504989624023,
        "min": 0.3205440044403076,
        "count": 2
    },
    "Inf_Joules": {
        "mean": 302.67815044522285,
        "median": 302.67815044522285,
        "std": 57.9471781575893,
        "max": 343.65299307107927,
        "min": 261.7033078193665,
        "count": 2
    },
    "Inf_JoulesNormalized": {
        "mean": 26.660628360509904,
        "median": 26.660628360509904,
        "std": 2.1932334122606973,
        "max": 28.211478579044353,
        "min": 25.109778141975454,
        "count": 2
    },
    "Val_ExecutionTime": [
        4.999857068061829,
        72.72835755348206,
        140.45685803890228,
        208.1853585243225,
        213.23518896102905,
        218.23505759239197,
        220.22553193569183,
        225.22394561767578,
        292.952446103096,
        295.25350546836853
    ],
    "Val_Joules": [
        622.9192885756493,
        8332.144550472498,
        16041.369812369347,
        23750.595074266195,
        24376.335733669996,
        25000.88892955184,
        25245.593454182148,
        25863.11696018577,
        33572.34222208262,
        33848.51895109416
    ],
    "Val_JoulesNormalized": [
        256.5095604598522,
        3721.7162100732326,
        7186.922859686612,
        10652.129509299992,
        10907.767730528114,
        11160.537913918493,
        11262.53570679426,
        11506.21660889983,
        14971.42325851321,
        15076.976059544086
    ],
    "NrPatches": {
        "median": 2,
        "std": 0.0,
        "max": 2,
        "min": 2
    },
    "Correctness_Per_Patch": [
        "W",
        "C",
        "W",
        "C",
        "W",
        "W",
        "W",
        "W",
        "W",
        "W"
    ],
    "Correctness_Per_Patch_original": [
        "wrong",
        "plausible",
        "wrong",
        "plausible",
        "wrong",
        "wrong",
        "uncompilable",
        "wrong",
        "wrong",
        "uncompilable"
    ],
    "patches": [
        "if (t.getScopeDepth() < 2) {",
        "if (t.getScopeDepth() <= 1) {"
    ],
    "Correctness_Per_Patch_origina": [
        "wrong",
        "plausible",
        "wrong",
        "plausible",
        "wrong",
        "wrong",
        "uncompilable",
        "wrong",
        "wrong",
        "uncompilable"
    ]
}