{
    "Group_ID": "s_1223_1224",
    "TOOL_BUG_ID": "TBar10C-Chart-3",
    "patch_correctness": true,
    "ExecutionsIds": [
        "1223",
        "1224"
    ],
    "NrExecutions": 2,
    "NrOutliers": 0,
    "SLB": {
        "median": 63.7,
        "std": 0.7071067811865476,
        "max": 64.2,
        "min": 63.2
    },
    "PowerAvg": {
        "median": 113.6,
        "std": 0.848528137423859,
        "max": 114.2,
        "min": 113.0
    },
    "Time": {
        "median": 30.370158672332764,
        "std": 0.3540888520149228,
        "max": 30.759644031524658,
        "min": 29.97913885116577
    },
    "Joules": {
        "median": 3524.013162684441,
        "std": 39.77636608880145,
        "max": 3565.4299943447113,
        "min": 3482.3388435840607
    },
    "JoulesNormalized": {
        "median": 1589.2107454299926,
        "std": 17.388126099024117,
        "max": 1605.4437036752702,
        "min": 1573.9124046564102
    },
    "NrPatches": {
        "median": 10.5,
        "std": 0.5773502691896257,
        "max": 11,
        "min": 10
    },
    "Joules_Per_PatchMedian": [
        154.3754232466221,
        210.54973162412642,
        263.3152721762657,
        331.4125995218754,
        384.4508128464222,
        435.92630913257597,
        489.7831181406975,
        1966.4482660889626,
        2022.3681406497956,
        3490.455981242657
    ],
    "ExecutionTime_Per_PatchMedian": [
        1.1600450277328491,
        1.6198844909667969,
        2.0502294301986694,
        2.61001193523407,
        3.0398340225219727,
        3.4601680040359497,
        3.9004074335098267,
        16.79017746448517,
        17.250038981437683,
        30.080082654953003
    ],
    "JoulesNormalized_Per_PatchMedian": [
        80.49061046242714,
        107.38305233716966,
        132.7408487200737,
        165.16996374726295,
        190.83343864083292,
        215.53386278152468,
        241.34760240316393,
        896.8994424462318,
        923.5260831832885,
        1574.405188024044
    ],
    "Correctness_Per_Patch": [
        "W",
        "W",
        "W",
        "W",
        "W",
        "W",
        "W",
        "W",
        "W",
        "W"
    ],
    "Correctness_Per_Patch_original": [
        "uncompilable",
        "uncompilable",
        "uncompilable",
        "uncompilable",
        "uncompilable",
        "uncompilable",
        "uncompilable",
        "uncompilable",
        "uncompilable",
        "uncompilable"
    ]
}