{
    "TOOL_BUG_ID": "codet5_small-Closure-120",
    "Time": {
        "mean": 178.65845473607382,
        "median": 178.18223750591278,
        "std": 1.5693626543990877,
        "max": 181.68988704681396,
        "min": 177.57092118263245,
        "count": 6
    },
    "Joules": {
        "mean": 21531.481045466662,
        "median": 21386.252289599182,
        "std": 271.55784924230034,
        "max": 22022.435972982646,
        "min": 21355.078376859426,
        "count": 6
    },
    "JoulesNormalized": {
        "mean": 9698.514604177079,
        "median": 9887.598230075839,
        "std": 529.9042673007723,
        "max": 9975.624344009162,
        "min": 8619.651764053107,
        "count": 6
    },
    "NrExecutions": 6,
    "ExecutionsIds": [
        "s0",
        "s1",
        "s2",
        "s3",
        "s4",
        "s5"
    ],
    "ExecutionsInferenceIds": [
        "s0",
        "s1"
    ],
    "NrExecutionsInference": 2,
    "ExecutionTime_Per_PatchMedian": [
        5.195315957069397,
        10.195855617523193,
        80.41440570354462,
        85.46382904052734,
        90.463348031044,
        95.45449841022491,
        100.47356390953064,
        102.9642299413681,
        107.96368741989136,
        178.18223750591278
    ],
    "Joules_Per_PatchMedian": [
        754.6086599886418,
        1346.8525311231613,
        9770.441135764122,
        10358.711209094527,
        10946.114131885768,
        11531.971248245241,
        12119.311566275359,
        12376.921089392901,
        12962.663684958221,
        21386.252289599182
    ],
    "JoulesNormalized_Per_PatchMedian": [
        283.3971545517445,
        553.5005861639977,
        4506.442864257098,
        4766.075518882276,
        5033.175946974756,
        5288.030320471527,
        5557.970651412012,
        5674.692372214796,
        5934.655951982739,
        9887.598230075839
    ],
    "Inf_ExecutionTime": {
        "mean": 0.19511747360229492,
        "median": 0.19511747360229492,
        "std": 0.04998043036252284,
        "max": 0.23045897483825684,
        "min": 0.159775972366333,
        "count": 2
    },
    "Inf_Joules": {
        "mean": 156.28662757277488,
        "median": 156.28662757277488,
        "std": 42.30445298412469,
        "max": 186.20039315223693,
        "min": 126.37286199331284,
        "count": 2
    },
    "Inf_JoulesNormalized": {
        "mean": 9.235644859075528,
        "median": 9.235644859075528,
        "std": 4.262883860605886,
        "max": 12.249958944320639,
        "min": 6.221330773830417,
        "count": 2
    },
    "Val_ExecutionTime": [
        5.000198483467102,
        10.000738143920898,
        80.21928822994232,
        85.26871156692505,
        90.26823055744171,
        95.25938093662262,
        100.27844643592834,
        102.76911246776581,
        107.76856994628906,
        177.9871200323105
    ],
    "Val_Joules": [
        598.3220324158668,
        1190.5659035503863,
        9614.154508191346,
        10202.424581521751,
        10789.827504312992,
        11375.684620672466,
        11963.024938702583,
        12220.634461820126,
        12806.377057385445,
        21229.965662026407
    ],
    "Val_JoulesNormalized": [
        274.1615096926689,
        544.2649413049222,
        4497.207219398023,
        4756.8398740232005,
        5023.94030211568,
        5278.794675612451,
        5548.735006552936,
        5665.45672735572,
        5925.4203071236625,
        9878.362585216762
    ],
    "NrPatches": {
        "median": 0,
        "std": 0.0,
        "max": 0,
        "min": 0
    },
    "Correctness_Per_Patch": [
        "W",
        "W",
        "W",
        "W",
        "W",
        "W",
        "W",
        "W",
        "W",
        "W"
    ],
    "Correctness_Per_Patch_original": [
        "wrong",
        "wrong",
        "wrong",
        "wrong",
        "wrong",
        "wrong",
        "wrong",
        "uncompilable",
        "wrong",
        "wrong"
    ],
    "patches": [],
    "Correctness_Per_Patch_origina": [
        "wrong",
        "wrong",
        "wrong",
        "wrong",
        "wrong",
        "wrong",
        "wrong",
        "uncompilable",
        "wrong",
        "wrong"
    ]
}