{
    "TOOL_BUG_ID": "incoder_6B-Math-53",
    "Time": {
        "mean": 203.6539534330368,
        "median": 203.6539534330368,
        "std": 0.0,
        "max": 203.6539534330368,
        "min": 203.6539534330368,
        "count": 5
    },
    "Joules": {
        "mean": 24272.523954790835,
        "median": 24272.523954790835,
        "std": 0.0,
        "max": 24272.523954790835,
        "min": 24272.523954790835,
        "count": 5
    },
    "JoulesNormalized": {
        "mean": 10068.862291139361,
        "median": 10068.862291139361,
        "std": 0.0,
        "max": 10068.862291139361,
        "min": 10068.862291139361,
        "count": 5
    },
    "NrExecutions": 5,
    "ExecutionsIds": [
        "s0",
        "s1",
        "s2",
        "s3",
        "s4"
    ],
    "ExecutionsInferenceIds": [
        "s0",
        "s1"
    ],
    "NrExecutionsInference": 2,
    "ExecutionTime_Per_PatchMedian": [
        22.039690613746643,
        42.21905314922333,
        62.39841568470001,
        82.5777782201767,
        102.75714075565338,
        122.93650329113007,
        143.11586582660675,
        163.29522836208344,
        183.47459089756012,
        203.6539534330368
    ],
    "Joules_Per_PatchMedian": [
        4302.534295237065,
        6521.422035187483,
        8740.309775137901,
        10959.197515088319,
        13178.085255038737,
        15396.972994989155,
        17615.860734939575,
        19834.748474889995,
        22053.636214840415,
        24272.523954790835
    ],
    "JoulesNormalized_Per_PatchMedian": [
        1447.0965359091756,
        2405.0705087125298,
        3363.0444815158835,
        4321.018454319237,
        5278.992427122591,
        6236.966399925945,
        7194.940372729298,
        8152.914345532652,
        9110.888318336007,
        10068.862291139361
    ],
    "Inf_ExecutionTime": {
        "mean": 1.8603280782699585,
        "median": 1.8603280782699585,
        "std": 0.0415269526629958,
        "max": 1.8896920680999756,
        "min": 1.8309640884399414,
        "count": 2
    },
    "Inf_Joules": {
        "mean": 2083.6465552866457,
        "median": 2083.6465552866457,
        "std": 66.8503636579582,
        "max": 2130.916900753975,
        "min": 2036.376209819317,
        "count": 2
    },
    "Inf_JoulesNormalized": {
        "mean": 489.12256310582165,
        "median": 489.12256310582165,
        "std": 52.95631837731608,
        "max": 526.5683349370956,
        "min": 451.67679127454767,
        "count": 2
    },
    "Val_ExecutionTime": [
        20.179362535476685,
        40.35872507095337,
        60.538087606430054,
        80.71745014190674,
        100.89681267738342,
        121.07617521286011,
        141.2555377483368,
        161.43490028381348,
        181.61426281929016,
        201.79362535476685
    ],
    "Val_Joules": [
        2218.887739950419,
        4437.775479900837,
        6656.663219851255,
        8875.550959801672,
        11094.438699752092,
        13313.326439702509,
        15532.214179652929,
        17751.10191960335,
        19969.98965955377,
        22188.87739950419
    ],
    "Val_JoulesNormalized": [
        957.973972803354,
        1915.9479456067081,
        2873.921918410062,
        3831.895891213416,
        4789.8698640167695,
        5747.843836820123,
        6705.817809623477,
        7663.791782426831,
        8621.765755230184,
        9579.739728033539
    ],
    "NrPatches": {
        "median": 0,
        "std": 0.0,
        "max": 0,
        "min": 0
    },
    "Correctness_Per_Patch": [
        "W",
        "W",
        "W",
        "W",
        "W",
        "W",
        "W",
        "W",
        "W",
        "W"
    ],
    "Correctness_Per_Patch_original": [
        "uncompilable",
        "uncompilable",
        "wrong",
        "uncompilable",
        "uncompilable",
        "uncompilable",
        "wrong",
        "uncompilable",
        "uncompilable",
        "uncompilable"
    ],
    "patches": [],
    "Correctness_Per_Patch_origina": [
        "uncompilable",
        "uncompilable",
        "wrong",
        "uncompilable",
        "uncompilable",
        "uncompilable",
        "wrong",
        "uncompilable",
        "uncompilable",
        "uncompilable"
    ]
}