{
    "TOOL_BUG_ID": "codet5_large-Chart-17",
    "Time": {
        "mean": 101.1298097372055,
        "median": 101.1298097372055,
        "std": 0.0,
        "max": 101.1298097372055,
        "min": 101.1298097372055,
        "count": 6
    },
    "Joules": {
        "mean": 11703.913582509758,
        "median": 11703.913582509758,
        "std": 0.0,
        "max": 11703.913582509758,
        "min": 11703.913582509758,
        "count": 6
    },
    "JoulesNormalized": {
        "mean": 4914.615416711568,
        "median": 4914.615416711568,
        "std": 0.0,
        "max": 4914.615416711568,
        "min": 4914.615416711568,
        "count": 6
    },
    "NrExecutions": 6,
    "ExecutionsIds": [
        "s0",
        "s1",
        "s2",
        "s3",
        "s4",
        "s5"
    ],
    "ExecutionsInferenceIds": [
        "s0",
        "s1"
    ],
    "NrExecutionsInference": 2,
    "ExecutionTime_Per_PatchMedian": [
        10.595041632652283,
        20.654460310935974,
        30.713878989219666,
        40.77329766750336,
        50.83271634578705,
        60.89213502407074,
        70.95155370235443,
        81.01097238063812,
        91.07039105892181,
        101.1298097372055
    ],
    "Joules_Per_PatchMedian": [
        1591.0459991812704,
        2714.6979528844354,
        3838.3499065876003,
        4962.001860290766,
        6085.653813993931,
        7209.305767697097,
        8332.957721400262,
        9456.609675103427,
        10580.261628806593,
        11703.913582509758
    ],
    "JoulesNormalized_Per_PatchMedian": [
        548.2274749338626,
        1033.381690686941,
        1518.5359064400195,
        2003.690122193098,
        2488.8443379461764,
        2973.998553699255,
        3459.1527694523334,
        3944.306985205412,
        4429.46120095849,
        4914.615416711568
    ],
    "Inf_ExecutionTime": {
        "mean": 0.5356229543685913,
        "median": 0.5356229543685913,
        "std": 0.4032757136555159,
        "max": 0.820781946182251,
        "min": 0.25046396255493164,
        "count": 2
    },
    "Inf_Joules": {
        "mean": 467.39404547810557,
        "median": 467.39404547810557,
        "std": 363.97176889418273,
        "max": 724.7609514236451,
        "min": 210.02713953256608,
        "count": 2
    },
    "Inf_JoulesNormalized": {
        "mean": 63.07325918078428,
        "median": 63.07325918078428,
        "std": 58.116346537510275,
        "max": 104.16772191524512,
        "min": 21.97879644632343,
        "count": 2
    },
    "Val_ExecutionTime": [
        10.059418678283691,
        20.118837356567383,
        30.178256034851074,
        40.237674713134766,
        50.29709339141846,
        60.35651206970215,
        70.41593074798584,
        80.47534942626953,
        90.53476810455322,
        100.59418678283691
    ],
    "Val_Joules": [
        1123.651953703165,
        2247.30390740633,
        3370.955861109495,
        4494.60781481266,
        5618.259768515825,
        6741.911722218991,
        7865.563675922156,
        8989.215629625322,
        10112.867583328487,
        11236.519537031652
    ],
    "Val_JoulesNormalized": [
        485.15421575307835,
        970.3084315061568,
        1455.4626472592352,
        1940.6168630123136,
        2425.7710787653923,
        2910.9252945184708,
        3396.079510271549,
        3881.2337260246277,
        4366.387941777705,
        4851.542157530784
    ],
    "NrPatches": {
        "median": 0,
        "std": 0.0,
        "max": 0,
        "min": 0
    },
    "Correctness_Per_Patch": [
        "W",
        "W",
        "W",
        "W",
        "W",
        "W",
        "W",
        "W",
        "W",
        "W"
    ],
    "Correctness_Per_Patch_original": [
        "wrong",
        "uncompilable",
        "uncompilable",
        "wrong",
        "uncompilable",
        "uncompilable",
        "uncompilable",
        "uncompilable",
        "uncompilable",
        "uncompilable"
    ],
    "patches": [],
    "Correctness_Per_Patch_origina": [
        "wrong",
        "uncompilable",
        "uncompilable",
        "wrong",
        "uncompilable",
        "uncompilable",
        "uncompilable",
        "uncompilable",
        "uncompilable",
        "uncompilable"
    ]
}