{
    "TOOL_BUG_ID": "plbart_large-Math-96",
    "Time": {
        "mean": 68.20276176929474,
        "median": 68.20276176929474,
        "std": 0.0,
        "max": 68.20276176929474,
        "min": 68.20276176929474,
        "count": 4
    },
    "Joules": {
        "mean": 8439.084098285435,
        "median": 8439.084098285435,
        "std": 0.0,
        "max": 8439.084098285435,
        "min": 8439.084098285435,
        "count": 4
    },
    "JoulesNormalized": {
        "mean": 3562.3869716584686,
        "median": 3562.3869716584686,
        "std": 0.0,
        "max": 3562.3869716584686,
        "min": 3562.3869716584686,
        "count": 4
    },
    "NrExecutions": 4,
    "ExecutionsIds": [
        "s1",
        "s2",
        "s3",
        "s4"
    ],
    "ExecutionsInferenceIds": [
        "s0",
        "s1"
    ],
    "NrExecutionsInference": 2,
    "ExecutionTime_Per_PatchMedian": [
        7.549300909042358,
        14.28857433795929,
        21.02784776687622,
        27.767121195793152,
        34.50639462471008,
        41.245668053627014,
        47.984941482543945,
        54.72421491146088,
        61.46348834037781,
        68.20276176929474
    ],
    "Joules_Per_PatchMedian": [
        1438.294146358967,
        2216.1596965730196,
        2994.025246787072,
        3771.890797001124,
        4549.756347215176,
        5327.621897429228,
        6105.48744764328,
        6883.3529978573315,
        7661.218548071383,
        8439.084098285435
    ],
    "JoulesNormalized_Per_PatchMedian": [
        406.75440085530295,
        757.3802420556548,
        1108.0060832560066,
        1458.6319244563583,
        1809.25776565671,
        2159.8836068570617,
        2510.5094480574135,
        2861.135289257765,
        3211.761130458117,
        3562.3869716584686
    ],
    "Inf_ExecutionTime": {
        "mean": 0.8100274801254272,
        "median": 0.8100274801254272,
        "std": 0.1556801745682059,
        "max": 0.9201099872589111,
        "min": 0.6999449729919434,
        "count": 2
    },
    "Inf_Joules": {
        "mean": 660.4285961449148,
        "median": 660.4285961449148,
        "std": 130.97168226608363,
        "max": 753.0395608186724,
        "min": 567.8176314711571,
        "count": 2
    },
    "Inf_JoulesNormalized": {
        "mean": 56.12855965495112,
        "median": 56.12855965495112,
        "std": 7.184631626953064,
        "max": 61.20886139869697,
        "min": 51.04825791120527,
        "count": 2
    },
    "Val_ExecutionTime": [
        6.739273428916931,
        13.478546857833862,
        20.217820286750793,
        26.957093715667725,
        33.696367144584656,
        40.43564057350159,
        47.17491400241852,
        53.91418743133545,
        60.65346086025238,
        67.39273428916931
    ],
    "Val_Joules": [
        777.8655502140523,
        1555.7311004281048,
        2333.5966506421573,
        3111.462200856209,
        3889.327751070261,
        4667.193301284313,
        5445.058851498365,
        6222.9244017124165,
        7000.789951926468,
        7778.65550214052
    ],
    "Val_JoulesNormalized": [
        350.62584120035183,
        701.2516824007037,
        1051.8775236010556,
        1402.5033648014073,
        1753.129206001759,
        2103.7550472021107,
        2454.3808884024625,
        2805.006729602814,
        3155.632570803166,
        3506.2584120035176
    ],
    "NrPatches": {
        "median": 0,
        "std": 0.0,
        "max": 0,
        "min": 0
    },
    "Correctness_Per_Patch": [
        "W",
        "W",
        "W",
        "W",
        "W",
        "W",
        "W",
        "W",
        "W",
        "W"
    ],
    "Correctness_Per_Patch_original": [
        "wrong",
        "wrong",
        "wrong",
        "wrong",
        "uncompilable",
        "uncompilable",
        "uncompilable",
        "wrong",
        "wrong",
        "uncompilable"
    ],
    "patches": [],
    "Correctness_Per_Patch_origina": [
        "wrong",
        "wrong",
        "wrong",
        "wrong",
        "uncompilable",
        "uncompilable",
        "uncompilable",
        "wrong",
        "wrong",
        "uncompilable"
    ]
}