{
    "TOOL_BUG_ID": "codet5_base-Mockito-5",
    "Time": {
        "mean": 102.7993015050888,
        "median": 102.17320930957794,
        "std": 3.410671881636104,
        "max": 109.08168268203735,
        "min": 99.56318593025208,
        "count": 6
    },
    "Joules": {
        "mean": 15116.396734086673,
        "median": 14857.191456907987,
        "std": 811.5831695450044,
        "max": 16713.026670014857,
        "min": 14592.351509189604,
        "count": 6
    },
    "JoulesNormalized": {
        "mean": 6170.717597333591,
        "median": 7845.982011675835,
        "std": 2887.840379150212,
        "max": 8353.392018020153,
        "min": 1905.7665587782863,
        "count": 6
    },
    "NrExecutions": 6,
    "ExecutionsIds": [
        "s0",
        "s1",
        "s2",
        "s3",
        "s4",
        "s5"
    ],
    "ExecutionsInferenceIds": [
        "s0",
        "s1"
    ],
    "NrExecutionsInference": 2,
    "ExecutionTime_Per_PatchMedian": [
        11.094593524932861,
        21.454582571983337,
        31.525329113006592,
        41.45520496368408,
        51.884811758995056,
        62.324297308921814,
        72.80385732650757,
        82.68353176116943,
        92.5635062456131,
        102.17320930957794
    ],
    "Joules_Per_PatchMedian": [
        2024.2862591981889,
        3495.417196923494,
        4895.2284166455265,
        6335.160949611664,
        7775.387390351296,
        9249.498918193578,
        10655.931393915414,
        12118.455836683512,
        13520.321773600579,
        14857.191456907987
    ],
    "JoulesNormalized_Per_PatchMedian": [
        857.6057188987731,
        1638.9000500380994,
        2438.6993491649628,
        3205.663674098253,
        4006.2202726840974,
        4798.896340280771,
        5575.2204862535,
        6348.417737668753,
        7120.500495749713,
        7845.982011675835
    ],
    "Inf_ExecutionTime": {
        "mean": 0.624875545501709,
        "median": 0.624875545501709,
        "std": 0.021232233580636063,
        "max": 0.6398890018463135,
        "min": 0.6098620891571045,
        "count": 2
    },
    "Inf_Joules": {
        "mean": 548.0533553957939,
        "median": 548.0533553957939,
        "std": 10.709484552095626,
        "max": 555.6261045455933,
        "min": 540.4806062459945,
        "count": 2
    },
    "Inf_JoulesNormalized": {
        "mean": 71.70622302293776,
        "median": 71.70622302293776,
        "std": 5.740959347796403,
        "max": 75.7656943082809,
        "min": 67.64675173759463,
        "count": 2
    },
    "Val_ExecutionTime": [
        10.469717979431152,
        20.82970702648163,
        30.900453567504883,
        40.83032941818237,
        51.25993621349335,
        61.699421763420105,
        72.17898178100586,
        82.05865621566772,
        91.93863070011139,
        101.54833376407623
    ],
    "Val_Joules": [
        1476.232903802395,
        2947.3638415277,
        4347.175061249733,
        5787.10759421587,
        7227.334034955502,
        8701.445562797784,
        10107.87803851962,
        11570.402481287718,
        12972.268418204785,
        14309.138101512193
    ],
    "Val_JoulesNormalized": [
        785.8994958758353,
        1567.1938270151613,
        2366.993126142025,
        3133.9574510753155,
        3934.51404966116,
        4727.190117257835,
        5503.514263230562,
        6276.711514645816,
        7048.7942727267755,
        7774.275788652897
    ],
    "NrPatches": {
        "median": 0,
        "std": 0.0,
        "max": 0,
        "min": 0
    },
    "Correctness_Per_Patch": [
        "W",
        "W",
        "W",
        "W",
        "W",
        "W",
        "W",
        "W",
        "W",
        "W"
    ],
    "Correctness_Per_Patch_original": [
        "uncompilable",
        "uncompilable",
        "uncompilable",
        "uncompilable",
        "uncompilable",
        "uncompilable",
        "uncompilable",
        "uncompilable",
        "uncompilable",
        "uncompilable"
    ],
    "patches": [],
    "Correctness_Per_Patch_origina": [
        "uncompilable",
        "uncompilable",
        "uncompilable",
        "uncompilable",
        "uncompilable",
        "uncompilable",
        "uncompilable",
        "uncompilable",
        "uncompilable",
        "uncompilable"
    ]
}