{
    "TOOL_BUG_ID": "codegen_2B-Mockito-8",
    "Time": {
        "mean": 342.1362393299739,
        "median": 332.626526594162,
        "std": 29.680612969122553,
        "max": 401.91400015354156,
        "min": 323.67670261859894,
        "count": 6
    },
    "Joules": {
        "mean": 51183.80399285157,
        "median": 51943.11520688533,
        "std": 2395.570284627651,
        "max": 53308.87734510303,
        "min": 47915.578577941655,
        "count": 6
    },
    "JoulesNormalized": {
        "mean": 24709.24118732214,
        "median": 26218.528648251297,
        "std": 7040.4709060224395,
        "max": 30441.52861649394,
        "min": 11309.552131813763,
        "count": 6
    },
    "NrExecutions": 6,
    "ExecutionsIds": [
        "s0",
        "s1",
        "s2",
        "s3",
        "s4",
        "s5"
    ],
    "ExecutionsInferenceIds": [
        "s0",
        "s1"
    ],
    "NrExecutionsInference": 2,
    "ExecutionTime_Per_PatchMedian": [
        64.70294725894928,
        104.65191125869751,
        144.60087525844574,
        158.48062527179718,
        220.3693631887436,
        234.40886223316193,
        246.92862820625305,
        258.1782491207123,
        270.2079371213913,
        332.626526594162
    ],
    "Joules_Per_PatchMedian": [
        12178.314012217521,
        17009.397910153864,
        21840.481808090208,
        23802.413043946028,
        33796.05306611657,
        35756.74664280414,
        37714.86279515624,
        40916.59028328657,
        42973.64401571154,
        51943.11520688533
    ],
    "JoulesNormalized_Per_PatchMedian": [
        5784.906636947393,
        8124.096918112039,
        10463.287199276685,
        11507.655415654182,
        16921.63246745467,
        17974.347711235285,
        19017.12713959813,
        19968.094019460677,
        21429.93892028332,
        26218.528648251297
    ],
    "Inf_ExecutionTime": {
        "mean": 2.424360156059265,
        "median": 2.424360156059265,
        "std": 0.034895736105685776,
        "max": 2.449035167694092,
        "min": 2.3996851444244385,
        "count": 2
    },
    "Inf_Joules": {
        "mean": 2470.5120236814023,
        "median": 2470.5120236814023,
        "std": 11.346445549374174,
        "max": 2478.5351722717287,
        "min": 2462.488875091076,
        "count": 2
    },
    "Inf_JoulesNormalized": {
        "mean": 490.9531686246395,
        "median": 490.9531686246395,
        "std": 23.820170661338707,
        "max": 507.79657282829294,
        "min": 474.10976442098604,
        "count": 2
    },
    "Val_ExecutionTime": [
        62.278587102890015,
        102.22755110263824,
        142.17651510238647,
        156.05626511573792,
        217.94500303268433,
        231.98450207710266,
        244.5042680501938,
        255.75388896465302,
        267.78357696533203,
        330.2021664381027
    ],
    "Val_Joules": [
        9707.801988536121,
        14538.885886472463,
        19369.969784408804,
        21331.901020264624,
        31325.541042435165,
        33286.23461912274,
        35244.35077147483,
        38446.078259605165,
        40503.13199203014,
        49472.60318320393
    ],
    "Val_JoulesNormalized": [
        5293.953468322754,
        7633.1437494874,
        9972.334030652046,
        11016.702247029541,
        16430.67929883003,
        17483.394542610644,
        18526.17397097349,
        19477.140850836036,
        20938.985751658678,
        25727.575479626656
    ],
    "NrPatches": {
        "median": 0,
        "std": 0.0,
        "max": 0,
        "min": 0
    },
    "Correctness_Per_Patch": [
        "W",
        "W",
        "W",
        "W",
        "W",
        "W",
        "W",
        "W",
        "W",
        "W"
    ],
    "Correctness_Per_Patch_original": [
        "wrong",
        "wrong",
        "wrong",
        "uncompilable",
        "wrong",
        "uncompilable",
        "uncompilable",
        "uncompilable",
        "uncompilable",
        "wrong"
    ],
    "patches": [],
    "Correctness_Per_Patch_origina": [
        "wrong",
        "wrong",
        "wrong",
        "uncompilable",
        "wrong",
        "uncompilable",
        "uncompilable",
        "uncompilable",
        "uncompilable",
        "wrong"
    ]
}