{
    "TOOL_BUG_ID": "plbart_base-Math-11",
    "Time": {
        "mean": 632.7659795284271,
        "median": 632.7659795284271,
        "std": 0.0,
        "max": 632.7659795284271,
        "min": 632.7659795284271,
        "count": 6
    },
    "Joules": {
        "mean": 71131.64439687134,
        "median": 71131.64439687134,
        "std": 0.0,
        "max": 71131.64439687134,
        "min": 71131.64439687134,
        "count": 6
    },
    "JoulesNormalized": {
        "mean": 31578.060632854704,
        "median": 31578.060632854704,
        "std": 0.0,
        "max": 31578.060632854704,
        "min": 31578.060632854704,
        "count": 6
    },
    "NrExecutions": 6,
    "ExecutionsIds": [
        "s0",
        "s1",
        "s2",
        "s3",
        "s4",
        "s5"
    ],
    "ExecutionsInferenceIds": [
        "s0",
        "s1"
    ],
    "NrExecutionsInference": 2,
    "ExecutionTime_Per_PatchMedian": [
        63.438570976257324,
        126.69717192649841,
        189.9557728767395,
        253.2143738269806,
        316.4729747772217,
        379.73157572746277,
        442.99017667770386,
        506.24877762794495,
        569.507378578186,
        632.7659795284271
    ],
    "Joules_Per_PatchMedian": [
        7239.893950569629,
        14338.97733349204,
        21438.06071641445,
        28537.14409933686,
        35636.22748225927,
        42735.31086518169,
        49834.3942481041,
        56933.477631026515,
        64032.56101394893,
        71131.64439687134
    ],
    "JoulesNormalized_Per_PatchMedian": [
        3163.8753997206686,
        6321.007092291116,
        9478.138784861563,
        12635.270477432012,
        15792.40217000246,
        18949.53386257291,
        22106.665555143358,
        25263.797247713806,
        28420.928940284255,
        31578.060632854704
    ],
    "Inf_ExecutionTime": {
        "mean": 0.17997002601623535,
        "median": 0.17997002601623535,
        "std": 0.0003580796249485557,
        "max": 0.1802232265472412,
        "min": 0.1797168254852295,
        "count": 2
    },
    "Inf_Joules": {
        "mean": 140.8105676472187,
        "median": 140.8105676472187,
        "std": 1.5401360809907298,
        "max": 141.89960831403732,
        "min": 139.72152698040009,
        "count": 2
    },
    "Inf_JoulesNormalized": {
        "mean": 6.743707150220871,
        "median": 6.743707150220871,
        "std": 0.012902271435330936,
        "max": 6.752830433845503,
        "min": 6.734583866596239,
        "count": 2
    },
    "Val_ExecutionTime": [
        63.25860095024109,
        126.51720190048218,
        189.77580285072327,
        253.03440380096436,
        316.29300475120544,
        379.55160570144653,
        442.8102066516876,
        506.0688076019287,
        569.3274085521698,
        632.5860095024109
    ],
    "Val_Joules": [
        7099.08338292241,
        14198.16676584482,
        21297.25014876723,
        28396.33353168964,
        35495.416914612055,
        42594.50029753447,
        49693.58368045688,
        56792.6670633793,
        63891.75044630171,
        70990.83382922412
    ],
    "Val_JoulesNormalized": [
        3157.1316925704477,
        6314.2633851408955,
        9471.395077711342,
        12628.526770281791,
        15785.65846285224,
        18942.79015542269,
        22099.921847993137,
        25257.053540563586,
        28414.185233134034,
        31571.316925704483
    ],
    "NrPatches": {
        "median": 0,
        "std": 0.0,
        "max": 0,
        "min": 0
    },
    "Correctness_Per_Patch": [
        "W",
        "W",
        "W",
        "W",
        "W",
        "W",
        "W",
        "W",
        "W",
        "W"
    ],
    "Correctness_Per_Patch_original": [
        "uncompilable",
        "uncompilable",
        "uncompilable",
        "uncompilable",
        "uncompilable",
        "uncompilable",
        "uncompilable",
        "uncompilable",
        "uncompilable",
        "uncompilable"
    ],
    "patches": [],
    "Correctness_Per_Patch_origina": [
        "uncompilable",
        "uncompilable",
        "uncompilable",
        "uncompilable",
        "uncompilable",
        "uncompilable",
        "uncompilable",
        "uncompilable",
        "uncompilable",
        "uncompilable"
    ]
}