{
    "TOOL_BUG_ID": "incoder_6B-Mockito-5",
    "Time": {
        "mean": 123.05767433643341,
        "median": 123.45731341838837,
        "std": 0.6957718567920731,
        "max": 123.59889876842499,
        "min": 121.99759447574615,
        "count": 5
    },
    "Joules": {
        "mean": 23133.385859237907,
        "median": 23244.061906045674,
        "std": 415.24660017217104,
        "max": 23596.659877508875,
        "min": 22608.46293724179,
        "count": 5
    },
    "JoulesNormalized": {
        "mean": 12737.708208798169,
        "median": 13435.988814538716,
        "std": 2244.2760600318693,
        "max": 14081.426628690955,
        "min": 8763.9094887197,
        "count": 5
    },
    "NrExecutions": 5,
    "ExecutionsIds": [
        "s0",
        "s1",
        "s2",
        "s3",
        "s4"
    ],
    "ExecutionsInferenceIds": [
        "s0",
        "s1"
    ],
    "NrExecutionsInference": 2,
    "ExecutionTime_Per_PatchMedian": [
        15.359791874885559,
        28.879263997077942,
        40.318771958351135,
        51.61943566799164,
        64.99903571605682,
        76.39902460575104,
        87.61844861507416,
        98.97749555110931,
        112.31859385967255,
        123.45731341838837
    ],
    "Joules_Per_PatchMedian": [
        4601.840268307924,
        6941.786076647042,
        8916.925612193345,
        10861.484386795759,
        13195.861923843622,
        15150.924384850263,
        17079.665008229018,
        19023.205876213313,
        21339.51271393895,
        23244.061906045674
    ],
    "JoulesNormalized_Per_PatchMedian": [
        2025.3781134784217,
        3489.713644915819,
        4698.947523266077,
        5885.409896796942,
        7319.9037752330305,
        8534.717261332273,
        9723.204551678895,
        10909.363385409115,
        12327.64324327111,
        13435.988814538716
    ],
    "Inf_ExecutionTime": {
        "mean": 1.9398339986801147,
        "median": 1.9398339986801147,
        "std": 0.29653932556385887,
        "max": 2.1495189666748047,
        "min": 1.7301490306854248,
        "count": 2
    },
    "Inf_Joules": {
        "mean": 2269.8570122539995,
        "median": 2269.8570122539995,
        "std": 336.89517963110904,
        "max": 2508.0778783202168,
        "min": 2031.6361461877823,
        "count": 2
    },
    "Inf_JoulesNormalized": {
        "mean": 552.9698151767252,
        "median": 552.9698151767252,
        "std": 116.5978626849719,
        "max": 635.4169545531267,
        "min": 470.52267580032367,
        "count": 2
    },
    "Val_ExecutionTime": [
        13.419957876205444,
        26.939429998397827,
        38.37893795967102,
        49.67960166931152,
        63.05920171737671,
        74.45919060707092,
        85.67861461639404,
        97.0376615524292,
        110.37875986099243,
        121.51747941970825
    ],
    "Val_Joules": [
        2331.9832560539244,
        4671.929064393043,
        6647.068599939345,
        8591.62737454176,
        10926.004911589622,
        12881.067372596262,
        14809.807995975018,
        16753.348863959312,
        19069.65570168495,
        20974.204893791673
    ],
    "Val_JoulesNormalized": [
        1472.4082983016965,
        2936.7438297390936,
        4145.977708089352,
        5332.440081620217,
        6766.933960056305,
        7981.747446155548,
        9170.23473650217,
        10356.39357023239,
        11774.673428094386,
        12883.01899936199
    ],
    "NrPatches": {
        "median": 0,
        "std": 0.0,
        "max": 0,
        "min": 0
    },
    "Correctness_Per_Patch": [
        "W",
        "W",
        "W",
        "W",
        "W",
        "W",
        "W",
        "W",
        "W",
        "W"
    ],
    "Correctness_Per_Patch_original": [
        "uncompilable",
        "uncompilable",
        "uncompilable",
        "uncompilable",
        "uncompilable",
        "uncompilable",
        "uncompilable",
        "uncompilable",
        "uncompilable",
        "uncompilable"
    ],
    "patches": [],
    "Correctness_Per_Patch_origina": [
        "uncompilable",
        "uncompilable",
        "uncompilable",
        "uncompilable",
        "uncompilable",
        "uncompilable",
        "uncompilable",
        "uncompilable",
        "uncompilable",
        "uncompilable"
    ]
}