{
    "TOOL_BUG_ID": "codegen_6B-Math-2",
    "Time": {
        "mean": 499.5921046733856,
        "median": 499.5921046733856,
        "std": 0.0,
        "max": 499.5921046733856,
        "min": 499.5921046733856,
        "count": 5
    },
    "Joules": {
        "mean": 60729.583758997906,
        "median": 60729.583758997906,
        "std": 0.0,
        "max": 60729.583758997906,
        "min": 60729.583758997906,
        "count": 5
    },
    "JoulesNormalized": {
        "mean": 28266.796205532555,
        "median": 28266.796205532555,
        "std": 0.0,
        "max": 28266.796205532555,
        "min": 28266.796205532555,
        "count": 5
    },
    "NrExecutions": 5,
    "ExecutionsIds": [
        "s0",
        "s1",
        "s2",
        "s3",
        "s4"
    ],
    "ExecutionsInferenceIds": [
        "s0",
        "s1"
    ],
    "NrExecutionsInference": 2,
    "ExecutionTime_Per_PatchMedian": [
        51.21974956989288,
        101.03890013694763,
        150.85805070400238,
        200.67720127105713,
        250.49635183811188,
        300.3155024051666,
        350.1346529722214,
        399.9538035392761,
        449.7729541063309,
        499.5921046733856
    ],
    "Joules_Per_PatchMedian": [
        7471.047968679667,
        13388.663056492805,
        19306.278144305943,
        25223.89323211908,
        31141.508319932218,
        37059.123407745356,
        42976.73849555849,
        48894.35358337163,
        54811.96867118477,
        60729.583758997906
    ],
    "JoulesNormalized_Per_PatchMedian": [
        3055.871303534508,
        5857.08518153429,
        8658.299059534073,
        11459.512937533855,
        14260.726815533637,
        17061.94069353342,
        19863.154571533203,
        22664.368449532987,
        25465.58232753277,
        28266.796205532555
    ],
    "Inf_ExecutionTime": {
        "mean": 1.4005990028381348,
        "median": 1.4005990028381348,
        "std": 1.9807461052599233,
        "max": 2.8011980056762695,
        "min": 0.0,
        "count": 2
    },
    "Inf_Joules": {
        "mean": 1553.4328808665277,
        "median": 1553.4328808665277,
        "std": 2196.885848357752,
        "max": 3106.8657617330555,
        "min": 0.0,
        "count": 2
    },
    "Inf_JoulesNormalized": {
        "mean": 254.65742553472546,
        "median": 254.65742553472546,
        "std": 360.13998495022526,
        "max": 509.3148510694509,
        "min": 0.0,
        "count": 2
    },
    "Val_ExecutionTime": [
        49.81915056705475,
        99.6383011341095,
        149.45745170116425,
        199.276602268219,
        249.09575283527374,
        298.9149034023285,
        348.73405396938324,
        398.553204536438,
        448.37235510349274,
        498.1915056705475
    ],
    "Val_Joules": [
        5917.615087813139,
        11835.230175626279,
        17752.845263439416,
        23670.460351252554,
        29588.07543906569,
        35505.690526878825,
        41423.30561469196,
        47340.9207025051,
        53258.53579031824,
        59176.150878131375
    ],
    "Val_JoulesNormalized": [
        2801.2138779997827,
        5602.427755999564,
        8403.641633999347,
        11204.855511999129,
        14006.069389998911,
        16807.283267998693,
        19608.497145998477,
        22409.71102399826,
        25210.924901998045,
        28012.13877999783
    ],
    "NrPatches": {
        "median": 0,
        "std": 0.0,
        "max": 0,
        "min": 0
    },
    "Correctness_Per_Patch": [
        "W",
        "W",
        "W",
        "W",
        "W",
        "W",
        "W",
        "W",
        "W",
        "W"
    ],
    "Correctness_Per_Patch_original": [
        "wrong",
        "wrong",
        "wrong",
        "wrong",
        "wrong",
        "wrong",
        "wrong",
        "wrong",
        "wrong",
        "uncompilable"
    ],
    "patches": [],
    "Correctness_Per_Patch_origina": [
        "wrong",
        "wrong",
        "wrong",
        "wrong",
        "wrong",
        "wrong",
        "wrong",
        "wrong",
        "wrong",
        "uncompilable"
    ]
}