{
    "TOOL_BUG_ID": "codet5_small-Closure-52",
    "Time": {
        "mean": 49.34998484452566,
        "median": 49.403233766555786,
        "std": 1.1636613261399367,
        "max": 50.763121604919434,
        "min": 47.2630341053009,
        "count": 6
    },
    "Joules": {
        "mean": 6163.8050552209215,
        "median": 5999.844431334734,
        "std": 508.5622085521492,
        "max": 6952.340895813703,
        "min": 5633.911297506094,
        "count": 6
    },
    "JoulesNormalized": {
        "mean": 2021.3068187236786,
        "median": 2509.2825347065927,
        "std": 877.3269661764467,
        "max": 2696.3476639807222,
        "min": 829.7503374278548,
        "count": 6
    },
    "NrExecutions": 6,
    "ExecutionsIds": [
        "s0",
        "s1",
        "s2",
        "s3",
        "s4",
        "s5"
    ],
    "ExecutionsInferenceIds": [
        "s0",
        "s1"
    ],
    "NrExecutionsInference": 2,
    "ExecutionTime_Per_PatchMedian": [
        5.244920969009399,
        10.244774460792542,
        15.22441279888153,
        20.224278330802917,
        25.224096298217773,
        30.214043855667114,
        35.204442501068115,
        40.194056391716,
        45.1940643787384,
        49.403233766555786
    ],
    "Joules_Per_PatchMedian": [
        826.3209214746952,
        1414.3585171163081,
        2004.0757892608644,
        2582.847744643688,
        3158.667102575302,
        3742.257808893919,
        4320.303836488723,
        4900.521140700579,
        5479.364104133844,
        5999.844431334734
    ],
    "JoulesNormalized_Per_PatchMedian": [
        263.5487380087376,
        519.4785221517086,
        775.7941843390465,
        1018.5862360775471,
        1274.9862399578096,
        1533.6913358211518,
        1773.1959461271763,
        2030.2686636686326,
        2267.0906576752664,
        2509.2825347065927
    ],
    "Inf_ExecutionTime": {
        "mean": 0.2450249195098877,
        "median": 0.2450249195098877,
        "std": 0.006943777585866813,
        "max": 0.24993491172790527,
        "min": 0.24011492729187012,
        "count": 2
    },
    "Inf_Joules": {
        "mean": 196.88486656546593,
        "median": 196.88486656546593,
        "std": 5.45346214810654,
        "max": 200.74104663133622,
        "min": 193.02868649959564,
        "count": 2
    },
    "Inf_JoulesNormalized": {
        "mean": 11.730827873945245,
        "median": 11.730827873945245,
        "std": 1.0030398243345973,
        "max": 12.440084135532402,
        "min": 11.021571612358088,
        "count": 2
    },
    "Val_ExecutionTime": [
        4.999896049499512,
        9.999749541282654,
        14.979387879371643,
        19.97925341129303,
        24.979071378707886,
        29.969018936157227,
        34.95941758155823,
        39.949031472206116,
        44.949039459228516,
        49.1582088470459
    ],
    "Val_Joules": [
        629.4360549092293,
        1217.4736505508422,
        1807.1909226953985,
        2385.9628780782223,
        2961.782236009836,
        3545.372942328453,
        4123.4189699232575,
        4703.636274135113,
        5282.479237568378,
        5802.959564769268
    ],
    "Val_JoulesNormalized": [
        251.81791013479236,
        507.7476942777634,
        764.0633564651014,
        1006.8554082036019,
        1263.2554120838645,
        1521.9605079472067,
        1761.4651182532311,
        2018.5378357946875,
        2255.359829801321,
        2497.551706832647
    ],
    "NrPatches": {
        "median": 0,
        "std": 0.0,
        "max": 0,
        "min": 0
    },
    "Correctness_Per_Patch": [
        "W",
        "W",
        "W",
        "W",
        "W",
        "W",
        "W",
        "W",
        "W",
        "W"
    ],
    "Correctness_Per_Patch_original": [
        "wrong",
        "wrong",
        "wrong",
        "wrong",
        "wrong",
        "wrong",
        "wrong",
        "wrong",
        "wrong",
        "wrong"
    ],
    "patches": [],
    "Correctness_Per_Patch_origina": [
        "wrong",
        "wrong",
        "wrong",
        "wrong",
        "wrong",
        "wrong",
        "wrong",
        "wrong",
        "wrong",
        "wrong"
    ]
}