{
    "TOOL_BUG_ID": "codet5_base-Closure-70",
    "Time": {
        "mean": 19.948684811592102,
        "median": 19.86807346343994,
        "std": 0.3194646116909722,
        "max": 20.549044847488403,
        "min": 19.68965792655945,
        "count": 6
    },
    "Joules": {
        "mean": 2588.8457390685876,
        "median": 2577.1388896286485,
        "std": 457.5079567763235,
        "max": 3080.6234031856056,
        "min": 2129.8003028452395,
        "count": 6
    },
    "JoulesNormalized": {
        "mean": 307.79578464229905,
        "median": 295.7049439311028,
        "std": 187.1072334877785,
        "max": 519.212740200758,
        "min": 132.54057955145845,
        "count": 6
    },
    "NrExecutions": 6,
    "ExecutionsIds": [
        "s0",
        "s1",
        "s2",
        "s3",
        "s4",
        "s5"
    ],
    "ExecutionsInferenceIds": [
        "s0",
        "s1"
    ],
    "NrExecutionsInference": 2,
    "ExecutionTime_Per_PatchMedian": [
        2.629693388938904,
        4.619496822357178,
        6.619347333908081,
        8.609044909477234,
        10.599555253982544,
        12.598625302314758,
        14.590211629867554,
        16.57994270324707,
        18.569658756256104,
        19.86807346343994
    ],
    "Joules_Per_PatchMedian": [
        776.3321587681771,
        983.00823995471,
        1189.8329955816268,
        1396.264623916149,
        1610.6915175855158,
        1818.6668618083,
        2030.720444178581,
        2237.8538871407504,
        2443.06019411087,
        2577.1388896286485
    ],
    "JoulesNormalized_Per_PatchMedian": [
        102.4984966933728,
        123.22084242701537,
        144.97845172286037,
        165.40197503566742,
        192.97631909251214,
        213.9025160729885,
        236.03200881481177,
        257.32357866764073,
        277.85239820480354,
        295.7049439311028
    ],
    "Inf_ExecutionTime": {
        "mean": 0.6297783851623535,
        "median": 0.6297783851623535,
        "std": 0.014425686133520722,
        "max": 0.6399788856506348,
        "min": 0.6195778846740723,
        "count": 2
    },
    "Inf_Joules": {
        "mean": 563.4934465944767,
        "median": 563.4934465944767,
        "std": 15.180139731805536,
        "max": 574.2274263381958,
        "min": 552.7594668507577,
        "count": 2
    },
    "Inf_JoulesNormalized": {
        "mean": 81.41581099629408,
        "median": 81.41581099629408,
        "std": 2.9356327505609214,
        "max": 83.49161682128903,
        "min": 79.34000517129914,
        "count": 2
    },
    "Val_ExecutionTime": [
        1.9999150037765503,
        3.989718437194824,
        5.9895689487457275,
        7.97926652431488,
        9.96977686882019,
        11.968846917152405,
        13.9604332447052,
        15.950164318084717,
        17.93988037109375,
        19.238295078277588
    ],
    "Val_Joules": [
        212.83871217370034,
        419.51479336023334,
        626.3395489871501,
        832.7711773216723,
        1047.198070991039,
        1255.173415213823,
        1467.2269975841043,
        1674.3604405462738,
        1879.5667475163934,
        2013.6454430341719
    ],
    "Val_JoulesNormalized": [
        21.082685697078716,
        41.805031430721286,
        63.5626407265663,
        83.98616403937335,
        111.56050809621806,
        132.48670507669442,
        154.61619781851766,
        175.90776767134668,
        196.43658720850942,
        214.28913293480866
    ],
    "NrPatches": {
        "median": 0,
        "std": 0.0,
        "max": 0,
        "min": 0
    },
    "Correctness_Per_Patch": [
        "W",
        "W",
        "W",
        "W",
        "W",
        "W",
        "W",
        "W",
        "W",
        "W"
    ],
    "Correctness_Per_Patch_original": [
        "uncompilable",
        "uncompilable",
        "uncompilable",
        "uncompilable",
        "uncompilable",
        "uncompilable",
        "uncompilable",
        "uncompilable",
        "uncompilable",
        "uncompilable"
    ],
    "patches": [],
    "Correctness_Per_Patch_origina": [
        "uncompilable",
        "uncompilable",
        "uncompilable",
        "uncompilable",
        "uncompilable",
        "uncompilable",
        "uncompilable",
        "uncompilable",
        "uncompilable",
        "uncompilable"
    ]
}