{
    "TOOL_BUG_ID": "incoder_6B-Closure-77",
    "Time": {
        "mean": 33.204867442448936,
        "median": 32.30780744552612,
        "std": 3.3057550842296703,
        "max": 37.267855525016785,
        "min": 30.069886803627014,
        "count": 6
    },
    "Joules": {
        "mean": 8716.199665218592,
        "median": 8450.382362562419,
        "std": 881.0362848792099,
        "max": 10408.850516664983,
        "min": 8094.302024674415,
        "count": 6
    },
    "JoulesNormalized": {
        "mean": 1983.9844889144108,
        "median": 2311.885675877333,
        "std": 595.3099527520596,
        "max": 2502.484050619603,
        "min": 1099.7302515625959,
        "count": 6
    },
    "NrExecutions": 6,
    "ExecutionsIds": [
        "s0",
        "s1",
        "s2",
        "s3",
        "s4",
        "s5"
    ],
    "ExecutionsInferenceIds": [
        "s0",
        "s1"
    ],
    "NrExecutionsInference": 2,
    "ExecutionTime_Per_PatchMedian": [
        8.40851891040802,
        11.898746967315674,
        13.898624181747437,
        15.888537764549255,
        19.388105869293213,
        22.377946853637695,
        25.367757320404053,
        27.36797547340393,
        29.357818007469177,
        32.30780744552612
    ],
    "Joules_Per_PatchMedian": [
        6033.115508776904,
        6376.464681500196,
        6550.582353848219,
        6726.782685047388,
        7076.22044506669,
        7430.825162750483,
        7770.391543114186,
        7956.400430321694,
        8130.8952828228485,
        8450.382362562419
    ],
    "JoulesNormalized_Per_PatchMedian": [
        1574.5997292280201,
        1687.826926261187,
        1735.8289467215543,
        1784.5956459999088,
        1897.3775365352635,
        2004.558372408152,
        2109.8325944006447,
        2156.4136513710027,
        2220.1184919595726,
        2311.885675877333
    ],
    "Inf_ExecutionTime": {
        "mean": 4.9085530042648315,
        "median": 4.9085530042648315,
        "std": 0.7060546272603215,
        "max": 5.407809019088745,
        "min": 4.409296989440918,
        "count": 2
    },
    "Inf_Joules": {
        "mean": 5674.962889099122,
        "median": 5674.962889099122,
        "std": 775.0072692229589,
        "max": 6222.975784635544,
        "min": 5126.949993562699,
        "count": 2
    },
    "Inf_JoulesNormalized": {
        "mean": 1461.715536630154,
        "median": 1461.715536630154,
        "std": 236.63538625484833,
        "max": 1629.0420229196552,
        "min": 1294.3890503406528,
        "count": 2
    },
    "Val_ExecutionTime": [
        3.4999659061431885,
        6.990193963050842,
        8.990071177482605,
        10.979984760284424,
        14.479552865028381,
        17.469393849372864,
        20.45920431613922,
        22.4594224691391,
        24.449265003204346,
        27.39925444126129
    ],
    "Val_Joules": [
        358.1526196777818,
        701.5017924010749,
        875.6194647490975,
        1051.8197959482668,
        1401.2575559675693,
        1755.8622736513612,
        2095.4286540150642,
        2281.4375412225727,
        2455.9323937237264,
        2775.4194734632974
    ],
    "Val_JoulesNormalized": [
        112.8841925978661,
        226.11138963103303,
        274.1134100914003,
        322.8801093697549,
        435.6619999051096,
        542.8428357779982,
        648.1170577704909,
        694.6981147408487,
        758.4029553294185,
        850.1701392471791
    ],
    "NrPatches": {
        "median": 0,
        "std": 0.0,
        "max": 0,
        "min": 0
    },
    "Correctness_Per_Patch": [
        "W",
        "W",
        "W",
        "W",
        "W",
        "W",
        "W",
        "W",
        "W",
        "W"
    ],
    "Correctness_Per_Patch_original": [
        "wrong",
        "wrong",
        "uncompilable",
        "uncompilable",
        "wrong",
        "wrong",
        "wrong",
        "uncompilable",
        "uncompilable",
        "wrong"
    ],
    "patches": [],
    "Correctness_Per_Patch_origina": [
        "wrong",
        "wrong",
        "uncompilable",
        "uncompilable",
        "wrong",
        "wrong",
        "wrong",
        "uncompilable",
        "uncompilable",
        "wrong"
    ]
}