{
    "Group_ID": "s_1223_1224",
    "TOOL_BUG_ID": "TBar10C-Closure-133",
    "patch_correctness": true,
    "ExecutionsIds": [
        "1223",
        "1224"
    ],
    "NrExecutions": 2,
    "NrOutliers": 0,
    "SLB": {
        "median": 61.5,
        "std": 0.9899494936611706,
        "max": 62.2,
        "min": 60.8
    },
    "PowerAvg": {
        "median": 113.75,
        "std": 0.49497474683057524,
        "max": 114.1,
        "min": 113.4
    },
    "Time": {
        "median": 572.1180611848831,
        "std": 630.3827712117644,
        "max": 1118.3754751682281,
        "min": 26.29930591583252
    },
    "Joules": {
        "median": 67388.95281143188,
        "std": 74357.03633165488,
        "max": 132520.05088775157,
        "min": 3228.887974154949
    },
    "JoulesNormalized": {
        "median": 32293.493253380057,
        "std": 35588.16903968461,
        "max": 63561.19602698088,
        "min": 1610.3316725850107
    },
    "NrPatches": {
        "median": 35.5,
        "std": 29.444863728670914,
        "max": 61,
        "min": 10
    },
    "Joules_Per_PatchMedian": [
        434.4478822648525,
        773.6104138672351,
        1090.0086462855338,
        1397.6968098282814,
        1705.6890780210497,
        2021.1888602495194,
        2333.9284273684025,
        2634.8212195694446,
        2930.3204723358153,
        3237.5772148132323
    ],
    "ExecutionTime_Per_PatchMedian": [
        3.4802350997924805,
        6.230257153511047,
        8.800434708595276,
        11.280482172966003,
        13.790434122085571,
        16.390498161315918,
        18.93051016330719,
        21.390475630760193,
        23.800090551376343,
        26.300254106521606
    ],
    "JoulesNormalized_Per_PatchMedian": [
        220.52521290183068,
        390.5543223679066,
        548.7536411166191,
        703.8908474087716,
        857.4580406665802,
        1013.1656814336777,
        1169.708427220583,
        1319.2712559282782,
        1466.5584094762803,
        1620.1109235286715
    ],
    "Correctness_Per_Patch": [
        "W",
        "W",
        "W",
        "W",
        "W",
        "W",
        "W",
        "W",
        "W",
        "W"
    ],
    "Correctness_Per_Patch_original": [
        "uncompilable",
        "uncompilable",
        "uncompilable",
        "uncompilable",
        "uncompilable",
        "uncompilable",
        "uncompilable",
        "uncompilable",
        "uncompilable",
        "uncompilable"
    ]
}