{
    "TOOL_BUG_ID": "codet5_small-Lang-59",
    "Time": {
        "mean": 90.78811621665955,
        "median": 90.78811621665955,
        "std": 0.0,
        "max": 90.78811621665955,
        "min": 90.78811621665955,
        "count": 6
    },
    "Joules": {
        "mean": 8273.338718497755,
        "median": 8273.338718497755,
        "std": 0.0,
        "max": 8273.338718497755,
        "min": 8273.338718497755,
        "count": 6
    },
    "JoulesNormalized": {
        "mean": 2319.7655752778055,
        "median": 2319.7655752778055,
        "std": 0.0,
        "max": 2319.7655752778055,
        "min": 2319.7655752778055,
        "count": 6
    },
    "NrExecutions": 6,
    "ExecutionsIds": [
        "s0",
        "s1",
        "s2",
        "s3",
        "s4",
        "s5"
    ],
    "ExecutionsInferenceIds": [
        "s0",
        "s1"
    ],
    "NrExecutionsInference": 2,
    "ExecutionTime_Per_PatchMedian": [
        9.43432104587555,
        18.473631620407104,
        27.51294219493866,
        36.552252769470215,
        45.59156334400177,
        54.630873918533325,
        63.67018449306488,
        72.70949506759644,
        81.74880564212799,
        90.78811621665955
    ],
    "Joules_Per_PatchMedian": [
        1119.6560446321964,
        1914.5096750617029,
        2709.3633054912093,
        3504.2169359207155,
        4299.070566350222,
        5093.924196779729,
        5888.7778272092355,
        6683.631457638742,
        7478.485088068249,
        8273.338718497755
    ],
    "JoulesNormalized_Per_PatchMedian": [
        256.45165855884545,
        485.70876041650763,
        714.9658622741698,
        944.222964131832,
        1173.480065989494,
        1402.7371678471563,
        1631.9942697048186,
        1861.251371562481,
        2090.508473420143,
        2319.7655752778055
    ],
    "Inf_ExecutionTime": {
        "mean": 0.39501047134399414,
        "median": 0.39501047134399414,
        "std": 0.006821383137791177,
        "max": 0.39983391761779785,
        "min": 0.39018702507019043,
        "count": 2
    },
    "Inf_Joules": {
        "mean": 324.8024142026901,
        "median": 324.8024142026901,
        "std": 4.661157324969666,
        "max": 328.0983501553535,
        "min": 321.5064782500267,
        "count": 2
    },
    "Inf_JoulesNormalized": {
        "mean": 27.194556701183302,
        "median": 27.194556701183302,
        "std": 1.0019534893141686,
        "max": 27.903044807910874,
        "min": 26.48606859445573,
        "count": 2
    },
    "Val_ExecutionTime": [
        9.039310574531555,
        18.07862114906311,
        27.117931723594666,
        36.15724229812622,
        45.196552872657776,
        54.23586344718933,
        63.275174021720886,
        72.31448459625244,
        81.353795170784,
        90.39310574531555
    ],
    "Val_Joules": [
        794.8536304295063,
        1589.7072608590129,
        2384.560891288519,
        3179.4145217180253,
        3974.268152147532,
        4769.121782577039,
        5563.975413006546,
        6358.829043436052,
        7153.682673865559,
        7948.536304295065
    ],
    "Val_JoulesNormalized": [
        229.25710185766215,
        458.51420371532436,
        687.7713055729865,
        917.0284074306487,
        1146.2855092883108,
        1375.542611145973,
        1604.7997130036354,
        1834.0568148612977,
        2063.3139167189597,
        2292.571018576622
    ],
    "NrPatches": {
        "median": 0,
        "std": 0.0,
        "max": 0,
        "min": 0
    },
    "Correctness_Per_Patch": [
        "W",
        "W",
        "W",
        "W",
        "W",
        "W",
        "W",
        "W",
        "W",
        "W"
    ],
    "Correctness_Per_Patch_original": [
        "uncompilable",
        "wrong",
        "wrong",
        "uncompilable",
        "uncompilable",
        "uncompilable",
        "uncompilable",
        "uncompilable",
        "uncompilable",
        "wrong"
    ],
    "patches": [],
    "Correctness_Per_Patch_origina": [
        "uncompilable",
        "wrong",
        "wrong",
        "uncompilable",
        "uncompilable",
        "uncompilable",
        "uncompilable",
        "uncompilable",
        "uncompilable",
        "wrong"
    ]
}