{
    "TOOL_BUG_ID": "codegen_6B-Lang-10",
    "Time": {
        "mean": 131.23087453842163,
        "median": 131.23087453842163,
        "std": 0.0,
        "max": 131.23087453842163,
        "min": 131.23087453842163,
        "count": 6
    },
    "Joules": {
        "mean": 18775.37110903942,
        "median": 18775.37110903942,
        "std": 0.0,
        "max": 18775.37110903942,
        "min": 18775.37110903942,
        "count": 6
    },
    "JoulesNormalized": {
        "mean": 6017.44103008234,
        "median": 6017.44103008234,
        "std": 0.0,
        "max": 6017.44103008234,
        "min": 6017.44103008234,
        "count": 6
    },
    "NrExecutions": 6,
    "ExecutionsIds": [
        "s0",
        "s1",
        "s2",
        "s3",
        "s4",
        "s5"
    ],
    "ExecutionsInferenceIds": [
        "s0",
        "s1"
    ],
    "NrExecutionsInference": 2,
    "ExecutionTime_Per_PatchMedian": [
        18.188997507095337,
        30.749206066131592,
        43.30941462516785,
        55.8696231842041,
        68.42983174324036,
        80.99004030227661,
        93.55024886131287,
        106.11045742034912,
        118.67066597938538,
        131.23087453842163
    ],
    "Joules_Per_PatchMedian": [
        7633.016456902857,
        8871.055862695808,
        10109.09526848876,
        11347.134674281711,
        12585.174080074663,
        13823.213485867615,
        15061.252891660566,
        16299.292297453518,
        17537.33170324647,
        18775.37110903942
    ],
    "JoulesNormalized_Per_PatchMedian": [
        2053.1773701401894,
        2493.651110133762,
        2934.1248501273344,
        3374.598590120907,
        3815.0723301144794,
        4255.546070108052,
        4696.019810101624,
        5136.493550095196,
        5576.967290088768,
        6017.44103008234
    ],
    "Inf_ExecutionTime": {
        "mean": 5.628788948059082,
        "median": 5.628788948059082,
        "std": 0.8892418582154654,
        "max": 6.257577896118164,
        "min": 5.0,
        "count": 2
    },
    "Inf_Joules": {
        "mean": 6394.977051109905,
        "median": 6394.977051109905,
        "std": 1083.1074048373657,
        "max": 7160.849641823769,
        "min": 5629.10446039604,
        "count": 2
    },
    "Inf_JoulesNormalized": {
        "mean": 1612.703630146617,
        "median": 1612.703630146617,
        "std": 224.14460441833137,
        "max": 1771.1977998971952,
        "min": 1454.2094603960386,
        "count": 2
    },
    "Val_ExecutionTime": [
        12.560208559036255,
        25.12041711807251,
        37.680625677108765,
        50.24083423614502,
        62.801042795181274,
        75.36125135421753,
        87.92145991325378,
        100.48166847229004,
        113.0418770313263,
        125.60208559036255
    ],
    "Val_Joules": [
        1238.0394057929516,
        2476.078811585903,
        3714.1182173788548,
        4952.157623171806,
        6190.197028964758,
        7428.2364347577095,
        8666.275840550661,
        9904.315246343613,
        11142.354652136564,
        12380.394057929516
    ],
    "Val_JoulesNormalized": [
        440.4737399935725,
        880.947479987145,
        1321.4212199807175,
        1761.89495997429,
        2202.3686999678625,
        2642.842439961435,
        3083.316179955007,
        3523.789919948579,
        3964.263659942151,
        4404.737399935723
    ],
    "NrPatches": {
        "median": 1,
        "std": 0.0,
        "max": 1,
        "min": 1
    },
    "Correctness_Per_Patch": [
        "W",
        "W",
        "W",
        "W",
        "W",
        "C",
        "W",
        "W",
        "W",
        "W"
    ],
    "Correctness_Per_Patch_original": [
        "timeout",
        "uncompilable",
        "uncompilable",
        "timeout",
        "timeout",
        "plausible",
        "timeout",
        "timeout",
        "wrong",
        "uncompilable"
    ],
    "patches": [
        ""
    ],
    "Correctness_Per_Patch_origina": [
        "timeout",
        "uncompilable",
        "uncompilable",
        "timeout",
        "timeout",
        "plausible",
        "timeout",
        "timeout",
        "wrong",
        "uncompilable"
    ]
}