{
    "TOOL_BUG_ID": "codegen_350M-Closure-113",
    "Time": {
        "mean": 99.03612919648488,
        "median": 99.08368110656738,
        "std": 3.0888190137657183,
        "max": 102.37290942668915,
        "min": 95.95036661624908,
        "count": 6
    },
    "Joules": {
        "mean": 12365.445262380443,
        "median": 12133.87997071743,
        "std": 733.8127295340603,
        "max": 13315.330543518066,
        "min": 11715.102360820772,
        "count": 6
    },
    "JoulesNormalized": {
        "mean": 5060.607748256127,
        "median": 5384.209549015761,
        "std": 684.198194780855,
        "max": 5766.732918983697,
        "min": 4178.97562354207,
        "count": 6
    },
    "NrExecutions": 6,
    "ExecutionsIds": [
        "s0",
        "s1",
        "s2",
        "s3",
        "s4",
        "s5"
    ],
    "ExecutionsInferenceIds": [
        "s0",
        "s1"
    ],
    "NrExecutionsInference": 2,
    "ExecutionTime_Per_PatchMedian": [
        3.4252305030822754,
        5.925292491912842,
        10.915359020233154,
        80.43362212181091,
        85.42357766628265,
        87.91355907917023,
        90.40363204479218,
        94.43271493911743,
        96.9317741394043,
        99.08368110656738
    ],
    "Joules_Per_PatchMedian": [
        711.984627509117,
        988.1658026516436,
        1573.5177905261517,
        9967.280273848774,
        10532.74548150897,
        10795.447026926278,
        11070.344362366199,
        11583.59957498312,
        11939.3474773705,
        12133.87997071743
    ],
    "JoulesNormalized_Per_PatchMedian": [
        167.45854112505913,
        288.84338840842247,
        550.1800818800926,
        4335.392749381066,
        4483.287437075376,
        4552.7681652069095,
        4620.583864027261,
        5193.486783254146,
        5316.347604048252,
        5384.209549015761
    ],
    "Inf_ExecutionTime": {
        "mean": 0.4453805685043335,
        "median": 0.4453805685043335,
        "std": 0.6298632403962677,
        "max": 0.890761137008667,
        "min": 0,
        "count": 2
    },
    "Inf_Joules": {
        "mean": 379.43063772320744,
        "median": 379.43063772320744,
        "std": 536.5959538480324,
        "max": 758.8612754464149,
        "min": 0,
        "count": 2
    },
    "Inf_JoulesNormalized": {
        "mean": 51.63053930401799,
        "median": 51.63053930401799,
        "std": 73.01660891637937,
        "max": 103.26107860803597,
        "min": 0,
        "count": 2
    },
    "Val_ExecutionTime": [
        2.979849934577942,
        5.479911923408508,
        10.46997845172882,
        79.98824155330658,
        84.97819709777832,
        87.4681785106659,
        89.95825147628784,
        93.9873343706131,
        96.48639357089996,
        98.63830053806305
    ],
    "Val_Joules": [
        332.5539897859096,
        608.7351649284362,
        1194.0871528029443,
        9587.849636125564,
        10153.314843785764,
        10416.016389203072,
        10690.913724642993,
        11204.168937259912,
        11559.916839647292,
        11754.449332994223
    ],
    "Val_JoulesNormalized": [
        115.82800182104113,
        237.21284910440448,
        498.54954257607466,
        4283.762210077048,
        4431.656897771359,
        4501.137625902891,
        4568.953324723243,
        5141.8562439501275,
        5264.7170647442335,
        5332.579009711742
    ],
    "NrPatches": {
        "median": 0,
        "std": 0.0,
        "max": 0,
        "min": 0
    },
    "Correctness_Per_Patch": [
        "W",
        "W",
        "W",
        "W",
        "W",
        "W",
        "W",
        "W",
        "W",
        "W"
    ],
    "Correctness_Per_Patch_original": [
        "uncompilable",
        "uncompilable",
        "wrong",
        "wrong",
        "wrong",
        "uncompilable",
        "uncompilable",
        "uncompilable",
        "uncompilable",
        "uncompilable"
    ],
    "patches": [],
    "Correctness_Per_Patch_origina": [
        "uncompilable",
        "uncompilable",
        "wrong",
        "wrong",
        "wrong",
        "uncompilable",
        "uncompilable",
        "uncompilable",
        "uncompilable",
        "uncompilable"
    ]
}