{
    "TOOL_BUG_ID": "codet5_large-Closure-52",
    "Time": {
        "mean": 126.2400496006012,
        "median": 50.089754939079285,
        "std": 186.95918902811908,
        "max": 507.865496635437,
        "min": 48.83922553062439,
        "count": 6
    },
    "Joules": {
        "mean": 15294.748897407455,
        "median": 6708.730154490471,
        "std": 21771.550098201766,
        "max": 59724.872683006535,
        "min": 5597.1570379436025,
        "count": 6
    },
    "JoulesNormalized": {
        "mean": 5936.9884837985055,
        "median": 1671.8261156499389,
        "std": 10659.473615092205,
        "max": 27634.026234966524,
        "min": 924.3941998660564,
        "count": 6
    },
    "NrExecutions": 6,
    "ExecutionsIds": [
        "s0",
        "s1",
        "s2",
        "s3",
        "s4",
        "s5"
    ],
    "ExecutionsInferenceIds": [
        "s0",
        "s1"
    ],
    "NrExecutionsInference": 2,
    "ExecutionTime_Per_PatchMedian": [
        5.38016939163208,
        10.869787335395813,
        15.869919896125793,
        20.859896898269653,
        25.85977792739868,
        30.85967743396759,
        35.84948945045471,
        40.84940791130066,
        45.83934283256531,
        50.089754939079285
    ],
    "Joules_Per_PatchMedian": [
        985.2671095907689,
        1623.8085515081882,
        2273.892983686924,
        2918.5491662800314,
        3561.315825951099,
        4205.056476098299,
        4856.402889215946,
        5505.760267049074,
        6149.171201217175,
        6708.730154490471
    ],
    "JoulesNormalized_Per_PatchMedian": [
        220.57127321958546,
        389.07470862269406,
        556.5186703324318,
        714.3487047135831,
        871.50495724082,
        1036.3771480977537,
        1193.610386556387,
        1351.1683937370778,
        1507.1175592422487,
        1671.8261156499389
    ],
    "Inf_ExecutionTime": {
        "mean": 0.3802309036254883,
        "median": 0.3802309036254883,
        "std": 0.452924532613955,
        "max": 0.7004969120025635,
        "min": 0.059964895248413086,
        "count": 2
    },
    "Inf_Joules": {
        "mean": 337.6473952114582,
        "median": 337.6473952114582,
        "std": 410.54344981458934,
        "max": 627.9454525470734,
        "min": 47.349337875843055,
        "count": 2
    },
    "Inf_JoulesNormalized": {
        "mean": 47.77611772418027,
        "median": 47.77611772418027,
        "std": 64.71475295336636,
        "max": 93.53635838031778,
        "min": 2.0158770680427622,
        "count": 2
    },
    "Val_ExecutionTime": [
        4.999938488006592,
        10.489556431770325,
        15.489688992500305,
        20.479665994644165,
        25.479547023773193,
        30.479446530342102,
        35.469258546829224,
        40.46917700767517,
        45.45911192893982,
        49.709524035453796
    ],
    "Val_Joules": [
        647.6197143793107,
        1286.16115629673,
        1936.2455884754656,
        2580.901771068573,
        3223.668430739641,
        3867.4090808868405,
        4518.755494004488,
        5168.112871837617,
        5811.523806005716,
        6371.082759279013
    ],
    "Val_JoulesNormalized": [
        172.7951554954052,
        341.2985908985138,
        508.7425526082516,
        666.5725869894028,
        823.7288395166397,
        988.6010303735734,
        1145.8342688322068,
        1303.3922760128976,
        1459.3414415180687,
        1624.0499979257588
    ],
    "NrPatches": {
        "median": 0,
        "std": 0.0,
        "max": 0,
        "min": 0
    },
    "Correctness_Per_Patch": [
        "W",
        "W",
        "W",
        "W",
        "W",
        "W",
        "W",
        "W",
        "W",
        "W"
    ],
    "Correctness_Per_Patch_original": [
        "wrong",
        "wrong",
        "wrong",
        "wrong",
        "wrong",
        "wrong",
        "wrong",
        "wrong",
        "wrong",
        "wrong"
    ],
    "patches": [],
    "Correctness_Per_Patch_origina": [
        "wrong",
        "wrong",
        "wrong",
        "wrong",
        "wrong",
        "wrong",
        "wrong",
        "wrong",
        "wrong",
        "wrong"
    ]
}