{
    "TOOL_BUG_ID": "plbart_large-Math-41",
    "Time": {
        "mean": 225.2283285856247,
        "median": 225.2283285856247,
        "std": 0.0,
        "max": 225.2283285856247,
        "min": 225.2283285856247,
        "count": 5
    },
    "Joules": {
        "mean": 25267.160397213695,
        "median": 25267.160397213695,
        "std": 0.0,
        "max": 25267.160397213695,
        "min": 25267.160397213695,
        "count": 5
    },
    "JoulesNormalized": {
        "mean": 10989.051680034401,
        "median": 10989.051680034401,
        "std": 0.0,
        "max": 10989.051680034401,
        "min": 10989.051680034401,
        "count": 5
    },
    "NrExecutions": 5,
    "ExecutionsIds": [
        "s0",
        "s1",
        "s2",
        "s3",
        "s4"
    ],
    "ExecutionsInferenceIds": [
        "s0",
        "s1"
    ],
    "NrExecutionsInference": 2,
    "ExecutionTime_Per_PatchMedian": [
        22.82449436187744,
        45.313809275627136,
        67.80312418937683,
        90.29243910312653,
        112.78175401687622,
        135.27106893062592,
        157.7603838443756,
        180.2496987581253,
        202.739013671875,
        225.2283285856247
    ],
    "Joules_Per_PatchMedian": [
        2770.8455827236176,
        5270.43611766696,
        7770.026652610302,
        10269.617187553646,
        12769.207722496987,
        15268.798257440329,
        17768.38879238367,
        20267.97932732701,
        22767.569862270353,
        25267.160397213695
    ],
    "JoulesNormalized_Per_PatchMedian": [
        1118.0621195554731,
        2214.838737386465,
        3311.6153552174565,
        4408.391973048449,
        5505.168590879441,
        6601.945208710433,
        7698.721826541425,
        8795.498444372417,
        9892.27506220341,
        10989.051680034401
    ],
    "Inf_ExecutionTime": {
        "mean": 0.3351794481277466,
        "median": 0.3351794481277466,
        "std": 0.06331080419694245,
        "max": 0.3799469470977783,
        "min": 0.29041194915771484,
        "count": 2
    },
    "Inf_Joules": {
        "mean": 271.25504778027533,
        "median": 271.25504778027533,
        "std": 52.878167920639626,
        "max": 308.6455588936806,
        "min": 233.8645366668701,
        "count": 2
    },
    "Inf_JoulesNormalized": {
        "mean": 21.285501724481577,
        "median": 21.285501724481577,
        "std": 2.426708931018711,
        "max": 23.001444065570865,
        "min": 19.56955938339229,
        "count": 2
    },
    "Val_ExecutionTime": [
        22.489314913749695,
        44.97862982749939,
        67.46794474124908,
        89.95725965499878,
        112.44657456874847,
        134.93588948249817,
        157.42520439624786,
        179.91451930999756,
        202.40383422374725,
        224.89314913749695
    ],
    "Val_Joules": [
        2499.5905349433424,
        4999.181069886685,
        7498.771604830027,
        9998.36213977337,
        12497.952674716711,
        14997.543209660053,
        17497.133744603394,
        19996.724279546735,
        22496.314814490077,
        24995.90534943342
    ],
    "Val_JoulesNormalized": [
        1096.7766178309917,
        2193.5532356619833,
        3290.329853492975,
        4387.106471323967,
        5483.883089154959,
        6580.659706985951,
        7677.436324816943,
        8774.212942647935,
        9870.989560478927,
        10967.76617830992
    ],
    "NrPatches": {
        "median": 1,
        "std": 0.0,
        "max": 1,
        "min": 1
    },
    "Correctness_Per_Patch": [
        "C",
        "W",
        "W",
        "W",
        "W",
        "W",
        "W",
        "W",
        "W",
        "W"
    ],
    "Correctness_Per_Patch_original": [
        "plausible",
        "wrong",
        "wrong",
        "wrong",
        "wrong",
        "wrong",
        "uncompilable",
        "uncompilable",
        "wrong",
        "uncompilable"
    ],
    "patches": [
        "for (int i = begin; i < begin + length; i++) {"
    ],
    "Correctness_Per_Patch_origina": [
        "plausible",
        "wrong",
        "wrong",
        "wrong",
        "wrong",
        "wrong",
        "uncompilable",
        "uncompilable",
        "wrong",
        "uncompilable"
    ]
}