{
    "TOOL_BUG_ID": "plbart_large-Mockito-38",
    "Time": {
        "mean": 87.69775021076202,
        "median": 87.69775021076202,
        "std": 0.0,
        "max": 87.69775021076202,
        "min": 87.69775021076202,
        "count": 4
    },
    "Joules": {
        "mean": 11691.290704512594,
        "median": 11691.290704512594,
        "std": 0.0,
        "max": 11691.290704512594,
        "min": 11691.290704512594,
        "count": 4
    },
    "JoulesNormalized": {
        "mean": 5935.819914138317,
        "median": 5935.819914138317,
        "std": 0.0,
        "max": 5935.819914138317,
        "min": 5935.819914138317,
        "count": 4
    },
    "NrExecutions": 4,
    "ExecutionsIds": [
        "s1",
        "s2",
        "s3",
        "s4"
    ],
    "ExecutionsInferenceIds": [
        "s0",
        "s1"
    ],
    "NrExecutionsInference": 2,
    "ExecutionTime_Per_PatchMedian": [
        9.044158458709717,
        17.783446431159973,
        26.52273440361023,
        35.262022376060486,
        44.00131034851074,
        52.740598320961,
        61.479886293411255,
        70.21917426586151,
        78.95846223831177,
        87.69775021076202
    ],
    "Joules_Per_PatchMedian": [
        1387.5201820254324,
        2532.383573412895,
        3677.246964800358,
        4822.110356187821,
        5966.973747575284,
        7111.837138962746,
        8256.700530350208,
        9401.56392173767,
        10546.427313125132,
        11691.290704512594
    ],
    "JoulesNormalized_Per_PatchMedian": [
        607.0617808401585,
        1199.1460178732873,
        1791.2302549064161,
        2383.314491939545,
        2975.398728972674,
        3567.4829660058026,
        4159.567203038931,
        4751.65144007206,
        5343.735677105188,
        5935.819914138317
    ],
    "Inf_ExecutionTime": {
        "mean": 0.30487048625946045,
        "median": 0.30487048625946045,
        "std": 0.06406877312056236,
        "max": 0.3501739501953125,
        "min": 0.2595670223236084,
        "count": 2
    },
    "Inf_Joules": {
        "mean": 242.65679063796995,
        "median": 242.65679063796995,
        "std": 53.425041849969865,
        "max": 280.43400001525873,
        "min": 204.87958126068116,
        "count": 2
    },
    "Inf_JoulesNormalized": {
        "mean": 14.977543807029704,
        "median": 14.977543807029704,
        "std": 3.0061169230863936,
        "max": 17.103189468383732,
        "min": 12.851898145675676,
        "count": 2
    },
    "Val_ExecutionTime": [
        8.739287972450256,
        17.478575944900513,
        26.21786391735077,
        34.957151889801025,
        43.69643986225128,
        52.43572783470154,
        61.175015807151794,
        69.91430377960205,
        78.65359175205231,
        87.39287972450256
    ],
    "Val_Joules": [
        1144.8633913874623,
        2289.726782774925,
        3434.590174162388,
        4579.453565549851,
        5724.316956937314,
        6869.180348324777,
        8014.043739712239,
        9158.9071310997,
        10303.770522487162,
        11448.633913874624
    ],
    "Val_JoulesNormalized": [
        592.0842370331287,
        1184.1684740662577,
        1776.2527110993865,
        2368.3369481325153,
        2960.421185165644,
        3552.505422198773,
        4144.589659231901,
        4736.67389626503,
        5328.758133298158,
        5920.8423703312865
    ],
    "NrPatches": {
        "median": 0,
        "std": 0.0,
        "max": 0,
        "min": 0
    },
    "Correctness_Per_Patch": [
        "W",
        "W",
        "W",
        "W",
        "W",
        "W",
        "W",
        "W",
        "W",
        "W"
    ],
    "Correctness_Per_Patch_original": [
        "wrong",
        "uncompilable",
        "wrong",
        "wrong",
        "uncompilable",
        "wrong",
        "uncompilable",
        "uncompilable",
        "uncompilable",
        "uncompilable"
    ],
    "patches": [],
    "Correctness_Per_Patch_origina": [
        "wrong",
        "uncompilable",
        "wrong",
        "wrong",
        "uncompilable",
        "wrong",
        "uncompilable",
        "uncompilable",
        "uncompilable",
        "uncompilable"
    ]
}