{
    "TOOL_BUG_ID": "plbart_base-Closure-152",
    "Time": {
        "mean": 14.488386273384094,
        "median": 14.434576988220215,
        "std": 0.21308103295814274,
        "max": 14.875011444091797,
        "min": 14.235451698303223,
        "count": 6
    },
    "Joules": {
        "mean": 1889.5940876861412,
        "median": 1803.4667382597925,
        "std": 239.71638440492524,
        "max": 2374.7743380010124,
        "min": 1752.4053359091283,
        "count": 6
    },
    "JoulesNormalized": {
        "mean": 641.9578721940517,
        "median": 777.1397033929825,
        "std": 342.50005574118285,
        "max": 817.0405013620853,
        "min": -55.50232806801789,
        "count": 6
    },
    "NrExecutions": 6,
    "ExecutionsIds": [
        "s0",
        "s1",
        "s2",
        "s3",
        "s4",
        "s5"
    ],
    "ExecutionsInferenceIds": [
        "s0",
        "s1"
    ],
    "NrExecutionsInference": 2,
    "ExecutionTime_Per_PatchMedian": [
        1.1550801992416382,
        2.1553807258605957,
        3.1355762481689453,
        4.135278701782227,
        5.115910172462463,
        6.115311503410339,
        12.115117073059082,
        13.095093846321106,
        14.095046043395996,
        14.434576988220215
    ],
    "Joules_Per_PatchMedian": [
        252.06509554982188,
        368.2124081671237,
        482.68209343552587,
        599.0903398036957,
        714.012421286106,
        830.451611673832,
        1514.4320078372955,
        1629.116125023365,
        1746.7208211123943,
        1803.4667382597925
    ],
    "JoulesNormalized_Per_PatchMedian": [
        61.06281867623328,
        117.04187158942221,
        171.4542811214924,
        226.69691147208212,
        281.38171963095664,
        336.15866736769675,
        652.121151638031,
        706.1060588896274,
        761.7220051527023,
        777.1397033929825
    ],
    "Inf_ExecutionTime": {
        "mean": 0.1748061180114746,
        "median": 0.1748061180114746,
        "std": 0.006965019597516304,
        "max": 0.17973113059997559,
        "min": 0.16988110542297363,
        "count": 2
    },
    "Inf_Joules": {
        "mean": 137.13992595076562,
        "median": 137.13992595076562,
        "std": 7.032678279034992,
        "max": 142.1127804517746,
        "min": 132.16707144975663,
        "count": 2
    },
    "Inf_JoulesNormalized": {
        "mean": 6.556301921606064,
        "median": 6.556301921606064,
        "std": 0.09706118283562136,
        "max": 6.624934542179119,
        "min": 6.487669301033009,
        "count": 2
    },
    "Val_ExecutionTime": [
        0.9802740812301636,
        1.980574607849121,
        2.9607701301574707,
        3.960472583770752,
        4.941104054450989,
        5.940505385398865,
        11.940310955047607,
        12.920287728309631,
        13.920239925384521,
        14.25977087020874
    ],
    "Val_Joules": [
        114.92516959905625,
        231.07248221635814,
        345.5421674847603,
        461.95041385293007,
        576.8724953353405,
        693.3116857230664,
        1377.2920818865298,
        1491.9761990725992,
        1609.5808951616286,
        1666.3268123090268
    ],
    "Val_JoulesNormalized": [
        54.506516754627214,
        110.48556966781615,
        164.89797919988632,
        220.14060955047606,
        274.8254177093506,
        329.6023654460907,
        645.564849716425,
        699.5497569680214,
        755.1657032310962,
        770.5834014713764
    ],
    "NrPatches": {
        "median": 0,
        "std": 0.0,
        "max": 0,
        "min": 0
    },
    "Correctness_Per_Patch": [
        "W",
        "W",
        "W",
        "W",
        "W",
        "W",
        "W",
        "W",
        "W",
        "W"
    ],
    "Correctness_Per_Patch_original": [
        "uncompilable",
        "uncompilable",
        "uncompilable",
        "uncompilable",
        "uncompilable",
        "uncompilable",
        "wrong",
        "uncompilable",
        "uncompilable",
        "uncompilable"
    ],
    "patches": [],
    "Correctness_Per_Patch_origina": [
        "uncompilable",
        "uncompilable",
        "uncompilable",
        "uncompilable",
        "uncompilable",
        "uncompilable",
        "wrong",
        "uncompilable",
        "uncompilable",
        "uncompilable"
    ]
}