{
    "TOOL_BUG_ID": "codegen_2B-Closure-118",
    "Time": {
        "mean": 35.53644605477651,
        "median": 34.49941265583038,
        "std": 2.2806298411213315,
        "max": 39.099116802215576,
        "min": 33.220147132873535,
        "count": 6
    },
    "Joules": {
        "mean": 13040.968693776926,
        "median": 13063.61890898347,
        "std": 502.21000484651177,
        "max": 13741.578754889963,
        "min": 12442.887268435956,
        "count": 6
    },
    "JoulesNormalized": {
        "mean": 2087.25564902226,
        "median": 2084.298905634879,
        "std": 539.0101759043273,
        "max": 2613.9766880273805,
        "min": 1549.3798331499086,
        "count": 6
    },
    "NrExecutions": 6,
    "ExecutionsIds": [
        "s0",
        "s1",
        "s2",
        "s3",
        "s4",
        "s5"
    ],
    "ExecutionsInferenceIds": [
        "s0",
        "s1"
    ],
    "NrExecutionsInference": 2,
    "ExecutionTime_Per_PatchMedian": [
        13.270451545715332,
        15.760502457618713,
        18.280563950538635,
        20.760638117790222,
        23.750444889068604,
        25.75006914138794,
        28.24032759666443,
        31.240561604499817,
        33.23061811923981,
        34.49941265583038
    ],
    "Joules_Per_PatchMedian": [
        10159.529559177161,
        10527.58460584879,
        10825.942282563448,
        11181.740854907035,
        11549.656511050463,
        11811.991501575707,
        12135.142600321771,
        12433.841671013834,
        12802.101782703401,
        13063.61890898347
    ],
    "JoulesNormalized_Per_PatchMedian": [
        1459.8073495209205,
        1538.818678987025,
        1614.8177484869943,
        1681.9306426703915,
        1754.0043435752377,
        1815.4472892999636,
        1885.129346269368,
        1977.7018451094614,
        2047.9599679291234,
        2084.298905634879
    ],
    "Inf_ExecutionTime": {
        "mean": 10.280496597290039,
        "median": 10.280496597290039,
        "std": 0.270881841476973,
        "max": 10.472038984298706,
        "min": 10.088954210281372,
        "count": 2
    },
    "Inf_Joules": {
        "mean": 9843.498922634124,
        "median": 9843.498922634124,
        "std": 14.381985651020251,
        "max": 9853.668522214888,
        "min": 9833.32932305336,
        "count": 2
    },
    "Inf_JoulesNormalized": {
        "mean": 1388.7032790422427,
        "median": 1388.7032790422427,
        "std": 16.87916926309478,
        "max": 1400.6386540889725,
        "min": 1376.7679039955128,
        "count": 2
    },
    "Val_ExecutionTime": [
        2.989954948425293,
        5.480005860328674,
        8.000067353248596,
        10.480141520500183,
        13.469948291778564,
        15.4695725440979,
        17.95983099937439,
        20.960065007209778,
        22.950121521949768,
        24.218916058540344
    ],
    "Val_Joules": [
        316.03063654303605,
        684.0856832146656,
        982.4433599293243,
        1338.241932272912,
        1706.1575884163385,
        1968.4925789415838,
        2291.643677687647,
        2590.3427483797095,
        2958.602860069277,
        3220.119986349345
    ],
    "Val_JoulesNormalized": [
        71.10407047867773,
        150.1153999447822,
        226.11446944475176,
        293.22736362814896,
        365.30106453299504,
        426.7440102577209,
        496.42606722712515,
        588.9985660672187,
        659.2566888868807,
        695.595626592636
    ],
    "NrPatches": {
        "median": 0,
        "std": 0.0,
        "max": 0,
        "min": 0
    },
    "Correctness_Per_Patch": [
        "W",
        "W",
        "W",
        "W",
        "W",
        "W",
        "W",
        "W",
        "W",
        "W"
    ],
    "Correctness_Per_Patch_original": [
        "uncompilable",
        "uncompilable",
        "uncompilable",
        "uncompilable",
        "uncompilable",
        "uncompilable",
        "uncompilable",
        "uncompilable",
        "uncompilable",
        "uncompilable"
    ],
    "patches": [],
    "Correctness_Per_Patch_origina": [
        "uncompilable",
        "uncompilable",
        "uncompilable",
        "uncompilable",
        "uncompilable",
        "uncompilable",
        "uncompilable",
        "uncompilable",
        "uncompilable",
        "uncompilable"
    ]
}