{
    "TOOL_BUG_ID": "codet5_large-Lang-43",
    "Time": {
        "mean": 52.62699830532074,
        "median": 52.09337770938873,
        "std": 1.3089618979237996,
        "max": 54.46365678310394,
        "min": 51.203529715538025,
        "count": 6
    },
    "Joules": {
        "mean": 7078.332910037041,
        "median": 6540.510065048933,
        "std": 947.0458751779569,
        "max": 8690.902501720191,
        "min": 6448.252049368621,
        "count": 6
    },
    "JoulesNormalized": {
        "mean": 1930.3152296741803,
        "median": 2391.808821612596,
        "std": 782.5835211947862,
        "max": 2488.297517043352,
        "min": 911.0372872293004,
        "count": 6
    },
    "NrExecutions": 6,
    "ExecutionsIds": [
        "s0",
        "s1",
        "s2",
        "s3",
        "s4",
        "s5"
    ],
    "ExecutionsInferenceIds": [
        "s0",
        "s1"
    ],
    "NrExecutionsInference": 2,
    "ExecutionTime_Per_PatchMedian": [
        2.2240850925445557,
        3.204930067062378,
        4.194770574569702,
        5.194584131240845,
        47.234001994132996,
        48.244070053100586,
        49.23383557796478,
        50.23343896865845,
        51.233510971069336,
        52.09337770938873
    ],
    "Joules_Per_PatchMedian": [
        1266.0765713691712,
        1365.128767436743,
        1461.624266457558,
        1557.941910082102,
        6075.818446850777,
        6174.825250303746,
        6272.128341269494,
        6369.295730751754,
        6466.107322484255,
        6540.510065048933
    ],
    "JoulesNormalized_Per_PatchMedian": [
        271.7376354336738,
        307.0354781031608,
        342.38948645591734,
        375.03143520951267,
        2221.954869765043,
        2256.440192496776,
        2289.778794378042,
        2324.0746449053286,
        2358.3384284496306,
        2391.808821612596
    ],
    "Inf_ExecutionTime": {
        "mean": 1.2244435548782349,
        "median": 1.2244435548782349,
        "std": 0.34723827539979546,
        "max": 1.4699780941009521,
        "min": 0.9789090156555176,
        "count": 2
    },
    "Inf_Joules": {
        "mean": 1164.5175615489484,
        "median": 1164.5175615489484,
        "std": 314.9554326027748,
        "max": 1387.224683713913,
        "min": 941.8104393839836,
        "count": 2
    },
    "Inf_JoulesNormalized": {
        "mean": 236.53908953070635,
        "median": 236.53908953070635,
        "std": 59.02095850844049,
        "max": 278.2732095241545,
        "min": 194.80496953725822,
        "count": 2
    },
    "Val_ExecutionTime": [
        0.9996415376663208,
        1.980486512184143,
        2.9703270196914673,
        3.97014057636261,
        46.00955843925476,
        47.01962649822235,
        48.00939202308655,
        49.00899541378021,
        50.0090674161911,
        50.8689341545105
    ],
    "Val_Joules": [
        101.55900982022285,
        200.61120588779454,
        297.10670490860946,
        393.42434853315365,
        4911.300885301829,
        5010.307688754798,
        5107.610779720545,
        5204.778169202805,
        5301.589760935307,
        5375.992503499984
    ],
    "Val_JoulesNormalized": [
        35.19854590296745,
        70.49638857245446,
        105.85039692521096,
        138.49234567880632,
        1985.4157802343366,
        2019.9011029660699,
        2053.239704847336,
        2087.535555374622,
        2121.799338918924,
        2155.2697320818897
    ],
    "NrPatches": {
        "median": 0,
        "std": 0.0,
        "max": 0,
        "min": 0
    },
    "Correctness_Per_Patch": [
        "W",
        "W",
        "W",
        "W",
        "W",
        "W",
        "W",
        "W",
        "W",
        "W"
    ],
    "Correctness_Per_Patch_original": [
        "uncompilable",
        "uncompilable",
        "uncompilable",
        "uncompilable",
        "wrong",
        "uncompilable",
        "uncompilable",
        "uncompilable",
        "uncompilable",
        "uncompilable"
    ],
    "patches": [],
    "Correctness_Per_Patch_origina": [
        "uncompilable",
        "uncompilable",
        "uncompilable",
        "uncompilable",
        "wrong",
        "uncompilable",
        "uncompilable",
        "uncompilable",
        "uncompilable",
        "uncompilable"
    ]
}