{
    "Group_ID": "s_1223_1224",
    "TOOL_BUG_ID": "TBar10C-Math-57",
    "patch_correctness": true,
    "ExecutionsIds": [
        "1223",
        "1224"
    ],
    "NrExecutions": 2,
    "NrOutliers": 0,
    "SLB": {
        "median": 61.7,
        "std": 0.848528137423854,
        "max": 62.3,
        "min": 61.1
    },
    "PowerAvg": {
        "median": 109.4,
        "std": 1.131370849898482,
        "max": 110.2,
        "min": 108.6
    },
    "Time": {
        "median": 1283.8811745643616,
        "std": 0.042470873482245784,
        "max": 1283.9112060070038,
        "min": 1283.8511431217194
    },
    "Joules": {
        "median": 139945.74404518603,
        "std": 597.274599580447,
        "max": 140368.08096477986,
        "min": 139523.40712559223
    },
    "JoulesNormalized": {
        "median": 60730.29359343052,
        "std": 1684.063448413242,
        "max": 61921.106277751926,
        "min": 59539.480909109116
    },
    "NrPatches": {
        "median": 10.0,
        "std": 0.0,
        "max": 10,
        "min": 10
    },
    "Joules_Per_PatchMedian": [
        2348.8294512987136,
        4622.03164742589,
        6904.837628018857,
        69271.59637898207,
        71760.24141249656,
        139680.2653868079,
        139731.1918124497,
        139781.9814228475,
        139832.86295161844
    ],
    "ExecutionTime_Per_PatchMedian": [
        20.499518036842346,
        40.45906400680542,
        60.35887849330902,
        660.8356815576553,
        681.234983086586,
        1281.7715080976486,
        1282.1613410711288,
        1282.561047554016,
        1282.9509930610657
    ],
    "JoulesNormalized_Per_PatchMedian": [
        1084.0332333922386,
        2125.7435313522815,
        3180.7907268285753,
        28498.124481534956,
        29728.072735226153,
        60594.98712651729,
        60621.854918926954,
        60647.982639116046,
        60674.79859390855
    ],
    "Correctness_Per_Patch": [
        "C",
        "I",
        "W",
        "W",
        "W",
        "W",
        "W",
        "W",
        "W",
        "W"
    ],
    "Correctness_Per_Patch_original": [
        "correct",
        "plausible",
        "uncompilable",
        "uncompilable",
        "uncompilable",
        "uncompilable",
        "uncompilable",
        "uncompilable",
        "uncompilable",
        "uncompilable"
    ]
}