{
    "TOOL_BUG_ID": "incoder_1B-Math-85",
    "Time": {
        "mean": 72.43296456336975,
        "median": 72.43296456336975,
        "std": 0.0,
        "max": 72.43296456336975,
        "min": 72.43296456336975,
        "count": 5
    },
    "Joules": {
        "mean": 9637.21717749238,
        "median": 9637.21717749238,
        "std": 0.0,
        "max": 9637.21717749238,
        "min": 9637.21717749238,
        "count": 5
    },
    "JoulesNormalized": {
        "mean": 4361.384072154761,
        "median": 4361.384072154761,
        "std": 0.0,
        "max": 4361.384072154761,
        "min": 4361.384072154761,
        "count": 5
    },
    "NrExecutions": 5,
    "ExecutionsIds": [
        "s0",
        "s1",
        "s2",
        "s3",
        "s4"
    ],
    "ExecutionsInferenceIds": [
        "s0",
        "s1"
    ],
    "NrExecutionsInference": 2,
    "ExecutionTime_Per_PatchMedian": [
        8.084476470947266,
        15.23430848121643,
        22.384140491485596,
        29.53397250175476,
        36.683804512023926,
        43.83363652229309,
        50.983468532562256,
        58.13330054283142,
        65.28313255310059,
        72.43296456336975
    ],
    "Joules_Per_PatchMedian": [
        1840.9789246559144,
        2707.227619415522,
        3573.476314175129,
        4439.725008934736,
        5305.973703694343,
        6172.2223984539505,
        7038.471093213558,
        7904.719787973165,
        8770.968482732773,
        9637.21717749238
    ],
    "JoulesNormalized_Per_PatchMedian": [
        646.1779596149922,
        1058.9786387860777,
        1471.7793179571631,
        1884.5799971282486,
        2297.380676299334,
        2710.1813554704195,
        3122.982034641505,
        3535.7827138125904,
        3948.583392983676,
        4361.384072154761
    ],
    "Inf_ExecutionTime": {
        "mean": 0.9346444606781006,
        "median": 0.9346444606781006,
        "std": 0.36019236217070977,
        "max": 1.1893389225006104,
        "min": 0.6799499988555908,
        "count": 2
    },
    "Inf_Joules": {
        "mean": 974.730229896307,
        "median": 974.730229896307,
        "std": 376.3317839330659,
        "max": 1240.8369862914085,
        "min": 708.6234735012055,
        "count": 2
    },
    "Inf_JoulesNormalized": {
        "mean": 233.37728044390684,
        "median": 233.37728044390684,
        "std": 99.19534487714958,
        "max": 303.51898146867757,
        "min": 163.23557941913612,
        "count": 2
    },
    "Val_ExecutionTime": [
        7.149832010269165,
        14.29966402053833,
        21.449496030807495,
        28.59932804107666,
        35.749160051345825,
        42.89899206161499,
        50.048824071884155,
        57.19865608215332,
        64.34848809242249,
        71.49832010269165
    ],
    "Val_Joules": [
        866.2486947596074,
        1732.497389519215,
        2598.7460842788223,
        3464.9947790384294,
        4331.243473798037,
        5197.492168557644,
        6063.740863317251,
        6929.989558076858,
        7796.238252836466,
        8662.486947596073
    ],
    "Val_JoulesNormalized": [
        412.8006791710854,
        825.6013583421709,
        1238.4020375132563,
        1651.2027166843418,
        2064.0033958554272,
        2476.8040750265127,
        2889.604754197598,
        3302.4054333686836,
        3715.206112539769,
        4128.0067917108545
    ],
    "NrPatches": {
        "median": 3,
        "std": 0.0,
        "max": 3,
        "min": 3
    },
    "Correctness_Per_Patch": [
        "W",
        "C",
        "W",
        "W",
        "C",
        "W",
        "I",
        "W",
        "W",
        "W"
    ],
    "Correctness_Per_Patch_original": [
        "wrong",
        "plausible",
        "wrong",
        "wrong",
        "plausible",
        "wrong",
        "plausible",
        "wrong",
        "wrong",
        "wrong"
    ],
    "patches": [
        "    if (fa * fb > 0.0) {\n",
        "    if (fa * fb > 0.0 ) {\n",
        "    if (numIterations >= maximumIterations) {\n"
    ],
    "Correctness_Per_Patch_origina": [
        "wrong",
        "plausible",
        "wrong",
        "wrong",
        "plausible",
        "wrong",
        "plausible",
        "wrong",
        "wrong",
        "wrong"
    ]
}