{
    "TOOL_BUG_ID": "codegen_6B-Lang-40",
    "Time": {
        "mean": 79.68799138069153,
        "median": 79.68799138069153,
        "std": 0.0,
        "max": 79.68799138069153,
        "min": 79.68799138069153,
        "count": 6
    },
    "Joules": {
        "mean": 9066.128273603439,
        "median": 9066.128273603439,
        "std": 0.0,
        "max": 9066.128273603439,
        "min": 9066.128273603439,
        "count": 6
    },
    "JoulesNormalized": {
        "mean": 2357.448376430035,
        "median": 2357.448376430035,
        "std": 0.0,
        "max": 2357.448376430035,
        "min": 2357.448376430035,
        "count": 6
    },
    "NrExecutions": 6,
    "ExecutionsIds": [
        "s0",
        "s1",
        "s2",
        "s3",
        "s4",
        "s5"
    ],
    "ExecutionsInferenceIds": [
        "s0",
        "s1"
    ],
    "NrExecutionsInference": 2,
    "ExecutionTime_Per_PatchMedian": [
        9.851209044456482,
        17.610851526260376,
        25.37049400806427,
        33.130136489868164,
        40.88977897167206,
        48.64942145347595,
        56.409063935279846,
        64.16870641708374,
        71.92834889888763,
        79.68799138069153
    ],
    "Joules_Per_PatchMedian": [
        2928.712372252464,
        3610.647472402572,
        4292.58257255268,
        4974.517672702788,
        5656.4527728528965,
        6338.387873003005,
        7020.322973153113,
        7702.258073303221,
        8384.19317345333,
        9066.128273603439
    ],
    "JoulesNormalized_Per_PatchMedian": [
        631.6196950623987,
        823.3784374365805,
        1015.1371798107623,
        1206.895922184944,
        1398.6546645591259,
        1590.4134069333077,
        1782.1721493074895,
        1973.9308916816713,
        2165.6896340558533,
        2357.448376430035
    ],
    "Inf_ExecutionTime": {
        "mean": 2.091566562652588,
        "median": 2.091566562652588,
        "std": 1.5437082371362705,
        "max": 3.183133125305176,
        "min": 1.0,
        "count": 2
    },
    "Inf_Joules": {
        "mean": 2246.7772721023557,
        "median": 2246.7772721023557,
        "std": 1682.9965484214429,
        "max": 3436.835544204712,
        "min": 1056.7189999999998,
        "count": 2
    },
    "Inf_JoulesNormalized": {
        "mean": 439.8609526882169,
        "median": 439.8609526882169,
        "std": 317.8925144955088,
        "max": 664.644905376434,
        "min": 215.07699999999977,
        "count": 2
    },
    "Val_ExecutionTime": [
        7.759642481803894,
        15.519284963607788,
        23.278927445411682,
        31.038569927215576,
        38.79821240901947,
        46.557854890823364,
        54.31749737262726,
        62.07713985443115,
        69.83678233623505,
        77.59642481803894
    ],
    "Val_Joules": [
        681.9351001501082,
        1363.8702003002163,
        2045.8053004503245,
        2727.7404006004326,
        3409.675500750541,
        4091.610600900649,
        4773.545701050757,
        5455.480801200865,
        6137.415901350974,
        6819.351001501083
    ],
    "Val_JoulesNormalized": [
        191.7587423741818,
        383.5174847483636,
        575.2762271225454,
        767.0349694967272,
        958.793711870909,
        1150.5524542450908,
        1342.3111966192726,
        1534.0699389934543,
        1725.8286813676364,
        1917.587423741818
    ],
    "NrPatches": {
        "median": 0,
        "std": 0.0,
        "max": 0,
        "min": 0
    },
    "Correctness_Per_Patch": [
        "W",
        "W",
        "W",
        "W",
        "W",
        "W",
        "W",
        "W",
        "W",
        "W"
    ],
    "Correctness_Per_Patch_original": [
        "wrong",
        "uncompilable",
        "uncompilable",
        "wrong",
        "wrong",
        "wrong",
        "wrong",
        "wrong",
        "wrong",
        "uncompilable"
    ],
    "patches": [],
    "Correctness_Per_Patch_origina": [
        "wrong",
        "uncompilable",
        "uncompilable",
        "wrong",
        "wrong",
        "wrong",
        "wrong",
        "wrong",
        "wrong",
        "uncompilable"
    ]
}