{
    "TOOL_BUG_ID": "codet5_large-Closure-150",
    "Time": {
        "mean": 19.354436953862507,
        "median": 19.05475091934204,
        "std": 0.7044429033300059,
        "max": 20.724183082580566,
        "min": 18.88476824760437,
        "count": 6
    },
    "Joules": {
        "mean": 2709.147964477539,
        "median": 2672.3027829051016,
        "std": 174.74662936174278,
        "max": 2916.8389892578125,
        "min": 2525.335837590694,
        "count": 6
    },
    "JoulesNormalized": {
        "mean": 682.0683236122131,
        "median": 853.5305075883864,
        "std": 287.3137435721536,
        "max": 883.8163257241249,
        "min": 308.9163430929184,
        "count": 6
    },
    "NrExecutions": 6,
    "ExecutionsIds": [
        "s0",
        "s1",
        "s2",
        "s3",
        "s4",
        "s5"
    ],
    "ExecutionsInferenceIds": [
        "s0",
        "s1"
    ],
    "NrExecutionsInference": 2,
    "ExecutionTime_Per_PatchMedian": [
        1.7351349592208862,
        2.7350064516067505,
        6.734860777854919,
        7.724797964096069,
        8.724777579307556,
        12.724684953689575,
        16.724596858024597,
        17.704761028289795,
        18.69449234008789,
        19.05475091934204
    ],
    "Joules_Per_PatchMedian": [
        814.734423303604,
        931.1873208343982,
        1349.9248796403408,
        1456.7681094288828,
        1561.431964468956,
        1971.9943118274211,
        2367.205857628584,
        2471.5145427525044,
        2574.810824888945,
        2672.3027829051016
    ],
    "JoulesNormalized_Per_PatchMedian": [
        175.94090018868445,
        221.25878071784973,
        366.4388170897961,
        409.98509196043017,
        451.3111122727394,
        599.9528610050679,
        744.446506011486,
        784.4890887558461,
        825.2018430411815,
        853.5305075883864
    ],
    "Inf_ExecutionTime": {
        "mean": 0.745004415512085,
        "median": 0.745004415512085,
        "std": 0.19109347397360546,
        "max": 0.8801279067993164,
        "min": 0.6098809242248535,
        "count": 2
    },
    "Inf_Joules": {
        "mean": 698.2703643798827,
        "median": 698.2703643798827,
        "std": 191.23679561323092,
        "max": 833.4951993703842,
        "min": 563.0455293893814,
        "count": 2
    },
    "Inf_JoulesNormalized": {
        "mean": 129.25717294216156,
        "median": 129.25717294216156,
        "std": 42.635799023220784,
        "max": 159.40523555278776,
        "min": 99.10911033153536,
        "count": 2
    },
    "Val_ExecutionTime": [
        0.9901305437088013,
        1.9900020360946655,
        5.9898563623428345,
        6.979793548583984,
        7.979773163795471,
        11.97968053817749,
        15.979592442512512,
        16.95975661277771,
        17.949487924575806,
        18.309746503829956
    ],
    "Val_Joules": [
        116.46405892372127,
        232.91695645451546,
        651.6545152604581,
        758.497745049,
        863.1616000890733,
        1273.7239474475384,
        1668.9354932487013,
        1773.2441783726217,
        1876.5404605090619,
        1974.032418525219
    ],
    "Val_JoulesNormalized": [
        46.683727246522906,
        92.00160777568817,
        237.1816441476345,
        280.7279190182686,
        322.05393933057786,
        470.6956880629063,
        615.1893330693244,
        655.2319158136845,
        695.94467009902,
        724.2733346462248
    ],
    "NrPatches": {
        "median": 0,
        "std": 0.0,
        "max": 0,
        "min": 0
    },
    "Correctness_Per_Patch": [
        "W",
        "W",
        "W",
        "W",
        "W",
        "W",
        "W",
        "W",
        "W",
        "W"
    ],
    "Correctness_Per_Patch_original": [
        "uncompilable",
        "uncompilable",
        "wrong",
        "uncompilable",
        "uncompilable",
        "wrong",
        "wrong",
        "uncompilable",
        "uncompilable",
        "uncompilable"
    ],
    "patches": [],
    "Correctness_Per_Patch_origina": [
        "uncompilable",
        "uncompilable",
        "wrong",
        "uncompilable",
        "uncompilable",
        "wrong",
        "wrong",
        "uncompilable",
        "uncompilable",
        "uncompilable"
    ]
}