{
    "TOOL_BUG_ID": "incoder_6B-Math-11",
    "Time": {
        "mean": 634.8257654905319,
        "median": 634.8257654905319,
        "std": 0.0,
        "max": 634.8257654905319,
        "min": 634.8257654905319,
        "count": 5
    },
    "Joules": {
        "mean": 73469.6620497048,
        "median": 73469.6620497048,
        "std": 0.0,
        "max": 73469.6620497048,
        "min": 73469.6620497048,
        "count": 5
    },
    "JoulesNormalized": {
        "mean": 32113.388087087875,
        "median": 32113.388087087875,
        "std": 0.0,
        "max": 32113.388087087875,
        "min": 32113.388087087875,
        "count": 5
    },
    "NrExecutions": 5,
    "ExecutionsIds": [
        "s0",
        "s1",
        "s2",
        "s3",
        "s4"
    ],
    "ExecutionsInferenceIds": [
        "s0",
        "s1"
    ],
    "NrExecutionsInference": 2,
    "ExecutionTime_Per_PatchMedian": [
        65.49835693836212,
        128.7569578886032,
        192.0155588388443,
        255.2741597890854,
        318.5327607393265,
        381.79136168956757,
        445.04996263980865,
        508.30856359004974,
        571.5671645402908,
        634.8257654905319
    ],
    "Joules_Per_PatchMedian": [
        9577.91160340309,
        16676.994986325502,
        23776.078369247913,
        30875.161752170323,
        37974.24513509273,
        45073.32851801514,
        52172.41190093756,
        59271.49528385997,
        66370.57866678238,
        73469.6620497048
    ],
    "JoulesNormalized_Per_PatchMedian": [
        3699.2028539538383,
        6856.3345465242855,
        10013.466239094734,
        13170.597931665183,
        16327.729624235631,
        19484.86131680608,
        22641.99300937653,
        25799.124701946977,
        28956.256394517426,
        32113.388087087875
    ],
    "Inf_ExecutionTime": {
        "mean": 2.2397559881210327,
        "median": 2.2397559881210327,
        "std": 0.2689665200932439,
        "max": 2.4299440383911133,
        "min": 2.049567937850952,
        "count": 2
    },
    "Inf_Joules": {
        "mean": 2478.8282204806806,
        "median": 2478.8282204806806,
        "std": 288.2228639223806,
        "max": 2682.6325620532034,
        "min": 2275.0238789081577,
        "count": 2
    },
    "Inf_JoulesNormalized": {
        "mean": 542.0711613833906,
        "median": 542.0711613833906,
        "std": 69.79364721634728,
        "max": 591.4227226138114,
        "min": 492.71960015296986,
        "count": 2
    },
    "Val_ExecutionTime": [
        63.25860095024109,
        126.51720190048218,
        189.77580285072327,
        253.03440380096436,
        316.29300475120544,
        379.55160570144653,
        442.8102066516876,
        506.0688076019287,
        569.3274085521698,
        632.5860095024109
    ],
    "Val_Joules": [
        7099.08338292241,
        14198.166765844822,
        21297.25014876723,
        28396.33353168964,
        35495.41691461205,
        42594.50029753446,
        49693.583680456875,
        56792.66706337929,
        63891.7504463017,
        70990.83382922412
    ],
    "Val_JoulesNormalized": [
        3157.1316925704477,
        6314.263385140895,
        9471.395077711344,
        12628.526770281793,
        15785.658462852241,
        18942.79015542269,
        22099.921847993137,
        25257.053540563586,
        28414.185233134034,
        31571.316925704483
    ],
    "NrPatches": {
        "median": 3,
        "std": 0.0,
        "max": 3,
        "min": 3
    },
    "Correctness_Per_Patch": [
        "W",
        "W",
        "W",
        "W",
        "W",
        "C",
        "C",
        "C",
        "W",
        "W"
    ],
    "Correctness_Per_Patch_original": [
        "wrong",
        "wrong",
        "wrong",
        "wrong",
        "wrong",
        "plausible",
        "plausible",
        "plausible",
        "uncompilable",
        "wrong"
    ],
    "patches": [
        "    return FastMath.pow(2 * FastMath.PI, -dim * 0.5) *\n",
        "    return FastMath.pow(2 * FastMath.PI, -dim / 2.0) *\n",
        "    return FastMath.pow(2 * FastMath.PI, -dim / (double) 2) *\n"
    ],
    "Correctness_Per_Patch_origina": [
        "wrong",
        "wrong",
        "wrong",
        "wrong",
        "wrong",
        "plausible",
        "plausible",
        "plausible",
        "uncompilable",
        "wrong"
    ]
}