{
    "TOOL_BUG_ID": "incoder_6B-Closure-38",
    "Time": {
        "mean": 50.26042768955231,
        "median": 49.260164856910706,
        "std": 2.522526748977064,
        "max": 54.060935854911804,
        "min": 47.680298924446106,
        "count": 5
    },
    "Joules": {
        "mean": 8548.555690722465,
        "median": 8382.333016991615,
        "std": 302.1913284973852,
        "max": 8987.456663143634,
        "min": 8297.277231442928,
        "count": 5
    },
    "JoulesNormalized": {
        "mean": 2843.784039773941,
        "median": 3186.076329088211,
        "std": 926.5068709067014,
        "max": 3446.6862816929806,
        "min": 1205.5015045881275,
        "count": 5
    },
    "NrExecutions": 5,
    "ExecutionsIds": [
        "s0",
        "s1",
        "s2",
        "s3",
        "s4"
    ],
    "ExecutionsInferenceIds": [
        "s0",
        "s1"
    ],
    "NrExecutionsInference": 2,
    "ExecutionTime_Per_PatchMedian": [
        7.521065831184387,
        12.521021723747253,
        17.50092899799347,
        22.500868916511536,
        27.479951977729797,
        31.480527997016907,
        35.500327706336975,
        40.480265736579895,
        45.48026978969574,
        49.260164856910706
    ],
    "Joules_Per_PatchMedian": [
        3561.286466872692,
        4128.760418689251,
        4687.629940068722,
        5260.579566907883,
        5776.65028874874,
        6260.783393645286,
        6825.368016183376,
        7345.792890775204,
        7918.143384957313,
        8382.333016991615
    ],
    "JoulesNormalized_Per_PatchMedian": [
        955.6845922470093,
        1214.0045193552971,
        1453.1323855400087,
        1704.1181708216668,
        1941.1338498711586,
        2187.262688422203,
        2444.269849741459,
        2694.767938244343,
        2956.6181807279586,
        3186.076329088211
    ],
    "Inf_ExecutionTime": {
        "mean": 2.5211418867111206,
        "median": 2.5211418867111206,
        "std": 0.32652630251717785,
        "max": 2.752030849456787,
        "min": 2.290252923965454,
        "count": 2
    },
    "Inf_Joules": {
        "mean": 2980.2046278715134,
        "median": 2980.2046278715134,
        "std": 366.50345176695794,
        "max": 3239.361703944206,
        "min": 2721.0475517988207,
        "count": 2
    },
    "Inf_JoulesNormalized": {
        "mean": 686.4412664175034,
        "median": 686.4412664175034,
        "std": 105.66531050018924,
        "max": 761.1579240083693,
        "min": 611.7246088266374,
        "count": 2
    },
    "Val_ExecutionTime": [
        4.999923944473267,
        9.999879837036133,
        14.979787111282349,
        19.979727029800415,
        24.958810091018677,
        28.959386110305786,
        32.979185819625854,
        37.959123849868774,
        42.95912790298462,
        46.739022970199585
    ],
    "Val_Joules": [
        581.0818390011787,
        1148.555790817738,
        1707.4253121972088,
        2280.37493903637,
        2796.445660877227,
        3280.578765773773,
        3845.163388311863,
        4365.5882629036905,
        4937.9387570858,
        5402.128389120102
    ],
    "Val_JoulesNormalized": [
        269.2433258295059,
        527.5632529377938,
        766.6911191225054,
        1017.6769044041635,
        1254.6925834536553,
        1500.8214220046998,
        1757.8285833239556,
        2008.3266718268396,
        2270.1769143104552,
        2499.6350626707076
    ],
    "NrPatches": {
        "median": 0,
        "std": 0.0,
        "max": 0,
        "min": 0
    },
    "Correctness_Per_Patch": [
        "W",
        "W",
        "W",
        "W",
        "W",
        "W",
        "W",
        "W",
        "W",
        "W"
    ],
    "Correctness_Per_Patch_original": [
        "wrong",
        "wrong",
        "wrong",
        "wrong",
        "wrong",
        "wrong",
        "wrong",
        "wrong",
        "wrong",
        "wrong"
    ],
    "patches": [],
    "Correctness_Per_Patch_origina": [
        "wrong",
        "wrong",
        "wrong",
        "wrong",
        "wrong",
        "wrong",
        "wrong",
        "wrong",
        "wrong",
        "wrong"
    ]
}