{
    "TOOL_BUG_ID": "plbart_base-Math-65",
    "Time": {
        "mean": 87.43079125881195,
        "median": 87.43079125881195,
        "std": 0.0,
        "max": 87.43079125881195,
        "min": 87.43079125881195,
        "count": 6
    },
    "Joules": {
        "mean": 10072.574374663829,
        "median": 10072.574374663829,
        "std": 0.0,
        "max": 10072.574374663829,
        "min": 10072.574374663829,
        "count": 6
    },
    "JoulesNormalized": {
        "mean": 4541.3626850128185,
        "median": 4541.3626850128185,
        "std": 0.0,
        "max": 4541.3626850128185,
        "min": 4541.3626850128185,
        "count": 6
    },
    "NrExecutions": 6,
    "ExecutionsIds": [
        "s0",
        "s1",
        "s2",
        "s3",
        "s4",
        "s5"
    ],
    "ExecutionsInferenceIds": [
        "s0",
        "s1"
    ],
    "NrExecutionsInference": 2,
    "ExecutionTime_Per_PatchMedian": [
        8.864423871040344,
        17.59402024745941,
        26.32361662387848,
        35.053213000297546,
        43.782809376716614,
        52.51240575313568,
        61.24200212955475,
        69.97159850597382,
        78.70119488239288,
        87.43079125881195
    ],
    "Joules_Per_PatchMedian": [
        1100.9542655229568,
        2097.8009443163874,
        3094.6476231098177,
        4091.494301903248,
        5088.340980696678,
        6085.187659490109,
        7082.034338283539,
        8078.881017076969,
        9075.727695870399,
        10072.574374663829
    ],
    "JoulesNormalized_Per_PatchMedian": [
        457.51828209161766,
        911.2787713050843,
        1365.0392605185511,
        1818.799749732018,
        2272.560238945485,
        2726.3207281589516,
        3180.0812173724185,
        3633.8417065858853,
        4087.602195799352,
        4541.3626850128185
    ],
    "Inf_ExecutionTime": {
        "mean": 0.13482749462127686,
        "median": 0.13482749462127686,
        "std": 0.006837061765437229,
        "max": 0.1396620273590088,
        "min": 0.12999296188354492,
        "count": 2
    },
    "Inf_Joules": {
        "mean": 104.10758672952653,
        "median": 104.10758672952653,
        "std": 4.0651634606241975,
        "max": 106.98209137916567,
        "min": 101.23308207988738,
        "count": 2
    },
    "Inf_JoulesNormalized": {
        "mean": 3.757792878150937,
        "median": 3.757792878150937,
        "std": 0.3951569156506522,
        "max": 4.037211012840274,
        "min": 3.4783747434616004,
        "count": 2
    },
    "Val_ExecutionTime": [
        8.729596376419067,
        17.459192752838135,
        26.188789129257202,
        34.91838550567627,
        43.64798188209534,
        52.377578258514404,
        61.10717463493347,
        69.83677101135254,
        78.5663673877716,
        87.29596376419067
    ],
    "Val_Joules": [
        996.8466787934303,
        1993.6933575868609,
        2990.540036380291,
        3987.3867151737213,
        4984.233393967152,
        5981.080072760582,
        6977.926751554012,
        7974.773430347443,
        8971.620109140873,
        9968.466787934303
    ],
    "Val_JoulesNormalized": [
        453.7604892134667,
        907.5209784269334,
        1361.2814676404003,
        1815.041956853867,
        2268.8024460673337,
        2722.5629352808005,
        3176.3234244942673,
        3630.083913707734,
        4083.844402921201,
        4537.604892134667
    ],
    "NrPatches": {
        "median": 0,
        "std": 0.0,
        "max": 0,
        "min": 0
    },
    "Correctness_Per_Patch": [
        "W",
        "W",
        "W",
        "W",
        "W",
        "W",
        "W",
        "W",
        "W",
        "W"
    ],
    "Correctness_Per_Patch_original": [
        "uncompilable",
        "uncompilable",
        "uncompilable",
        "uncompilable",
        "wrong",
        "wrong",
        "uncompilable",
        "wrong",
        "uncompilable",
        "wrong"
    ],
    "patches": [],
    "Correctness_Per_Patch_origina": [
        "uncompilable",
        "uncompilable",
        "uncompilable",
        "uncompilable",
        "wrong",
        "wrong",
        "uncompilable",
        "wrong",
        "uncompilable",
        "wrong"
    ]
}