{
    "TOOL_BUG_ID": "incoder_6B-Chart-6",
    "Time": {
        "mean": 57.37733187278112,
        "median": 43.67564880847931,
        "std": 33.786406850041296,
        "max": 126.34195113182068,
        "min": 43.242307305336,
        "count": 6
    },
    "Joules": {
        "mean": 7825.996534926692,
        "median": 6039.0094720721245,
        "std": 3680.699101106975,
        "max": 15186.054302507639,
        "min": 5921.995002710818,
        "count": 6
    },
    "JoulesNormalized": {
        "mean": 2229.1904050876697,
        "median": 1904.2699209630491,
        "std": 1965.2168194737533,
        "max": 6060.252168685197,
        "min": 719.4250081658363,
        "count": 6
    },
    "NrExecutions": 6,
    "ExecutionsIds": [
        "s0",
        "s1",
        "s2",
        "s3",
        "s4",
        "s5"
    ],
    "ExecutionsInferenceIds": [
        "s0",
        "s1"
    ],
    "NrExecutionsInference": 2,
    "ExecutionTime_Per_PatchMedian": [
        14.024453997612,
        15.024606585502625,
        16.023908138275146,
        20.004572868347168,
        24.004844903945923,
        28.004176020622253,
        32.01439118385315,
        36.02400267124176,
        40.02424907684326,
        43.67564880847931
    ],
    "Joules_Per_PatchMedian": [
        3093.5776874065396,
        3200.0629882216454,
        3304.3542186796662,
        3696.9081764280795,
        4093.5959881007666,
        4482.253672546149,
        4889.594635754824,
        5277.994221824408,
        5672.370929569006,
        6039.0094720721245
    ],
    "JoulesNormalized_Per_PatchMedian": [
        919.3727556109427,
        957.6307944774626,
        995.7128047287463,
        1123.7682898044586,
        1261.6126803159711,
        1390.6370799303052,
        1523.027897721529,
        1650.7658873915673,
        1776.623003989458,
        1904.2699209630491
    ],
    "Inf_ExecutionTime": {
        "mean": 1.5447320938110352,
        "median": 1.5447320938110352,
        "std": 0.09130288651654378,
        "max": 1.609292984008789,
        "min": 1.4801712036132812,
        "count": 2
    },
    "Inf_Joules": {
        "mean": 1749.9691746175288,
        "median": 1749.9691746175288,
        "std": 131.12244845529008,
        "max": 1842.686747086048,
        "min": 1657.2516021490096,
        "count": 2
    },
    "Inf_JoulesNormalized": {
        "mean": 348.1639319360255,
        "median": 348.1639319360255,
        "std": 71.7651363226707,
        "max": 398.909546482563,
        "min": 297.41831738948804,
        "count": 2
    },
    "Val_ExecutionTime": [
        12.479721903800964,
        13.47987449169159,
        14.479176044464111,
        18.459840774536133,
        22.460112810134888,
        26.45944392681122,
        30.469659090042114,
        34.479270577430725,
        38.47951698303223,
        42.130916714668274
    ],
    "Val_Joules": [
        1343.6085127890108,
        1450.0938136041163,
        1554.3850440621375,
        1946.9390018105507,
        2343.626813483238,
        2732.2844979286197,
        3139.6254611372956,
        3528.025047206879,
        3922.401754951478,
        4289.040297454596
    ],
    "Val_JoulesNormalized": [
        571.2088236749172,
        609.4668625414372,
        647.5488727927208,
        775.604357868433,
        913.4487483799456,
        1042.4731479942795,
        1174.8639657855033,
        1302.6019554555417,
        1428.4590720534327,
        1556.1059890270235
    ],
    "NrPatches": {
        "median": 0,
        "std": 0.0,
        "max": 0,
        "min": 0
    },
    "Correctness_Per_Patch": [
        "W",
        "W",
        "W",
        "W",
        "W",
        "W",
        "W",
        "W",
        "W",
        "W"
    ],
    "Correctness_Per_Patch_original": [
        "wrong",
        "uncompilable",
        "uncompilable",
        "wrong",
        "wrong",
        "wrong",
        "wrong",
        "wrong",
        "wrong",
        "wrong"
    ],
    "patches": [],
    "Correctness_Per_Patch_origina": [
        "wrong",
        "uncompilable",
        "uncompilable",
        "wrong",
        "wrong",
        "wrong",
        "wrong",
        "wrong",
        "wrong",
        "wrong"
    ]
}