{
    "TOOL_BUG_ID": "plbart_large-Mockito-7",
    "Time": {
        "mean": 157.09634864330292,
        "median": 156.76627504825592,
        "std": 2.4302677861931987,
        "max": 160.3660489320755,
        "min": 154.48679554462433,
        "count": 4
    },
    "Joules": {
        "mean": 21170.990262079238,
        "median": 21142.88999174833,
        "std": 177.19809462395045,
        "max": 21404.746495383977,
        "min": 20993.434569436315,
        "count": 4
    },
    "JoulesNormalized": {
        "mean": 9365.156986767053,
        "median": 11201.017383521794,
        "std": 3776.9895290601066,
        "max": 11357.315558844806,
        "min": 3701.2776211798205,
        "count": 4
    },
    "NrExecutions": 4,
    "ExecutionsIds": [
        "s1",
        "s2",
        "s3",
        "s4"
    ],
    "ExecutionsInferenceIds": [
        "s0",
        "s1"
    ],
    "NrExecutionsInference": 2,
    "ExecutionTime_Per_PatchMedian": [
        11.889529585838318,
        23.52969217300415,
        35.13926875591278,
        46.758907318115234,
        103.93771493434906,
        113.84770500659943,
        125.46727204322815,
        135.9073475599289,
        147.42675650119781,
        156.76627504825592
    ],
    "Joules_Per_PatchMedian": [
        1787.5527082264425,
        3355.208993589878,
        4921.567228657007,
        6481.967432415486,
        14071.039910978077,
        15397.141306275129,
        16966.694127732517,
        18346.331530719995,
        19895.01501126885,
        21142.88999174833
    ],
    "JoulesNormalized_Per_PatchMedian": [
        861.4563937485218,
        1703.737267768383,
        2551.735962373018,
        3395.314528381824,
        7425.149935650825,
        8137.085583686828,
        8979.362480974196,
        9684.62054414749,
        10513.678872907161,
        11201.017383521794
    ],
    "Inf_ExecutionTime": {
        "mean": 0.2701195478439331,
        "median": 0.2701195478439331,
        "std": 0.056826595847238426,
        "max": 0.3103020191192627,
        "min": 0.22993707656860352,
        "count": 2
    },
    "Inf_Joules": {
        "mean": 214.94248993992807,
        "median": 214.94248993992807,
        "std": 47.40240114610953,
        "max": 248.4610492348671,
        "min": 181.42393064498904,
        "count": 2
    },
    "Inf_JoulesNormalized": {
        "mean": 13.411210530996328,
        "median": 13.411210530996328,
        "std": 2.5396601753805204,
        "max": 15.20702146291731,
        "min": 11.615399599075346,
        "count": 2
    },
    "Val_ExecutionTime": [
        11.619410037994385,
        23.259572625160217,
        34.86914920806885,
        46.4887877702713,
        103.66759538650513,
        113.5775854587555,
        125.19715249538422,
        135.63722801208496,
        147.15663695335388,
        156.496155500412
    ],
    "Val_Joules": [
        1572.6102182865143,
        3140.2665036499498,
        4706.624738717079,
        6267.0249424755575,
        13856.09742103815,
        15182.198816335202,
        16751.751637792586,
        18131.389040780065,
        19680.072521328926,
        20927.947501808405
    ],
    "Val_JoulesNormalized": [
        848.0451832175254,
        1690.3260572373865,
        2538.3247518420217,
        3381.903317850828,
        7411.738725119829,
        8123.674373155832,
        8965.951270443202,
        9671.209333616494,
        10500.267662376165,
        11187.6061729908
    ],
    "NrPatches": {
        "median": 0,
        "std": 0.0,
        "max": 0,
        "min": 0
    },
    "Correctness_Per_Patch": [
        "W",
        "W",
        "W",
        "W",
        "W",
        "W",
        "W",
        "W",
        "W",
        "W"
    ],
    "Correctness_Per_Patch_original": [
        "uncompilable",
        "uncompilable",
        "uncompilable",
        "uncompilable",
        "wrong",
        "uncompilable",
        "uncompilable",
        "uncompilable",
        "uncompilable",
        "uncompilable"
    ],
    "patches": [],
    "Correctness_Per_Patch_origina": [
        "uncompilable",
        "uncompilable",
        "uncompilable",
        "uncompilable",
        "wrong",
        "uncompilable",
        "uncompilable",
        "uncompilable",
        "uncompilable",
        "uncompilable"
    ]
}