{
    "Group_ID": "s_1223_1224",
    "TOOL_BUG_ID": "TBar10C-Lang-6",
    "patch_correctness": true,
    "ExecutionsIds": [
        "1223",
        "1224"
    ],
    "NrExecutions": 2,
    "NrOutliers": 0,
    "SLB": {
        "median": 61.9,
        "std": 0.0,
        "max": 61.9,
        "min": 61.9
    },
    "PowerAvg": {
        "median": 117.94999999999999,
        "std": 0.21213203435596223,
        "max": 118.1,
        "min": 117.8
    },
    "Time": {
        "median": 1265.4311624765396,
        "std": 0.3680271241340969,
        "max": 1265.6913969516754,
        "min": 1265.1709280014038
    },
    "Joules": {
        "median": 147851.10619895457,
        "std": 118.42318354508791,
        "max": 147934.84403508902,
        "min": 147767.36836282015
    },
    "JoulesNormalized": {
        "median": 69520.91724165679,
        "std": 95.64230456118732,
        "max": 69588.54656378031,
        "min": 69453.28791953326
    },
    "NrPatches": {
        "median": 7.0,
        "std": 0.0,
        "max": 7,
        "min": 7
    },
    "Joules_Per_PatchMedian": [
        65343.8855445981,
        67308.54173184038,
        69239.42542734742,
        71154.34025299549,
        73115.27367905974,
        147734.95072420238
    ],
    "ExecutionTime_Per_PatchMedian": [
        601.2160103321075,
        617.1454297304153,
        632.7648020982742,
        648.2038331031799,
        664.0340042114258,
        1264.5299983024597
    ],
    "JoulesNormalized_Per_PatchMedian": [
        28128.61450504064,
        29107.239631527656,
        30071.284177464244,
        31030.522983908646,
        32011.568818372485,
        69460.54382928013
    ],
    "Correctness_Per_Patch": [
        "W",
        "C",
        "W",
        "W",
        "W",
        "W",
        "W"
    ],
    "Correctness_Per_Patch_original": [
        "uncompilable",
        "correct",
        "uncompilable",
        "uncompilable",
        "uncompilable",
        "uncompilable",
        "uncompilable"
    ]
}