{
    "TOOL_BUG_ID": "incoder_1B-Mockito-1",
    "Time": {
        "mean": 381.91471350193024,
        "median": 381.91471350193024,
        "std": 0.0,
        "max": 381.91471350193024,
        "min": 381.91471350193024,
        "count": 5
    },
    "Joules": {
        "mean": 46168.85620937347,
        "median": 46168.85620937347,
        "std": 0.0,
        "max": 46168.85620937347,
        "min": 46168.85620937347,
        "count": 5
    },
    "JoulesNormalized": {
        "mean": 22081.722523677352,
        "median": 22081.722523677352,
        "std": 0.0,
        "max": 22081.722523677352,
        "min": 22081.722523677352,
        "count": 5
    },
    "NrExecutions": 5,
    "ExecutionsIds": [
        "s0",
        "s1",
        "s2",
        "s3",
        "s4"
    ],
    "ExecutionsInferenceIds": [
        "s0",
        "s1"
    ],
    "NrExecutionsInference": 2,
    "ExecutionTime_Per_PatchMedian": [
        38.66363787651062,
        76.80264627933502,
        114.94165468215942,
        153.08066308498383,
        191.21967148780823,
        229.35867989063263,
        267.49768829345703,
        305.63669669628143,
        343.77570509910583,
        381.91471350193024
    ],
    "Joules_Per_PatchMedian": [
        5083.483140814304,
        9648.524592876434,
        14213.566044938565,
        18778.607497000696,
        23343.648949062826,
        27908.690401124957,
        32473.731853187088,
        37038.77330524922,
        41603.814757311346,
        46168.85620937347
    ],
    "JoulesNormalized_Per_PatchMedian": [
        2299.559721529484,
        4497.577810657024,
        6695.595899784565,
        8893.613988912104,
        11091.632078039645,
        13289.650167167187,
        15487.668256294728,
        17685.68634542227,
        19883.70443454981,
        22081.722523677352
    ],
    "Inf_ExecutionTime": {
        "mean": 0.5246294736862183,
        "median": 0.5246294736862183,
        "std": 0.007611889428461506,
        "max": 0.5300118923187256,
        "min": 0.5192470550537109,
        "count": 2
    },
    "Inf_Joules": {
        "mean": 518.4416887521743,
        "median": 518.4416887521743,
        "std": 11.056208467356113,
        "max": 526.259608733654,
        "min": 510.6237687706947,
        "count": 2
    },
    "Inf_JoulesNormalized": {
        "mean": 101.54163240194316,
        "median": 101.54163240194316,
        "std": 2.6708777880227763,
        "max": 103.43022819757459,
        "min": 99.65303660631173,
        "count": 2
    },
    "Val_ExecutionTime": [
        38.1390084028244,
        76.2780168056488,
        114.4170252084732,
        152.5560336112976,
        190.695042014122,
        228.8340504169464,
        266.9730588197708,
        305.1120672225952,
        343.2510756254196,
        381.390084028244
    ],
    "Val_Joules": [
        4565.041452062129,
        9130.08290412426,
        13695.12435618639,
        18260.165808248523,
        22825.207260310654,
        27390.248712372784,
        31955.290164434915,
        36520.331616497046,
        41085.37306855917,
        45650.4145206213
    ],
    "Val_JoulesNormalized": [
        2198.0180891275404,
        4396.036178255081,
        6594.054267382621,
        8792.072356510162,
        10990.090445637703,
        13188.108534765244,
        15386.126623892786,
        17584.144713020327,
        19782.16280214787,
        21980.18089127541
    ],
    "NrPatches": {
        "median": 1,
        "std": 0.0,
        "max": 1,
        "min": 1
    },
    "Correctness_Per_Patch": [
        "I",
        "W",
        "W",
        "W",
        "W",
        "W",
        "W",
        "W",
        "W",
        "W"
    ],
    "Correctness_Per_Patch_original": [
        "plausible",
        "wrong",
        "wrong",
        "uncompilable",
        "uncompilable",
        "uncompilable",
        "wrong",
        "wrong",
        "uncompilable",
        "wrong"
    ],
    "patches": [
        "        return;\n"
    ],
    "Correctness_Per_Patch_origina": [
        "plausible",
        "wrong",
        "wrong",
        "uncompilable",
        "uncompilable",
        "uncompilable",
        "wrong",
        "wrong",
        "uncompilable",
        "wrong"
    ]
}