{
    "TOOL_BUG_ID": "plbart_large-Closure-77",
    "Time": {
        "mean": 19.847766304016112,
        "median": 19.864995002746582,
        "std": 0.3204061132469939,
        "max": 20.16437292098999,
        "min": 19.483989477157593,
        "count": 5
    },
    "Joules": {
        "mean": 2263.836280976534,
        "median": 2490.2758474409575,
        "std": 334.3272004272663,
        "max": 2518.6783178746705,
        "min": 1855.555282920599,
        "count": 5
    },
    "JoulesNormalized": {
        "mean": 268.7263081228734,
        "median": 132.99855369925513,
        "std": 192.3406415280117,
        "max": 507.83725540041917,
        "min": 122.94892734885235,
        "count": 5
    },
    "NrExecutions": 5,
    "ExecutionsIds": [
        "s1",
        "s2",
        "s3",
        "s4",
        "s5"
    ],
    "ExecutionsInferenceIds": [
        "s0",
        "s1"
    ],
    "NrExecutionsInference": 2,
    "ExecutionTime_Per_PatchMedian": [
        2.284613847732544,
        4.265247821807861,
        6.265015125274658,
        8.264396667480469,
        10.245014190673828,
        12.244284629821777,
        14.244256734848022,
        16.224747896194458,
        18.224189519882202,
        19.864995002746582
    ],
    "Joules_Per_PatchMedian": [
        463.3150777518749,
        693.1813837826252,
        924.4717238605022,
        1153.2750862419605,
        1383.6438193142415,
        1614.1463233292104,
        1843.03642860055,
        2069.3254774034026,
        2294.0376978576187,
        2490.2758474409575
    ],
    "JoulesNormalized_Per_PatchMedian": [
        34.13584232926371,
        48.508359748125116,
        61.8609779298306,
        73.79864527583129,
        86.64146181941038,
        97.70691433548936,
        107.03035095334064,
        115.64159949421892,
        124.73179143071187,
        132.99855369925513
    ],
    "Inf_ExecutionTime": {
        "mean": 0.2849400043487549,
        "median": 0.2849400043487549,
        "std": 0.04959369088058688,
        "max": 0.3200080394744873,
        "min": 0.24987196922302246,
        "count": 2
    },
    "Inf_Joules": {
        "mean": 233.20822028517722,
        "median": 233.20822028517722,
        "std": 41.606849946385104,
        "max": 262.6287060260773,
        "min": 203.78773454427719,
        "count": 2
    },
    "Inf_JoulesNormalized": {
        "mean": 20.240564006567013,
        "median": 20.240564006567013,
        "std": 1.9206246120954122,
        "max": 21.59865069389346,
        "min": 18.882477319240564,
        "count": 2
    },
    "Val_ExecutionTime": [
        1.999673843383789,
        3.9803078174591064,
        5.980075120925903,
        7.979456663131714,
        9.960074186325073,
        11.959344625473022,
        13.959316730499268,
        15.939807891845703,
        17.939249515533447,
        19.580054998397827
    ],
    "Val_Joules": [
        230.1068574666977,
        459.97316349744796,
        691.2635035753249,
        920.0668659567832,
        1150.4355990290642,
        1380.9381030440331,
        1609.8282083153726,
        1836.1172571182253,
        2060.8294775724416,
        2257.0676271557804
    ],
    "Val_JoulesNormalized": [
        13.895278322696697,
        28.267795741558103,
        41.620413923263584,
        53.55808126926428,
        66.40089781284337,
        77.46635032892235,
        86.78978694677363,
        95.40103548765191,
        104.49122742414485,
        112.75798969268811
    ],
    "NrPatches": {
        "median": 0,
        "std": 0.0,
        "max": 0,
        "min": 0
    },
    "Correctness_Per_Patch": [
        "W",
        "W",
        "W",
        "W",
        "W",
        "W",
        "W",
        "W",
        "W",
        "W"
    ],
    "Correctness_Per_Patch_original": [
        "uncompilable",
        "uncompilable",
        "uncompilable",
        "uncompilable",
        "uncompilable",
        "uncompilable",
        "uncompilable",
        "uncompilable",
        "uncompilable",
        "uncompilable"
    ],
    "patches": [],
    "Correctness_Per_Patch_origina": [
        "uncompilable",
        "uncompilable",
        "uncompilable",
        "uncompilable",
        "uncompilable",
        "uncompilable",
        "uncompilable",
        "uncompilable",
        "uncompilable",
        "uncompilable"
    ]
}