{
    "TOOL_BUG_ID": "codet5_base-Closure-83",
    "Time": {
        "mean": 475.2074486017227,
        "median": 475.2074486017227,
        "std": 0.0,
        "max": 475.2074486017227,
        "min": 475.2074486017227,
        "count": 6
    },
    "Joules": {
        "mean": 53891.185386538506,
        "median": 53891.185386538506,
        "std": 0.0,
        "max": 53891.185386538506,
        "min": 53891.185386538506,
        "count": 6
    },
    "JoulesNormalized": {
        "mean": 23780.268569886695,
        "median": 23780.268569886695,
        "std": 0.0,
        "max": 23780.268569886695,
        "min": 23780.268569886695,
        "count": 6
    },
    "NrExecutions": 6,
    "ExecutionsIds": [
        "s0",
        "s1",
        "s2",
        "s3",
        "s4",
        "s5"
    ],
    "ExecutionsInferenceIds": [
        "s0",
        "s1"
    ],
    "NrExecutionsInference": 2,
    "ExecutionTime_Per_PatchMedian": [
        48.074135541915894,
        95.5333925485611,
        142.9926495552063,
        190.4519065618515,
        237.9111635684967,
        285.3704205751419,
        332.8296775817871,
        380.2889345884323,
        427.7481915950775,
        475.2074486017227
    ],
    "Joules_Per_PatchMedian": [
        5862.376524162293,
        11198.910842204095,
        16535.445160245898,
        21871.9794782877,
        27208.513796329502,
        32545.048114371304,
        37881.58243241311,
        43218.11675045491,
        48554.65106849671,
        53891.185386538506
    ],
    "JoulesNormalized_Per_PatchMedian": [
        2433.8802811741834,
        4805.70120214224,
        7177.522123110296,
        9549.343044078352,
        11921.16396504641,
        14292.984886014467,
        16664.805806982524,
        19036.62672795058,
        21408.447648918638,
        23780.268569886695
    ],
    "Inf_ExecutionTime": {
        "mean": 0.6148785352706909,
        "median": 0.6148785352706909,
        "std": 0.021713213415842387,
        "max": 0.6302320957183838,
        "min": 0.599524974822998,
        "count": 2
    },
    "Inf_Joules": {
        "mean": 525.842206120491,
        "median": 525.842206120491,
        "std": 18.674354325739248,
        "max": 539.0469686985016,
        "min": 512.6374435424805,
        "count": 2
    },
    "Inf_JoulesNormalized": {
        "mean": 62.05936020612717,
        "median": 62.05936020612717,
        "std": 0.04958905472725068,
        "max": 62.09442496299744,
        "min": 62.0242954492569,
        "count": 2
    },
    "Val_ExecutionTime": [
        47.4592570066452,
        94.9185140132904,
        142.3777710199356,
        189.8370280265808,
        237.296285033226,
        284.7555420398712,
        332.2147990465164,
        379.6740560531616,
        427.1333130598068,
        474.592570066452
    ],
    "Val_Joules": [
        5336.534318041802,
        10673.068636083604,
        16009.602954125407,
        21346.13727216721,
        26682.67159020901,
        32019.205908250813,
        37355.74022629262,
        42692.27454433442,
        48028.808862376216,
        53365.343180418015
    ],
    "Val_JoulesNormalized": [
        2371.8209209680563,
        4743.6418419361125,
        7115.462762904169,
        9487.283683872225,
        11859.104604840282,
        14230.92552580834,
        16602.746446776397,
        18974.567367744454,
        21346.38828871251,
        23718.209209680568
    ],
    "NrPatches": {
        "median": 0,
        "std": 0.0,
        "max": 0,
        "min": 0
    },
    "Correctness_Per_Patch": [
        "W",
        "W",
        "W",
        "W",
        "W",
        "W",
        "W",
        "W",
        "W",
        "W"
    ],
    "Correctness_Per_Patch_original": [
        "wrong",
        "wrong",
        "wrong",
        "wrong",
        "wrong",
        "wrong",
        "wrong",
        "uncompilable",
        "wrong",
        "wrong"
    ],
    "patches": [],
    "Correctness_Per_Patch_origina": [
        "wrong",
        "wrong",
        "wrong",
        "wrong",
        "wrong",
        "wrong",
        "wrong",
        "uncompilable",
        "wrong",
        "wrong"
    ]
}