{
    "TOOL_BUG_ID": "LlamaRepairCL7bdcuda-Closure-109",
    "Time": {
        "mean": 359.2408159971237,
        "median": 359.2408159971237,
        "std": 0,
        "max": 359.2408159971237,
        "min": 359.2408159971237,
        "count": 1
    },
    "Joules": {
        "mean": 44484.333462059505,
        "median": 44484.333462059505,
        "std": 0,
        "max": 44484.333462059505,
        "min": 44484.333462059505,
        "count": 1
    },
    "JoulesNormalized": {
        "mean": 19976.25937788486,
        "median": 19976.25937788486,
        "std": 0,
        "max": 19976.25937788486,
        "min": 19976.25937788486,
        "count": 1
    },
    "NrExecutions": 1,
    "ExecutionsIds": [
        "s4"
    ],
    "ExecutionsInferenceIds": [
        "s1_cuda",
        "s2_cuda",
        "s3_cuda",
        "s4_cuda",
        "s5_cuda"
    ],
    "NrExecutionsInference": 5,
    "ExecutionTime_Per_PatchMedian": [
        73.76793611049652,
        145.13615608215332,
        216.50437605381012,
        287.8725960254669,
        359.2408159971237
    ],
    "Joules_Per_PatchMedian": [
        10627.111651861669,
        19091.417104411128,
        27555.722556960587,
        36020.028009510046,
        44484.333462059505
    ],
    "JoulesNormalized_Per_PatchMedian": [
        4251.687171196937,
        8182.830222868918,
        12113.973274540898,
        16045.11632621288,
        19976.25937788486
    ],
    "Inf_ExecutionTime": {
        "mean": 2.533722496032715,
        "median": 2.3997161388397217,
        "std": 0.3418651599568243,
        "max": 3.140071153640747,
        "min": 2.3190112113952637,
        "count": 5
    },
    "Inf_Joules": {
        "mean": 2267.9471169900894,
        "median": 2162.80619931221,
        "std": 273.6279698274978,
        "max": 2753.5275820612906,
        "min": 2097.659467291832,
        "count": 5
    },
    "Inf_JoulesNormalized": {
        "mean": 331.0356022930147,
        "median": 320.5441195249557,
        "std": 32.240397341881156,
        "max": 387.797974908352,
        "min": 308.77421882152544,
        "count": 5
    },
    "Val_ExecutionTime": [
        71.3682199716568,
        142.7364399433136,
        214.1046599149704,
        285.4728798866272,
        356.841099858284
    ],
    "Val_Joules": [
        8464.305452549459,
        16928.610905098918,
        25392.916357648377,
        33857.221810197836,
        42321.527262747295
    ],
    "Val_JoulesNormalized": [
        3931.143051671981,
        7862.286103343962,
        11793.429155015943,
        15724.572206687924,
        19655.715258359905
    ],
    "NrPatches": {
        "median": 0,
        "std": 0.0,
        "max": 0,
        "min": 0
    },
    "Correctness_Per_Patch": [
        "W",
        "W",
        "I",
        "W",
        "W",
        "W",
        "W",
        "W",
        "W",
        "W"
    ],
    "Correctness_Per_Patch_original": [
        "uncompilable",
        "wrong",
        "wrong",
        "wrong",
        "wrong",
        "uncompilable",
        "uncompilable",
        "wrong",
        "wrong",
        "uncompilable"
    ],
    "patches": [
        "  private Node parseContextTypeExpression(JsDocToken token) {\n// buggy code\n//           return parseTypeName(token);\n  }\n",
        "  private Node parseContextTypeExpression(JsDocToken token) {\n// buggy code\n//           return parseTypeName(token);\n       return parseTypeName(token);\n  }\n",
        "  private Node parseContextTypeExpression(JsDocToken token) {\n// buggy code\n//           return parseTypeName(token);\n         return parseTypeExpression(token);\n  }\n",
        "  private Node parseContextTypeExpression(JsDocToken token) {\n// buggy code\n//           return parseTypeName(token);\n         return parseTypeName(token, true);\n  }\n",
        "  private Node parseContextTypeExpression(JsDocToken token) {\n// buggy code\n//           return parseTypeName(token);\n         return parseContextTypeName(token);\n  }\n",
        "  private Node parseContextTypeExpression(JsDocToken token) {\n// buggy code\n//           return parseTypeName(token);\n   return parseTypeName(token);\n  }\n",
        "  private Node parseContextTypeExpression(JsDocToken token) {\n// buggy code\n//           return parseTypeName(token);\n         return parseTypeName(token, false);\n  }\n",
        "  private Node parseContextTypeExpression(JsDocToken token) {\n// buggy code\n//           return parseTypeName(token);\n         return parseTypeName(token.getToken());\n  }\n",
        "  private Node parseContextTypeExpression(JsDocToken token) {\n// buggy code\n//           return parseTypeName(token);\n         Node type = parseTypeName(token);\n          if (type != null) {\n            return type;\n          }\n          return null;\n  }\n",
        "  private Node parseContextTypeExpression(JsDocToken token) {\n// buggy code\n//           return parseTypeName(token);\n         Node node = parseTypeName(token);\n          if (node != null) {\n              return node;\n          }\n          return null;\n  }\n"
    ]
}