{
    "Group_ID": "s_1223_1224",
    "TOOL_BUG_ID": "TBar10C-Chart-20",
    "patch_correctness": true,
    "ExecutionsIds": [
        "1223",
        "1224"
    ],
    "NrExecutions": 2,
    "NrOutliers": 0,
    "SLB": {
        "median": 64.5,
        "std": 0.848528137423854,
        "max": 65.1,
        "min": 63.9
    },
    "PowerAvg": {
        "median": 115.75,
        "std": 0.3535533905932738,
        "max": 116.0,
        "min": 115.5
    },
    "Time": {
        "median": 145.3666080236435,
        "std": 152.17818475630682,
        "max": 279.05365800857544,
        "min": 14.159841060638428
    },
    "Joules": {
        "median": 16930.364856290817,
        "std": 17768.370946295836,
        "max": 32581.612663650514,
        "min": 1628.7511038899422
    },
    "JoulesNormalized": {
        "median": 7567.036808401348,
        "std": 7952.290695105296,
        "max": 14560.687665331367,
        "min": 710.2809031605718
    },
    "NrPatches": {
        "median": 231.0,
        "std": 255.1888189818146,
        "max": 452,
        "min": 10
    },
    "Joules_Per_PatchMedian": [
        1294.1812961816786,
        1330.5971103250981,
        1368.6266313254832,
        1406.5781517505645,
        1444.6511248588563,
        1480.142741203308,
        1518.0242882192135,
        1554.7125350713732,
        1593.8620660603046,
        1630.4188300490378
    ],
    "ExecutionTime_Per_PatchMedian": [
        11.359662055969238,
        11.670108556747437,
        11.990047574043274,
        12.309930562973022,
        12.629779577255249,
        12.929677605628967,
        13.250110149383545,
        13.5599365234375,
        13.889766573905945,
        14.199615478515625
    ],
    "JoulesNormalized_Per_PatchMedian": [
        561.5190065622329,
        577.9052605926989,
        595.2986470997332,
        612.6176637411116,
        630.0602931737899,
        646.2084200978278,
        663.4222891271113,
        680.1326451539992,
        698.0020737349987,
        714.5674963355063
    ],
    "Correctness_Per_Patch": [
        "W",
        "W",
        "W",
        "W",
        "W",
        "W",
        "W",
        "W",
        "W",
        "W"
    ],
    "Correctness_Per_Patch_original": [
        "uncompilable",
        "uncompilable",
        "uncompilable",
        "uncompilable",
        "uncompilable",
        "uncompilable",
        "uncompilable",
        "uncompilable",
        "uncompilable",
        "uncompilable"
    ]
}