{
    "TOOL_BUG_ID": "plbart_base-Time-4",
    "Time": {
        "mean": 106.79351842403412,
        "median": 106.79351842403412,
        "std": 0.0,
        "max": 106.79351842403412,
        "min": 106.79351842403412,
        "count": 5
    },
    "Joules": {
        "mean": 12177.672608309986,
        "median": 12177.672608309986,
        "std": 0.0,
        "max": 12177.672608309986,
        "min": 12177.672608309986,
        "count": 5
    },
    "JoulesNormalized": {
        "mean": 5372.785298460721,
        "median": 5372.785298460721,
        "std": 0.0,
        "max": 5372.785298460721,
        "min": 5372.785298460721,
        "count": 5
    },
    "NrExecutions": 5,
    "ExecutionsIds": [
        "s0",
        "s1",
        "s2",
        "s3",
        "s4"
    ],
    "ExecutionsInferenceIds": [
        "s0",
        "s1"
    ],
    "NrExecutionsInference": 2,
    "ExecutionTime_Per_PatchMedian": [
        10.859094500541687,
        21.51847493648529,
        32.177855372428894,
        42.8372358083725,
        53.4966162443161,
        64.1559966802597,
        74.81537711620331,
        85.47475755214691,
        96.13413798809052,
        106.79351842403412
    ],
    "Joules_Per_PatchMedian": [
        1360.7574391722678,
        2562.6369024097917,
        3764.5163656473155,
        4966.395828884839,
        6168.275292122363,
        7370.154755359887,
        8572.034218597411,
        9773.913681834936,
        10975.79314507246,
        12177.672608309986
    ],
    "JoulesNormalized_Per_PatchMedian": [
        546.2264221370219,
        1082.510741728544,
        1618.795061320066,
        2155.079380911588,
        2691.36370050311,
        3227.648020094632,
        3763.932339686154,
        4300.216659277677,
        4836.500978869199,
        5372.785298460721
    ],
    "Inf_ExecutionTime": {
        "mean": 0.1997140645980835,
        "median": 0.1997140645980835,
        "std": 0.028265868247528105,
        "max": 0.21970105171203613,
        "min": 0.17972707748413086,
        "count": 2
    },
    "Inf_Joules": {
        "mean": 158.87797593474386,
        "median": 158.87797593474386,
        "std": 24.32259921319818,
        "max": 176.07665077447888,
        "min": 141.67930109500884,
        "count": 2
    },
    "Inf_JoulesNormalized": {
        "mean": 9.942102545499793,
        "median": 9.942102545499793,
        "std": 1.3001676210560484,
        "max": 10.861459887027706,
        "min": 9.02274520397188,
        "count": 2
    },
    "Val_ExecutionTime": [
        10.659380435943604,
        21.318760871887207,
        31.97814130783081,
        42.637521743774414,
        53.29690217971802,
        63.95628261566162,
        74.61566305160522,
        85.27504348754883,
        95.93442392349243,
        106.59380435943604
    ],
    "Val_Joules": [
        1201.8794632375239,
        2403.7589264750477,
        3605.6383897125716,
        4807.517852950095,
        6009.397316187619,
        7211.276779425143,
        8413.156242662668,
        9615.035705900193,
        10816.915169137717,
        12018.794632375242
    ],
    "Val_JoulesNormalized": [
        536.2843195915221,
        1072.568639183044,
        1608.852958774566,
        2145.137278366088,
        2681.42159795761,
        3217.705917549132,
        3753.9902371406542,
        4290.274556732177,
        4826.558876323699,
        5362.843195915221
    ],
    "NrPatches": {
        "median": 0,
        "std": 0.0,
        "max": 0,
        "min": 0
    },
    "Correctness_Per_Patch": [
        "W",
        "W",
        "W",
        "W",
        "W",
        "W",
        "W",
        "W",
        "W",
        "W"
    ],
    "Correctness_Per_Patch_original": [
        "uncompilable",
        "uncompilable",
        "uncompilable",
        "wrong",
        "uncompilable",
        "uncompilable",
        "uncompilable",
        "uncompilable",
        "uncompilable",
        "uncompilable"
    ],
    "patches": [],
    "Correctness_Per_Patch_origina": [
        "uncompilable",
        "uncompilable",
        "uncompilable",
        "wrong",
        "uncompilable",
        "uncompilable",
        "uncompilable",
        "uncompilable",
        "uncompilable",
        "uncompilable"
    ]
}