{
    "TOOL_BUG_ID": "plbart_large-Lang-6",
    "Time": {
        "mean": 142.83792090415955,
        "median": 142.83792090415955,
        "std": 0.0,
        "max": 142.83792090415955,
        "min": 142.83792090415955,
        "count": 6
    },
    "Joules": {
        "mean": 13992.289034962654,
        "median": 13992.289034962654,
        "std": 0.0,
        "max": 13992.289034962654,
        "min": 13992.289034962654,
        "count": 6
    },
    "JoulesNormalized": {
        "mean": 4919.086167454719,
        "median": 4919.086167454719,
        "std": 0.0,
        "max": 4919.086167454719,
        "min": 4919.086167454719,
        "count": 6
    },
    "NrExecutions": 6,
    "ExecutionsIds": [
        "s0",
        "s1",
        "s2",
        "s3",
        "s4",
        "s5"
    ],
    "ExecutionsInferenceIds": [
        "s0",
        "s1"
    ],
    "NrExecutionsInference": 2,
    "ExecutionTime_Per_PatchMedian": [
        14.499621510505676,
        28.759432554244995,
        43.019243597984314,
        57.27905464172363,
        71.53886568546295,
        85.79867672920227,
        100.05848777294159,
        114.31829881668091,
        128.57810986042023,
        142.83792090415955
    ],
    "Joules_Per_PatchMedian": [
        1572.2493595659735,
        2952.2537679433826,
        4332.258176320792,
        5712.262584698201,
        7092.26699307561,
        8472.27140145302,
        9852.27580983043,
        11232.280218207838,
        12612.284626585246,
        13992.289034962654
    ],
    "JoulesNormalized_Per_PatchMedian": [
        503.9935391128062,
        994.559386706352,
        1485.1252342998978,
        1975.6910818934437,
        2466.2569294869895,
        2956.822777080535,
        3447.388624674081,
        3937.9544722676264,
        4428.5203198611725,
        4919.086167454719
    ],
    "Inf_ExecutionTime": {
        "mean": 0.23981046676635742,
        "median": 0.23981046676635742,
        "std": 0.04230835523438778,
        "max": 0.2697269916534424,
        "min": 0.20989394187927246,
        "count": 2
    },
    "Inf_Joules": {
        "mean": 192.2449511885643,
        "median": 192.2449511885643,
        "std": 35.944395333244394,
        "max": 217.6614768743515,
        "min": 166.8284255027771,
        "count": 2
    },
    "Inf_JoulesNormalized": {
        "mean": 13.427691519260392,
        "median": 13.427691519260392,
        "std": 2.0930441746223343,
        "max": 14.907697248458845,
        "min": 11.94768579006194,
        "count": 2
    },
    "Val_ExecutionTime": [
        14.259811043739319,
        28.519622087478638,
        42.77943313121796,
        57.039244174957275,
        71.2990552186966,
        85.55886626243591,
        99.81867730617523,
        114.07848834991455,
        128.33829939365387,
        142.5981104373932
    ],
    "Val_Joules": [
        1380.0044083774092,
        2760.0088167548183,
        4140.0132251322275,
        5520.017633509637,
        6900.022041887046,
        8280.026450264455,
        9660.030858641865,
        11040.035267019273,
        12420.039675396682,
        13800.04408377409
    ],
    "Val_JoulesNormalized": [
        490.5658475935458,
        981.1316951870916,
        1471.6975427806374,
        1962.2633903741832,
        2452.829237967729,
        2943.3950855612748,
        3433.9609331548204,
        3924.526780748366,
        4415.092628341912,
        4905.658475935458
    ],
    "NrPatches": {
        "median": 1,
        "std": 0.0,
        "max": 1,
        "min": 1
    },
    "Correctness_Per_Patch": [
        "C",
        "W",
        "W",
        "W",
        "W",
        "W",
        "W",
        "W",
        "W",
        "W"
    ],
    "Correctness_Per_Patch_original": [
        "plausible",
        "uncompilable",
        "uncompilable",
        "wrong",
        "uncompilable",
        "uncompilable",
        "wrong",
        "uncompilable",
        "uncompilable",
        "wrong"
    ],
    "patches": [
        "pos += Character.charCount(Character.codePointAt(input, pt));"
    ],
    "Correctness_Per_Patch_origina": [
        "plausible",
        "uncompilable",
        "uncompilable",
        "wrong",
        "uncompilable",
        "uncompilable",
        "wrong",
        "uncompilable",
        "uncompilable",
        "wrong"
    ]
}