{
    "Group_ID": "s_1223_1224",
    "TOOL_BUG_ID": "TBar10C-Math-22",
    "patch_correctness": true,
    "ExecutionsIds": [
        "1223",
        "1224"
    ],
    "NrExecutions": 2,
    "NrOutliers": 0,
    "SLB": {
        "median": 62.400000000000006,
        "std": 1.1313708498984771,
        "max": 63.2,
        "min": 61.6
    },
    "PowerAvg": {
        "median": 110.94999999999999,
        "std": 0.21213203435596223,
        "max": 111.1,
        "min": 110.8
    },
    "Time": {
        "median": 86.88800549507141,
        "std": 0.7775564185842652,
        "max": 87.43782091140747,
        "min": 86.33819007873535
    },
    "Joules": {
        "median": 9621.505938529968,
        "std": 35.97423252029758,
        "max": 9646.943562293052,
        "min": 9596.068314766884
    },
    "JoulesNormalized": {
        "median": 4200.134247970581,
        "std": 85.75726862358184,
        "max": 4260.773794150352,
        "min": 4139.49470179081
    },
    "NrPatches": {
        "median": 3.0,
        "std": 0.0,
        "max": 3,
        "min": 3
    },
    "Joules_Per_PatchMedian": [
        4762.171120887994,
        9550.18283906579
    ],
    "ExecutionTime_Per_PatchMedian": [
        43.009217500686646,
        86.2580634355545
    ],
    "JoulesNormalized_Per_PatchMedian": [
        2078.6601276934143,
        4168.127763515709
    ],
    "Correctness_Per_Patch": [
        "W",
        "W",
        "W"
    ],
    "Correctness_Per_Patch_original": [
        "uncompilable",
        "uncompilable",
        "uncompilable"
    ]
}