{
    "Group_ID": "s_1223_1224",
    "TOOL_BUG_ID": "TBar10C-Time-7",
    "patch_correctness": true,
    "ExecutionsIds": [
        "1223",
        "1224"
    ],
    "NrExecutions": 2,
    "NrOutliers": 0,
    "SLB": {
        "median": 64.15,
        "std": 0.6363961030678867,
        "max": 64.6,
        "min": 63.7
    },
    "PowerAvg": {
        "median": 116.35,
        "std": 1.0606601717798212,
        "max": 117.1,
        "min": 115.6
    },
    "Time": {
        "median": 120.02751874923706,
        "std": 118.21621255032977,
        "max": 223.01516199111938,
        "min": 17.599804878234863
    },
    "Joules": {
        "median": 13394.37862095237,
        "std": 13276.46883368726,
        "max": 25056.32926672697,
        "min": 1942.5498576045034
    },
    "JoulesNormalized": {
        "median": 5718.683781629802,
        "std": 5692.805700557173,
        "max": 10710.279673898222,
        "min": 805.6024624705315
    },
    "NrPatches": {
        "median": 50.5,
        "std": 46.76537180435969,
        "max": 91,
        "min": 10
    },
    "Joules_Per_PatchMedian": [
        257.6770480453968,
        439.90540137887,
        640.489947026968,
        828.6456060171128,
        1013.3147437632083,
        1197.9260873317717,
        1388.1326751172542,
        1577.094784724712,
        1762.1273135364054,
        1949.4232686758041
    ],
    "ExecutionTime_Per_PatchMedian": [
        2.2902474403381348,
        3.9701719284057617,
        5.820392370223999,
        7.530317783355713,
        9.220051765441895,
        10.89999270439148,
        12.639830827713013,
        14.389718294143677,
        16.08003318309784,
        17.789885640144348
    ],
    "JoulesNormalized_Per_PatchMedian": [
        110.76223482489588,
        185.22340810894968,
        267.18390043377883,
        345.64331874847414,
        421.91143561005595,
        498.7635076403618,
        577.3774433195592,
        654.0797726035119,
        730.6832511126995,
        808.2876412034035
    ],
    "Correctness_Per_Patch": [
        "W",
        "W",
        "W",
        "W",
        "W",
        "W",
        "W",
        "W",
        "W",
        "W"
    ],
    "Correctness_Per_Patch_original": [
        "uncompilable",
        "uncompilable",
        "uncompilable",
        "uncompilable",
        "uncompilable",
        "uncompilable",
        "uncompilable",
        "uncompilable",
        "uncompilable",
        "uncompilable"
    ]
}