{
    "TOOL_BUG_ID": "codegen_6B-Math-34",
    "Time": {
        "mean": 347.7049219608307,
        "median": 347.7049219608307,
        "std": 0.0,
        "max": 347.7049219608307,
        "min": 347.7049219608307,
        "count": 5
    },
    "Joules": {
        "mean": 37802.65501092076,
        "median": 37802.65501092076,
        "std": 0.0,
        "max": 37802.65501092076,
        "min": 37802.65501092076,
        "count": 5
    },
    "JoulesNormalized": {
        "mean": 15284.021628302336,
        "median": 15284.021628302336,
        "std": 0.0,
        "max": 15284.021628302336,
        "min": 15284.021628302336,
        "count": 5
    },
    "NrExecutions": 5,
    "ExecutionsIds": [
        "s0",
        "s1",
        "s2",
        "s3",
        "s4"
    ],
    "ExecutionsInferenceIds": [
        "s0",
        "s1"
    ],
    "NrExecutionsInference": 2,
    "ExecutionTime_Per_PatchMedian": [
        35.58933198451996,
        70.26884198188782,
        104.94835197925568,
        139.62786197662354,
        174.3073719739914,
        208.98688197135925,
        243.6663919687271,
        278.34590196609497,
        313.02541196346283,
        347.7049219608307
    ],
    "Joules_Per_PatchMedian": [
        4725.423745828866,
        8400.67166417241,
        12075.919582515955,
        15751.1675008595,
        19426.415419203044,
        23101.663337546586,
        26776.91125589013,
        30452.15917423367,
        34127.40709257722,
        37802.65501092076
    ],
    "JoulesNormalized_Per_PatchMedian": [
        1695.8263765096665,
        3205.6258489310744,
        4715.425321352483,
        6225.22479377389,
        7735.024266195298,
        9244.823738616706,
        10754.623211038113,
        12264.422683459521,
        13774.222155880929,
        15284.021628302336
    ],
    "Inf_ExecutionTime": {
        "mean": 0.9098219871520996,
        "median": 0.9098219871520996,
        "std": 1.286682593575739,
        "max": 1.8196439743041992,
        "min": 0,
        "count": 2
    },
    "Inf_Joules": {
        "mean": 1050.1758274853228,
        "median": 1050.1758274853228,
        "std": 1485.1728981061312,
        "max": 2100.3516549706455,
        "min": 0,
        "count": 2
    },
    "Inf_JoulesNormalized": {
        "mean": 186.02690408825856,
        "median": 186.02690408825856,
        "std": 263.0817707278942,
        "max": 372.0538081765171,
        "min": 0,
        "count": 2
    },
    "Val_ExecutionTime": [
        34.67950999736786,
        69.35901999473572,
        104.03852999210358,
        138.71803998947144,
        173.3975499868393,
        208.07705998420715,
        242.756569981575,
        277.43607997894287,
        312.11558997631073,
        346.7950999736786
    ],
    "Val_Joules": [
        3675.2479183435435,
        7350.495836687088,
        11025.743755030631,
        14700.991673374177,
        18376.23959171772,
        22051.487510061263,
        25726.735428404805,
        29401.983346748348,
        33077.2312650919,
        36752.47918343544
    ],
    "Val_JoulesNormalized": [
        1509.799472421408,
        3019.598944842816,
        4529.398417264224,
        6039.197889685632,
        7548.997362107039,
        9058.796834528446,
        10568.596306949854,
        12078.395779371262,
        13588.19525179267,
        15097.994724214077
    ],
    "NrPatches": {
        "median": 0,
        "std": 0.0,
        "max": 0,
        "min": 0
    },
    "Correctness_Per_Patch": [
        "W",
        "W",
        "W",
        "W",
        "W",
        "W",
        "W",
        "W",
        "W",
        "W"
    ],
    "Correctness_Per_Patch_original": [
        "uncompilable",
        "uncompilable",
        "wrong",
        "uncompilable",
        "wrong",
        "uncompilable",
        "uncompilable",
        "uncompilable",
        "uncompilable",
        "uncompilable"
    ],
    "patches": [],
    "Correctness_Per_Patch_origina": [
        "uncompilable",
        "uncompilable",
        "wrong",
        "uncompilable",
        "wrong",
        "uncompilable",
        "uncompilable",
        "uncompilable",
        "uncompilable",
        "uncompilable"
    ]
}