{
    "TOOL_BUG_ID": "codegen_2B-Chart-6",
    "Time": {
        "mean": 73.34764097134273,
        "median": 62.427414298057556,
        "std": 26.890260941684907,
        "max": 128.23582756519318,
        "min": 62.15733194351196,
        "count": 6
    },
    "Joules": {
        "mean": 11260.046662893892,
        "median": 10238.279777806998,
        "std": 2695.170318649742,
        "max": 16709.670388555525,
        "min": 9518.62361598611,
        "count": 6
    },
    "JoulesNormalized": {
        "mean": 3005.0731129338346,
        "median": 2232.234487485886,
        "std": 1601.1573041260842,
        "max": 6195.614619982242,
        "min": 2118.2945382297044,
        "count": 6
    },
    "NrExecutions": 6,
    "ExecutionsIds": [
        "s1",
        "s2",
        "s3",
        "s4",
        "s5",
        "s6"
    ],
    "ExecutionsInferenceIds": [
        "s0",
        "s1"
    ],
    "NrExecutionsInference": 2,
    "ExecutionTime_Per_PatchMedian": [
        7.43873655796051,
        19.918458461761475,
        20.91801941394806,
        33.39774131774902,
        37.39768028259277,
        41.39755880832672,
        53.877280712127686,
        57.87744975090027,
        61.867382764816284,
        62.427414298057556
    ],
    "Joules_Per_PatchMedian": [
        3820.1089619934564,
        5163.7174747824665,
        5302.043419480324,
        6645.651932269335,
        7197.3152364254,
        7746.3074900150295,
        9089.91600280404,
        9641.219066244365,
        10188.558885484934,
        10238.279777806998
    ],
    "JoulesNormalized_Per_PatchMedian": [
        487.45845203399705,
        1058.667275708914,
        1060.864042848349,
        1632.0728665232662,
        1638.6584215283397,
        1647.0758842527869,
        2218.2847079277044,
        2225.7470598280433,
        2231.848245471716,
        2232.234487485886
    ],
    "Inf_ExecutionTime": {
        "mean": 3.4386085271835327,
        "median": 3.4386085271835327,
        "std": 0.05717456022854436,
        "max": 3.479037046432495,
        "min": 3.3981800079345703,
        "count": 2
    },
    "Inf_Joules": {
        "mean": 3273.585260665417,
        "median": 3273.585260665417,
        "std": 32.7146313847441,
        "max": 3296.717998361588,
        "min": 3250.4525229692463,
        "count": 2
    },
    "Inf_JoulesNormalized": {
        "mean": 483.5263832330709,
        "median": 483.5263832330709,
        "std": 31.056402455760015,
        "max": 505.48657600879733,
        "min": 461.5661904573444,
        "count": 2
    },
    "Val_ExecutionTime": [
        4.0001280307769775,
        16.479849934577942,
        17.479410886764526,
        29.95913279056549,
        33.95907175540924,
        37.95895028114319,
        50.43867218494415,
        54.438841223716736,
        58.42877423763275,
        58.98880577087402
    ],
    "Val_Joules": [
        546.5237013280391,
        1890.13221411705,
        2028.4581588149067,
        3372.0666716039177,
        3923.7299757599826,
        4472.7222293496125,
        5816.3307421386235,
        6367.6338055789465,
        6914.973624819517,
        6964.694517141581
    ],
    "Val_JoulesNormalized": [
        3.9320688009261744,
        575.1408924758433,
        577.3376596152781,
        1148.5464832901953,
        1155.1320382952688,
        1163.549501019716,
        1734.7583246946333,
        1742.2206765949722,
        1748.3218622386453,
        1748.708104252815
    ],
    "NrPatches": {
        "median": 0,
        "std": 0.0,
        "max": 0,
        "min": 0
    },
    "Correctness_Per_Patch": [
        "W",
        "W",
        "W",
        "W",
        "W",
        "W",
        "W",
        "W",
        "W",
        "W"
    ],
    "Correctness_Per_Patch_original": [
        "wrong",
        "wrong",
        "uncompilable",
        "wrong",
        "wrong",
        "wrong",
        "wrong",
        "wrong",
        "wrong",
        "uncompilable"
    ],
    "patches": [],
    "Correctness_Per_Patch_origina": [
        "wrong",
        "wrong",
        "uncompilable",
        "wrong",
        "wrong",
        "wrong",
        "wrong",
        "wrong",
        "wrong",
        "uncompilable"
    ]
}