{
    "TOOL_BUG_ID": "codet5_small-Lang-21",
    "Time": {
        "mean": 89.3936972618103,
        "median": 89.3936972618103,
        "std": 0.0,
        "max": 89.3936972618103,
        "min": 89.3936972618103,
        "count": 6
    },
    "Joules": {
        "mean": 7992.968999534845,
        "median": 7992.968999534845,
        "std": 0.0,
        "max": 7992.968999534845,
        "min": 7992.968999534845,
        "count": 6
    },
    "JoulesNormalized": {
        "mean": 1963.413483768702,
        "median": 1963.413483768702,
        "std": 0.0,
        "max": 1963.413483768702,
        "min": 1963.413483768702,
        "count": 6
    },
    "NrExecutions": 6,
    "ExecutionsIds": [
        "s0",
        "s1",
        "s2",
        "s3",
        "s4",
        "s5"
    ],
    "ExecutionsInferenceIds": [
        "s0",
        "s1"
    ],
    "NrExecutionsInference": 2,
    "ExecutionTime_Per_PatchMedian": [
        9.299556493759155,
        18.19890546798706,
        27.098254442214966,
        35.99760341644287,
        44.896952390670776,
        53.79630136489868,
        62.69565033912659,
        71.59499931335449,
        80.4943482875824,
        89.3936972618103
    ],
    "Joules_Per_PatchMedian": [
        1098.3253637850285,
        1864.3968788683414,
        2630.4683939516544,
        3396.5399090349674,
        4162.61142411828,
        4928.682939201593,
        5694.754454284906,
        6460.825969368219,
        7226.897484451532,
        7992.968999534845
    ],
    "JoulesNormalized_Per_PatchMedian": [
        223.8833328306675,
        417.16446071267137,
        610.4455885946752,
        803.726716476679,
        997.0078443586829,
        1190.2889722406867,
        1383.5701001226905,
        1576.8512280046943,
        1770.1323558866982,
        1963.413483768702
    ],
    "Inf_ExecutionTime": {
        "mean": 0.40020751953125,
        "median": 0.40020751953125,
        "std": 0.2964565491533835,
        "max": 0.6098339557647705,
        "min": 0.1905810832977295,
        "count": 2
    },
    "Inf_Joules": {
        "mean": 332.25384870171547,
        "median": 332.25384870171547,
        "std": 251.52748521905875,
        "max": 510.110639154911,
        "min": 154.3970582485199,
        "count": 2
    },
    "Inf_JoulesNormalized": {
        "mean": 30.602204948663683,
        "median": 30.602204948663683,
        "std": 27.41978311846066,
        "max": 49.990919530391636,
        "min": 11.21349036693573,
        "count": 2
    },
    "Val_ExecutionTime": [
        8.899348974227905,
        17.79869794845581,
        26.698046922683716,
        35.59739589691162,
        44.496744871139526,
        53.39609384536743,
        62.29544281959534,
        71.19479179382324,
        80.09414076805115,
        88.99348974227905
    ],
    "Val_Joules": [
        766.071515083313,
        1532.143030166626,
        2298.214545249939,
        3064.286060333252,
        3830.357575416565,
        4596.429090499878,
        5362.500605583191,
        6128.572120666504,
        6894.643635749817,
        7660.71515083313
    ],
    "Val_JoulesNormalized": [
        193.28112788200383,
        386.56225576400766,
        579.8433836460115,
        773.1245115280153,
        966.4056394100191,
        1159.686767292023,
        1352.9678951740268,
        1546.2490230560306,
        1739.5301509380345,
        1932.8112788200383
    ],
    "NrPatches": {
        "median": 3,
        "std": 0.0,
        "max": 3,
        "min": 3
    },
    "Correctness_Per_Patch": [
        "C",
        "W",
        "W",
        "W",
        "W",
        "W",
        "W",
        "W",
        "I",
        "I"
    ],
    "Correctness_Per_Patch_original": [
        "plausible",
        "uncompilable",
        "wrong",
        "uncompilable",
        "uncompilable",
        "uncompilable",
        "uncompilable",
        "uncompilable",
        "plausible",
        "plausible"
    ],
    "patches": [
        "            cal1.get(Calendar.HOUR_OF_DAY) == cal2.get(Calendar.HOUR_OF_DAY) &&\n",
        "            cal2.get(Calendar.HOUR_OF_DAY) == cal2.get(Calendar.HOUR_OF_DAY) && cal1.get(Calendar.HOUR_OF_DAY) == cal2.get(Calendar.HOUR_OF_DAY) &&\n",
        "            cal1.get(Calendar.HOUR_OF_DAY) == cal2.get(Calendar.HOUR_OF_DAY) && cal1.get(Calendar.HOUR_OF_DAY) == cal2.get(Calendar.HOUR_OF_DAY) &&\n"
    ],
    "Correctness_Per_Patch_origina": [
        "plausible",
        "uncompilable",
        "wrong",
        "uncompilable",
        "uncompilable",
        "uncompilable",
        "uncompilable",
        "uncompilable",
        "plausible",
        "plausible"
    ]
}