{
    "TOOL_BUG_ID": "codegen_2B-Lang-61",
    "Time": {
        "mean": 93.35275399684906,
        "median": 93.35275399684906,
        "std": 0.0,
        "max": 93.35275399684906,
        "min": 93.35275399684906,
        "count": 6
    },
    "Joules": {
        "mean": 10566.741110754014,
        "median": 10566.741110754014,
        "std": 0.0,
        "max": 10566.741110754014,
        "min": 10566.741110754014,
        "count": 6
    },
    "JoulesNormalized": {
        "mean": 2859.0075723648065,
        "median": 2859.0075723648065,
        "std": 0.0,
        "max": 2859.0075723648065,
        "min": 2859.0075723648065,
        "count": 6
    },
    "NrExecutions": 6,
    "ExecutionsIds": [
        "s0",
        "s1",
        "s2",
        "s3",
        "s4",
        "s5"
    ],
    "ExecutionsInferenceIds": [
        "s0",
        "s1"
    ],
    "NrExecutionsInference": 2,
    "ExecutionTime_Per_PatchMedian": [
        11.635076403617859,
        20.714818358421326,
        29.794560313224792,
        38.87430226802826,
        47.954044222831726,
        57.03378617763519,
        66.11352813243866,
        75.19327008724213,
        84.2730120420456,
        93.35275399684906
    ],
    "Joules_Per_PatchMedian": [
        3394.787255686522,
        4191.671017360688,
        4988.554779034854,
        5785.438540709019,
        6582.322302383185,
        7379.206064057351,
        8176.089825731517,
        8972.973587405682,
        9769.857349079848,
        10566.741110754014
    ],
    "JoulesNormalized_Per_PatchMedian": [
        783.7316776394846,
        1014.3178881645204,
        1244.9040986895561,
        1475.490309214592,
        1706.0765197396277,
        1936.6627302646634,
        2167.248940789699,
        2397.835151314735,
        2628.4213618397707,
        2859.0075723648065
    ],
    "Inf_ExecutionTime": {
        "mean": 2.555334448814392,
        "median": 2.555334448814392,
        "std": 0.022408805003666182,
        "max": 2.5711798667907715,
        "min": 2.5394890308380127,
        "count": 2
    },
    "Inf_Joules": {
        "mean": 2597.903494012356,
        "median": 2597.903494012356,
        "std": 10.931356183663118,
        "max": 2605.6331300973898,
        "min": 2590.1738579273224,
        "count": 2
    },
    "Inf_JoulesNormalized": {
        "mean": 553.1454671144488,
        "median": 553.1454671144488,
        "std": 2.3022443561843233,
        "max": 554.7733997106552,
        "min": 551.5175345182424,
        "count": 2
    },
    "Val_ExecutionTime": [
        9.079741954803467,
        18.159483909606934,
        27.2392258644104,
        36.31896781921387,
        45.398709774017334,
        54.4784517288208,
        63.55819368362427,
        72.63793563842773,
        81.7176775932312,
        90.79741954803467
    ],
    "Val_Joules": [
        796.8837616741657,
        1593.767523348332,
        2390.6512850224976,
        3187.5350466966634,
        3984.418808370829,
        4781.302570044994,
        5578.18633171916,
        6375.070093393326,
        7171.9538550674915,
        7968.837616741657
    ],
    "Val_JoulesNormalized": [
        230.58621052503577,
        461.17242105007153,
        691.7586315751073,
        922.3448421001431,
        1152.9310526251788,
        1383.5172631502146,
        1614.1034736752504,
        1844.6896842002861,
        2075.275894725322,
        2305.8621052503577
    ],
    "NrPatches": {
        "median": 0,
        "std": 0.0,
        "max": 0,
        "min": 0
    },
    "Correctness_Per_Patch": [
        "W",
        "W",
        "W",
        "W",
        "W",
        "W",
        "W",
        "W",
        "W",
        "W"
    ],
    "Correctness_Per_Patch_original": [
        "wrong",
        "wrong",
        "wrong",
        "wrong",
        "wrong",
        "wrong",
        "wrong",
        "wrong",
        "uncompilable",
        "wrong"
    ],
    "patches": [],
    "Correctness_Per_Patch_origina": [
        "wrong",
        "wrong",
        "wrong",
        "wrong",
        "wrong",
        "wrong",
        "wrong",
        "wrong",
        "uncompilable",
        "wrong"
    ]
}