{
    "Group_ID": "s_1223_1224",
    "TOOL_BUG_ID": "TBar10C-Lang-20",
    "patch_correctness": true,
    "ExecutionsIds": [
        "1223",
        "1224"
    ],
    "NrExecutions": 2,
    "NrOutliers": 0,
    "SLB": {
        "median": 64.1,
        "std": 0.7071067811865425,
        "max": 64.6,
        "min": 63.6
    },
    "PowerAvg": {
        "median": 105.75,
        "std": 1.3435028842544443,
        "max": 106.7,
        "min": 104.8
    },
    "Time": {
        "median": 126.83745610713959,
        "std": 86.37046690257979,
        "max": 202.37554097175598,
        "min": 52.25885725021362
    },
    "Joules": {
        "median": 12529.073499631882,
        "std": 8708.538982385695,
        "max": 20196.45976734161,
        "min": 5000.682220065594
    },
    "JoulesNormalized": {
        "median": 4408.794548660517,
        "std": 3172.109865510853,
        "max": 7187.6039482593515,
        "min": 1667.9894630193714
    },
    "NrPatches": {
        "median": 44.5,
        "std": 39.83716857408418,
        "max": 79,
        "min": 10
    },
    "Joules_Per_PatchMedian": [
        1018.7116505146028,
        1933.1938010692597,
        2846.551177406311,
        3767.215803349018,
        4694.198768597842,
        4761.31797682047,
        4832.786271595955,
        4895.871948629618,
        4957.518397343159,
        5022.296930724382
    ],
    "ExecutionTime_Per_PatchMedian": [
        10.549776077270508,
        20.299850940704346,
        30.059872031211853,
        39.849542021751404,
        49.61943054199219,
        50.1592401266098,
        50.72946012020111,
        51.23919713497162,
        51.738927602767944,
        52.27914619445801
    ],
    "JoulesNormalized_Per_PatchMedian": [
        342.50603396892564,
        632.0035077333453,
        919.7336197376253,
        1212.8653478026392,
        1513.5834966480734,
        1546.1008142352107,
        1581.0231569051743,
        1611.4295432388785,
        1641.0531412243845,
        1671.2138041317467
    ],
    "Correctness_Per_Patch": [
        "W",
        "W",
        "W",
        "W",
        "W",
        "W",
        "W",
        "W",
        "W",
        "W"
    ],
    "Correctness_Per_Patch_original": [
        "uncompilable",
        "uncompilable",
        "uncompilable",
        "uncompilable",
        "uncompilable",
        "uncompilable",
        "uncompilable",
        "uncompilable",
        "uncompilable",
        "uncompilable"
    ]
}