{
    "TOOL_BUG_ID": "plbart_large-Math-65",
    "Time": {
        "mean": 87.59109628200531,
        "median": 87.59109628200531,
        "std": 0.0,
        "max": 87.59109628200531,
        "min": 87.59109628200531,
        "count": 6
    },
    "Joules": {
        "mean": 10203.603715372086,
        "median": 10203.603715372086,
        "std": 0.0,
        "max": 10203.603715372086,
        "min": 10203.603715372086,
        "count": 6
    },
    "JoulesNormalized": {
        "mean": 4552.059665966035,
        "median": 4552.059665966035,
        "std": 0.0,
        "max": 4552.059665966035,
        "min": 4552.059665966035,
        "count": 6
    },
    "NrExecutions": 6,
    "ExecutionsIds": [
        "s0",
        "s1",
        "s2",
        "s3",
        "s4",
        "s5"
    ],
    "ExecutionsInferenceIds": [
        "s0",
        "s1"
    ],
    "NrExecutionsInference": 2,
    "ExecutionTime_Per_PatchMedian": [
        9.024728894233704,
        17.75432527065277,
        26.48392164707184,
        35.213518023490906,
        43.94311439990997,
        52.67271077632904,
        61.40230715274811,
        70.13190352916718,
        78.86149990558624,
        87.59109628200531
    ],
    "Joules_Per_PatchMedian": [
        1231.9836062312127,
        2228.8302850246428,
        3225.676963818073,
        4222.523642611503,
        5219.370321404934,
        6216.217000198364,
        7213.063678991794,
        8209.910357785226,
        9206.757036578656,
        10203.603715372086
    ],
    "JoulesNormalized_Per_PatchMedian": [
        468.2152630448342,
        921.9757522583009,
        1375.7362414717677,
        1829.4967306852345,
        2283.2572198987014,
        2737.017709112168,
        3190.778198325635,
        3644.538687539102,
        4098.299176752568,
        4552.059665966035
    ],
    "Inf_ExecutionTime": {
        "mean": 0.29513251781463623,
        "median": 0.29513251781463623,
        "std": 0.04953350518091332,
        "max": 0.330157995223999,
        "min": 0.26010704040527344,
        "count": 2
    },
    "Inf_Joules": {
        "mean": 235.1369274377823,
        "median": 235.1369274377823,
        "std": 41.93503315109905,
        "max": 264.7894737482071,
        "min": 205.4843811273575,
        "count": 2
    },
    "Inf_JoulesNormalized": {
        "mean": 14.45477383136749,
        "median": 14.45477383136749,
        "std": 2.1604017337671757,
        "max": 15.982408547401434,
        "min": 12.927139115333546,
        "count": 2
    },
    "Val_ExecutionTime": [
        8.729596376419067,
        17.459192752838135,
        26.188789129257202,
        34.91838550567627,
        43.64798188209534,
        52.377578258514404,
        61.10717463493347,
        69.83677101135254,
        78.5663673877716,
        87.29596376419067
    ],
    "Val_Joules": [
        996.8466787934303,
        1993.6933575868604,
        2990.540036380291,
        3987.3867151737213,
        4984.233393967152,
        5981.080072760582,
        6977.926751554012,
        7974.7734303474435,
        8971.620109140873,
        9968.466787934303
    ],
    "Val_JoulesNormalized": [
        453.7604892134667,
        907.5209784269334,
        1361.2814676404003,
        1815.041956853867,
        2268.8024460673337,
        2722.5629352808005,
        3176.3234244942673,
        3630.083913707734,
        4083.8444029212005,
        4537.604892134667
    ],
    "NrPatches": {
        "median": 0,
        "std": 0.0,
        "max": 0,
        "min": 0
    },
    "Correctness_Per_Patch": [
        "W",
        "W",
        "W",
        "W",
        "W",
        "W",
        "W",
        "W",
        "W",
        "W"
    ],
    "Correctness_Per_Patch_original": [
        "uncompilable",
        "uncompilable",
        "wrong",
        "uncompilable",
        "uncompilable",
        "uncompilable",
        "uncompilable",
        "uncompilable",
        "wrong",
        "uncompilable"
    ],
    "patches": [],
    "Correctness_Per_Patch_origina": [
        "uncompilable",
        "uncompilable",
        "wrong",
        "uncompilable",
        "uncompilable",
        "uncompilable",
        "uncompilable",
        "uncompilable",
        "wrong",
        "uncompilable"
    ]
}