{
    "TOOL_BUG_ID": "codegen_350M-Math-69",
    "Time": {
        "mean": 79.56122267246246,
        "median": 79.56122267246246,
        "std": 0.0,
        "max": 79.56122267246246,
        "min": 79.56122267246246,
        "count": 6
    },
    "Joules": {
        "mean": 9581.29356431961,
        "median": 9581.29356431961,
        "std": 0.0,
        "max": 9581.29356431961,
        "min": 9581.29356431961,
        "count": 6
    },
    "JoulesNormalized": {
        "mean": 4190.554507946968,
        "median": 4190.554507946968,
        "std": 0.0,
        "max": 4190.554507946968,
        "min": 4190.554507946968,
        "count": 6
    },
    "NrExecutions": 6,
    "ExecutionsIds": [
        "s0",
        "s1",
        "s2",
        "s3",
        "s4",
        "s5"
    ],
    "ExecutionsInferenceIds": [
        "s0",
        "s1"
    ],
    "NrExecutionsInference": 2,
    "ExecutionTime_Per_PatchMedian": [
        8.553985476493835,
        16.443678498268127,
        24.33337152004242,
        32.22306454181671,
        40.112757563591,
        48.002450585365295,
        55.89214360713959,
        63.78183662891388,
        71.67152965068817,
        79.56122267246246
    ],
    "Joules_Per_PatchMedian": [
        1455.4360364973545,
        2358.309095144272,
        3261.182153791189,
        4164.0552124381065,
        5066.928271085024,
        5969.801329731941,
        6872.674388378859,
        7775.547447025776,
        8678.420505672693,
        9581.29356431961
    ],
    "JoulesNormalized_Per_PatchMedian": [
        474.9597234725952,
        887.8035884141922,
        1300.6474533557891,
        1713.491318297386,
        2126.335183238983,
        2539.17904818058,
        2952.022913122177,
        3364.8667780637743,
        3777.7106430053714,
        4190.554507946968
    ],
    "Inf_ExecutionTime": {
        "mean": 0.6642924547195435,
        "median": 0.6642924547195435,
        "std": 0.9394513988464935,
        "max": 1.328584909439087,
        "min": 0,
        "count": 2
    },
    "Inf_Joules": {
        "mean": 552.5629778504372,
        "median": 552.5629778504372,
        "std": 781.4420573413523,
        "max": 1105.1259557008743,
        "min": 0,
        "count": 2
    },
    "Inf_JoulesNormalized": {
        "mean": 62.11585853099825,
        "median": 62.11585853099825,
        "std": 87.84508957298624,
        "max": 124.2317170619965,
        "min": 0,
        "count": 2
    },
    "Val_ExecutionTime": [
        7.889693021774292,
        15.779386043548584,
        23.669079065322876,
        31.558772087097168,
        39.44846510887146,
        47.33815813064575,
        55.227851152420044,
        63.117544174194336,
        71.00723719596863,
        78.89693021774292
    ],
    "Val_Joules": [
        902.8730586469173,
        1805.7461172938347,
        2708.619175940752,
        3611.4922345876694,
        4514.365293234587,
        5417.238351881504,
        6320.111410528421,
        7222.984469175339,
        8125.857527822256,
        9028.730586469173
    ],
    "Val_JoulesNormalized": [
        412.84386494159696,
        825.6877298831939,
        1238.5315948247908,
        1651.3754597663878,
        2064.219324707985,
        2477.063189649582,
        2889.907054591179,
        3302.750919532776,
        3715.5947844743732,
        4128.43864941597
    ],
    "NrPatches": {
        "median": 1,
        "std": 0.0,
        "max": 1,
        "min": 1
    },
    "Correctness_Per_Patch": [
        "C",
        "W",
        "W",
        "W",
        "W",
        "W",
        "W",
        "W",
        "W",
        "W"
    ],
    "Correctness_Per_Patch_original": [
        "plausible",
        "wrong",
        "wrong",
        "wrong",
        "wrong",
        "wrong",
        "wrong",
        "wrong",
        "wrong",
        "wrong"
    ],
    "patches": [
        "                out[i][j] = 2 * tDistribution.cumulativeProbability(-t);\n"
    ],
    "Correctness_Per_Patch_origina": [
        "plausible",
        "wrong",
        "wrong",
        "wrong",
        "wrong",
        "wrong",
        "wrong",
        "wrong",
        "wrong",
        "wrong"
    ]
}