{
    "TOOL_BUG_ID": "codegen_6B-Math-91",
    "Time": {
        "mean": 71.82482588291168,
        "median": 71.82482588291168,
        "std": 0.0,
        "max": 71.82482588291168,
        "min": 71.82482588291168,
        "count": 5
    },
    "Joules": {
        "mean": 10674.042340308668,
        "median": 10674.042340308668,
        "std": 0.0,
        "max": 10674.042340308668,
        "min": 10674.042340308668,
        "count": 5
    },
    "JoulesNormalized": {
        "mean": 4292.787819788933,
        "median": 4292.787819788933,
        "std": 0.0,
        "max": 4292.787819788933,
        "min": 4292.787819788933,
        "count": 5
    },
    "NrExecutions": 5,
    "ExecutionsIds": [
        "s0",
        "s1",
        "s2",
        "s3",
        "s4"
    ],
    "ExecutionsInferenceIds": [
        "s0",
        "s1"
    ],
    "NrExecutionsInference": 2,
    "ExecutionTime_Per_PatchMedian": [
        9.185370564460754,
        16.145310044288635,
        23.105249524116516,
        30.065189003944397,
        37.02512848377228,
        43.98506796360016,
        50.94500744342804,
        57.90494692325592,
        64.8648864030838,
        71.82482588291168
    ],
    "Joules_Per_PatchMedian": [
        3349.6435256423947,
        4163.465616160869,
        4977.2877066793435,
        5791.109797197818,
        6604.931887716292,
        7418.753978234767,
        8232.576068753242,
        9046.398159271717,
        9860.220249790193,
        10674.042340308668
    ],
    "JoulesNormalized_Per_PatchMedian": [
        844.5861869316101,
        1227.7197016935347,
        1610.8532164554595,
        1993.9867312173842,
        2377.120245979309,
        2760.2537607412337,
        3143.3872755031584,
        3526.520790265083,
        3909.654305027008,
        4292.787819788933
    ],
    "Inf_ExecutionTime": {
        "mean": 2.2254310846328735,
        "median": 2.2254310846328735,
        "std": 1.7330212596413819,
        "max": 3.450862169265747,
        "min": 1.0,
        "count": 2
    },
    "Inf_Joules": {
        "mean": 2535.8214351239203,
        "median": 2535.8214351239203,
        "std": 2045.8486237346274,
        "max": 3982.454870247841,
        "min": 1089.1879999999999,
        "count": 2
    },
    "Inf_JoulesNormalized": {
        "mean": 461.45267216968534,
        "median": 461.45267216968534,
        "std": 363.2148340293298,
        "max": 718.2843443393708,
        "min": 204.62099999999987,
        "count": 2
    },
    "Val_ExecutionTime": [
        6.959939479827881,
        13.919878959655762,
        20.879818439483643,
        27.839757919311523,
        34.799697399139404,
        41.759636878967285,
        48.719576358795166,
        55.67951583862305,
        62.63945531845093,
        69.59939479827881
    ],
    "Val_Joules": [
        813.8220905184744,
        1627.6441810369488,
        2441.466271555423,
        3255.2883620738976,
        4069.110452592372,
        4882.932543110846,
        5696.754633629322,
        6510.576724147797,
        7324.398814666272,
        8138.220905184748
    ],
    "Val_JoulesNormalized": [
        383.13351476192474,
        766.2670295238494,
        1149.4005442857742,
        1532.534059047699,
        1915.6675738096237,
        2298.8010885715485,
        2681.934603333473,
        3065.068118095398,
        3448.2016328573227,
        3831.335147619248
    ],
    "NrPatches": {
        "median": 0,
        "std": 0.0,
        "max": 0,
        "min": 0
    },
    "Correctness_Per_Patch": [
        "W",
        "W",
        "W",
        "W",
        "W",
        "W",
        "W",
        "W",
        "W",
        "W"
    ],
    "Correctness_Per_Patch_original": [
        "wrong",
        "wrong",
        "wrong",
        "uncompilable",
        "uncompilable",
        "wrong",
        "wrong",
        "uncompilable",
        "uncompilable",
        "uncompilable"
    ],
    "patches": [],
    "Correctness_Per_Patch_origina": [
        "wrong",
        "wrong",
        "wrong",
        "uncompilable",
        "uncompilable",
        "wrong",
        "wrong",
        "uncompilable",
        "uncompilable",
        "uncompilable"
    ]
}