{
    "Group_ID": "s_1223_1224",
    "TOOL_BUG_ID": "TBar10C-Chart-9",
    "patch_correctness": true,
    "ExecutionsIds": [
        "1223",
        "1224"
    ],
    "NrExecutions": 2,
    "NrOutliers": 0,
    "SLB": {
        "median": 61.95,
        "std": 0.49497474683058024,
        "max": 62.3,
        "min": 61.6
    },
    "PowerAvg": {
        "median": 108.55000000000001,
        "std": 0.49497474683058523,
        "max": 108.9,
        "min": 108.2
    },
    "Time": {
        "median": 305.0430701971054,
        "std": 223.91558932602504,
        "max": 500.18888688087463,
        "min": 111.25836110115051
    },
    "Joules": {
        "median": 33584.86500694751,
        "std": 24750.6529509049,
        "max": 55430.009615933894,
        "min": 12200.502473616601
    },
    "JoulesNormalized": {
        "median": 14755.124823808666,
        "std": 10877.921792189089,
        "max": 24268.241963255405,
        "min": 5346.987429785729
    },
    "NrPatches": {
        "median": 34.5,
        "std": 28.290163190291665,
        "max": 59,
        "min": 10
    },
    "Joules_Per_PatchMedian": [
        1288.879236370325,
        2497.520888519287,
        3719.0873786926268,
        4945.430328476428,
        6158.958375710248,
        7372.717079132795,
        8581.513945102692,
        9811.912050110102,
        11037.67581934929,
        12266.441221320629
    ],
    "ExecutionTime_Per_PatchMedian": [
        11.67978298664093,
        22.679738521575928,
        33.78950357437134,
        44.949055671691895,
        55.99878656864166,
        67.02825903892517,
        78.0082540512085,
        89.19790816307068,
        100.33792519569397,
        111.4678362607956
    ],
    "JoulesNormalized_Per_PatchMedian": [
        565.3166425883769,
        1092.4621415615084,
        1625.8032608747483,
        2160.853865146637,
        2689.9106316149237,
        3220.368914180994,
        3748.9551832675934,
        4286.13666215539,
        4821.755479800701,
        5360.935448658467
    ],
    "Correctness_Per_Patch": [
        "W",
        "W",
        "W",
        "W",
        "W",
        "W",
        "W",
        "W",
        "W",
        "W"
    ],
    "Correctness_Per_Patch_original": [
        "uncompilable",
        "uncompilable",
        "uncompilable",
        "uncompilable",
        "uncompilable",
        "uncompilable",
        "uncompilable",
        "uncompilable",
        "uncompilable",
        "uncompilable"
    ]
}