{
    "TOOL_BUG_ID": "plbart_base-Mockito-8",
    "Time": {
        "mean": 408.9671512126923,
        "median": 412.56531488895416,
        "std": 5.943481069884943,
        "max": 413.48516047000885,
        "min": 399.6345953941345,
        "count": 5
    },
    "Joules": {
        "mean": 56858.18414464474,
        "median": 59274.06295851468,
        "std": 4797.549605910023,
        "max": 59608.0964092374,
        "min": 48423.222339355954,
        "count": 5
    },
    "JoulesNormalized": {
        "mean": 31395.382583637238,
        "median": 33271.13446956873,
        "std": 4593.474760462573,
        "max": 34354.095341241366,
        "min": 23395.97548774481,
        "count": 5
    },
    "NrExecutions": 5,
    "ExecutionsIds": [
        "s0",
        "s1",
        "s2",
        "s3",
        "s4"
    ],
    "ExecutionsInferenceIds": [
        "s0",
        "s1"
    ],
    "NrExecutionsInference": 2,
    "ExecutionTime_Per_PatchMedian": [
        40.09391939640045,
        80.04288339614868,
        143.36151337623596,
        183.3104773759842,
        246.82913553714752,
        286.77809953689575,
        350.4566397666931,
        390.40560376644135,
        401.76539289951324,
        412.56531488895416
    ],
    "Joules_Per_PatchMedian": [
        4943.467257928847,
        9774.55115586519,
        20223.900755786894,
        25054.984653723237,
        35538.35433219671,
        40369.43823013305,
        50756.796347010124,
        55587.88024494647,
        57435.771964657295,
        59274.06295851468
    ],
    "JoulesNormalized_Per_PatchMedian": [
        2343.2629572629926,
        4682.453238427639,
        11121.385893797875,
        13460.57617496252,
        19925.978891551495,
        22265.16917271614,
        28662.245959079268,
        31001.436240243915,
        32138.57115989924,
        33271.13446956873
    ],
    "Inf_ExecutionTime": {
        "mean": 0.14495539665222168,
        "median": 0.14495539665222168,
        "std": 0.021105118685527207,
        "max": 0.15987896919250488,
        "min": 0.13003182411193848,
        "count": 2
    },
    "Inf_Joules": {
        "mean": 112.38335999250413,
        "median": 112.38335999250413,
        "std": 17.70866096716945,
        "max": 124.90527424812316,
        "min": 99.86144573688507,
        "count": 2
    },
    "Inf_JoulesNormalized": {
        "mean": 4.072676098346712,
        "median": 4.072676098346712,
        "std": 0.5597042308071478,
        "max": 4.468446755409246,
        "min": 3.676905441284177,
        "count": 2
    },
    "Val_ExecutionTime": [
        39.94896399974823,
        79.89792799949646,
        143.21655797958374,
        183.16552197933197,
        246.6841801404953,
        286.63314414024353,
        350.3116843700409,
        390.2606483697891,
        401.620437502861,
        412.42035949230194
    ],
    "Val_Joules": [
        4831.083897936343,
        9662.167795872687,
        20111.517395794388,
        24942.60129373073,
        35425.9709722042,
        40257.05487014054,
        50644.41298701762,
        55475.496884953965,
        57323.38860466479,
        59161.679598522176
    ],
    "Val_JoulesNormalized": [
        2339.190281164646,
        4678.380562329292,
        11117.313217699528,
        13456.503498864173,
        19921.90621545315,
        22261.096496617796,
        28658.173282980923,
        30997.36356414557,
        32134.498483800893,
        33267.061793470384
    ],
    "NrPatches": {
        "median": 0,
        "std": 0.0,
        "max": 0,
        "min": 0
    },
    "Correctness_Per_Patch": [
        "W",
        "W",
        "W",
        "W",
        "W",
        "W",
        "W",
        "W",
        "W",
        "W"
    ],
    "Correctness_Per_Patch_original": [
        "wrong",
        "wrong",
        "wrong",
        "wrong",
        "wrong",
        "wrong",
        "wrong",
        "wrong",
        "uncompilable",
        "uncompilable"
    ],
    "patches": [],
    "Correctness_Per_Patch_origina": [
        "wrong",
        "wrong",
        "wrong",
        "wrong",
        "wrong",
        "wrong",
        "wrong",
        "wrong",
        "uncompilable",
        "uncompilable"
    ]
}