{
    "TOOL_BUG_ID": "codet5_base-Closure-150",
    "Time": {
        "mean": 12.59813125928243,
        "median": 12.594608068466187,
        "std": 0.05255825550330082,
        "max": 12.674708604812622,
        "min": 12.535442590713501,
        "count": 6
    },
    "Joules": {
        "mean": 1724.7731067041555,
        "median": 1642.2536478340626,
        "std": 161.04509783704722,
        "max": 1931.6634155571462,
        "min": 1592.7392566263675,
        "count": 6
    },
    "JoulesNormalized": {
        "mean": 416.4628231585026,
        "median": 546.880263876915,
        "std": 215.78215356310608,
        "max": 568.9628565371037,
        "min": 128.32315081954005,
        "count": 6
    },
    "NrExecutions": 6,
    "ExecutionsIds": [
        "s0",
        "s1",
        "s2",
        "s3",
        "s4",
        "s5"
    ],
    "ExecutionsInferenceIds": [
        "s0",
        "s1"
    ],
    "NrExecutionsInference": 2,
    "ExecutionTime_Per_PatchMedian": [
        1.3947274684906006,
        2.3848609924316406,
        6.37539005279541,
        7.374866843223572,
        8.365047454833984,
        9.354737877845764,
        10.344860315322876,
        11.33482575416565,
        12.324873208999634,
        12.594608068466187
    ],
    "Joules_Per_PatchMedian": [
        455.6258317291736,
        565.7756027042865,
        973.8063730716705,
        1081.1982307434082,
        1185.9449309825895,
        1290.261695897579,
        1397.1778633773324,
        1502.50698826313,
        1606.9209643900394,
        1642.2536478340626
    ],
    "JoulesNormalized_Per_PatchMedian": [
        91.38944929242135,
        135.58039301633835,
        282.3524286210537,
        326.60551897287365,
        367.6786782443523,
        409.05922009944913,
        452.08216766119,
        493.41262650489807,
        536.3819331169128,
        546.880263876915
    ],
    "Inf_ExecutionTime": {
        "mean": 0.3950769901275635,
        "median": 0.3950769901275635,
        "std": 0.07781724369221005,
        "max": 0.4501020908355713,
        "min": 0.34005188941955566,
        "count": 2
    },
    "Inf_Joules": {
        "mean": 347.526229006052,
        "median": 347.526229006052,
        "std": 64.68687421235174,
        "max": 393.2667564153671,
        "min": 301.7857015967369,
        "count": 2
    },
    "Inf_JoulesNormalized": {
        "mean": 47.16322562098503,
        "median": 47.16322562098503,
        "std": 6.648352159362249,
        "max": 51.864320516586304,
        "min": 42.46213072538376,
        "count": 2
    },
    "Val_ExecutionTime": [
        0.9996504783630371,
        1.9897840023040771,
        5.980313062667847,
        6.979789853096008,
        7.969970464706421,
        8.9596608877182,
        9.949783325195312,
        10.939748764038086,
        11.92979621887207,
        12.199531078338623
    ],
    "Val_Joules": [
        108.09960272312162,
        218.24937369823454,
        626.2801440656184,
        733.6720017373561,
        838.4187019765376,
        942.735466891527,
        1049.6516343712806,
        1154.980759257078,
        1259.3947353839874,
        1294.7274188280105
    ],
    "Val_JoulesNormalized": [
        44.226223671436315,
        88.41716739535333,
        235.18920300006866,
        279.4422933518886,
        320.51545262336725,
        361.8959944784641,
        404.91894204020497,
        446.24940088391304,
        489.2187074959278,
        499.71703825592994
    ],
    "NrPatches": {
        "median": 0,
        "std": 0.0,
        "max": 0,
        "min": 0
    },
    "Correctness_Per_Patch": [
        "W",
        "W",
        "W",
        "W",
        "W",
        "W",
        "W",
        "W",
        "W",
        "W"
    ],
    "Correctness_Per_Patch_original": [
        "uncompilable",
        "uncompilable",
        "wrong",
        "uncompilable",
        "uncompilable",
        "uncompilable",
        "uncompilable",
        "uncompilable",
        "uncompilable",
        "uncompilable"
    ],
    "patches": [],
    "Correctness_Per_Patch_origina": [
        "uncompilable",
        "uncompilable",
        "wrong",
        "uncompilable",
        "uncompilable",
        "uncompilable",
        "uncompilable",
        "uncompilable",
        "uncompilable",
        "uncompilable"
    ]
}