{
    "TOOL_BUG_ID": "codegen_6B-Chart-8",
    "Time": {
        "mean": 104.2393708229065,
        "median": 104.2393708229065,
        "std": 0.0,
        "max": 104.2393708229065,
        "min": 104.2393708229065,
        "count": 6
    },
    "Joules": {
        "mean": 13178.775741768359,
        "median": 13178.775741768359,
        "std": 0.0,
        "max": 13178.775741768359,
        "min": 13178.775741768359,
        "count": 6
    },
    "JoulesNormalized": {
        "mean": 5158.693134013653,
        "median": 5158.693134013653,
        "std": 0.0,
        "max": 5158.693134013653,
        "min": 5158.693134013653,
        "count": 6
    },
    "NrExecutions": 6,
    "ExecutionsIds": [
        "s0",
        "s1",
        "s2",
        "s3",
        "s4",
        "s5"
    ],
    "ExecutionsInferenceIds": [
        "s0",
        "s1"
    ],
    "NrExecutionsInference": 2,
    "ExecutionTime_Per_PatchMedian": [
        11.89922285079956,
        22.159239292144775,
        32.41925573348999,
        42.679272174835205,
        52.93928861618042,
        63.199305057525635,
        73.45932149887085,
        83.71933794021606,
        93.97935438156128,
        104.2393708229065
    ],
    "Joules_Per_PatchMedian": [
        2856.4708883230687,
        4003.39364981699,
        5150.3164113109115,
        6297.239172804833,
        7444.161934298754,
        8591.084695792675,
        9738.007457286596,
        10884.930218780517,
        12031.852980274438,
        13178.775741768359
    ],
    "JoulesNormalized_Per_PatchMedian": [
        729.960577938795,
        1222.0419730582237,
        1714.1233681776523,
        2206.204763297081,
        2698.28615841651,
        3190.3675535359384,
        3682.448948655367,
        4174.530343774796,
        4666.611738894225,
        5158.693134013653
    ],
    "Inf_ExecutionTime": {
        "mean": 1.6392064094543457,
        "median": 1.6392064094543457,
        "std": 0.9039743734061455,
        "max": 2.2784128189086914,
        "min": 1.0,
        "count": 2
    },
    "Inf_Joules": {
        "mean": 1709.5481268291473,
        "median": 1709.5481268291473,
        "std": 955.9866272174957,
        "max": 2385.5327536582945,
        "min": 1033.5635,
        "count": 2
    },
    "Inf_JoulesNormalized": {
        "mean": 237.87918281936635,
        "median": 237.87918281936635,
        "std": 89.28451048570932,
        "max": 301.0128656387328,
        "min": 174.74549999999988,
        "count": 2
    },
    "Val_ExecutionTime": [
        10.260016441345215,
        20.52003288269043,
        30.780049324035645,
        41.04006576538086,
        51.300082206726074,
        61.56009864807129,
        71.8201150894165,
        82.08013153076172,
        92.34014797210693,
        102.60016441345215
    ],
    "Val_Joules": [
        1146.9227614939214,
        2293.8455229878427,
        3440.768284481764,
        4587.6910459756855,
        5734.613807469606,
        6881.536568963527,
        8028.459330457448,
        9175.38209195137,
        10322.30485344529,
        11469.227614939211
    ],
    "Val_JoulesNormalized": [
        492.0813951194287,
        984.1627902388573,
        1476.244185358286,
        1968.3255804777148,
        2460.4069755971436,
        2952.4883707165723,
        3444.569765836001,
        3936.65116095543,
        4428.732556074859,
        4920.813951194287
    ],
    "NrPatches": {
        "median": 1,
        "std": 0.0,
        "max": 1,
        "min": 1
    },
    "Correctness_Per_Patch": [
        "C",
        "W",
        "W",
        "W",
        "W",
        "W",
        "W",
        "W",
        "W",
        "W"
    ],
    "Correctness_Per_Patch_original": [
        "plausible",
        "uncompilable",
        "uncompilable",
        "uncompilable",
        "uncompilable",
        "uncompilable",
        "wrong",
        "uncompilable",
        "uncompilable",
        "wrong"
    ],
    "patches": [
        "    this(time, zone, Locale.getDefault());\n"
    ],
    "Correctness_Per_Patch_origina": [
        "plausible",
        "uncompilable",
        "uncompilable",
        "uncompilable",
        "uncompilable",
        "uncompilable",
        "wrong",
        "uncompilable",
        "uncompilable",
        "wrong"
    ]
}