{
    "TOOL_BUG_ID": "codet5_large-Math-80",
    "Time": {
        "mean": 73.08976304531097,
        "median": 73.08976304531097,
        "std": 0.0,
        "max": 73.08976304531097,
        "min": 73.08976304531097,
        "count": 6
    },
    "Joules": {
        "mean": 9456.18592131734,
        "median": 9456.18592131734,
        "std": 0.0,
        "max": 9456.18592131734,
        "min": 9456.18592131734,
        "count": 6
    },
    "JoulesNormalized": {
        "mean": 4327.484510904551,
        "median": 4327.484510904551,
        "std": 0.0,
        "max": 4327.484510904551,
        "min": 4327.484510904551,
        "count": 6
    },
    "NrExecutions": 6,
    "ExecutionsIds": [
        "s0",
        "s1",
        "s2",
        "s3",
        "s4",
        "s5"
    ],
    "ExecutionsInferenceIds": [
        "s0",
        "s1"
    ],
    "NrExecutionsInference": 2,
    "ExecutionTime_Per_PatchMedian": [
        7.929447531700134,
        15.169482588768005,
        22.409517645835876,
        29.649552702903748,
        36.88958775997162,
        44.12962281703949,
        51.36965787410736,
        58.60969293117523,
        65.8497279882431,
        73.08976304531097
    ],
    "Joules_Per_PatchMedian": [
        1522.5261610090733,
        2404.043912154436,
        3285.561663299799,
        4167.079414445162,
        5048.597165590525,
        5930.114916735888,
        6811.632667881251,
        7693.150419026614,
        8574.668170171977,
        9456.18592131734
    ],
    "JoulesNormalized_Per_PatchMedian": [
        535.366111189127,
        956.7126000463963,
        1378.0590889036657,
        1799.405577760935,
        2220.7520666182045,
        2642.098555475474,
        3063.4450443327432,
        3484.7915331900126,
        3906.138022047282,
        4327.484510904551
    ],
    "Inf_ExecutionTime": {
        "mean": 0.6894124746322632,
        "median": 0.6894124746322632,
        "std": 0.28284901764315623,
        "max": 0.8894169330596924,
        "min": 0.489408016204834,
        "count": 2
    },
    "Inf_Joules": {
        "mean": 641.0084098637104,
        "median": 641.0084098637104,
        "std": 278.80812831432775,
        "max": 838.1555280447006,
        "min": 443.8612916827202,
        "count": 2
    },
    "Inf_JoulesNormalized": {
        "mean": 114.0196223318577,
        "median": 114.0196223318577,
        "std": 60.58849402805535,
        "max": 156.86215732097628,
        "min": 71.17708734273913,
        "count": 2
    },
    "Val_ExecutionTime": [
        7.240035057067871,
        14.480070114135742,
        21.720105171203613,
        28.960140228271484,
        36.200175285339355,
        43.44021034240723,
        50.6802453994751,
        57.92028045654297,
        65.16031551361084,
        72.40035057067871
    ],
    "Val_Joules": [
        881.5177511453629,
        1763.0355022907256,
        2644.5532534360887,
        3526.0710045814517,
        4407.588755726814,
        5289.106506872177,
        6170.62425801754,
        7052.142009162903,
        7933.659760308266,
        8815.177511453629
    ],
    "Val_JoulesNormalized": [
        421.34648885726926,
        842.6929777145386,
        1264.0394665718081,
        1685.3859554290775,
        2106.732444286347,
        2528.0789331436163,
        2949.4254220008856,
        3370.771910858155,
        3792.1183997154244,
        4213.464888572693
    ],
    "NrPatches": {
        "median": 1,
        "std": 0.0,
        "max": 1,
        "min": 1
    },
    "Correctness_Per_Patch": [
        "C",
        "W",
        "W",
        "W",
        "W",
        "W",
        "W",
        "W",
        "W",
        "W"
    ],
    "Correctness_Per_Patch_original": [
        "plausible",
        "wrong",
        "uncompilable",
        "wrong",
        "wrong",
        "wrong",
        "wrong",
        "wrong",
        "wrong",
        "wrong"
    ],
    "patches": [
        "        int j = 4 * (n - 1);\n"
    ],
    "Correctness_Per_Patch_origina": [
        "plausible",
        "wrong",
        "uncompilable",
        "wrong",
        "wrong",
        "wrong",
        "wrong",
        "wrong",
        "wrong",
        "wrong"
    ]
}