{
    "Group_ID": "s_1223_1224",
    "TOOL_BUG_ID": "TBar10C-Math-34",
    "patch_correctness": true,
    "ExecutionsIds": [
        "1223",
        "1224"
    ],
    "NrExecutions": 2,
    "NrOutliers": 0,
    "SLB": {
        "median": 62.05,
        "std": 0.3535533905932738,
        "max": 62.3,
        "min": 61.8
    },
    "PowerAvg": {
        "median": 113.05,
        "std": 0.6363961030678968,
        "max": 113.5,
        "min": 112.6
    },
    "Time": {
        "median": 162.79661893844604,
        "std": 20.946986783218644,
        "max": 180.93629503250122,
        "min": 144.29674315452576
    },
    "Joules": {
        "median": 18146.310757631065,
        "std": 2348.154545734081,
        "max": 20281.265599262715,
        "min": 16102.998250412942
    },
    "JoulesNormalized": {
        "median": 8060.535691863299,
        "std": 1047.9608725393605,
        "max": 9020.176154339315,
        "min": 7152.047669625283
    },
    "NrPatches": {
        "median": 11.5,
        "std": 1.7320508075688772,
        "max": 13,
        "min": 10
    },
    "Joules_Per_PatchMedian": [
        4082.814772260189,
        8008.486049330235,
        8049.230949538945,
        8088.865360176564,
        8130.928663241863,
        8170.474754685163,
        8212.970906949042,
        8255.847805345058,
        12179.559602236748,
        16136.573617064954
    ],
    "ExecutionTime_Per_PatchMedian": [
        36.48922896385193,
        71.81797695159912,
        72.16839587688446,
        72.50834000110626,
        72.86818706989288,
        73.20811140537262,
        73.56848001480103,
        73.92887854576111,
        109.08803963661194,
        144.5670655965805
    ],
    "JoulesNormalized_Per_PatchMedian": [
        1818.5906583309174,
        3552.1055189967155,
        3571.1095181405544,
        3589.6503623723984,
        3609.385145819187,
        3627.838919132948,
        3647.974276280403,
        3668.4885599732397,
        5410.614410662651,
        7166.2547774076465
    ],
    "Correctness_Per_Patch": [
        "C",
        "W",
        "W",
        "W",
        "W",
        "W",
        "W",
        "W",
        "W",
        "W"
    ],
    "Correctness_Per_Patch_original": [
        "correct",
        "uncompilable",
        "uncompilable",
        "uncompilable",
        "uncompilable",
        "uncompilable",
        "uncompilable",
        "uncompilable",
        "uncompilable",
        "uncompilable"
    ]
}