{
    "TOOL_BUG_ID": "codet5_base-Math-27",
    "Time": {
        "mean": 453.2853276729584,
        "median": 453.2853276729584,
        "std": 0.0,
        "max": 453.2853276729584,
        "min": 453.2853276729584,
        "count": 6
    },
    "Joules": {
        "mean": 49659.09363963008,
        "median": 49659.09363963008,
        "std": 0.0,
        "max": 49659.09363963008,
        "min": 49659.09363963008,
        "count": 6
    },
    "JoulesNormalized": {
        "mean": 20966.920072478068,
        "median": 20966.920072478068,
        "std": 0.0,
        "max": 20966.920072478068,
        "min": 20966.920072478068,
        "count": 6
    },
    "NrExecutions": 6,
    "ExecutionsIds": [
        "s0",
        "s1",
        "s2",
        "s3",
        "s4",
        "s5"
    ],
    "ExecutionsInferenceIds": [
        "s0",
        "s1"
    ],
    "NrExecutionsInference": 2,
    "ExecutionTime_Per_PatchMedian": [
        45.68381989002228,
        90.97287631034851,
        136.26193273067474,
        181.55098915100098,
        226.8400455713272,
        272.12910199165344,
        317.4181584119797,
        362.7072148323059,
        407.99627125263214,
        453.2853276729584
    ],
    "Joules_Per_PatchMedian": [
        5257.630596446991,
        10191.126490134,
        15124.62238382101,
        20058.11827750802,
        24991.61417119503,
        29925.11006488204,
        34858.60595856905,
        39792.10185225606,
        44725.59774594307,
        49659.09363963008
    ],
    "JoulesNormalized_Per_PatchMedian": [
        2117.5617649912842,
        4211.934910267593,
        6306.308055543902,
        8400.68120082021,
        10495.05434609652,
        12589.42749137283,
        14683.800636649139,
        16778.17378192545,
        18872.546927201758,
        20966.920072478068
    ],
    "Inf_ExecutionTime": {
        "mean": 0.3947634696960449,
        "median": 0.3947634696960449,
        "std": 0.007228690281800457,
        "max": 0.3998749256134033,
        "min": 0.3896520137786865,
        "count": 2
    },
    "Inf_Joules": {
        "mean": 324.1347027599812,
        "median": 324.1347027599812,
        "std": 6.28144796214239,
        "max": 328.5763572096825,
        "min": 319.6930483102799,
        "count": 2
    },
    "Inf_JoulesNormalized": {
        "mean": 23.18861971497543,
        "median": 23.18861971497543,
        "std": 1.1829621243817396,
        "max": 24.025100255012603,
        "min": 22.35213917493826,
        "count": 2
    },
    "Val_ExecutionTime": [
        45.28905642032623,
        90.57811284065247,
        135.8671692609787,
        181.15622568130493,
        226.44528210163116,
        271.7343385219574,
        317.02339494228363,
        362.31245136260986,
        407.6015077829361,
        452.89056420326233
    ],
    "Val_Joules": [
        4933.49589368701,
        9866.99178737402,
        14800.48768106103,
        19733.98357474804,
        24667.47946843505,
        29600.97536212206,
        34534.47125580907,
        39467.96714949608,
        44401.46304318309,
        49334.9589368701
    ],
    "Val_JoulesNormalized": [
        2094.3731452763086,
        4188.746290552618,
        6283.119435828927,
        8377.492581105234,
        10471.865726381544,
        12566.238871657853,
        14660.612016934163,
        16754.985162210472,
        18849.358307486782,
        20943.73145276309
    ],
    "NrPatches": {
        "median": 0,
        "std": 0.0,
        "max": 0,
        "min": 0
    },
    "Correctness_Per_Patch": [
        "W",
        "W",
        "W",
        "W",
        "W",
        "W",
        "W",
        "W",
        "W",
        "W"
    ],
    "Correctness_Per_Patch_original": [
        "wrong",
        "wrong",
        "uncompilable",
        "wrong",
        "wrong",
        "uncompilable",
        "wrong",
        "uncompilable",
        "uncompilable",
        "wrong"
    ],
    "patches": [],
    "Correctness_Per_Patch_origina": [
        "wrong",
        "wrong",
        "uncompilable",
        "wrong",
        "wrong",
        "uncompilable",
        "wrong",
        "uncompilable",
        "uncompilable",
        "wrong"
    ]
}