{
    "TOOL_BUG_ID": "codegen_350M-Chart-9",
    "Time": {
        "mean": 102.78347718715668,
        "median": 102.78347718715668,
        "std": 0.0,
        "max": 102.78347718715668,
        "min": 102.78347718715668,
        "count": 6
    },
    "Joules": {
        "mean": 11848.664112848046,
        "median": 11848.664112848046,
        "std": 0.0,
        "max": 11848.664112848046,
        "min": 11848.664112848046,
        "count": 6
    },
    "JoulesNormalized": {
        "mean": 4995.120788484812,
        "median": 4995.120788484812,
        "std": 0.0,
        "max": 4995.120788484812,
        "min": 4995.120788484812,
        "count": 6
    },
    "NrExecutions": 6,
    "ExecutionsIds": [
        "s0",
        "s1",
        "s2",
        "s3",
        "s4",
        "s5"
    ],
    "ExecutionsInferenceIds": [
        "s0",
        "s1"
    ],
    "NrExecutionsInference": 2,
    "ExecutionTime_Per_PatchMedian": [
        10.714736580848694,
        20.944596648216248,
        31.1744567155838,
        41.404316782951355,
        51.63417685031891,
        61.86403691768646,
        72.09389698505402,
        82.32375705242157,
        92.55361711978912,
        102.78347718715668
    ],
    "Joules_Per_PatchMedian": [
        1560.3471682310105,
        2703.493495410681,
        3846.6398225903513,
        4989.786149770021,
        6132.932476949692,
        7276.078804129362,
        8419.225131309033,
        9562.371458488704,
        10705.517785668375,
        11848.664112848046
    ],
    "JoulesNormalized_Per_PatchMedian": [
        554.0724665820599,
        1047.52228012681,
        1540.9720936715603,
        2034.4219072163105,
        2527.8717207610607,
        3021.321534305811,
        3514.771347850561,
        4008.2211613953114,
        4501.670974940062,
        4995.120788484812
    ],
    "Inf_ExecutionTime": {
        "mean": 0.48487651348114014,
        "median": 0.48487651348114014,
        "std": 0.6857189414412093,
        "max": 0.9697530269622803,
        "min": 0,
        "count": 2
    },
    "Inf_Joules": {
        "mean": 417.2008410513401,
        "median": 417.2008410513401,
        "std": 590.011087648267,
        "max": 834.4016821026802,
        "min": 0,
        "count": 2
    },
    "Inf_JoulesNormalized": {
        "mean": 60.62265303730965,
        "median": 60.62265303730965,
        "std": 85.73337811240181,
        "max": 121.2453060746193,
        "min": 0,
        "count": 2
    },
    "Val_ExecutionTime": [
        10.229860067367554,
        20.459720134735107,
        30.68958020210266,
        40.919440269470215,
        51.14930033683777,
        61.37916040420532,
        71.60902047157288,
        81.83888053894043,
        92.06874060630798,
        102.29860067367554
    ],
    "Val_Joules": [
        1143.1463271796704,
        2286.292654359341,
        3429.4389815390114,
        4572.5853087186815,
        5715.731635898352,
        6858.877963078022,
        8002.024290257693,
        9145.170617437363,
        10288.316944617034,
        11431.463271796705
    ],
    "Val_JoulesNormalized": [
        493.4498135447502,
        986.8996270895004,
        1480.3494406342506,
        1973.7992541790009,
        2467.249067723751,
        2960.6988812685013,
        3454.1486948132515,
        3947.5985083580017,
        4441.048321902752,
        4934.498135447502
    ],
    "NrPatches": {
        "median": 0,
        "std": 0.0,
        "max": 0,
        "min": 0
    },
    "Correctness_Per_Patch": [
        "W",
        "W",
        "W",
        "W",
        "W",
        "W",
        "W",
        "W",
        "W",
        "W"
    ],
    "Correctness_Per_Patch_original": [
        "wrong",
        "wrong",
        "wrong",
        "wrong",
        "wrong",
        "wrong",
        "wrong",
        "wrong",
        "wrong",
        "uncompilable"
    ],
    "patches": [],
    "Correctness_Per_Patch_origina": [
        "wrong",
        "wrong",
        "wrong",
        "wrong",
        "wrong",
        "wrong",
        "wrong",
        "wrong",
        "wrong",
        "uncompilable"
    ]
}