{
    "TOOL_BUG_ID": "plbart_large-Math-58",
    "Time": {
        "mean": 192.48177313804626,
        "median": 192.48177313804626,
        "std": 0.0,
        "max": 192.48177313804626,
        "min": 192.48177313804626,
        "count": 5
    },
    "Joules": {
        "mean": 21465.151139509668,
        "median": 21465.151139509668,
        "std": 0.0,
        "max": 21465.151139509668,
        "min": 21465.151139509668,
        "count": 5
    },
    "JoulesNormalized": {
        "mean": 9283.600027000903,
        "median": 9283.600027000903,
        "std": 0.0,
        "max": 9283.600027000903,
        "min": 9283.600027000903,
        "count": 5
    },
    "NrExecutions": 5,
    "ExecutionsIds": [
        "s0",
        "s1",
        "s2",
        "s3",
        "s4"
    ],
    "ExecutionsInferenceIds": [
        "s0",
        "s1"
    ],
    "NrExecutionsInference": 2,
    "ExecutionTime_Per_PatchMedian": [
        19.504819869995117,
        38.72448134422302,
        57.94414281845093,
        77.16380429267883,
        96.38346576690674,
        115.60312724113464,
        134.82278871536255,
        154.04245018959045,
        173.26211166381836,
        192.48177313804626
    ],
    "Joules_Per_PatchMedian": [
        2351.765423136949,
        4475.4749471783625,
        6599.184471219776,
        8722.89399526119,
        10846.603519302604,
        12970.313043344016,
        15094.02256738543,
        17217.732091426842,
        19341.441615468255,
        21465.151139509668
    ],
    "JoulesNormalized_Per_PatchMedian": [
        942.1492986083031,
        1868.9771573185922,
        2795.8050160288813,
        3722.6328747391703,
        4649.460733449459,
        5576.288592159748,
        6503.116450870037,
        7429.944309580325,
        8356.772168290614,
        9283.600027000903
    ],
    "Inf_ExecutionTime": {
        "mean": 0.2851583957672119,
        "median": 0.2851583957672119,
        "std": 0.04918705808615377,
        "max": 0.31993889808654785,
        "min": 0.250377893447876,
        "count": 2
    },
    "Inf_Joules": {
        "mean": 228.05589909553527,
        "median": 228.05589909553527,
        "std": 42.23192472316399,
        "max": 257.91837944984434,
        "min": 198.1934187412262,
        "count": 2
    },
    "Inf_JoulesNormalized": {
        "mean": 15.321439898014063,
        "median": 15.321439898014063,
        "std": 2.6967730646289207,
        "max": 17.2283464193344,
        "min": 13.414533376693726,
        "count": 2
    },
    "Val_ExecutionTime": [
        19.219661474227905,
        38.43932294845581,
        57.658984422683716,
        76.87864589691162,
        96.09830737113953,
        115.31796884536743,
        134.53763031959534,
        153.75729179382324,
        172.97695326805115,
        192.19661474227905
    ],
    "Val_Joules": [
        2123.7095240414137,
        4247.419048082827,
        6371.128572124241,
        8494.838096165655,
        10618.547620207068,
        12742.25714424848,
        14865.966668289893,
        16989.676192331306,
        19113.38571637272,
        21237.09524041413
    ],
    "Val_JoulesNormalized": [
        926.827858710289,
        1853.6557174205782,
        2780.4835761308673,
        3707.3114348411564,
        4634.139293551445,
        5560.967152261734,
        6487.795010972022,
        7414.622869682311,
        8341.4507283926,
        9268.278587102888
    ],
    "NrPatches": {
        "median": 0,
        "std": 0.0,
        "max": 0,
        "min": 0
    },
    "Correctness_Per_Patch": [
        "W",
        "W",
        "W",
        "W",
        "W",
        "W",
        "W",
        "W",
        "W",
        "W"
    ],
    "Correctness_Per_Patch_original": [
        "uncompilable",
        "uncompilable",
        "uncompilable",
        "uncompilable",
        "uncompilable",
        "uncompilable",
        "uncompilable",
        "uncompilable",
        "uncompilable",
        "uncompilable"
    ],
    "patches": [],
    "Correctness_Per_Patch_origina": [
        "uncompilable",
        "uncompilable",
        "uncompilable",
        "uncompilable",
        "uncompilable",
        "uncompilable",
        "uncompilable",
        "uncompilable",
        "uncompilable",
        "uncompilable"
    ]
}