{
    "TOOL_BUG_ID": "codet5_small-Math-27",
    "Time": {
        "mean": 453.1655457019806,
        "median": 453.1655457019806,
        "std": 0.0,
        "max": 453.1655457019806,
        "min": 453.1655457019806,
        "count": 6
    },
    "Joules": {
        "mean": 49554.68157945275,
        "median": 49554.68157945275,
        "std": 0.0,
        "max": 49554.68157945275,
        "min": 49554.68157945275,
        "count": 6
    },
    "JoulesNormalized": {
        "mean": 20956.431156617415,
        "median": 20956.431156617415,
        "std": 0.0,
        "max": 20956.431156617415,
        "min": 20956.431156617415,
        "count": 6
    },
    "NrExecutions": 6,
    "ExecutionsIds": [
        "s0",
        "s1",
        "s2",
        "s3",
        "s4",
        "s5"
    ],
    "ExecutionsInferenceIds": [
        "s0",
        "s1"
    ],
    "NrExecutionsInference": 2,
    "ExecutionTime_Per_PatchMedian": [
        45.564037919044495,
        90.85309433937073,
        136.14215075969696,
        181.4312071800232,
        226.72026360034943,
        272.00932002067566,
        317.2983764410019,
        362.5874328613281,
        407.87648928165436,
        453.1655457019806
    ],
    "Joules_Per_PatchMedian": [
        5153.218536269665,
        10086.714429956675,
        15020.210323643685,
        19953.706217330695,
        24887.202111017705,
        29820.698004704715,
        34754.19389839172,
        39687.68979207873,
        44621.18568576574,
        49554.68157945275
    ],
    "JoulesNormalized_Per_PatchMedian": [
        2107.072849130631,
        4201.4459944069395,
        6295.819139683248,
        8390.192284959558,
        10484.565430235867,
        12578.938575512177,
        14673.311720788486,
        16767.684866064796,
        18862.058011341105,
        20956.431156617415
    ],
    "Inf_ExecutionTime": {
        "mean": 0.2749814987182617,
        "median": 0.2749814987182617,
        "std": 0.006537144791433708,
        "max": 0.2796039581298828,
        "min": 0.2703590393066406,
        "count": 2
    },
    "Inf_Joules": {
        "mean": 219.72264258265497,
        "median": 219.72264258265497,
        "std": 5.030340242130517,
        "max": 223.27963027954104,
        "min": 216.1656548857689,
        "count": 2
    },
    "Inf_JoulesNormalized": {
        "mean": 12.699703854322465,
        "median": 12.699703854322465,
        "std": 1.0029538279049117,
        "max": 13.408899307251033,
        "min": 11.990508401393896,
        "count": 2
    },
    "Val_ExecutionTime": [
        45.28905642032623,
        90.57811284065247,
        135.8671692609787,
        181.15622568130493,
        226.44528210163116,
        271.7343385219574,
        317.02339494228363,
        362.31245136260986,
        407.6015077829361,
        452.89056420326233
    ],
    "Val_Joules": [
        4933.49589368701,
        9866.99178737402,
        14800.48768106103,
        19733.98357474804,
        24667.47946843505,
        29600.97536212206,
        34534.47125580907,
        39467.96714949608,
        44401.46304318309,
        49334.9589368701
    ],
    "Val_JoulesNormalized": [
        2094.3731452763086,
        4188.746290552617,
        6283.119435828926,
        8377.492581105234,
        10471.865726381544,
        12566.238871657853,
        14660.612016934163,
        16754.985162210472,
        18849.358307486782,
        20943.73145276309
    ],
    "NrPatches": {
        "median": 0,
        "std": 0.0,
        "max": 0,
        "min": 0
    },
    "Correctness_Per_Patch": [
        "W",
        "W",
        "W",
        "W",
        "W",
        "W",
        "W",
        "W",
        "W",
        "W"
    ],
    "Correctness_Per_Patch_original": [
        "wrong",
        "uncompilable",
        "uncompilable",
        "uncompilable",
        "uncompilable",
        "uncompilable",
        "wrong",
        "uncompilable",
        "wrong",
        "wrong"
    ],
    "patches": [],
    "Correctness_Per_Patch_origina": [
        "wrong",
        "uncompilable",
        "uncompilable",
        "uncompilable",
        "uncompilable",
        "uncompilable",
        "wrong",
        "uncompilable",
        "wrong",
        "wrong"
    ]
}