{
    "TOOL_BUG_ID": "incoder_6B-Math-50",
    "Time": {
        "mean": 281.9997811317444,
        "median": 281.9997811317444,
        "std": 0.0,
        "max": 281.9997811317444,
        "min": 281.9997811317444,
        "count": 5
    },
    "Joules": {
        "mean": 39363.16350851059,
        "median": 39363.16350851059,
        "std": 0.0,
        "max": 39363.16350851059,
        "min": 39363.16350851059,
        "count": 5
    },
    "JoulesNormalized": {
        "mean": 15356.33195027113,
        "median": 15356.33195027113,
        "std": 0.0,
        "max": 15356.33195027113,
        "min": 15356.33195027113,
        "count": 5
    },
    "NrExecutions": 5,
    "ExecutionsIds": [
        "s0",
        "s1",
        "s2",
        "s3",
        "s4"
    ],
    "ExecutionsInferenceIds": [
        "s0",
        "s1"
    ],
    "NrExecutionsInference": 2,
    "ExecutionTime_Per_PatchMedian": [
        34.861342906951904,
        62.32116937637329,
        89.78099584579468,
        117.24082231521606,
        144.70064878463745,
        172.16047525405884,
        199.62030172348022,
        227.0801281929016,
        254.539954662323,
        281.9997811317444
    ],
    "Joules_Per_PatchMedian": [
        11906.873431020973,
        14957.572328519818,
        18008.271226018664,
        21058.97012351751,
        24109.669021016354,
        27160.3679185152,
        30211.066816014045,
        33261.76571351289,
        36312.46461101174,
        39363.16350851059
    ],
    "JoulesNormalized_Per_PatchMedian": [
        3376.045249545574,
        4707.188216292858,
        6038.331183040142,
        7369.474149787426,
        8700.61711653471,
        10031.760083281994,
        11362.903050029277,
        12694.046016776561,
        14025.188983523845,
        15356.33195027113
    ],
    "Inf_ExecutionTime": {
        "mean": 7.401516437530518,
        "median": 7.401516437530518,
        "std": 0.6971614736371289,
        "max": 7.894484043121338,
        "min": 6.908548831939697,
        "count": 2
    },
    "Inf_Joules": {
        "mean": 8856.174533522128,
        "median": 8856.174533522128,
        "std": 724.7419783254437,
        "max": 9368.644501006604,
        "min": 8343.704566037653,
        "count": 2
    },
    "Inf_JoulesNormalized": {
        "mean": 2044.9022827982894,
        "median": 2044.9022827982894,
        "std": 129.54957969875392,
        "max": 2136.5076691031454,
        "min": 1953.2968964934335,
        "count": 2
    },
    "Val_ExecutionTime": [
        27.459826469421387,
        54.91965293884277,
        82.37947940826416,
        109.83930587768555,
        137.29913234710693,
        164.75895881652832,
        192.2187852859497,
        219.6786117553711,
        247.13843822479248,
        274.59826469421387
    ],
    "Val_Joules": [
        3050.6988974988453,
        6101.397794997691,
        9152.096692496536,
        12202.795589995381,
        15253.494487494227,
        18304.193384993072,
        21354.892282491917,
        24405.591179990763,
        27456.29007748961,
        30506.98897498846
    ],
    "Val_JoulesNormalized": [
        1331.1429667472844,
        2662.2859334945683,
        3993.4289002418523,
        5324.571866989136,
        6655.71483373642,
        7986.857800483704,
        9318.000767230988,
        10649.143733978271,
        11980.286700725555,
        13311.42966747284
    ],
    "NrPatches": {
        "median": 1,
        "std": 0.0,
        "max": 1,
        "min": 1
    },
    "Correctness_Per_Patch": [
        "W",
        "W",
        "W",
        "W",
        "I",
        "W",
        "W",
        "W",
        "W",
        "W"
    ],
    "Correctness_Per_Patch_original": [
        "wrong",
        "wrong",
        "wrong",
        "wrong",
        "plausible",
        "wrong",
        "wrong",
        "wrong",
        "uncompilable",
        "wrong"
    ],
    "patches": [
        "                x1 = x;\n"
    ],
    "Correctness_Per_Patch_origina": [
        "wrong",
        "wrong",
        "wrong",
        "wrong",
        "plausible",
        "wrong",
        "wrong",
        "wrong",
        "uncompilable",
        "wrong"
    ]
}