{
    "TOOL_BUG_ID": "plbart_base-Math-91",
    "Time": {
        "mean": 69.78926384449005,
        "median": 69.78926384449005,
        "std": 0.0,
        "max": 69.78926384449005,
        "min": 69.78926384449005,
        "count": 6
    },
    "Joules": {
        "mean": 8286.58595587015,
        "median": 8286.58595587015,
        "std": 0.0,
        "max": 8286.58595587015,
        "min": 8286.58595587015,
        "count": 6
    },
    "JoulesNormalized": {
        "mean": 3838.2291553854943,
        "median": 3838.2291553854943,
        "std": 0.0,
        "max": 3838.2291553854943,
        "min": 3838.2291553854943,
        "count": 6
    },
    "NrExecutions": 6,
    "ExecutionsIds": [
        "s0",
        "s1",
        "s2",
        "s3",
        "s4",
        "s5"
    ],
    "ExecutionsInferenceIds": [
        "s0",
        "s1"
    ],
    "NrExecutionsInference": 2,
    "ExecutionTime_Per_PatchMedian": [
        7.1498085260391235,
        14.109748005867004,
        21.069687485694885,
        28.029626965522766,
        34.98956644535065,
        41.94950592517853,
        48.90944540500641,
        55.86938488483429,
        62.82932436466217,
        69.78926384449005
    ],
    "Joules_Per_PatchMedian": [
        962.1871412038804,
        1776.009231722355,
        2589.8313222408296,
        3403.653412759304,
        4217.475503277778,
        5031.297593796253,
        5845.119684314727,
        6658.941774833202,
        7472.763865351676,
        8286.58595587015
    ],
    "JoulesNormalized_Per_PatchMedian": [
        390.0275225281715,
        773.1610372900963,
        1156.2945520520211,
        1539.4280668139459,
        1922.5615815758706,
        2305.6950963377953,
        2688.82861109972,
        3071.962125861645,
        3455.0956406235696,
        3838.2291553854943
    ],
    "Inf_ExecutionTime": {
        "mean": 0.18986904621124268,
        "median": 0.18986904621124268,
        "std": 7.637008950173998e-05,
        "max": 0.18992304801940918,
        "min": 0.18981504440307617,
        "count": 2
    },
    "Inf_Joules": {
        "mean": 148.36505068540572,
        "median": 148.36505068540572,
        "std": 1.7316130491389359,
        "max": 149.58948601484298,
        "min": 147.14061535596846,
        "count": 2
    },
    "Inf_JoulesNormalized": {
        "mean": 6.894007766246773,
        "median": 6.894007766246773,
        "std": 0.11794279678349529,
        "max": 6.977405917644489,
        "min": 6.8106096148490565,
        "count": 2
    },
    "Val_ExecutionTime": [
        6.959939479827881,
        13.919878959655762,
        20.879818439483643,
        27.839757919311523,
        34.799697399139404,
        41.759636878967285,
        48.719576358795166,
        55.67951583862305,
        62.63945531845093,
        69.59939479827881
    ],
    "Val_Joules": [
        813.8220905184746,
        1627.6441810369492,
        2441.466271555424,
        3255.2883620738985,
        4069.110452592373,
        4882.932543110847,
        5696.754633629322,
        6510.576724147796,
        7324.3988146662705,
        8138.220905184745
    ],
    "Val_JoulesNormalized": [
        383.13351476192474,
        766.2670295238495,
        1149.4005442857742,
        1532.534059047699,
        1915.6675738096237,
        2298.8010885715485,
        2681.934603333473,
        3065.068118095398,
        3448.2016328573227,
        3831.3351476192474
    ],
    "NrPatches": {
        "median": 0,
        "std": 0.0,
        "max": 0,
        "min": 0
    },
    "Correctness_Per_Patch": [
        "W",
        "W",
        "W",
        "W",
        "W",
        "W",
        "W",
        "W",
        "W",
        "W"
    ],
    "Correctness_Per_Patch_original": [
        "uncompilable",
        "uncompilable",
        "uncompilable",
        "uncompilable",
        "uncompilable",
        "wrong",
        "uncompilable",
        "uncompilable",
        "uncompilable",
        "uncompilable"
    ],
    "patches": [],
    "Correctness_Per_Patch_origina": [
        "uncompilable",
        "uncompilable",
        "uncompilable",
        "uncompilable",
        "uncompilable",
        "wrong",
        "uncompilable",
        "uncompilable",
        "uncompilable",
        "uncompilable"
    ]
}