{
    "TOOL_BUG_ID": "incoder_1B-Closure-152",
    "Time": {
        "mean": 24.92001669406891,
        "median": 24.83980405330658,
        "std": 0.15857157682774473,
        "max": 25.18124520778656,
        "min": 24.79993236064911,
        "count": 5
    },
    "Joules": {
        "mean": 3228.0713537955285,
        "median": 3225.608124434948,
        "std": 30.68252615176792,
        "max": 3279.5306304097176,
        "min": 3203.8476620316505,
        "count": 5
    },
    "JoulesNormalized": {
        "mean": 1078.3348663520812,
        "median": 1072.512603521347,
        "std": 16.1291879440734,
        "max": 1096.3297490596772,
        "min": 1063.0219607353213,
        "count": 5
    },
    "NrExecutions": 5,
    "ExecutionsIds": [
        "s0",
        "s1",
        "s2",
        "s3",
        "s4"
    ],
    "ExecutionsInferenceIds": [
        "s0",
        "s1"
    ],
    "NrExecutionsInference": 2,
    "ExecutionTime_Per_PatchMedian": [
        1.7803722620010376,
        7.780275464057922,
        8.779120564460754,
        9.760180830955505,
        10.759829640388489,
        11.741154074668884,
        17.758975625038147,
        18.74092423915863,
        24.76003897190094,
        24.83980405330658
    ],
    "Joules_Per_PatchMedian": [
        898.0503931879996,
        1491.2854375004767,
        1595.0779469013214,
        1697.3615456104278,
        1804.4796414256095,
        1909.7419700026512,
        2504.817877650261,
        2610.396605682373,
        3204.3368872761725,
        3225.608124434948
    ],
    "JoulesNormalized_Per_PatchMedian": [
        220.2469004631043,
        432.41747119426725,
        478.4353740096092,
        521.3082130908965,
        563.2775580763816,
        606.0290363907814,
        819.5995438098907,
        859.6986899137497,
        1072.1218489408493,
        1072.512603521347
    ],
    "Inf_ExecutionTime": {
        "mean": 0.7803314924240112,
        "median": 0.7803314924240112,
        "std": 0.31136827274393186,
        "max": 1.000502109527588,
        "min": 0.5601608753204346,
        "count": 2
    },
    "Inf_Joules": {
        "mean": 793.37015709877,
        "median": 793.37015709877,
        "std": 316.82459987464205,
        "max": 1017.3989801168441,
        "min": 569.3413340806961,
        "count": 2
    },
    "Inf_JoulesNormalized": {
        "mean": 177.7891109347344,
        "median": 177.7891109347344,
        "std": 77.23856636633737,
        "max": 232.40502498149874,
        "min": 123.17319688797005,
        "count": 2
    },
    "Val_ExecutionTime": [
        1.0000407695770264,
        6.999943971633911,
        7.998789072036743,
        8.979849338531494,
        9.979498147964478,
        10.960822582244873,
        16.978644132614136,
        17.96059274673462,
        23.97970747947693,
        24.05947256088257
    ],
    "Val_Joules": [
        104.68023608922954,
        697.9152804017067,
        801.7077898025514,
        903.9913885116578,
        1011.1094843268395,
        1116.3718129038812,
        1711.4477205514909,
        1817.0264485836028,
        2410.9667301774025,
        2432.237967336178
    ],
    "Val_JoulesNormalized": [
        42.457789528369915,
        254.62836025953285,
        300.6462630748748,
        343.51910215616215,
        385.48844714164727,
        428.239925456047,
        641.8104328751564,
        681.9095789790154,
        894.3327380061149,
        894.7234925866127
    ],
    "NrPatches": {
        "median": 0,
        "std": 0.0,
        "max": 0,
        "min": 0
    },
    "Correctness_Per_Patch": [
        "W",
        "W",
        "W",
        "W",
        "W",
        "W",
        "W",
        "W",
        "W",
        "W"
    ],
    "Correctness_Per_Patch_original": [
        "uncompilable",
        "wrong",
        "uncompilable",
        "uncompilable",
        "uncompilable",
        "uncompilable",
        "wrong",
        "uncompilable",
        "wrong",
        "uncompilable"
    ],
    "patches": [],
    "Correctness_Per_Patch_origina": [
        "uncompilable",
        "wrong",
        "uncompilable",
        "uncompilable",
        "uncompilable",
        "uncompilable",
        "wrong",
        "uncompilable",
        "wrong",
        "uncompilable"
    ]
}