{
    "TOOL_BUG_ID": "incoder_6B-Closure-150",
    "Time": {
        "mean": 17.323450922966003,
        "median": 17.19834077358246,
        "std": 0.3549281236210313,
        "max": 17.7994567155838,
        "min": 16.940848231315613,
        "count": 5
    },
    "Joules": {
        "mean": 3651.147630208731,
        "median": 3656.1771688044073,
        "std": 25.656261823867382,
        "max": 3685.071069151163,
        "min": 3614.06997731328,
        "count": 5
    },
    "JoulesNormalized": {
        "mean": 950.3653772318361,
        "median": 1073.361527317762,
        "std": 296.2154616809823,
        "max": 1101.5502335488795,
        "min": 421.01183281540864,
        "count": 5
    },
    "NrExecutions": 5,
    "ExecutionsIds": [
        "s0",
        "s1",
        "s2",
        "s3",
        "s4"
    ],
    "ExecutionsInferenceIds": [
        "s0",
        "s1"
    ],
    "NrExecutionsInference": 2,
    "ExecutionTime_Per_PatchMedian": [
        2.8794955015182495,
        6.879053473472595,
        7.859490275382996,
        11.859603524208069,
        12.878433585166931,
        13.858758568763733,
        14.859013676643372,
        15.859336733818054,
        16.858529686927795,
        17.19834077358246
    ],
    "Joules_Per_PatchMedian": [
        2166.869142061472,
        2576.718862277269,
        2670.763535231352,
        3070.337871235609,
        3179.9507747828957,
        3286.1226340472695,
        3392.9433979094024,
        3502.2515358865257,
        3609.921116155386,
        3656.1771688044073
    ],
    "JoulesNormalized_Per_PatchMedian": [
        509.7830572783945,
        661.6956311285494,
        692.9199925005433,
        838.1048742830751,
        884.8865900695322,
        926.6817394196985,
        970.9862286865709,
        1016.2815687358377,
        1058.7692663013934,
        1073.361527317762
    ],
    "Inf_ExecutionTime": {
        "mean": 1.8795474767684937,
        "median": 1.8795474767684937,
        "std": 0.3534763461541959,
        "max": 2.129492998123169,
        "min": 1.6296019554138184,
        "count": 2
    },
    "Inf_Joules": {
        "mean": 2072.2810169517993,
        "median": 2072.2810169517993,
        "std": 400.3233030874997,
        "max": 2355.352339231968,
        "min": 1789.2096946716308,
        "count": 2
    },
    "Inf_JoulesNormalized": {
        "mean": 477.38654507994636,
        "median": 477.38654507994636,
        "std": 118.00487119301644,
        "max": 560.8285897135734,
        "min": 393.94450044631935,
        "count": 2
    },
    "Val_ExecutionTime": [
        0.9999480247497559,
        4.999505996704102,
        5.979942798614502,
        9.980056047439575,
        10.998886108398438,
        11.97921109199524,
        12.979466199874878,
        13.97978925704956,
        14.978982210159302,
        15.318793296813965
    ],
    "Val_Joules": [
        94.58812510967255,
        504.4378453254699,
        598.4825182795526,
        998.0568542838096,
        1107.6697578310964,
        1213.8416170954702,
        1320.662380957603,
        1429.9705189347264,
        1537.6400992035865,
        1583.896151852608
    ],
    "Val_JoulesNormalized": [
        32.396512198448136,
        184.30908604860304,
        215.53344742059699,
        360.71832920312875,
        407.50004498958583,
        449.29519433975213,
        493.5996836066246,
        538.8950236558914,
        581.382721221447,
        595.9749822378157
    ],
    "NrPatches": {
        "median": 0,
        "std": 0.0,
        "max": 0,
        "min": 0
    },
    "Correctness_Per_Patch": [
        "W",
        "W",
        "W",
        "W",
        "W",
        "W",
        "W",
        "W",
        "W",
        "W"
    ],
    "Correctness_Per_Patch_original": [
        "uncompilable",
        "wrong",
        "uncompilable",
        "wrong",
        "uncompilable",
        "uncompilable",
        "uncompilable",
        "uncompilable",
        "uncompilable",
        "uncompilable"
    ],
    "patches": [],
    "Correctness_Per_Patch_origina": [
        "uncompilable",
        "wrong",
        "uncompilable",
        "wrong",
        "uncompilable",
        "uncompilable",
        "uncompilable",
        "uncompilable",
        "uncompilable",
        "uncompilable"
    ]
}