{
    "TOOL_BUG_ID": "LlamaRepairCL7bdcuda-Math-89",
    "Time": {
        "mean": 44.31315362453461,
        "median": 44.31315362453461,
        "std": 0,
        "max": 44.31315362453461,
        "min": 44.31315362453461,
        "count": 1
    },
    "Joules": {
        "mean": 6675.878140038253,
        "median": 6675.878140038253,
        "std": 0,
        "max": 6675.878140038253,
        "min": 6675.878140038253,
        "count": 1
    },
    "JoulesNormalized": {
        "mean": 2740.0614805102355,
        "median": 2740.0614805102355,
        "std": 0,
        "max": 2740.0614805102355,
        "min": 2740.0614805102355,
        "count": 1
    },
    "NrExecutions": 1,
    "ExecutionsIds": [
        "s4"
    ],
    "ExecutionsInferenceIds": [
        "s1_cuda",
        "s2_cuda",
        "s3_cuda",
        "s4_cuda",
        "s5_cuda"
    ],
    "NrExecutionsInference": 5,
    "ExecutionTime_Per_PatchMedian": [
        7.711302399635315,
        13.81161093711853,
        19.911919474601746,
        26.01222801208496,
        32.112536549568176,
        38.21284508705139,
        44.31315362453461
    ],
    "Joules_Per_PatchMedian": [
        2195.1180958330633,
        2941.9114365339283,
        3688.7047772347933,
        4435.498117935658,
        5182.291458636523,
        5929.084799337388,
        6675.878140038253
    ],
    "JoulesNormalized_Per_PatchMedian": [
        581.95376380682,
        941.6383832573893,
        1301.3230027079585,
        1661.0076221585277,
        2020.692241609097,
        2380.376861059666,
        2740.0614805102355
    ],
    "Inf_ExecutionTime": {
        "mean": 1.7482805252075195,
        "median": 1.6109938621520996,
        "std": 0.2552206700695247,
        "max": 2.0490639209747314,
        "min": 1.521042823791504,
        "count": 5
    },
    "Inf_Joules": {
        "mean": 1560.9673663663864,
        "median": 1448.3247551321983,
        "std": 201.77156919351708,
        "max": 1797.7954766750336,
        "min": 1383.9656010270119,
        "count": 5
    },
    "Inf_JoulesNormalized": {
        "mean": 227.3462776994705,
        "median": 222.26914435625076,
        "std": 9.59119281240461,
        "max": 239.3394460082054,
        "min": 218.49204076528554,
        "count": 5
    },
    "Val_ExecutionTime": [
        6.100308537483215,
        12.20061707496643,
        18.300925612449646,
        24.40123414993286,
        30.501542687416077,
        36.60185122489929,
        42.70215976238251
    ],
    "Val_Joules": [
        746.793340700865,
        1493.58668140173,
        2240.380022102595,
        2987.17336280346,
        3733.966703504325,
        4480.76004420519,
        5227.553384906055
    ],
    "Val_JoulesNormalized": [
        359.68461945056924,
        719.3692389011385,
        1079.0538583517077,
        1438.738477802277,
        1798.4230972528462,
        2158.1077167034155,
        2517.7923361539847
    ],
    "NrPatches": {
        "median": 0,
        "std": 0.0,
        "max": 0,
        "min": 0
    },
    "Correctness_Per_Patch": [
        "W",
        "W",
        "W",
        "W",
        "W",
        "W",
        "W",
        "W",
        "W",
        "W"
    ],
    "Correctness_Per_Patch_original": [
        "wrong",
        "wrong",
        "wrong",
        "wrong",
        "wrong",
        "wrong",
        "wrong",
        "wrong",
        "uncompilable",
        "uncompilable"
    ],
    "patches": [
        "    public void addValue(Object v) {\n// buggy code\n//             addValue((Comparable<?>) v);            \n    }\n",
        "    public void addValue(Object v) {\n// buggy code\n//             addValue((Comparable<?>) v);            \n       if (v != null) {\n            addValue((Comparable<?>) v);\n        }\n    }\n",
        "    public void addValue(Object v) {\n// buggy code\n//             addValue((Comparable<?>) v);            \n       addValue((Comparable<Object>) v);            \n    }\n",
        "    public void addValue(Object v) {\n// buggy code\n//             addValue((Comparable<?>) v);            \n       addValue((Comparable) v);            \n    }\n",
        "    public void addValue(Object v) {\n// buggy code\n//             addValue((Comparable<?>) v);            \n       addValue((Comparable<? super T>) v);            \n    }\n",
        "    public void addValue(Object v) {\n// buggy code\n//             addValue((Comparable<?>) v);            \n       super.addValue(v);\n    }\n",
        "    public void addValue(Object v) {\n// buggy code\n//             addValue((Comparable<?>) v);            \n       addValue((Comparable<Object>) v);\n    }\n",
        "    public void addValue(Object v) {\n// buggy code\n//             addValue((Comparable<?>) v);            \n       addValue((Comparable<?>) v);\n    }\n",
        "    public void addValue(Object v) {\n// buggy code\n//             addValue((Comparable<?>) v);            \n       addValue((Comparable<? super T>) v);\n    }\n",
        "    public void addValue(Object v) {\n// buggy code\n//             addValue((Comparable<?>) v);            \n       addValue((Comparable) v);\n    }\n"
    ]
}