{
    "TOOL_BUG_ID": "codet5_base-Lang-38",
    "Time": {
        "mean": 78.4019228219986,
        "median": 78.4019228219986,
        "std": 0.0,
        "max": 78.4019228219986,
        "min": 78.4019228219986,
        "count": 6
    },
    "Joules": {
        "mean": 6895.335079199074,
        "median": 6895.335079199074,
        "std": 0.0,
        "max": 6895.335079199074,
        "min": 6895.335079199074,
        "count": 6
    },
    "JoulesNormalized": {
        "mean": 1877.9909064829346,
        "median": 1877.9909064829346,
        "std": 0.0,
        "max": 1877.9909064829346,
        "min": 1877.9909064829346,
        "count": 6
    },
    "NrExecutions": 6,
    "ExecutionsIds": [
        "s1",
        "s2",
        "s3",
        "s4",
        "s5",
        "s6"
    ],
    "ExecutionsInferenceIds": [
        "s0",
        "s1"
    ],
    "NrExecutionsInference": 2,
    "ExecutionTime_Per_PatchMedian": [
        8.119405627250671,
        15.928574204444885,
        23.7377427816391,
        31.546911358833313,
        39.35607993602753,
        47.16524851322174,
        54.974417090415955,
        62.78358566761017,
        70.59275424480438,
        78.4019228219986
    ],
    "Joules_Per_PatchMedian": [
        921.9961297690869,
        1585.70045748353,
        2249.404785197973,
        2913.109112912416,
        3576.813440626859,
        4240.517768341302,
        4904.222096055745,
        5567.926423770188,
        6231.630751484631,
        6895.335079199074
    ],
    "JoulesNormalized_Per_PatchMedian": [
        209.4602402985096,
        394.8525365412235,
        580.2448327839375,
        765.6371290266513,
        951.0294252693652,
        1136.421721512079,
        1321.814017754793,
        1507.2063139975069,
        1692.5986102402208,
        1877.9909064829346
    ],
    "Inf_ExecutionTime": {
        "mean": 0.3102370500564575,
        "median": 0.3102370500564575,
        "std": 0.18389866975800775,
        "max": 0.4402730464935303,
        "min": 0.18020105361938477,
        "count": 2
    },
    "Inf_Joules": {
        "mean": 258.29180205464365,
        "median": 258.29180205464365,
        "std": 157.93868014726462,
        "max": 369.9713137984276,
        "min": 146.6122903108597,
        "count": 2
    },
    "Inf_JoulesNormalized": {
        "mean": 24.067944055795692,
        "median": 24.067944055795692,
        "std": 18.46531095574146,
        "max": 37.12489064931873,
        "min": 11.010997462272655,
        "count": 2
    },
    "Val_ExecutionTime": [
        7.809168577194214,
        15.618337154388428,
        23.42750573158264,
        31.236674308776855,
        39.04584288597107,
        46.85501146316528,
        54.6641800403595,
        62.47334861755371,
        70.28251719474792,
        78.09168577194214
    ],
    "Val_Joules": [
        663.7043277144433,
        1327.4086554288865,
        1991.1129831433295,
        2654.8173108577726,
        3318.5216385722156,
        3982.2259662866586,
        4645.930294001101,
        5309.634621715544,
        5973.338949429987,
        6637.04327714443
    ],
    "Val_JoulesNormalized": [
        185.3922962427139,
        370.7845924854278,
        556.1768887281418,
        741.5691849708556,
        926.9614812135695,
        1112.3537774562833,
        1297.7460736989974,
        1483.138369941711,
        1668.5306661844252,
        1853.9229624271388
    ],
    "NrPatches": {
        "median": 0,
        "std": 0.0,
        "max": 0,
        "min": 0
    },
    "Correctness_Per_Patch": [
        "W",
        "W",
        "W",
        "W",
        "W",
        "W",
        "W",
        "W",
        "W",
        "W"
    ],
    "Correctness_Per_Patch_original": [
        "wrong",
        "uncompilable",
        "uncompilable",
        "uncompilable",
        "uncompilable",
        "uncompilable",
        "uncompilable",
        "uncompilable",
        "uncompilable",
        "uncompilable"
    ],
    "patches": [],
    "Correctness_Per_Patch_origina": [
        "wrong",
        "uncompilable",
        "uncompilable",
        "uncompilable",
        "uncompilable",
        "uncompilable",
        "uncompilable",
        "uncompilable",
        "uncompilable",
        "uncompilable"
    ]
}