{
    "TOOL_BUG_ID": "codegen_2B-Math-91",
    "Time": {
        "mean": 72.51014721393585,
        "median": 72.51014721393585,
        "std": 0.0,
        "max": 72.51014721393585,
        "min": 72.51014721393585,
        "count": 6
    },
    "Joules": {
        "mean": 10978.610264819861,
        "median": 10978.610264819861,
        "std": 0.0,
        "max": 10978.610264819861,
        "min": 10978.610264819861,
        "count": 6
    },
    "JoulesNormalized": {
        "mean": 4274.449854379892,
        "median": 4274.449854379892,
        "std": 0.0,
        "max": 4274.449854379892,
        "min": 4274.449854379892,
        "count": 6
    },
    "NrExecutions": 6,
    "ExecutionsIds": [
        "s0",
        "s1",
        "s2",
        "s3",
        "s4",
        "s5"
    ],
    "ExecutionsInferenceIds": [
        "s0",
        "s1"
    ],
    "NrExecutionsInference": 2,
    "ExecutionTime_Per_PatchMedian": [
        9.870691895484924,
        16.830631375312805,
        23.790570855140686,
        30.750510334968567,
        37.71044981479645,
        44.67038929462433,
        51.63032877445221,
        58.59026825428009,
        65.55020773410797,
        72.51014721393585
    ],
    "Joules_Per_PatchMedian": [
        3654.211450153589,
        4468.033540672063,
        5281.855631190538,
        6095.677721709012,
        6909.4998122274865,
        7723.321902745961,
        8537.143993264435,
        9350.96608378291,
        10164.788174301386,
        10978.610264819861
    ],
    "JoulesNormalized_Per_PatchMedian": [
        826.2482215225693,
        1209.381736284494,
        1592.5152510464188,
        1975.6487658083436,
        2358.782280570268,
        2741.915795332193,
        3125.0493100941176,
        3508.1828248560423,
        3891.316339617967,
        4274.449854379892
    ],
    "Inf_ExecutionTime": {
        "mean": 2.9107524156570435,
        "median": 2.9107524156570435,
        "std": 0.08488324713875844,
        "max": 2.970773935317993,
        "min": 2.8507308959960938,
        "count": 2
    },
    "Inf_Joules": {
        "mean": 2840.3893596351145,
        "median": 2840.3893596351145,
        "std": 81.78921435948308,
        "max": 2898.223067736625,
        "min": 2782.555651533604,
        "count": 2
    },
    "Inf_JoulesNormalized": {
        "mean": 443.1147067606446,
        "median": 443.1147067606446,
        "std": 33.276296514536625,
        "max": 466.6446016788477,
        "min": 419.58481184244147,
        "count": 2
    },
    "Val_ExecutionTime": [
        6.959939479827881,
        13.919878959655762,
        20.879818439483643,
        27.839757919311523,
        34.799697399139404,
        41.759636878967285,
        48.719576358795166,
        55.67951583862305,
        62.63945531845093,
        69.59939479827881
    ],
    "Val_Joules": [
        813.8220905184744,
        1627.6441810369488,
        2441.466271555423,
        3255.2883620738976,
        4069.110452592372,
        4882.932543110846,
        5696.754633629321,
        6510.576724147796,
        7324.398814666271,
        8138.220905184747
    ],
    "Val_JoulesNormalized": [
        383.13351476192474,
        766.2670295238495,
        1149.4005442857742,
        1532.534059047699,
        1915.6675738096235,
        2298.8010885715485,
        2681.934603333473,
        3065.068118095398,
        3448.2016328573227,
        3831.3351476192474
    ],
    "NrPatches": {
        "median": 0,
        "std": 0.0,
        "max": 0,
        "min": 0
    },
    "Correctness_Per_Patch": [
        "W",
        "W",
        "W",
        "W",
        "W",
        "W",
        "W",
        "W",
        "W",
        "W"
    ],
    "Correctness_Per_Patch_original": [
        "uncompilable",
        "wrong",
        "wrong",
        "wrong",
        "uncompilable",
        "wrong",
        "wrong",
        "uncompilable",
        "uncompilable",
        "wrong"
    ],
    "patches": [],
    "Correctness_Per_Patch_origina": [
        "uncompilable",
        "wrong",
        "wrong",
        "wrong",
        "uncompilable",
        "wrong",
        "wrong",
        "uncompilable",
        "uncompilable",
        "wrong"
    ]
}