{
    "TOOL_BUG_ID": "codet5_large-Closure-159",
    "Time": {
        "mean": 537.001859664917,
        "median": 537.001859664917,
        "std": 0.0,
        "max": 537.001859664917,
        "min": 537.001859664917,
        "count": 6
    },
    "Joules": {
        "mean": 63001.984587866056,
        "median": 63001.984587866056,
        "std": 0.0,
        "max": 63001.984587866056,
        "min": 63001.984587866056,
        "count": 6
    },
    "JoulesNormalized": {
        "mean": 26833.838992816214,
        "median": 26833.838992816214,
        "std": 0.0,
        "max": 26833.838992816214,
        "min": 26833.838992816214,
        "count": 6
    },
    "NrExecutions": 6,
    "ExecutionsIds": [
        "s0",
        "s1",
        "s2",
        "s3",
        "s4",
        "s5"
    ],
    "ExecutionsInferenceIds": [
        "s0",
        "s1"
    ],
    "NrExecutionsInference": 2,
    "ExecutionTime_Per_PatchMedian": [
        57.12760555744171,
        110.44696712493896,
        163.76632869243622,
        217.08569025993347,
        270.4050518274307,
        323.724413394928,
        377.04377496242523,
        430.3631365299225,
        483.68249809741974,
        537.001859664917
    ],
    "Joules_Per_PatchMedian": [
        9487.335159510374,
        15433.407318216563,
        21379.479476922752,
        27325.55163562894,
        33271.62379433513,
        39217.695953041315,
        45163.7681117475,
        51109.840270453686,
        57055.91242915987,
        63001.984587866056
    ],
    "JoulesNormalized_Per_PatchMedian": [
        3251.658728802204,
        5871.900980359316,
        8492.143231916427,
        11112.38548347354,
        13732.627735030652,
        16352.869986587764,
        18973.112238144877,
        21593.35448970199,
        24213.5967412591,
        26833.838992816214
    ],
    "Inf_ExecutionTime": {
        "mean": 3.808243989944458,
        "median": 3.808243989944458,
        "std": 0.1274433033524533,
        "max": 3.898360013961792,
        "min": 3.718127965927124,
        "count": 2
    },
    "Inf_Joules": {
        "mean": 3541.263000804186,
        "median": 3541.263000804186,
        "std": 141.25083323238957,
        "max": 3641.142422831059,
        "min": 3441.3835787773132,
        "count": 2
    },
    "Inf_JoulesNormalized": {
        "mean": 631.4164772450927,
        "median": 631.4164772450927,
        "std": 34.45285428198879,
        "max": 655.7783241391189,
        "min": 607.0546303510664,
        "count": 2
    },
    "Val_ExecutionTime": [
        53.31936156749725,
        106.6387231349945,
        159.95808470249176,
        213.277446269989,
        266.59680783748627,
        319.9161694049835,
        373.2355309724808,
        426.554892539978,
        479.8742541074753,
        533.1936156749725
    ],
    "Val_Joules": [
        5946.072158706188,
        11892.144317412378,
        17838.216476118567,
        23784.288634824756,
        29730.360793530945,
        35676.432952237126,
        41622.50511094331,
        47568.5772696495,
        53514.64942835568,
        59460.72158706187
    ],
    "Val_JoulesNormalized": [
        2620.2422515571116,
        5240.484503114223,
        7860.726754671334,
        10480.969006228446,
        13101.211257785559,
        15721.453509342671,
        18341.695760899784,
        20961.938012456896,
        23582.18026401401,
        26202.42251557112
    ],
    "NrPatches": {
        "median": 0,
        "std": 0.0,
        "max": 0,
        "min": 0
    },
    "Correctness_Per_Patch": [
        "W",
        "W",
        "W",
        "W",
        "W",
        "W",
        "W",
        "W",
        "W",
        "W"
    ],
    "Correctness_Per_Patch_original": [
        "uncompilable",
        "uncompilable",
        "uncompilable",
        "uncompilable",
        "uncompilable",
        "uncompilable",
        "uncompilable",
        "uncompilable",
        "uncompilable",
        "uncompilable"
    ],
    "patches": [],
    "Correctness_Per_Patch_origina": [
        "uncompilable",
        "uncompilable",
        "uncompilable",
        "uncompilable",
        "uncompilable",
        "uncompilable",
        "uncompilable",
        "uncompilable",
        "uncompilable",
        "uncompilable"
    ]
}