{
    "TOOL_BUG_ID": "codet5_large-Closure-104",
    "Time": {
        "mean": 129.40466360251108,
        "median": 129.3687390089035,
        "std": 0.4108558397047545,
        "max": 129.89948976039886,
        "min": 128.97565162181854,
        "count": 6
    },
    "Joules": {
        "mean": 15201.073482364418,
        "median": 15177.414500772955,
        "std": 152.88936405197938,
        "max": 15458.22754804492,
        "min": 15048.715082854033,
        "count": 6
    },
    "JoulesNormalized": {
        "mean": 6310.809784497817,
        "median": 6311.566593277454,
        "std": 145.90176183259882,
        "max": 6450.805398434401,
        "min": 6150.896807521582,
        "count": 6
    },
    "NrExecutions": 6,
    "ExecutionsIds": [
        "s0",
        "s1",
        "s2",
        "s3",
        "s4",
        "s5"
    ],
    "ExecutionsInferenceIds": [
        "s0",
        "s1"
    ],
    "NrExecutionsInference": 2,
    "ExecutionTime_Per_PatchMedian": [
        2.799582362174988,
        32.57919526100159,
        62.358808159828186,
        92.13842105865479,
        93.1387552022934,
        95.118781208992,
        124.8983941078186,
        126.89731109142303,
        127.88702058792114,
        129.3687390089035
    ],
    "Joules_Per_PatchMedian": [
        972.6334940969945,
        4320.108690744639,
        7667.583887392283,
        11015.059084039927,
        11125.901027309894,
        11340.60954386592,
        14688.084740513565,
        14904.056334465742,
        15014.641640222075,
        15177.414500772955
    ],
    "JoulesNormalized_Per_PatchMedian": [
        185.95422115325923,
        1676.042084002495,
        3166.12994685173,
        4656.2178097009655,
        4679.223731547594,
        4719.423347115517,
        6209.511209964752,
        6249.589120596647,
        6274.158406996727,
        6311.566593277454
    ],
    "Inf_ExecutionTime": {
        "mean": 0.8000389337539673,
        "median": 0.8000389337539673,
        "std": 0.5934095881822253,
        "max": 1.2196428775787354,
        "min": 0.3804349899291992,
        "count": 2
    },
    "Inf_Joules": {
        "mean": 756.6903610050679,
        "median": 756.6903610050679,
        "std": 570.882657051414,
        "max": 1160.3653590679169,
        "min": 353.01536294221876,
        "count": 2
    },
    "Inf_JoulesNormalized": {
        "mean": 145.12716117501253,
        "median": 145.12716117501253,
        "std": 114.19466937734612,
        "max": 225.87498626708975,
        "min": 64.37933608293531,
        "count": 2
    },
    "Val_ExecutionTime": [
        1.9995434284210205,
        31.77915632724762,
        61.55876922607422,
        91.33838212490082,
        92.33871626853943,
        94.31874227523804,
        124.09835517406464,
        126.09727215766907,
        127.08698165416718,
        128.56870007514954
    ],
    "Val_Joules": [
        215.9431330919266,
        3563.418329739571,
        6910.893526387215,
        10258.368723034859,
        10369.210666304825,
        10583.919182860851,
        13931.394379508496,
        14147.365973460674,
        14257.951279217006,
        14420.724139767886
    ],
    "Val_JoulesNormalized": [
        40.827059978246695,
        1530.9149228274823,
        3021.0027856767174,
        4511.090648525953,
        4534.0965703725815,
        4574.296185940504,
        6064.38404878974,
        6104.461959421635,
        6129.031245821714,
        6166.439432102441
    ],
    "NrPatches": {
        "median": 1,
        "std": 0.0,
        "max": 1,
        "min": 1
    },
    "Correctness_Per_Patch": [
        "W",
        "W",
        "C",
        "W",
        "W",
        "W",
        "W",
        "W",
        "W",
        "W"
    ],
    "Correctness_Per_Patch_original": [
        "wrong",
        "wrong",
        "plausible",
        "wrong",
        "uncompilable",
        "wrong",
        "wrong",
        "wrong",
        "uncompilable",
        "wrong"
    ],
    "patches": [
        "    if (result!= null &&!result.isNoType()) {\n"
    ],
    "Correctness_Per_Patch_origina": [
        "wrong",
        "wrong",
        "plausible",
        "wrong",
        "uncompilable",
        "wrong",
        "wrong",
        "wrong",
        "uncompilable",
        "wrong"
    ]
}