{
    "Group_ID": "s_1223_1224",
    "TOOL_BUG_ID": "TBar10C-Closure-63",
    "patch_correctness": true,
    "ExecutionsIds": [
        "1223",
        "1224"
    ],
    "NrExecutions": 2,
    "NrOutliers": 0,
    "SLB": {
        "median": 62.8,
        "std": 0.7071067811865476,
        "max": 63.3,
        "min": 62.3
    },
    "PowerAvg": {
        "median": 63.05,
        "std": 0.49497474683058024,
        "max": 63.4,
        "min": 62.7
    },
    "Time": {
        "median": 92.89790105819702,
        "std": 44.03738990792221,
        "max": 124.03703808784485,
        "min": 61.758764028549194
    },
    "Joules": {
        "median": 6080.97897335291,
        "std": 2742.1732871965205,
        "max": 8019.9882999181755,
        "min": 4141.969646787644
    },
    "JoulesNormalized": {
        "median": 262.5603554129607,
        "std": 42.31393677525368,
        "max": 292.4808270454414,
        "min": 232.63988378047998
    },
    "NrPatches": {
        "median": 0.0,
        "std": 0.0,
        "max": 0,
        "min": 0
    },
    "Joules_Per_PatchMedian": [],
    "ExecutionTime_Per_PatchMedian": [],
    "JoulesNormalized_Per_PatchMedian": [],
    "Correctness_Per_Patch": [],
    "Correctness_Per_Patch_original": []
}