{
    "TOOL_BUG_ID": "incoder_6B-Time-19",
    "Time": {
        "mean": 84.59410181045533,
        "median": 85.18652415275574,
        "std": 1.3465040732631117,
        "max": 85.2064790725708,
        "min": 82.18546891212463,
        "count": 5
    },
    "Joules": {
        "mean": 12436.061038315294,
        "median": 12596.83880624771,
        "std": 410.29377023670594,
        "max": 12652.986912393568,
        "min": 11703.594538176058,
        "count": 5
    },
    "JoulesNormalized": {
        "mean": 5109.346025975942,
        "median": 5241.65172355771,
        "std": 328.79371435396587,
        "max": 5285.694593638181,
        "min": 4522.993051165342,
        "count": 5
    },
    "NrExecutions": 5,
    "ExecutionsIds": [
        "s0",
        "s1",
        "s2",
        "s3",
        "s4"
    ],
    "ExecutionsInferenceIds": [
        "s0",
        "s1"
    ],
    "NrExecutionsInference": 2,
    "ExecutionTime_Per_PatchMedian": [
        12.609106540679932,
        22.708714604377747,
        26.70857870578766,
        36.808186769485474,
        40.80784583091736,
        50.90745389461517,
        54.88769996166229,
        64.98730802536011,
        75.08691608905792,
        85.18652415275574
    ],
    "Joules_Per_PatchMedian": [
        3972.989715218544,
        5084.568474668265,
        5737.091530162096,
        6848.670289611817,
        7499.05787922144,
        8610.63663867116,
        9262.10252789855,
        10373.68128734827,
        11485.26004679799,
        12596.83880624771
    ],
    "JoulesNormalized_Per_PatchMedian": [
        1144.4569149196147,
        1625.7904389202595,
        2029.9217560470104,
        2511.255280047655,
        2913.242425483465,
        3394.5759494841095,
        3797.6511515557763,
        4278.984675556421,
        4760.318199557066,
        5241.65172355771
    ],
    "Inf_ExecutionTime": {
        "mean": 2.5094984769821167,
        "median": 2.5094984769821167,
        "std": 0.5086495784285127,
        "max": 2.8691680431365967,
        "min": 2.1498289108276367,
        "count": 2
    },
    "Inf_Joules": {
        "mean": 2861.4109557688234,
        "median": 2861.4109557688234,
        "std": 630.6154138669065,
        "max": 3307.323391234874,
        "min": 2415.4985203027727,
        "count": 2
    },
    "Inf_JoulesNormalized": {
        "mean": 663.12339091897,
        "median": 663.12339091897,
        "std": 176.87633858085775,
        "max": 788.1938493609423,
        "min": 538.0529324769977,
        "count": 2
    },
    "Val_ExecutionTime": [
        10.099608063697815,
        20.19921612739563,
        24.199080228805542,
        34.29868829250336,
        38.29834735393524,
        48.39795541763306,
        52.378201484680176,
        62.47780954837799,
        72.5774176120758,
        82.67702567577362
    ],
    "Val_Joules": [
        1111.5787594497206,
        2223.157518899441,
        2875.6805743932728,
        3987.2593338429933,
        4637.646923452617,
        5749.225682902336,
        6400.691572129727,
        7512.270331579447,
        8623.849091029166,
        9735.427850478885
    ],
    "Val_JoulesNormalized": [
        481.33352400064473,
        962.6670480012895,
        1366.7983651280404,
        1848.131889128685,
        2250.119034564495,
        2731.4525585651395,
        3134.5277606368063,
        3615.8612846374513,
        4097.194808638096,
        4578.52833263874
    ],
    "NrPatches": {
        "median": 5,
        "std": 0.0,
        "max": 5,
        "min": 5
    },
    "Correctness_Per_Patch": [
        "I",
        "C",
        "W",
        "W",
        "W",
        "I",
        "W",
        "W",
        "I",
        "I"
    ],
    "Correctness_Per_Patch_original": [
        "plausible",
        "plausible",
        "wrong",
        "wrong",
        "wrong",
        "plausible",
        "wrong",
        "wrong",
        "plausible",
        "plausible"
    ],
    "patches": [
        "    } else {\n",
        "    } else if (offsetLocal >= 0) {\n",
        "    } else if (offsetLocal < instantAdjusted) {\n",
        "    } else if (offsetLocal < instantLocal) {\n",
        "    } else if ((offsetLocal + 1) > 0) {\n"
    ],
    "Correctness_Per_Patch_origina": [
        "plausible",
        "plausible",
        "wrong",
        "wrong",
        "wrong",
        "plausible",
        "wrong",
        "wrong",
        "plausible",
        "plausible"
    ]
}