{
    "TOOL_BUG_ID": "codet5_large-Math-75",
    "Time": {
        "mean": 73.85004949569702,
        "median": 73.85004949569702,
        "std": 0.0,
        "max": 73.85004949569702,
        "min": 73.85004949569702,
        "count": 6
    },
    "Joules": {
        "mean": 9456.760368412733,
        "median": 9456.760368412733,
        "std": 0.0,
        "max": 9456.760368412733,
        "min": 9456.760368412733,
        "count": 6
    },
    "JoulesNormalized": {
        "mean": 4308.569955974817,
        "median": 4308.569955974817,
        "std": 0.0,
        "max": 4308.569955974817,
        "min": 4308.569955974817,
        "count": 6
    },
    "NrExecutions": 6,
    "ExecutionsIds": [
        "s0",
        "s1",
        "s2",
        "s3",
        "s4",
        "s5"
    ],
    "ExecutionsInferenceIds": [
        "s0",
        "s1"
    ],
    "NrExecutionsInference": 2,
    "ExecutionTime_Per_PatchMedian": [
        7.9653379917144775,
        15.285861492156982,
        22.606384992599487,
        29.926908493041992,
        37.2474319934845,
        44.567955493927,
        51.88847899436951,
        59.20900249481201,
        66.52952599525452,
        73.85004949569702
    ],
    "Joules_Per_PatchMedian": [
        1457.3140201210977,
        2346.1413921535013,
        3234.9687641859055,
        4123.79613621831,
        5012.623508250714,
        5901.450880283118,
        6790.278252315522,
        7679.105624347926,
        8567.93299638033,
        9456.760368412733
    ],
    "JoulesNormalized_Per_PatchMedian": [
        499.80658186078074,
        923.0025123178959,
        1346.198442775011,
        1769.394373232126,
        2192.5903036892414,
        2615.7862341463565,
        3038.9821646034716,
        3462.1780950605867,
        3885.3740255177017,
        4308.569955974817
    ],
    "Inf_ExecutionTime": {
        "mean": 0.6448144912719727,
        "median": 0.6448144912719727,
        "std": 0.21912449998123085,
        "max": 0.7997589111328125,
        "min": 0.4898700714111328,
        "count": 2
    },
    "Inf_Joules": {
        "mean": 568.4866480886936,
        "median": 568.4866480886936,
        "std": 188.79427279690006,
        "max": 701.9843586325646,
        "min": 434.9889375448227,
        "count": 2
    },
    "Inf_JoulesNormalized": {
        "mean": 76.61065140366563,
        "median": 76.61065140366563,
        "std": 22.11478350554436,
        "max": 92.24816478490845,
        "min": 60.9731380224228,
        "count": 2
    },
    "Val_ExecutionTime": [
        7.320523500442505,
        14.64104700088501,
        21.961570501327515,
        29.28209400177002,
        36.602617502212524,
        43.92314100265503,
        51.243664503097534,
        58.56418800354004,
        65.88471150398254,
        73.20523500442505
    ],
    "Val_Joules": [
        888.827372032404,
        1777.6547440648078,
        2666.482116097212,
        3555.309488129616,
        4444.13686016202,
        5332.964232194424,
        6221.791604226828,
        7110.618976259232,
        7999.446348291636,
        8888.27372032404
    ],
    "Val_JoulesNormalized": [
        423.1959304571151,
        846.3918609142303,
        1269.5877913713455,
        1692.7837218284606,
        2115.979652285576,
        2539.175582742691,
        2962.371513199806,
        3385.567443656921,
        3808.763374114036,
        4231.959304571152
    ],
    "NrPatches": {
        "median": 0,
        "std": 0.0,
        "max": 0,
        "min": 0
    },
    "Correctness_Per_Patch": [
        "W",
        "W",
        "W",
        "W",
        "W",
        "W",
        "W",
        "W",
        "W",
        "W"
    ],
    "Correctness_Per_Patch_original": [
        "wrong",
        "uncompilable",
        "uncompilable",
        "uncompilable",
        "uncompilable",
        "wrong",
        "uncompilable",
        "uncompilable",
        "uncompilable",
        "uncompilable"
    ],
    "patches": [],
    "Correctness_Per_Patch_origina": [
        "wrong",
        "uncompilable",
        "uncompilable",
        "uncompilable",
        "uncompilable",
        "wrong",
        "uncompilable",
        "uncompilable",
        "uncompilable",
        "uncompilable"
    ]
}