{
    "TOOL_BUG_ID": "codet5_small-Chart-8",
    "Time": {
        "mean": 102.91012787818909,
        "median": 102.91012787818909,
        "std": 0.0,
        "max": 102.91012787818909,
        "min": 102.91012787818909,
        "count": 6
    },
    "Joules": {
        "mean": 11719.778000229595,
        "median": 11719.778000229595,
        "std": 0.0,
        "max": 11719.778000229595,
        "min": 11719.778000229595,
        "count": 6
    },
    "JoulesNormalized": {
        "mean": 4937.987767022849,
        "median": 4937.987767022849,
        "std": 0.0,
        "max": 4937.987767022849,
        "min": 4937.987767022849,
        "count": 6
    },
    "NrExecutions": 6,
    "ExecutionsIds": [
        "s0",
        "s1",
        "s2",
        "s3",
        "s4",
        "s5"
    ],
    "ExecutionsInferenceIds": [
        "s0",
        "s1"
    ],
    "NrExecutionsInference": 2,
    "ExecutionTime_Per_PatchMedian": [
        10.569979906082153,
        20.829996347427368,
        31.090012788772583,
        41.3500292301178,
        51.61004567146301,
        61.87006211280823,
        72.13007855415344,
        82.39009499549866,
        92.65011143684387,
        102.91012787818909
    ],
    "Joules_Per_PatchMedian": [
        1397.4731467843058,
        2544.395908278227,
        3691.3186697721485,
        4838.241431266069,
        5985.16419275999,
        7132.086954253911,
        8279.009715747832,
        9425.932477241753,
        10572.855238735674,
        11719.778000229595
    ],
    "JoulesNormalized_Per_PatchMedian": [
        509.25521094799046,
        1001.3366060674191,
        1493.4180011868477,
        1985.4993963062764,
        2477.5807914257052,
        2969.662186545134,
        3461.7435816645625,
        3953.824976783991,
        4445.90637190342,
        4937.987767022849
    ],
    "Inf_ExecutionTime": {
        "mean": 0.3099634647369385,
        "median": 0.3099634647369385,
        "std": 0.14147314628475968,
        "max": 0.4100000858306885,
        "min": 0.20992684364318848,
        "count": 2
    },
    "Inf_Joules": {
        "mean": 250.55038529038427,
        "median": 250.55038529038427,
        "std": 114.23341951018315,
        "max": 331.32561086416246,
        "min": 169.7751597166061,
        "count": 2
    },
    "Inf_JoulesNormalized": {
        "mean": 17.173815828561786,
        "median": 17.173815828561786,
        "std": 7.087656988456139,
        "max": 22.185546147823345,
        "min": 12.162085509300226,
        "count": 2
    },
    "Val_ExecutionTime": [
        10.260016441345215,
        20.52003288269043,
        30.780049324035645,
        41.04006576538086,
        51.300082206726074,
        61.56009864807129,
        71.8201150894165,
        82.08013153076172,
        92.34014797210693,
        102.60016441345215
    ],
    "Val_Joules": [
        1146.9227614939214,
        2293.8455229878427,
        3440.768284481764,
        4587.6910459756855,
        5734.613807469606,
        6881.536568963527,
        8028.459330457448,
        9175.38209195137,
        10322.30485344529,
        11469.227614939211
    ],
    "Val_JoulesNormalized": [
        492.0813951194287,
        984.1627902388573,
        1476.244185358286,
        1968.3255804777145,
        2460.4069755971436,
        2952.4883707165723,
        3444.569765836001,
        3936.6511609554295,
        4428.732556074859,
        4920.813951194287
    ],
    "NrPatches": {
        "median": 0,
        "std": 0.0,
        "max": 0,
        "min": 0
    },
    "Correctness_Per_Patch": [
        "W",
        "W",
        "W",
        "W",
        "W",
        "W",
        "W",
        "W",
        "W",
        "W"
    ],
    "Correctness_Per_Patch_original": [
        "uncompilable",
        "uncompilable",
        "uncompilable",
        "uncompilable",
        "uncompilable",
        "uncompilable",
        "uncompilable",
        "wrong",
        "uncompilable",
        "uncompilable"
    ],
    "patches": [],
    "Correctness_Per_Patch_origina": [
        "uncompilable",
        "uncompilable",
        "uncompilable",
        "uncompilable",
        "uncompilable",
        "uncompilable",
        "uncompilable",
        "wrong",
        "uncompilable",
        "uncompilable"
    ]
}