{
    "TOOL_BUG_ID": "codegen_6B-Math-105",
    "Time": {
        "mean": 53.94774377346039,
        "median": 53.94774377346039,
        "std": 0.0,
        "max": 53.94774377346039,
        "min": 53.94774377346039,
        "count": 5
    },
    "Joules": {
        "mean": 7468.1105397827605,
        "median": 7468.1105397827605,
        "std": 0.0,
        "max": 7468.1105397827605,
        "min": 7468.1105397827605,
        "count": 5
    },
    "JoulesNormalized": {
        "mean": 2419.6390473949905,
        "median": 2419.6390473949905,
        "std": 0.0,
        "max": 2419.6390473949905,
        "min": 2419.6390473949905,
        "count": 5
    },
    "NrExecutions": 5,
    "ExecutionsIds": [
        "s0",
        "s1",
        "s2",
        "s3",
        "s4"
    ],
    "ExecutionsInferenceIds": [
        "s0",
        "s1"
    ],
    "NrExecutionsInference": 2,
    "ExecutionTime_Per_PatchMedian": [
        7.144876599311829,
        12.345195174217224,
        17.54551374912262,
        22.745832324028015,
        27.94615089893341,
        33.146469473838806,
        38.3467880487442,
        43.5471066236496,
        48.74742519855499,
        53.94774377346039
    ],
    "Joules_Per_PatchMedian": [
        2602.876292736053,
        3143.457875741243,
        3684.0394587464325,
        4224.621041751622,
        4765.202624756812,
        5305.784207762002,
        5846.365790767191,
        6386.947373772381,
        6927.528956777571,
        7468.1105397827605
    ],
    "JoulesNormalized_Per_PatchMedian": [
        478.4261117386816,
        694.1164379227158,
        909.80676410675,
        1125.4970902907844,
        1341.1874164748187,
        1556.877742658853,
        1772.5680688428874,
        1988.2583950269218,
        2203.948721210956,
        2419.6390473949905
    ],
    "Inf_ExecutionTime": {
        "mean": 1.944558024406433,
        "median": 1.944558024406433,
        "std": 1.3358067685639146,
        "max": 2.889116048812866,
        "min": 1.0,
        "count": 2
    },
    "Inf_Joules": {
        "mean": 2062.2947097308634,
        "median": 2062.2947097308634,
        "std": 1424.3332641228874,
        "max": 3069.450419461727,
        "min": 1055.139,
        "count": 2
    },
    "Inf_JoulesNormalized": {
        "mean": 262.7357855546473,
        "median": 262.7357855546473,
        "std": 122.89626951225858,
        "max": 349.6365711092949,
        "min": 175.8349999999997,
        "count": 2
    },
    "Val_ExecutionTime": [
        5.2003185749053955,
        10.400637149810791,
        15.600955724716187,
        20.801274299621582,
        26.001592874526978,
        31.201911449432373,
        36.40223002433777,
        41.602548599243164,
        46.80286717414856,
        52.003185749053955
    ],
    "Val_Joules": [
        540.5815830051897,
        1081.1631660103794,
        1621.7447490155691,
        2162.326332020759,
        2702.9079150259486,
        3243.4894980311383,
        3784.071081036328,
        4324.652664041518,
        4865.234247046707,
        5405.815830051897
    ],
    "Val_JoulesNormalized": [
        215.6903261840343,
        431.3806523680685,
        647.0709785521028,
        862.7613047361372,
        1078.4516309201715,
        1294.1419571042059,
        1509.8322832882402,
        1725.5226094722746,
        1941.212935656309,
        2156.903261840343
    ],
    "NrPatches": {
        "median": 0,
        "std": 0.0,
        "max": 0,
        "min": 0
    },
    "Correctness_Per_Patch": [
        "W",
        "W",
        "W",
        "W",
        "W",
        "W",
        "W",
        "W",
        "W",
        "W"
    ],
    "Correctness_Per_Patch_original": [
        "wrong",
        "wrong",
        "wrong",
        "wrong",
        "wrong",
        "wrong",
        "wrong",
        "wrong",
        "wrong",
        "uncompilable"
    ],
    "patches": [],
    "Correctness_Per_Patch_origina": [
        "wrong",
        "wrong",
        "wrong",
        "wrong",
        "wrong",
        "wrong",
        "wrong",
        "wrong",
        "wrong",
        "uncompilable"
    ]
}