{
    "TOOL_BUG_ID": "plbart_base-Closure-118",
    "Time": {
        "mean": 149.24243783950806,
        "median": 26.235780358314514,
        "std": 301.89614993966364,
        "max": 765.4803780317307,
        "min": 24.674551844596863,
        "count": 6
    },
    "Joules": {
        "mean": 17984.205913978814,
        "median": 3795.9031944513317,
        "std": 34894.117819851504,
        "max": 89200.7997266233,
        "min": 3125.2645682632924,
        "count": 6
    },
    "JoulesNormalized": {
        "mean": 7675.953657323126,
        "median": 1532.9853122532368,
        "std": 16498.63652179906,
        "max": 41317.85778372886,
        "min": 8.747690445184418,
        "count": 6
    },
    "NrExecutions": 6,
    "ExecutionsIds": [
        "s0",
        "s1",
        "s2",
        "s3",
        "s4",
        "s5"
    ],
    "ExecutionsInferenceIds": [
        "s0",
        "s1"
    ],
    "NrExecutionsInference": 2,
    "ExecutionTime_Per_PatchMedian": [
        2.6850210428237915,
        5.17493462562561,
        7.66485071182251,
        9.664420127868652,
        12.634621620178223,
        15.145628809928894,
        18.13426148891449,
        21.105814695358276,
        24.105820417404175,
        26.235780358314514
    ],
    "Joules_Per_PatchMedian": [
        490.3458043038845,
        825.4811056315899,
        1109.5197253048418,
        1474.5741819441316,
        1809.8386849880217,
        2225.7232634901998,
        2647.2218737781045,
        3064.7740497887135,
        3487.7245286285874,
        3795.9031944513317
    ],
    "JoulesNormalized_Per_PatchMedian": [
        138.24963229894635,
        289.5351408660411,
        438.9801823794841,
        568.5322772443294,
        719.8644221246242,
        872.3005932092666,
        1050.3328290760517,
        1205.7673929333687,
        1382.3861885905267,
        1532.9853122532368
    ],
    "Inf_ExecutionTime": {
        "mean": 0.1950780153274536,
        "median": 0.1950780153274536,
        "std": 0.007223801247373193,
        "max": 0.20018601417541504,
        "min": 0.1899700164794922,
        "count": 2
    },
    "Inf_Joules": {
        "mean": 153.21715720295907,
        "median": 153.21715720295907,
        "std": 4.314002222160746,
        "max": 156.26761742830277,
        "min": 150.16669697761537,
        "count": 2
    },
    "Inf_JoulesNormalized": {
        "mean": 7.949819678068167,
        "median": 7.949819678068167,
        "std": 0.9059099842827316,
        "max": 8.590394771099085,
        "min": 7.3092445850372485,
        "count": 2
    },
    "Val_ExecutionTime": [
        2.489943027496338,
        4.979856610298157,
        7.469772696495056,
        9.469342112541199,
        12.439543604850769,
        14.95055079460144,
        17.939183473587036,
        20.910736680030823,
        23.91074240207672,
        26.04070234298706
    ],
    "Val_Joules": [
        337.12864710092543,
        672.2639484286309,
        956.3025681018829,
        1321.3570247411726,
        1656.6215277850624,
        2072.5061062872405,
        2494.0047165751453,
        2911.556892585754,
        3334.507371425628,
        3642.6860372483725
    ],
    "Val_JoulesNormalized": [
        130.29981262087819,
        281.58532118797297,
        431.030362701416,
        560.5824575662613,
        711.914602446556,
        864.3507735311985,
        1042.3830093979834,
        1197.8175732553004,
        1374.4363689124584,
        1525.0354925751685
    ],
    "NrPatches": {
        "median": 0,
        "std": 0.0,
        "max": 0,
        "min": 0
    },
    "Correctness_Per_Patch": [
        "W",
        "W",
        "W",
        "W",
        "W",
        "W",
        "W",
        "W",
        "W",
        "W"
    ],
    "Correctness_Per_Patch_original": [
        "uncompilable",
        "uncompilable",
        "uncompilable",
        "uncompilable",
        "uncompilable",
        "uncompilable",
        "uncompilable",
        "uncompilable",
        "uncompilable",
        "uncompilable"
    ],
    "patches": [],
    "Correctness_Per_Patch_origina": [
        "uncompilable",
        "uncompilable",
        "uncompilable",
        "uncompilable",
        "uncompilable",
        "uncompilable",
        "uncompilable",
        "uncompilable",
        "uncompilable",
        "uncompilable"
    ]
}