{
    "TOOL_BUG_ID": "codet5_large-Closure-38",
    "Time": {
        "mean": 44.66478431224823,
        "median": 45.0653795003891,
        "std": 1.5019997266164649,
        "max": 46.02449607849121,
        "min": 42.06465220451355,
        "count": 6
    },
    "Joules": {
        "mean": 6158.307291493813,
        "median": 6247.568479764461,
        "std": 563.1732094353175,
        "max": 6707.66167549491,
        "min": 5529.027697306872,
        "count": 6
    },
    "JoulesNormalized": {
        "mean": 1640.6111228764057,
        "median": 1602.8029149353504,
        "std": 731.35703128022,
        "max": 2482.226737433672,
        "min": 936.2225051105022,
        "count": 6
    },
    "NrExecutions": 6,
    "ExecutionsIds": [
        "s0",
        "s1",
        "s2",
        "s3",
        "s4",
        "s5"
    ],
    "ExecutionsInferenceIds": [
        "s0",
        "s1"
    ],
    "NrExecutionsInference": 2,
    "ExecutionTime_Per_PatchMedian": [
        5.925110459327698,
        10.925048470497131,
        15.895044445991516,
        20.884709239006042,
        23.364667296409607,
        28.36469066143036,
        33.35455024242401,
        35.855507612228394,
        40.845458030700684,
        45.0653795003891
    ],
    "Joules_Per_PatchMedian": [
        1526.469018048048,
        2130.5083031356335,
        2739.178353238106,
        3339.994829028845,
        3608.6169447422026,
        4220.57703949809,
        4828.876583689451,
        5127.985638028384,
        5733.89856312871,
        6247.568479764461
    ],
    "JoulesNormalized_Per_PatchMedian": [
        338.2437039315701,
        509.15021751523017,
        671.2636042356492,
        828.1976880252362,
        901.1188116550445,
        1061.4286612689496,
        1223.510489809513,
        1296.3889836549758,
        1456.0972024083137,
        1602.8029149353504
    ],
    "Inf_ExecutionTime": {
        "mean": 0.925161600112915,
        "median": 0.925161600112915,
        "std": 0.5307367186843438,
        "max": 1.3004491329193115,
        "min": 0.5498740673065186,
        "count": 2
    },
    "Inf_Joules": {
        "mean": 881.7806781113148,
        "median": 881.7806781113148,
        "std": 504.29343219010946,
        "max": 1238.3699837207796,
        "min": 525.1913725018501,
        "count": 2
    },
    "Inf_JoulesNormalized": {
        "mean": 173.9640093863011,
        "median": 173.9640093863011,
        "std": 95.61740284596286,
        "max": 241.57572333812732,
        "min": 106.35229543447485,
        "count": 2
    },
    "Val_ExecutionTime": [
        4.999948859214783,
        9.999886870384216,
        14.969882845878601,
        19.959547638893127,
        22.439505696296692,
        27.439529061317444,
        32.429388642311096,
        34.93034601211548,
        39.92029643058777,
        44.140217900276184
    ],
    "Val_Joules": [
        644.6883399367331,
        1248.7276250243185,
        1857.397675126791,
        2458.21415091753,
        2726.8362666308876,
        3338.7963613867755,
        3947.095905578136,
        4246.204959917068,
        4852.117885017395,
        5365.787801653147
    ],
    "Val_JoulesNormalized": [
        164.27969454526902,
        335.1862081289291,
        497.299594849348,
        654.2336786389351,
        727.1548022687434,
        887.4646518826485,
        1049.546480423212,
        1122.4249742686748,
        1282.1331930220126,
        1428.8389055490493
    ],
    "NrPatches": {
        "median": 0,
        "std": 0.0,
        "max": 0,
        "min": 0
    },
    "Correctness_Per_Patch": [
        "W",
        "W",
        "W",
        "W",
        "W",
        "W",
        "W",
        "W",
        "W",
        "W"
    ],
    "Correctness_Per_Patch_original": [
        "wrong",
        "wrong",
        "wrong",
        "wrong",
        "uncompilable",
        "wrong",
        "wrong",
        "uncompilable",
        "wrong",
        "wrong"
    ],
    "patches": [],
    "Correctness_Per_Patch_origina": [
        "wrong",
        "wrong",
        "wrong",
        "wrong",
        "uncompilable",
        "wrong",
        "wrong",
        "uncompilable",
        "wrong",
        "wrong"
    ]
}