{
    "TOOL_BUG_ID": "codet5_large-Lang-33",
    "Time": {
        "mean": 88.85975098609924,
        "median": 88.85975098609924,
        "std": 0.0,
        "max": 88.85975098609924,
        "min": 88.85975098609924,
        "count": 6
    },
    "Joules": {
        "mean": 8986.205615240335,
        "median": 8986.205615240335,
        "std": 0.0,
        "max": 8986.205615240335,
        "min": 8986.205615240335,
        "count": 6
    },
    "JoulesNormalized": {
        "mean": 2207.810445016623,
        "median": 2207.810445016623,
        "std": 0.0,
        "max": 2207.810445016623,
        "min": 2207.810445016623,
        "count": 6
    },
    "NrExecutions": 6,
    "ExecutionsIds": [
        "s0",
        "s1",
        "s2",
        "s3",
        "s4",
        "s5"
    ],
    "ExecutionsInferenceIds": [
        "s0",
        "s1"
    ],
    "NrExecutionsInference": 2,
    "ExecutionTime_Per_PatchMedian": [
        10.383972525596619,
        19.103503465652466,
        27.823034405708313,
        36.54256534576416,
        45.26209628582001,
        53.981627225875854,
        62.7011581659317,
        71.42068910598755,
        80.1402200460434,
        88.85975098609924
    ],
    "Joules_Per_PatchMedian": [
        2267.8093433976173,
        3014.297818046808,
        3760.786292695999,
        4507.2747673451895,
        5253.76324199438,
        6000.251716643571,
        6746.740191292762,
        7493.228665941952,
        8239.717140591143,
        8986.205615240335
    ],
    "JoulesNormalized_Per_PatchMedian": [
        448.85369351506233,
        644.2933325707912,
        839.7329716265201,
        1035.172610682249,
        1230.612249737978,
        1426.051888793707,
        1621.491527849436,
        1816.931166905165,
        2012.370805960894,
        2207.810445016623
    ],
    "Inf_ExecutionTime": {
        "mean": 1.6644415855407715,
        "median": 1.6644415855407715,
        "std": 0.22011747973214751,
        "max": 1.8200881481170654,
        "min": 1.5087950229644775,
        "count": 2
    },
    "Inf_Joules": {
        "mean": 1521.3208687484266,
        "median": 1521.3208687484266,
        "std": 205.68314532662254,
        "max": 1666.7608155846594,
        "min": 1375.8809219121936,
        "count": 2
    },
    "Inf_JoulesNormalized": {
        "mean": 253.41405445933344,
        "median": 253.41405445933344,
        "std": 24.006464570214554,
        "max": 270.38918834924675,
        "min": 236.43892056942013,
        "count": 2
    },
    "Val_ExecutionTime": [
        8.719530940055847,
        17.439061880111694,
        26.15859282016754,
        34.87812376022339,
        43.597654700279236,
        52.31718564033508,
        61.03671658039093,
        69.75624752044678,
        78.47577846050262,
        87.19530940055847
    ],
    "Val_Joules": [
        746.4884746491907,
        1492.9769492983814,
        2239.465423947572,
        2985.953898596763,
        3732.4423732459536,
        4478.930847895144,
        5225.419322544335,
        5971.907797193526,
        6718.3962718427165,
        7464.884746491908
    ],
    "Val_JoulesNormalized": [
        195.4396390557289,
        390.8792781114578,
        586.3189171671867,
        781.7585562229154,
        977.1981952786444,
        1172.6378343343736,
        1368.0774733901026,
        1563.5171124458316,
        1758.9567515015606,
        1954.3963905572896
    ],
    "NrPatches": {
        "median": 7,
        "std": 0.0,
        "max": 7,
        "min": 7
    },
    "Correctness_Per_Patch": [
        "C",
        "C",
        "I",
        "W",
        "I",
        "I",
        "W",
        "W",
        "I",
        "I"
    ],
    "Correctness_Per_Patch_original": [
        "plausible",
        "plausible",
        "plausible",
        "uncompilable",
        "plausible",
        "plausible",
        "uncompilable",
        "uncompilable",
        "plausible",
        "plausible"
    ],
    "patches": [
        "        if (array[i]!= null) {\n            classes[i] = array[i].getClass();\n        }\n",
        "        classes[i] = array[i] == null? null : array[i].getClass();\n",
        "        if (array[i] == null) {\n            continue;\n        }\n        classes[i] = array[i].getClass();\n",
        "        classes[i] = array[i]!= null? array[i].getClass() : null;\n",
        "        if (array[i]!= null)\n            classes[i] = array[i].getClass();\n",
        "        Class<?> clazz = array[i] == null? null : array[i].getClass();\n        classes[i] = clazz;\n",
        "        Class<?> clazz = array[i]!= null? array[i].getClass() : null;\n        classes[i] = clazz;\n"
    ],
    "Correctness_Per_Patch_origina": [
        "plausible",
        "plausible",
        "plausible",
        "uncompilable",
        "plausible",
        "plausible",
        "uncompilable",
        "uncompilable",
        "plausible",
        "plausible"
    ]
}