{
    "TOOL_BUG_ID": "incoder_6B-Chart-11",
    "Time": {
        "mean": 22.867622534434002,
        "median": 22.88378345966339,
        "std": 0.09864680895088696,
        "max": 22.975592732429504,
        "min": 22.71353542804718,
        "count": 6
    },
    "Joules": {
        "mean": 5868.124723535776,
        "median": 5786.662459850311,
        "std": 209.8303568534536,
        "max": 6295.027078360318,
        "min": 5767.161309570075,
        "count": 6
    },
    "JoulesNormalized": {
        "mean": 1490.939336315791,
        "median": 1619.3426156520845,
        "std": 212.70430123930183,
        "max": 1640.2344484567648,
        "min": 1201.800883436203,
        "count": 6
    },
    "NrExecutions": 6,
    "ExecutionsIds": [
        "s0",
        "s1",
        "s2",
        "s3",
        "s4",
        "s5"
    ],
    "ExecutionsInferenceIds": [
        "s0",
        "s1"
    ],
    "NrExecutionsInference": 2,
    "ExecutionTime_Per_PatchMedian": [
        13.433696627616882,
        14.433909177780151,
        16.4239581823349,
        17.413795351982117,
        18.414103865623474,
        19.40433418750763,
        20.39307975769043,
        21.393288135528564,
        22.37337303161621,
        22.88378345966339
    ],
    "Joules_Per_PatchMedian": [
        4805.387076109648,
        4911.40574220419,
        5112.994847136736,
        5215.010740637779,
        5318.575026988983,
        5423.591009926797,
        5525.631023186445,
        5629.870588564872,
        5731.190068954229,
        5786.662459850311
    ],
    "JoulesNormalized_Per_PatchMedian": [
        1249.8301704168323,
        1291.4437033593658,
        1365.581971126795,
        1403.8677121281626,
        1442.7747052907946,
        1481.2888650894167,
        1519.6847999751571,
        1558.2533023595813,
        1596.0334726631645,
        1619.3426156520845
    ],
    "Inf_ExecutionTime": {
        "mean": 3.1741225719451904,
        "median": 3.1741225719451904,
        "std": 0.11843702758785736,
        "max": 3.2578701972961426,
        "min": 3.0903749465942383,
        "count": 2
    },
    "Inf_Joules": {
        "mean": 3660.120217859745,
        "median": 3660.120217859745,
        "std": 128.07557823552133,
        "max": 3750.6833277344704,
        "min": 3569.5571079850197,
        "count": 2
    },
    "Inf_JoulesNormalized": {
        "mean": 754.3588046669963,
        "median": 754.3588046669963,
        "std": 53.070923489301784,
        "max": 791.885614550114,
        "min": 716.8319947838786,
        "count": 2
    },
    "Val_ExecutionTime": [
        10.259574055671692,
        11.259786605834961,
        13.24983561038971,
        14.239672780036926,
        15.239981293678284,
        16.23021161556244,
        17.21895718574524,
        18.219165563583374,
        19.19925045967102,
        19.7096608877182
    ],
    "Val_Joules": [
        1145.2668582499027,
        1251.2855243444446,
        1452.874629276991,
        1554.8905227780342,
        1658.4548091292381,
        1763.4707920670512,
        1865.5108053267004,
        1969.7503707051278,
        2071.0698510944844,
        2126.5422419905667
    ],
    "Val_JoulesNormalized": [
        495.47136574983597,
        537.0848986923695,
        611.2231664597988,
        649.5089074611664,
        688.4159006237983,
        726.9300604224204,
        765.3259953081607,
        803.894497692585,
        841.6746679961681,
        864.9838109850883
    ],
    "NrPatches": {
        "median": 1,
        "std": 0.0,
        "max": 1,
        "min": 1
    },
    "Correctness_Per_Patch": [
        "C",
        "W",
        "W",
        "W",
        "W",
        "W",
        "W",
        "W",
        "W",
        "W"
    ],
    "Correctness_Per_Patch_original": [
        "plausible",
        "uncompilable",
        "wrong",
        "uncompilable",
        "uncompilable",
        "uncompilable",
        "uncompilable",
        "uncompilable",
        "uncompilable",
        "uncompilable"
    ],
    "patches": [
        "    PathIterator iterator2 = p2.getPathIterator(null);\n"
    ],
    "Correctness_Per_Patch_origina": [
        "plausible",
        "uncompilable",
        "wrong",
        "uncompilable",
        "uncompilable",
        "uncompilable",
        "uncompilable",
        "uncompilable",
        "uncompilable",
        "uncompilable"
    ]
}