{
    "TOOL_BUG_ID": "codegen_350M-Chart-11",
    "Time": {
        "mean": 21.83202870686849,
        "median": 21.460530519485474,
        "std": 0.9300929383399168,
        "max": 23.445766806602478,
        "min": 21.068962454795837,
        "count": 6
    },
    "Joules": {
        "mean": 2888.5245603859426,
        "median": 2923.8106921255594,
        "std": 163.03179077856765,
        "max": 3053.7239786028863,
        "min": 2633.183779919147,
        "count": 6
    },
    "JoulesNormalized": {
        "mean": 778.8948172807694,
        "median": 750.9164100229741,
        "std": 258.80087826386796,
        "max": 1055.0468167603017,
        "min": 541.5022681057453,
        "count": 6
    },
    "NrExecutions": 6,
    "ExecutionsIds": [
        "s0",
        "s1",
        "s2",
        "s3",
        "s4",
        "s5"
    ],
    "ExecutionsInferenceIds": [
        "s0",
        "s1"
    ],
    "NrExecutionsInference": 2,
    "ExecutionTime_Per_PatchMedian": [
        10.769559502601624,
        11.769347548484802,
        12.749569654464722,
        14.758833050727844,
        15.738581538200378,
        16.73873507976532,
        17.720091700553894,
        18.71028780937195,
        19.69041335582733,
        21.460530519485474
    ],
    "Joules_Per_PatchMedian": [
        1585.3673554062843,
        1705.5362374782562,
        1824.9119162797929,
        2099.9936284303667,
        2219.5720613896847,
        2341.3739487826824,
        2459.440127015114,
        2579.5434109866624,
        2699.641191345454,
        2923.8106921255594
    ],
    "JoulesNormalized_Per_PatchMedian": [
        560.4775666892529,
        578.8540321290493,
        596.5931991577149,
        628.9950804293156,
        646.7764526963235,
        664.3372898578644,
        681.745170545578,
        699.4383770525455,
        716.5312215924264,
        750.9164100229741
    ],
    "Inf_ExecutionTime": {
        "mean": 0.5099854469299316,
        "median": 0.5099854469299316,
        "std": 0.7212283356612136,
        "max": 1.0199708938598633,
        "min": 0,
        "count": 2
    },
    "Inf_Joules": {
        "mean": 440.10049715638166,
        "median": 440.10049715638166,
        "std": 622.3960918856967,
        "max": 880.2009943127633,
        "min": 0,
        "count": 2
    },
    "Inf_JoulesNormalized": {
        "mean": 65.00620093941694,
        "median": 65.00620093941694,
        "std": 91.93265100687407,
        "max": 130.01240187883388,
        "min": 0,
        "count": 2
    },
    "Val_ExecutionTime": [
        10.259574055671692,
        11.25936210155487,
        12.23958420753479,
        14.248847603797913,
        15.228596091270447,
        16.228749632835388,
        17.210106253623962,
        18.200302362442017,
        19.1804279088974,
        20.950545072555542
    ],
    "Val_Joules": [
        1145.2668582499027,
        1265.4357403218746,
        1384.8114191234113,
        1659.8931312739849,
        1779.471564233303,
        1901.2734516263008,
        2019.3396298587322,
        2139.4429138302808,
        2259.5406941890724,
        2483.710194969178
    ],
    "Val_JoulesNormalized": [
        495.4713657498359,
        513.8478311896323,
        531.5869982182979,
        563.9888794898987,
        581.7702517569065,
        599.3310889184474,
        616.738969606161,
        634.4321761131287,
        651.5250206530095,
        685.9102090835572
    ],
    "NrPatches": {
        "median": 1,
        "std": 0.0,
        "max": 1,
        "min": 1
    },
    "Correctness_Per_Patch": [
        "C",
        "W",
        "W",
        "W",
        "W",
        "W",
        "W",
        "W",
        "W",
        "W"
    ],
    "Correctness_Per_Patch_original": [
        "plausible",
        "uncompilable",
        "uncompilable",
        "wrong",
        "uncompilable",
        "uncompilable",
        "uncompilable",
        "uncompilable",
        "uncompilable",
        "wrong"
    ],
    "patches": [
        "    PathIterator iterator2 = p2.getPathIterator(null);\n"
    ],
    "Correctness_Per_Patch_origina": [
        "plausible",
        "uncompilable",
        "uncompilable",
        "wrong",
        "uncompilable",
        "uncompilable",
        "uncompilable",
        "uncompilable",
        "uncompilable",
        "wrong"
    ]
}