{
    "TOOL_BUG_ID": "codegen_350M-Closure-65",
    "Time": {
        "mean": 28.657591382662456,
        "median": 29.200352907180786,
        "std": 1.426976474721598,
        "max": 29.49005901813507,
        "min": 25.77232539653778,
        "count": 6
    },
    "Joules": {
        "mean": 3891.7043009261292,
        "median": 3891.015982496739,
        "std": 798.0244918968427,
        "max": 4667.121612679958,
        "min": 3089.2008571147917,
        "count": 6
    },
    "JoulesNormalized": {
        "mean": 493.3460277001062,
        "median": 479.64009330272694,
        "std": 440.99033551514754,
        "max": 925.8932215988634,
        "min": 88.6336477100844,
        "count": 6
    },
    "NrExecutions": 6,
    "ExecutionsIds": [
        "s0",
        "s1",
        "s2",
        "s3",
        "s4",
        "s5"
    ],
    "ExecutionsInferenceIds": [
        "s0",
        "s1"
    ],
    "NrExecutionsInference": 2,
    "ExecutionTime_Per_PatchMedian": [
        2.770477533340454,
        4.751245737075806,
        8.751151204109192,
        12.731030702590942,
        16.730859637260437,
        18.710939645767212,
        20.710836172103882,
        24.700870037078857,
        27.721400141716003,
        29.200352907180786
    ],
    "Joules_Per_PatchMedian": [
        899.9229881405829,
        1121.8302459597587,
        1576.7658730745316,
        2038.018431711197,
        2494.8172282814985,
        2711.2137868940836,
        2930.631107831002,
        3395.4561670959,
        3749.2334935247904,
        3891.015982496739
    ],
    "JoulesNormalized_Per_PatchMedian": [
        130.55323715806003,
        148.99389284849164,
        181.50784935951236,
        212.58668981790555,
        275.43218715190903,
        294.8086021542551,
        317.6980193376543,
        344.50563331842443,
        461.4667737603189,
        479.64009330272694
    ],
    "Inf_ExecutionTime": {
        "mean": 0.7708290815353394,
        "median": 0.7708290815353394,
        "std": 1.0901169413788732,
        "max": 1.5416581630706787,
        "min": 0.0,
        "count": 2
    },
    "Inf_Joules": {
        "mean": 680.4601564168929,
        "median": 680.4601564168929,
        "std": 962.3159818592876,
        "max": 1360.9203128337858,
        "min": 0.0,
        "count": 2
    },
    "Inf_JoulesNormalized": {
        "mean": 111.93516733050342,
        "median": 111.93516733050342,
        "std": 158.30023174529973,
        "max": 223.87033466100684,
        "min": 0.0,
        "count": 2
    },
    "Val_ExecutionTime": [
        1.9996484518051147,
        3.9804166555404663,
        7.9803221225738525,
        11.960201621055603,
        15.960030555725098,
        17.940110564231873,
        19.940007090568542,
        23.930040955543518,
        26.950571060180664,
        28.429523825645447
    ],
    "Val_Joules": [
        219.46283172369,
        441.37008954286574,
        896.3057166576386,
        1357.5582752943042,
        1814.3570718646054,
        2030.7536304771904,
        2250.1709514141085,
        2714.996010679007,
        3068.7733371078975,
        3210.555826079846
    ],
    "Val_JoulesNormalized": [
        18.61806982755661,
        37.05872551798822,
        69.57268202900894,
        100.65152248740213,
        163.4970198214056,
        182.87343482375167,
        205.76285200715083,
        232.57046598792098,
        349.5316064298155,
        367.7049259722235
    ],
    "NrPatches": {
        "median": 0,
        "std": 0.0,
        "max": 0,
        "min": 0
    },
    "Correctness_Per_Patch": [
        "W",
        "W",
        "W",
        "W",
        "W",
        "W",
        "W",
        "W",
        "W",
        "W"
    ],
    "Correctness_Per_Patch_original": [
        "uncompilable",
        "uncompilable",
        "wrong",
        "wrong",
        "wrong",
        "uncompilable",
        "uncompilable",
        "wrong",
        "wrong",
        "uncompilable"
    ],
    "patches": [],
    "Correctness_Per_Patch_origina": [
        "uncompilable",
        "uncompilable",
        "wrong",
        "wrong",
        "wrong",
        "uncompilable",
        "uncompilable",
        "wrong",
        "wrong",
        "uncompilable"
    ]
}