{
    "TOOL_BUG_ID": "codet5_large-Closure-55",
    "Time": {
        "mean": 76.56010349591573,
        "median": 75.68387401103973,
        "std": 2.298757620944831,
        "max": 80.29296481609344,
        "min": 74.19302833080292,
        "count": 6
    },
    "Joules": {
        "mean": 9432.416665561994,
        "median": 9498.652769988776,
        "std": 340.8923602262679,
        "max": 9904.542009437086,
        "min": 8932.781672441959,
        "count": 6
    },
    "JoulesNormalized": {
        "mean": 3636.6852871557076,
        "median": 3612.0005493879316,
        "std": 389.3338102196349,
        "max": 4069.1008657991883,
        "min": 3265.076259702444,
        "count": 6
    },
    "NrExecutions": 6,
    "ExecutionsIds": [
        "s0",
        "s1",
        "s2",
        "s3",
        "s4",
        "s5"
    ],
    "ExecutionsInferenceIds": [
        "s0",
        "s1"
    ],
    "NrExecutionsInference": 2,
    "ExecutionTime_Per_PatchMedian": [
        3.5551425218582153,
        6.0449241399765015,
        57.36357629299164,
        59.8535578250885,
        61.85345184803009,
        63.85339915752411,
        68.8435571193695,
        70.83388817310333,
        73.31384634971619,
        75.68387401103973
    ],
    "Joules_Per_PatchMedian": [
        812.7951631069183,
        1109.6342852175235,
        7138.228680473567,
        7399.203006201983,
        7728.95206321478,
        8055.3692529737955,
        8657.704484701157,
        8941.14857904315,
        9220.257718414068,
        9498.652769988776
    ],
    "JoulesNormalized_Per_PatchMedian": [
        147.7181945979595,
        222.99985635876658,
        3029.431155598164,
        3097.825331747532,
        3179.618580085039,
        3250.8586524486536,
        3413.2370462775225,
        3484.8142102777956,
        3553.0328254580495,
        3612.0005493879316
    ],
    "Inf_ExecutionTime": {
        "mean": 0.5752860307693481,
        "median": 0.5752860307693481,
        "std": 0.5876482825781801,
        "max": 0.9908161163330078,
        "min": 0.15975594520568848,
        "count": 2
    },
    "Inf_Joules": {
        "mean": 510.5720406651497,
        "median": 510.5720406651497,
        "std": 529.6503661308865,
        "max": 885.0914062142373,
        "min": 136.05267511606215,
        "count": 2
    },
    "Inf_JoulesNormalized": {
        "mean": 70.55487705469133,
        "median": 70.55487705469133,
        "std": 79.71078547280752,
        "max": 126.91891399621966,
        "min": 14.190840113162992,
        "count": 2
    },
    "Val_ExecutionTime": [
        2.979856491088867,
        5.469638109207153,
        56.78829026222229,
        59.27827179431915,
        61.27816581726074,
        63.27811312675476,
        68.26827108860016,
        70.25860214233398,
        72.73856031894684,
        75.10858798027039
    ],
    "Val_Joules": [
        302.22312244176857,
        599.062244552374,
        6627.656639808416,
        6888.630965536833,
        7218.38002254963,
        7544.797212308646,
        8147.132444036008,
        8430.576538378002,
        8709.68567774892,
        8988.080729323627
    ],
    "Val_JoulesNormalized": [
        77.16331754326816,
        152.44497930407522,
        2958.876278543473,
        3027.2704546928408,
        3109.063703030348,
        3180.3037753939625,
        3342.6821692228314,
        3414.2593332231045,
        3482.4779484033584,
        3541.4456723332405
    ],
    "NrPatches": {
        "median": 0,
        "std": 0.0,
        "max": 0,
        "min": 0
    },
    "Correctness_Per_Patch": [
        "W",
        "W",
        "W",
        "W",
        "W",
        "W",
        "W",
        "W",
        "W",
        "W"
    ],
    "Correctness_Per_Patch_original": [
        "uncompilable",
        "uncompilable",
        "wrong",
        "uncompilable",
        "uncompilable",
        "uncompilable",
        "wrong",
        "uncompilable",
        "uncompilable",
        "uncompilable"
    ],
    "patches": [],
    "Correctness_Per_Patch_origina": [
        "uncompilable",
        "uncompilable",
        "wrong",
        "uncompilable",
        "uncompilable",
        "uncompilable",
        "wrong",
        "uncompilable",
        "uncompilable",
        "uncompilable"
    ]
}