{
    "TOOL_BUG_ID": "codegen_350M-Closure-70",
    "Time": {
        "mean": 106.24728814760844,
        "median": 33.847766280174255,
        "std": 176.90194586192587,
        "max": 467.34467101097107,
        "min": 33.42175817489624,
        "count": 6
    },
    "Joules": {
        "mean": 12548.165137054524,
        "median": 4090.82670673132,
        "std": 21222.468203511882,
        "max": 55835.69218680263,
        "min": 3145.9380062043665,
        "count": 6
    },
    "JoulesNormalized": {
        "mean": 4744.049830043316,
        "median": 844.4656258285045,
        "std": 10373.92197346404,
        "max": 25901.01670418382,
        "min": -32.928697341680675,
        "count": 6
    },
    "NrExecutions": 6,
    "ExecutionsIds": [
        "s0",
        "s1",
        "s2",
        "s3",
        "s4",
        "s5"
    ],
    "ExecutionsInferenceIds": [
        "s0",
        "s1"
    ],
    "NrExecutionsInference": 2,
    "ExecutionTime_Per_PatchMedian": [
        2.3510024547576904,
        4.341081976890564,
        6.34026038646698,
        8.33090603351593,
        10.321348428726196,
        26.359201788902283,
        28.35002076625824,
        30.339454770088196,
        32.33967578411102,
        33.847766280174255
    ],
    "Joules_Per_PatchMedian": [
        519.0772269070148,
        737.7721761703491,
        954.947662806511,
        1170.584956997633,
        1405.924586546421,
        3229.701286822558,
        3447.0218731582167,
        3668.632524991036,
        3884.966844940186,
        4090.82670673132
    ],
    "JoulesNormalized_Per_PatchMedian": [
        74.51799956560131,
        113.31946585178372,
        154.4832897603512,
        193.26206642389297,
        229.99482963085177,
        699.1703562796115,
        737.4830556213853,
        773.4070440411566,
        810.8558272719382,
        844.4656258285045
    ],
    "Inf_ExecutionTime": {
        "mean": 0.36065053939819336,
        "median": 0.36065053939819336,
        "std": 0.5100368840940973,
        "max": 0.7213010787963867,
        "min": 0,
        "count": 2
    },
    "Inf_Joules": {
        "mean": 300.31909039616585,
        "median": 300.31909039616585,
        "std": 424.7153306778093,
        "max": 600.6381807923317,
        "min": 0,
        "count": 2
    },
    "Inf_JoulesNormalized": {
        "mean": 34.01473210453986,
        "median": 34.01473210453986,
        "std": 48.1040954627278,
        "max": 68.02946420907972,
        "min": 0,
        "count": 2
    },
    "Val_ExecutionTime": [
        1.990351915359497,
        3.9804314374923706,
        5.979609847068787,
        7.970255494117737,
        9.960697889328003,
        25.99855124950409,
        27.989370226860046,
        29.978804230690002,
        31.97902524471283,
        33.48711574077606
    ],
    "Val_Joules": [
        218.75813651084894,
        437.45308577418325,
        654.6285724103451,
        870.2658666014672,
        1105.6054961502552,
        2929.382196426392,
        3146.702782762051,
        3368.31343459487,
        3584.6477545440202,
        3790.507616335154
    ],
    "Val_JoulesNormalized": [
        40.503267461061455,
        79.30473374724386,
        120.46855765581134,
        159.24733431935312,
        195.9800975263119,
        665.1556241750716,
        703.4683235168455,
        739.3923119366167,
        776.8410951673983,
        810.4508937239647
    ],
    "NrPatches": {
        "median": 0,
        "std": 0.0,
        "max": 0,
        "min": 0
    },
    "Correctness_Per_Patch": [
        "W",
        "W",
        "W",
        "W",
        "W",
        "W",
        "W",
        "W",
        "W",
        "W"
    ],
    "Correctness_Per_Patch_original": [
        "uncompilable",
        "uncompilable",
        "uncompilable",
        "uncompilable",
        "uncompilable",
        "wrong",
        "uncompilable",
        "uncompilable",
        "uncompilable",
        "uncompilable"
    ],
    "patches": [],
    "Correctness_Per_Patch_origina": [
        "uncompilable",
        "uncompilable",
        "uncompilable",
        "uncompilable",
        "uncompilable",
        "wrong",
        "uncompilable",
        "uncompilable",
        "uncompilable",
        "uncompilable"
    ]
}