{
    "Group_ID": "s_1223_1224",
    "TOOL_BUG_ID": "TBar10C-Math-85",
    "patch_correctness": true,
    "ExecutionsIds": [
        "1223",
        "1224"
    ],
    "NrExecutions": 2,
    "NrOutliers": 0,
    "SLB": {
        "median": 63.349999999999994,
        "std": 0.6363961030678917,
        "max": 63.8,
        "min": 62.9
    },
    "PowerAvg": {
        "median": 122.05000000000001,
        "std": 0.9192388155425097,
        "max": 122.7,
        "min": 121.4
    },
    "Time": {
        "median": 658.6756072044373,
        "std": 672.3665368100274,
        "max": 1241.7119708061218,
        "min": 76.4406213760376
    },
    "Joules": {
        "median": 81089.8769448459,
        "std": 83166.12992009934,
        "max": 154256.92611380818,
        "min": 9386.16656640768
    },
    "JoulesNormalized": {
        "median": 39624.64890088438,
        "std": 40569.45671104865,
        "max": 75035.70237637761,
        "min": 4578.0514818549145
    },
    "NrPatches": {
        "median": 89.5,
        "std": 91.7986928011505,
        "max": 169,
        "min": 10
    },
    "Joules_Per_PatchMedian": [
        995.0976857125759,
        1929.8225876688957,
        2862.478619295359,
        3787.4097600400446,
        4737.067760449649,
        5676.192245584727,
        6621.995104259253,
        7562.1448615551,
        8498.15646582246,
        9433.846594697237
    ],
    "ExecutionTime_Per_PatchMedian": [
        8.079949975013733,
        15.719935894012451,
        23.290133833885193,
        30.840397357940674,
        38.5800085067749,
        46.21994400024414,
        53.879611015319824,
        61.519808888435364,
        69.03941988945007,
        76.5895893573761
    ],
    "JoulesNormalized_Per_PatchMedian": [
        483.21491376757626,
        933.9468378424644,
        1387.0084141671657,
        1833.6440264642238,
        2292.9615084946154,
        2748.0960669219494,
        3208.6409900605677,
        3664.7663750290867,
        4124.419549041986,
        4581.829073315858
    ],
    "Correctness_Per_Patch": [
        "W",
        "W",
        "W",
        "W",
        "C",
        "I",
        "W",
        "I",
        "W",
        "W"
    ],
    "Correctness_Per_Patch_original": [
        "uncompilable",
        "uncompilable",
        "uncompilable",
        "uncompilable",
        "correct",
        "plausible",
        "uncompilable",
        "plausible",
        "uncompilable",
        "uncompilable"
    ]
}