{
    "TOOL_BUG_ID": "codet5_small-Mockito-7",
    "Time": {
        "mean": 228.80026309490205,
        "median": 119.32215297222137,
        "std": 152.68907068291153,
        "max": 396.0572236776352,
        "min": 116.20243442058563,
        "count": 5
    },
    "Joules": {
        "mean": 29327.653895776268,
        "median": 16881.93607683182,
        "std": 17418.250488745114,
        "max": 48407.009722304334,
        "min": 16293.3300139308,
        "count": 5
    },
    "JoulesNormalized": {
        "mean": 14741.527007292509,
        "median": 9204.946471506357,
        "std": 7935.822466808752,
        "max": 23432.881922763587,
        "min": 8745.323117727039,
        "count": 5
    },
    "NrExecutions": 5,
    "ExecutionsIds": [
        "s0",
        "s1",
        "s2",
        "s3",
        "s4"
    ],
    "ExecutionsInferenceIds": [
        "s0",
        "s1"
    ],
    "NrExecutionsInference": 2,
    "ExecutionTime_Per_PatchMedian": [
        11.984681010246277,
        23.664666056632996,
        35.364266753196716,
        50.12399780750275,
        61.82355272769928,
        73.40335285663605,
        85.04305493831635,
        96.58276093006134,
        108.20247995853424,
        119.32215297222137
    ],
    "Joules_Per_PatchMedian": [
        1954.118117940426,
        3628.3350328683855,
        5298.128653621674,
        7090.341328763962,
        8691.613502132894,
        10294.932738840582,
        11937.422471296788,
        13591.648270976544,
        15248.057326686383,
        16881.93607683182
    ],
    "JoulesNormalized_Per_PatchMedian": [
        936.6429555356503,
        1864.5088259994984,
        2791.7913402616978,
        3717.090127891302,
        4640.316697365046,
        5551.701204138994,
        6459.813922613859,
        7375.373169964552,
        8293.12007624507,
        9204.946471506357
    ],
    "Inf_ExecutionTime": {
        "mean": 0.364874005317688,
        "median": 0.364874005317688,
        "std": 0.007551872316181992,
        "max": 0.37021398544311523,
        "min": 0.35953402519226074,
        "count": 2
    },
    "Inf_Joules": {
        "mean": 296.06672872304915,
        "median": 296.06672872304915,
        "std": 5.2435644614894,
        "max": 299.7744887113571,
        "min": 292.3589687347412,
        "count": 2
    },
    "Inf_JoulesNormalized": {
        "mean": 21.09723393321036,
        "median": 21.09723393321036,
        "std": 0.39080055838295413,
        "max": 21.373571658134438,
        "min": 20.820896208286285,
        "count": 2
    },
    "Val_ExecutionTime": [
        11.619807004928589,
        23.299792051315308,
        34.99939274787903,
        49.75912380218506,
        61.45867872238159,
        73.03847885131836,
        84.67818093299866,
        96.21788692474365,
        107.83760595321655,
        118.95727896690369
    ],
    "Val_Joules": [
        1658.0513892173767,
        3332.2683041453365,
        5002.061924898625,
        6794.274600040913,
        8395.546773409844,
        9998.866010117532,
        11641.355742573738,
        13295.581542253494,
        14951.990597963333,
        16585.86934810877
    ],
    "Val_JoulesNormalized": [
        915.5457216024399,
        1843.411592066288,
        2770.6941063284876,
        3695.992893958092,
        4619.219463431836,
        5530.603970205784,
        6438.716688680649,
        7354.275936031342,
        8272.022842311859,
        9183.849237573146
    ],
    "NrPatches": {
        "median": 0,
        "std": 0.0,
        "max": 0,
        "min": 0
    },
    "Correctness_Per_Patch": [
        "W",
        "W",
        "W",
        "W",
        "W",
        "W",
        "W",
        "W",
        "W",
        "W"
    ],
    "Correctness_Per_Patch_original": [
        "uncompilable",
        "uncompilable",
        "uncompilable",
        "uncompilable",
        "uncompilable",
        "uncompilable",
        "uncompilable",
        "uncompilable",
        "uncompilable",
        "uncompilable"
    ],
    "patches": [],
    "Correctness_Per_Patch_origina": [
        "uncompilable",
        "uncompilable",
        "uncompilable",
        "uncompilable",
        "uncompilable",
        "uncompilable",
        "uncompilable",
        "uncompilable",
        "uncompilable",
        "uncompilable"
    ]
}