{
    "TOOL_BUG_ID": "codegen_6B-Math-73",
    "Time": {
        "mean": 82.32788479328156,
        "median": 82.32788479328156,
        "std": 0.0,
        "max": 82.32788479328156,
        "min": 82.32788479328156,
        "count": 5
    },
    "Joules": {
        "mean": 17806.27096647811,
        "median": 17806.27096647811,
        "std": 0.0,
        "max": 17806.27096647811,
        "min": 17806.27096647811,
        "count": 5
    },
    "JoulesNormalized": {
        "mean": 5988.33685210967,
        "median": 5988.33685210967,
        "std": 0.0,
        "max": 5988.33685210967,
        "min": 5988.33685210967,
        "count": 5
    },
    "NrExecutions": 5,
    "ExecutionsIds": [
        "s0",
        "s1",
        "s2",
        "s3",
        "s4"
    ],
    "ExecutionsInferenceIds": [
        "s0",
        "s1"
    ],
    "NrExecutionsInference": 2,
    "ExecutionTime_Per_PatchMedian": [
        15.36893355846405,
        22.80881702899933,
        30.248700499534607,
        37.688583970069885,
        45.128467440605164,
        52.56835091114044,
        60.00823438167572,
        67.448117852211,
        74.88800132274628,
        82.32788479328156
    ],
    "Joules_Per_PatchMedian": [
        9741.53179414463,
        10637.613924403906,
        11533.696054663182,
        12429.778184922458,
        13325.860315181733,
        14221.94244544101,
        15118.024575700285,
        16014.10670595956,
        16910.188836218837,
        17806.27096647811
    ],
    "JoulesNormalized_Per_PatchMedian": [
        2149.9143573286515,
        2576.4057456376536,
        3002.8971339466557,
        3429.388522255658,
        3855.87991056466,
        4282.3712988736615,
        4708.862687182664,
        5135.354075491666,
        5561.845463800668,
        5988.33685210967
    ],
    "Inf_ExecutionTime": {
        "mean": 7.929050087928772,
        "median": 7.929050087928772,
        "std": 1.3138752344727858,
        "max": 8.858100175857544,
        "min": 7.0,
        "count": 2
    },
    "Inf_Joules": {
        "mean": 8845.449663885354,
        "median": 8845.449663885354,
        "std": 1519.424919221516,
        "max": 9919.84532777071,
        "min": 7771.053999999998,
        "count": 2
    },
    "Inf_JoulesNormalized": {
        "mean": 1723.4229690196494,
        "median": 1723.4229690196494,
        "std": 212.99466081618482,
        "max": 1874.0329380393023,
        "min": 1572.8129999999965,
        "count": 2
    },
    "Val_ExecutionTime": [
        7.439883470535278,
        14.879766941070557,
        22.319650411605835,
        29.759533882141113,
        37.19941735267639,
        44.63930082321167,
        52.07918429374695,
        59.51906776428223,
        66.9589512348175,
        74.39883470535278
    ],
    "Val_Joules": [
        896.0821302592758,
        1792.1642605185516,
        2688.2463907778274,
        3584.328521037103,
        4480.410651296379,
        5376.492781555655,
        6272.574911814931,
        7168.657042074206,
        8064.739172333482,
        8960.821302592756
    ],
    "Val_JoulesNormalized": [
        426.4913883090021,
        852.9827766180042,
        1279.4741649270063,
        1705.9655532360084,
        2132.4569415450105,
        2558.948329854012,
        2985.4397181630143,
        3411.9311064720164,
        3838.4224947810185,
        4264.913883090021
    ],
    "NrPatches": {
        "median": 0,
        "std": 0.0,
        "max": 0,
        "min": 0
    },
    "Correctness_Per_Patch": [
        "W",
        "W",
        "W",
        "W",
        "W",
        "W",
        "W",
        "W",
        "W",
        "W"
    ],
    "Correctness_Per_Patch_original": [
        "wrong",
        "uncompilable",
        "wrong",
        "uncompilable",
        "uncompilable",
        "uncompilable",
        "uncompilable",
        "wrong",
        "uncompilable",
        "uncompilable"
    ],
    "patches": [],
    "Correctness_Per_Patch_origina": [
        "wrong",
        "uncompilable",
        "wrong",
        "uncompilable",
        "uncompilable",
        "uncompilable",
        "uncompilable",
        "wrong",
        "uncompilable",
        "uncompilable"
    ]
}