{
    "TOOL_BUG_ID": "codegen_350M-Closure-82",
    "Time": {
        "mean": 32.37015950679779,
        "median": 32.260010957717896,
        "std": 0.7407031580013383,
        "max": 33.66158890724182,
        "min": 31.660172700881958,
        "count": 6
    },
    "Joules": {
        "mean": 3781.091225628058,
        "median": 3323.8087741494173,
        "std": 791.3249761917759,
        "max": 4802.741235029697,
        "min": 3177.162683677673,
        "count": 6
    },
    "JoulesNormalized": {
        "mean": 613.3620084802309,
        "median": 897.8605354964732,
        "std": 489.07140772311595,
        "max": 976.5148511052132,
        "min": -30.782174885273605,
        "count": 6
    },
    "NrExecutions": 6,
    "ExecutionsIds": [
        "s0",
        "s1",
        "s2",
        "s3",
        "s4",
        "s5"
    ],
    "ExecutionsInferenceIds": [
        "s0",
        "s1"
    ],
    "NrExecutionsInference": 2,
    "ExecutionTime_Per_PatchMedian": [
        6.5007100105285645,
        8.500585079193115,
        10.500633478164673,
        16.50107228755951,
        18.490198254585266,
        20.500189185142517,
        22.490142822265625,
        24.480241298675537,
        26.480479836463928,
        32.260010957717896
    ],
    "Joules_Per_PatchMedian": [
        1004.5507939636707,
        1177.1546259105205,
        1349.3014406502248,
        1920.8508777022362,
        2088.9742153346538,
        2261.253749370575,
        2429.3946490943426,
        2599.4915031254286,
        2792.1385863959786,
        3323.8087741494173
    ],
    "JoulesNormalized_Per_PatchMedian": [
        215.67457184195507,
        261.4853283584118,
        305.2204046547413,
        496.4323740541935,
        539.7881093621254,
        586.3284705162048,
        636.4550040960312,
        679.5930844962595,
        722.7877027273175,
        897.8605354964732
    ],
    "Inf_ExecutionTime": {
        "mean": 0.5007445812225342,
        "median": 0.5007445812225342,
        "std": 0.7081597780497437,
        "max": 1.0014891624450684,
        "min": 0,
        "count": 2
    },
    "Inf_Joules": {
        "mean": 405.7819586992263,
        "median": 405.7819586992263,
        "std": 573.862349358765,
        "max": 811.5639173984526,
        "min": 0,
        "count": 2
    },
    "Inf_JoulesNormalized": {
        "mean": 33.979107141494694,
        "median": 33.979107141494694,
        "std": 48.05371415683028,
        "max": 67.95821428298939,
        "min": 0,
        "count": 2
    },
    "Val_ExecutionTime": [
        5.99996542930603,
        7.999840497970581,
        9.999888896942139,
        16.000327706336975,
        17.989453673362732,
        19.999444603919983,
        21.98939824104309,
        23.979496717453003,
        25.979735255241394,
        31.75926637649536
    ],
    "Val_Joules": [
        598.7688352644443,
        771.3726672112941,
        943.5194819509983,
        1515.0689190030098,
        1683.1922566354274,
        1855.4717906713483,
        2023.6126903951165,
        2193.7095444262022,
        2386.356627696752,
        2918.026815450191
    ],
    "Val_JoulesNormalized": [
        181.69546470046038,
        227.50622121691708,
        271.24129751324654,
        462.4532669126987,
        505.80900222063065,
        552.34936337471,
        602.4758969545364,
        645.6139773547648,
        688.8085955858229,
        863.8814283549784
    ],
    "NrPatches": {
        "median": 0,
        "std": 0.0,
        "max": 0,
        "min": 0
    },
    "Correctness_Per_Patch": [
        "W",
        "W",
        "W",
        "W",
        "W",
        "W",
        "W",
        "W",
        "W",
        "W"
    ],
    "Correctness_Per_Patch_original": [
        "wrong",
        "uncompilable",
        "uncompilable",
        "wrong",
        "uncompilable",
        "uncompilable",
        "uncompilable",
        "uncompilable",
        "uncompilable",
        "wrong"
    ],
    "patches": [],
    "Correctness_Per_Patch_origina": [
        "wrong",
        "uncompilable",
        "uncompilable",
        "wrong",
        "uncompilable",
        "uncompilable",
        "uncompilable",
        "uncompilable",
        "uncompilable",
        "wrong"
    ]
}