{
    "TOOL_BUG_ID": "incoder_6B-Math-34",
    "Time": {
        "mean": 347.59999203681946,
        "median": 347.59999203681946,
        "std": 0.0,
        "max": 347.59999203681946,
        "min": 347.59999203681946,
        "count": 5
    },
    "Joules": {
        "mean": 37599.07386983633,
        "median": 37599.07386983633,
        "std": 0.0,
        "max": 37599.07386983633,
        "min": 37599.07386983633,
        "count": 5
    },
    "JoulesNormalized": {
        "mean": 15245.658842229845,
        "median": 15245.658842229845,
        "std": 0.0,
        "max": 15245.658842229845,
        "min": 15245.658842229845,
        "count": 5
    },
    "NrExecutions": 5,
    "ExecutionsIds": [
        "s0",
        "s1",
        "s2",
        "s3",
        "s4"
    ],
    "ExecutionsInferenceIds": [
        "s0",
        "s1"
    ],
    "NrExecutionsInference": 2,
    "ExecutionTime_Per_PatchMedian": [
        35.48440206050873,
        70.16391205787659,
        104.84342205524445,
        139.5229320526123,
        174.20244204998016,
        208.88195204734802,
        243.56146204471588,
        278.24097204208374,
        312.9204820394516,
        347.59999203681946
    ],
    "Joules_Per_PatchMedian": [
        4521.8426047444345,
        8197.090523087978,
        11872.338441431522,
        15547.586359775067,
        19222.83427811861,
        22898.082196462154,
        26573.330114805696,
        30248.57803314924,
        33923.825951492785,
        37599.07386983633
    ],
    "JoulesNormalized_Per_PatchMedian": [
        1657.463590437174,
        3167.263062858582,
        4677.06253527999,
        6186.8620077013975,
        7696.661480122805,
        9206.460952544214,
        10716.260424965621,
        12226.05989738703,
        13735.859369808437,
        15245.658842229845
    ],
    "Inf_ExecutionTime": {
        "mean": 0.8048920631408691,
        "median": 0.8048920631408691,
        "std": 0.5017629519692267,
        "max": 1.1596920490264893,
        "min": 0.450092077255249,
        "count": 2
    },
    "Inf_Joules": {
        "mean": 846.5946864008903,
        "median": 846.5946864008903,
        "std": 527.5333495031806,
        "max": 1219.6170951366423,
        "min": 473.5722776651382,
        "count": 2
    },
    "Inf_JoulesNormalized": {
        "mean": 147.66411801576612,
        "median": 147.66411801576612,
        "std": 99.62133790231053,
        "max": 218.10704159736633,
        "min": 77.22119443416591,
        "count": 2
    },
    "Val_ExecutionTime": [
        34.67950999736786,
        69.35901999473572,
        104.03852999210358,
        138.71803998947144,
        173.3975499868393,
        208.07705998420715,
        242.756569981575,
        277.43607997894287,
        312.11558997631073,
        346.7950999736786
    ],
    "Val_Joules": [
        3675.2479183435444,
        7350.495836687088,
        11025.743755030631,
        14700.991673374176,
        18376.23959171772,
        22051.487510061263,
        25726.735428404805,
        29401.983346748348,
        33077.2312650919,
        36752.47918343544
    ],
    "Val_JoulesNormalized": [
        1509.7994724214077,
        3019.598944842816,
        4529.398417264224,
        6039.197889685632,
        7548.997362107039,
        9058.796834528448,
        10568.596306949856,
        12078.395779371263,
        13588.195251792671,
        15097.994724214079
    ],
    "NrPatches": {
        "median": 2,
        "std": 0.0,
        "max": 2,
        "min": 2
    },
    "Correctness_Per_Patch": [
        "W",
        "W",
        "W",
        "C",
        "W",
        "W",
        "W",
        "C",
        "W",
        "W"
    ],
    "Correctness_Per_Patch_original": [
        "uncompilable",
        "wrong",
        "uncompilable",
        "plausible",
        "uncompilable",
        "uncompilable",
        "uncompilable",
        "plausible",
        "uncompilable",
        "uncompilable"
    ],
    "patches": [
        "    return getChromosomes().iterator();\n",
        "    return Collections.unmodifiableList(chromosomes).iterator();\n"
    ],
    "Correctness_Per_Patch_origina": [
        "uncompilable",
        "wrong",
        "uncompilable",
        "plausible",
        "uncompilable",
        "uncompilable",
        "uncompilable",
        "plausible",
        "uncompilable",
        "uncompilable"
    ]
}