{
    "TOOL_BUG_ID": "codet5_large-Math-33",
    "Time": {
        "mean": 349.05402290821075,
        "median": 349.05402290821075,
        "std": 0.0,
        "max": 349.05402290821075,
        "min": 349.05402290821075,
        "count": 6
    },
    "Joules": {
        "mean": 38425.155858039856,
        "median": 38425.155858039856,
        "std": 0.0,
        "max": 38425.155858039856,
        "min": 38425.155858039856,
        "count": 6
    },
    "JoulesNormalized": {
        "mean": 15507.071315169334,
        "median": 15507.071315169334,
        "std": 0.0,
        "max": 15507.071315169334,
        "min": 15507.071315169334,
        "count": 6
    },
    "NrExecutions": 6,
    "ExecutionsIds": [
        "s0",
        "s1",
        "s2",
        "s3",
        "s4",
        "s5"
    ],
    "ExecutionsInferenceIds": [
        "s0",
        "s1"
    ],
    "NrExecutionsInference": 2,
    "ExecutionTime_Per_PatchMedian": [
        36.394436955451965,
        71.13439095020294,
        105.87434494495392,
        140.6142989397049,
        175.35425293445587,
        210.09420692920685,
        244.83416092395782,
        279.5741149187088,
        314.3140689134598,
        349.05402290821075
    ],
    "Joules_Per_PatchMedian": [
        5287.326739537716,
        8969.30775270462,
        12651.288765871526,
        16333.26977903843,
        20015.250792205334,
        23697.231805372237,
        27379.21281853914,
        31061.193831706045,
        34743.17484487295,
        38425.155858039856
    ],
    "JoulesNormalized_Per_PatchMedian": [
        1859.0096798539162,
        3375.4609726667404,
        4891.912265479565,
        6408.363558292389,
        7924.814851105213,
        9441.266143918037,
        10957.717436730862,
        12474.168729543686,
        13990.62002235651,
        15507.071315169334
    ],
    "Inf_ExecutionTime": {
        "mean": 1.6544829607009888,
        "median": 1.6544829607009888,
        "std": 0.6149709043560344,
        "max": 2.0893330574035645,
        "min": 1.219632863998413,
        "count": 2
    },
    "Inf_Joules": {
        "mean": 1605.3457263708115,
        "median": 1605.3457263708115,
        "std": 617.0407584242341,
        "max": 2041.6594309210777,
        "min": 1169.0320218205452,
        "count": 2
    },
    "Inf_JoulesNormalized": {
        "mean": 342.5583870410919,
        "median": 342.5583870410919,
        "std": 143.08888596423557,
        "max": 443.7375086188315,
        "min": 241.37926546335234,
        "count": 2
    },
    "Val_ExecutionTime": [
        34.73995399475098,
        69.47990798950195,
        104.21986198425293,
        138.9598159790039,
        173.69976997375488,
        208.43972396850586,
        243.17967796325684,
        277.9196319580078,
        312.6595859527588,
        347.39953994750977
    ],
    "Val_Joules": [
        3681.9810131669046,
        7363.962026333809,
        11045.943039500715,
        14727.924052667619,
        18409.905065834522,
        22091.886079001426,
        25773.86709216833,
        29455.848105335233,
        33137.82911850214,
        36819.810131669044
    ],
    "Val_JoulesNormalized": [
        1516.4512928128242,
        3032.9025856256485,
        4549.353878438473,
        6065.805171251297,
        7582.256464064121,
        9098.707756876945,
        10615.15904968977,
        12131.610342502594,
        13648.061635315418,
        15164.512928128242
    ],
    "NrPatches": {
        "median": 0,
        "std": 0.0,
        "max": 0,
        "min": 0
    },
    "Correctness_Per_Patch": [
        "W",
        "W",
        "W",
        "W",
        "W",
        "W",
        "W",
        "W",
        "W",
        "W"
    ],
    "Correctness_Per_Patch_original": [
        "wrong",
        "wrong",
        "wrong",
        "uncompilable",
        "wrong",
        "wrong",
        "wrong",
        "uncompilable",
        "wrong",
        "uncompilable"
    ],
    "patches": [],
    "Correctness_Per_Patch_origina": [
        "wrong",
        "wrong",
        "wrong",
        "uncompilable",
        "wrong",
        "wrong",
        "wrong",
        "uncompilable",
        "wrong",
        "uncompilable"
    ]
}