{
    "TOOL_BUG_ID": "codet5_small-Math-69",
    "Time": {
        "mean": 79.39206075668335,
        "median": 79.39206075668335,
        "std": 0.0,
        "max": 79.39206075668335,
        "min": 79.39206075668335,
        "count": 6
    },
    "Joules": {
        "mean": 9438.411460536718,
        "median": 9438.411460536718,
        "std": 0.0,
        "max": 9438.411460536718,
        "min": 9438.411460536718,
        "count": 6
    },
    "JoulesNormalized": {
        "mean": 4165.10464065671,
        "median": 4165.10464065671,
        "std": 0.0,
        "max": 4165.10464065671,
        "min": 4165.10464065671,
        "count": 6
    },
    "NrExecutions": 6,
    "ExecutionsIds": [
        "s0",
        "s1",
        "s2",
        "s3",
        "s4",
        "s5"
    ],
    "ExecutionsInferenceIds": [
        "s0",
        "s1"
    ],
    "NrExecutionsInference": 2,
    "ExecutionTime_Per_PatchMedian": [
        8.384823560714722,
        16.274516582489014,
        24.164209604263306,
        32.0539026260376,
        39.94359564781189,
        47.83328866958618,
        55.722981691360474,
        63.612674713134766,
        71.50236773490906,
        79.39206075668335
    ],
    "Joules_Per_PatchMedian": [
        1312.5539327144622,
        2215.42699136138,
        3118.300050008297,
        4021.1731086552145,
        4924.046167302132,
        5826.919225949049,
        6729.7922845959665,
        7632.665343242884,
        8535.5384018898,
        9438.411460536718
    ],
    "JoulesNormalized_Per_PatchMedian": [
        449.50985618233676,
        862.3537211239337,
        1275.1975860655307,
        1688.0414510071278,
        2100.885315948725,
        2513.729180890322,
        2926.573045831919,
        3339.416910773516,
        3752.260775715113,
        4165.10464065671
    ],
    "Inf_ExecutionTime": {
        "mean": 0.4951305389404297,
        "median": 0.4951305389404297,
        "std": 0.03538143638792532,
        "max": 0.5201489925384521,
        "min": 0.4701120853424072,
        "count": 2
    },
    "Inf_Joules": {
        "mean": 409.6808740675449,
        "median": 409.6808740675449,
        "std": 31.7825740519836,
        "max": 432.15454770326613,
        "min": 387.2072004318237,
        "count": 2
    },
    "Inf_JoulesNormalized": {
        "mean": 36.66599124073977,
        "median": 36.66599124073977,
        "std": 2.8225490976599352,
        "max": 38.66183484792708,
        "min": 34.67014763355246,
        "count": 2
    },
    "Val_ExecutionTime": [
        7.889693021774292,
        15.779386043548584,
        23.669079065322876,
        31.558772087097168,
        39.44846510887146,
        47.33815813064575,
        55.227851152420044,
        63.117544174194336,
        71.00723719596863,
        78.89693021774292
    ],
    "Val_Joules": [
        902.8730586469173,
        1805.746117293835,
        2708.619175940752,
        3611.4922345876694,
        4514.365293234587,
        5417.238351881504,
        6320.111410528421,
        7222.984469175339,
        8125.857527822255,
        9028.730586469173
    ],
    "Val_JoulesNormalized": [
        412.84386494159696,
        825.6877298831939,
        1238.531594824791,
        1651.375459766388,
        2064.219324707985,
        2477.063189649582,
        2889.907054591179,
        3302.750919532776,
        3715.5947844743732,
        4128.438649415971
    ],
    "NrPatches": {
        "median": 0,
        "std": 0.0,
        "max": 0,
        "min": 0
    },
    "Correctness_Per_Patch": [
        "W",
        "W",
        "W",
        "W",
        "W",
        "W",
        "W",
        "W",
        "W",
        "W"
    ],
    "Correctness_Per_Patch_original": [
        "wrong",
        "uncompilable",
        "wrong",
        "wrong",
        "wrong",
        "uncompilable",
        "uncompilable",
        "wrong",
        "wrong",
        "wrong"
    ],
    "patches": [],
    "Correctness_Per_Patch_origina": [
        "wrong",
        "uncompilable",
        "wrong",
        "wrong",
        "wrong",
        "uncompilable",
        "uncompilable",
        "wrong",
        "wrong",
        "wrong"
    ]
}