{
    "TOOL_BUG_ID": "codegen_350M-Closure-73",
    "Time": {
        "mean": 112.9127002954483,
        "median": 112.56018924713135,
        "std": 2.1359460313947216,
        "max": 116.9194895029068,
        "min": 111.11895716190338,
        "count": 6
    },
    "Joules": {
        "mean": 13741.852049956717,
        "median": 13558.619922500846,
        "std": 499.5332984995606,
        "max": 14398.276229745148,
        "min": 13279.095269602532,
        "count": 6
    },
    "JoulesNormalized": {
        "mean": 5533.53297257622,
        "median": 5777.5200155437,
        "std": 406.4196987905512,
        "max": 5818.477972847223,
        "min": 5007.521003836393,
        "count": 6
    },
    "NrExecutions": 6,
    "ExecutionsIds": [
        "s0",
        "s1",
        "s2",
        "s3",
        "s4",
        "s5"
    ],
    "ExecutionsInferenceIds": [
        "s0",
        "s1"
    ],
    "NrExecutionsInference": 2,
    "ExecutionTime_Per_PatchMedian": [
        4.661131501197815,
        49.320173382759094,
        52.32982790470123,
        55.31012535095215,
        57.31026577949524,
        60.330331921577454,
        104.98937380313873,
        107.98993873596191,
        109.97981226444244,
        112.56018924713135
    ],
    "Joules_Per_PatchMedian": [
        972.4705405056477,
        6289.842350387572,
        6618.497019344567,
        6913.395113247632,
        7087.3553817391385,
        7417.099051338433,
        12734.470861220358,
        13068.586762505767,
        13229.675699627398,
        13558.619922500846
    ],
    "JoulesNormalized_Per_PatchMedian": [
        218.19274288415912,
        2683.1932054162025,
        2792.1784209012985,
        2902.2046319544315,
        2954.917460244894,
        3063.4580903708934,
        5528.458552902937,
        5647.554801887274,
        5685.459707719087,
        5777.5200155437
    ],
    "Inf_ExecutionTime": {
        "mean": 0.6809509992599487,
        "median": 0.6809509992599487,
        "std": 0.9630101384649309,
        "max": 1.3619019985198975,
        "min": 0,
        "count": 2
    },
    "Inf_Joules": {
        "mean": 602.2309407413006,
        "median": 602.2309407413006,
        "std": 851.683164077055,
        "max": 1204.4618814826013,
        "min": 0,
        "count": 2
    },
    "Inf_JoulesNormalized": {
        "mean": 98.59958168864256,
        "median": 98.59958168864256,
        "std": 139.44086566839218,
        "max": 197.19916337728512,
        "min": 0,
        "count": 2
    },
    "Val_ExecutionTime": [
        3.980180501937866,
        48.639222383499146,
        51.648876905441284,
        54.6291743516922,
        56.62931478023529,
        59.649380922317505,
        104.30842280387878,
        107.30898773670197,
        109.2988612651825,
        111.8792382478714
    ],
    "Val_Joules": [
        370.2395997643471,
        5687.611409646272,
        6016.266078603267,
        6311.164172506331,
        6485.124440997838,
        6814.868110597133,
        12132.239920479056,
        12466.355821764466,
        12627.444758886097,
        12956.388981759545
    ],
    "Val_JoulesNormalized": [
        119.59316119551656,
        2584.59362372756,
        2693.578839212656,
        2803.605050265789,
        2856.3178785562513,
        2964.858508682251,
        5429.858971214295,
        5548.955220198632,
        5586.860126030445,
        5678.920433855057
    ],
    "NrPatches": {
        "median": 2,
        "std": 0.0,
        "max": 2,
        "min": 2
    },
    "Correctness_Per_Patch": [
        "W",
        "C",
        "W",
        "W",
        "W",
        "W",
        "I",
        "W",
        "W",
        "W"
    ],
    "Correctness_Per_Patch_original": [
        "wrong",
        "plausible",
        "wrong",
        "wrong",
        "uncompilable",
        "wrong",
        "plausible",
        "wrong",
        "uncompilable",
        "wrong"
    ],
    "patches": [
        "            if (c > 0x1f && c < 0x7f) {\n",
        "            if (c > 0x1f && c <= 0x7e) {\n"
    ],
    "Correctness_Per_Patch_origina": [
        "wrong",
        "plausible",
        "wrong",
        "wrong",
        "uncompilable",
        "wrong",
        "plausible",
        "wrong",
        "uncompilable",
        "wrong"
    ]
}