{
    "TOOL_BUG_ID": "codet5_large-Closure-86",
    "Time": {
        "mean": 387.96087527275085,
        "median": 387.96087527275085,
        "std": 0.0,
        "max": 387.96087527275085,
        "min": 387.96087527275085,
        "count": 6
    },
    "Joules": {
        "mean": 47877.47593925,
        "median": 47877.47593925,
        "std": 0.0,
        "max": 47877.47593925,
        "min": 47877.47593925,
        "count": 6
    },
    "JoulesNormalized": {
        "mean": 21955.28771705628,
        "median": 21955.28771705628,
        "std": 0.0,
        "max": 21955.28771705628,
        "min": 21955.28771705628,
        "count": 6
    },
    "NrExecutions": 6,
    "ExecutionsIds": [
        "s0",
        "s1",
        "s2",
        "s3",
        "s4",
        "s5"
    ],
    "ExecutionsInferenceIds": [
        "s0",
        "s1"
    ],
    "NrExecutionsInference": 2,
    "ExecutionTime_Per_PatchMedian": [
        40.29906463623047,
        78.92815470695496,
        117.55724477767944,
        156.18633484840393,
        194.81542491912842,
        233.4445149898529,
        272.0736050605774,
        310.7026951313019,
        349.33178520202637,
        387.96087527275085
    ],
    "Joules_Per_PatchMedian": [
        6213.205218547582,
        10842.568631958962,
        15471.93204537034,
        20101.29545878172,
        24730.658872193097,
        29360.022285604475,
        33989.38569901585,
        38618.749112427235,
        43248.11252583862,
        47877.47593925
    ],
    "JoulesNormalized_Per_PatchMedian": [
        2472.4279459893705,
        4637.1901427745825,
        6801.952339559794,
        8966.714536345007,
        11131.47673313022,
        13296.238929915431,
        15461.001126700643,
        17625.763323485855,
        19790.52552027107,
        21955.28771705628
    ],
    "Inf_ExecutionTime": {
        "mean": 1.6699745655059814,
        "median": 1.6699745655059814,
        "std": 0.19883770450639116,
        "max": 1.8105740547180176,
        "min": 1.5293750762939453,
        "count": 2
    },
    "Inf_Joules": {
        "mean": 1583.8418051362037,
        "median": 1583.8418051362037,
        "std": 193.048060356073,
        "max": 1720.347397708893,
        "min": 1447.3362125635147,
        "count": 2
    },
    "Inf_JoulesNormalized": {
        "mean": 307.66574920415883,
        "median": 307.66574920415883,
        "std": 37.22930610702615,
        "max": 333.99084401130676,
        "min": 281.3406543970109,
        "count": 2
    },
    "Val_ExecutionTime": [
        38.62909007072449,
        77.25818014144897,
        115.88727021217346,
        154.51636028289795,
        193.14545035362244,
        231.77454042434692,
        270.4036304950714,
        309.0327205657959,
        347.6618106365204,
        386.2909007072449
    ],
    "Val_Joules": [
        4629.363413411378,
        9258.726826822758,
        13888.090240234136,
        18517.453653645516,
        23146.817067056894,
        27776.180480468272,
        32405.54389387965,
        37034.90730729103,
        41664.270720702414,
        46293.634134113796
    ],
    "Val_JoulesNormalized": [
        2164.762196785212,
        4329.524393570424,
        6494.286590355636,
        8659.048787140848,
        10823.81098392606,
        12988.573180711272,
        15153.335377496483,
        17318.097574281695,
        19482.85977106691,
        21647.62196785212
    ],
    "NrPatches": {
        "median": 5,
        "std": 0.0,
        "max": 5,
        "min": 5
    },
    "Correctness_Per_Patch": [
        "C",
        "W",
        "I",
        "I",
        "W",
        "W",
        "I",
        "I",
        "W",
        "W"
    ],
    "Correctness_Per_Patch_original": [
        "plausible",
        "uncompilable",
        "plausible",
        "plausible",
        "wrong",
        "uncompilable",
        "plausible",
        "plausible",
        "uncompilable",
        "wrong"
    ],
    "patches": [
        "        return false;\n",
        "        {\n            return false;\n        }\n",
        "        if (value.isQualifiedName()) {\n            return true;\n        } else {\n            return false;\n        }\n",
        "        if (locals.apply(value)) {\n            return true;\n        } else {\n            return false;\n        }\n",
        "        if (isSimpleOperator(value)) {\n            return true;\n        } else {\n            return false;\n        }\n"
    ],
    "Correctness_Per_Patch_origina": [
        "plausible",
        "uncompilable",
        "plausible",
        "plausible",
        "wrong",
        "uncompilable",
        "plausible",
        "plausible",
        "uncompilable",
        "wrong"
    ]
}