{
    "TOOL_BUG_ID": "codegen_2B-Closure-40",
    "Time": {
        "mean": 140.3018933137258,
        "median": 140.30205464363098,
        "std": 2.119498345237379,
        "max": 142.921546459198,
        "min": 136.98217272758484,
        "count": 6
    },
    "Joules": {
        "mean": 21358.992763390142,
        "median": 21537.72303452492,
        "std": 618.2689326055419,
        "max": 22066.700052326913,
        "min": 20388.371708136798,
        "count": 6
    },
    "JoulesNormalized": {
        "mean": 7648.143863437574,
        "median": 7300.904574745893,
        "std": 648.4602913501129,
        "max": 8539.597668522596,
        "min": 7087.258370190858,
        "count": 6
    },
    "NrExecutions": 6,
    "ExecutionsIds": [
        "s1",
        "s2",
        "s3",
        "s4",
        "s5",
        "s6"
    ],
    "ExecutionsInferenceIds": [
        "s0",
        "s1"
    ],
    "NrExecutionsInference": 2,
    "ExecutionTime_Per_PatchMedian": [
        57.803688049316406,
        60.7836309671402,
        63.78372001647949,
        66.76405239105225,
        69.76387786865234,
        123.16279339790344,
        132.17244863510132,
        135.1723212003708,
        138.16207718849182,
        140.30205464363098
    ],
    "Joules_Per_PatchMedian": [
        10908.623038047552,
        11334.678765201568,
        11762.82307780981,
        12183.157223063707,
        12608.313676792382,
        19078.472651201486,
        20428.99554092288,
        20862.403136759996,
        21224.86489542127,
        21537.72303452492
    ],
    "JoulesNormalized_Per_PatchMedian": [
        3993.9192451119425,
        4022.339071208239,
        4048.1756087243557,
        4070.555121028423,
        4095.082042324543,
        7126.219183069468,
        7226.1592184126375,
        7250.915909510851,
        7276.5675349712365,
        7300.904574745893
    ],
    "Inf_ExecutionTime": {
        "mean": 4.404772520065308,
        "median": 4.404772520065308,
        "std": 0.8812990317324964,
        "max": 5.027945041656494,
        "min": 3.781599998474121,
        "count": 2
    },
    "Inf_Joules": {
        "mean": 4438.464063638448,
        "median": 4438.464063638448,
        "std": 788.1960346449981,
        "max": 4995.802824640274,
        "min": 3881.1253026366235,
        "count": 2
    },
    "Inf_JoulesNormalized": {
        "mean": 962.7821043670174,
        "median": 962.7821043670174,
        "std": 31.43649747859803,
        "max": 985.0110649108879,
        "min": 940.5531438231469,
        "count": 2
    },
    "Val_ExecutionTime": [
        53.3989155292511,
        56.37885844707489,
        59.378947496414185,
        62.35927987098694,
        65.35910534858704,
        118.75802087783813,
        127.76767611503601,
        130.76754868030548,
        133.7573046684265,
        135.89728212356567
    ],
    "Val_Joules": [
        6470.158974409103,
        6896.21470156312,
        7324.359014171361,
        7744.693159425258,
        8169.849613153934,
        14640.008587563038,
        15990.531477284432,
        16423.939073121546,
        16786.40083178282,
        17099.25897088647
    ],
    "Val_JoulesNormalized": [
        3031.137140744925,
        3059.5569668412218,
        3085.3935043573383,
        3107.7730166614056,
        3132.299937957526,
        6163.437078702451,
        6263.37711404562,
        6288.133805143833,
        6313.785430604219,
        6338.122470378876
    ],
    "NrPatches": {
        "median": 2,
        "std": 0.0,
        "max": 2,
        "min": 2
    },
    "Correctness_Per_Patch": [
        "C",
        "W",
        "W",
        "W",
        "W",
        "C",
        "W",
        "W",
        "W",
        "W"
    ],
    "Correctness_Per_Patch_original": [
        "plausible",
        "uncompilable",
        "uncompilable",
        "uncompilable",
        "uncompilable",
        "plausible",
        "wrong",
        "uncompilable",
        "uncompilable",
        "uncompilable"
    ],
    "patches": [
        "        JsName name = getName(ns.name, true);\n",
        "    JsName name = getName(ns.name, true);\n"
    ],
    "Correctness_Per_Patch_origina": [
        "plausible",
        "uncompilable",
        "uncompilable",
        "uncompilable",
        "uncompilable",
        "plausible",
        "wrong",
        "uncompilable",
        "uncompilable",
        "uncompilable"
    ]
}