{
    "TOOL_BUG_ID": "codegen_6B-Closure-55",
    "Time": {
        "mean": 132.63211266199747,
        "median": 133.13504338264465,
        "std": 1.9627117823565265,
        "max": 134.34518146514893,
        "min": 129.2464108467102,
        "count": 6
    },
    "Joules": {
        "mean": 17973.24701583028,
        "median": 17714.492245891095,
        "std": 854.6438014464883,
        "max": 19130.25300436854,
        "min": 16881.146847959757,
        "count": 6
    },
    "JoulesNormalized": {
        "mean": 6514.6408008531735,
        "median": 6437.484630260467,
        "std": 384.9093434766356,
        "max": 7244.2010552203665,
        "min": 6181.213436821699,
        "count": 6
    },
    "NrExecutions": 6,
    "ExecutionsIds": [
        "s0",
        "s1",
        "s2",
        "s3",
        "s4",
        "s5"
    ],
    "ExecutionsInferenceIds": [
        "s0",
        "s1"
    ],
    "NrExecutionsInference": 2,
    "ExecutionTime_Per_PatchMedian": [
        4.808724403381348,
        56.127376556396484,
        61.11690962314606,
        66.1166365146637,
        69.10732853412628,
        74.09719443321228,
        77.08690297603607,
        79.59690809249878,
        130.91556024551392,
        133.13504338264465
    ],
    "Joules_Per_PatchMedian": [
        2370.8390568816667,
        8399.43345213771,
        9048.759457912445,
        9701.636454781295,
        10078.570656892063,
        10728.6145159328,
        11103.387281342746,
        11424.861243399384,
        17453.455638655425,
        17714.492245891095
    ],
    "JoulesNormalized_Per_PatchMedian": [
        401.4997419393063,
        3207.9310411787037,
        3297.376139394045,
        3389.2708936667445,
        3429.6638580656054,
        3519.8608100509646,
        3559.218881473542,
        3598.9923126554495,
        6405.4236118948465,
        6437.484630260467
    ],
    "Inf_ExecutionTime": {
        "mean": 1.8089404106140137,
        "median": 1.8089404106140137,
        "std": 1.1440144998419985,
        "max": 2.6178808212280273,
        "min": 1.0,
        "count": 2
    },
    "Inf_Joules": {
        "mean": 1989.4868493163588,
        "median": 1989.4868493163588,
        "std": 1270.9280595617283,
        "max": 2888.168698632717,
        "min": 1090.8050000000003,
        "count": 2
    },
    "Inf_JoulesNormalized": {
        "mean": 356.79769819140444,
        "median": 356.79769819140444,
        "std": 215.67138408077477,
        "max": 509.3003963828087,
        "min": 204.2950000000002,
        "count": 2
    },
    "Val_ExecutionTime": [
        2.999783992767334,
        54.31843614578247,
        59.30796921253204,
        64.30769610404968,
        67.29838812351227,
        72.28825402259827,
        75.27796256542206,
        77.78796768188477,
        129.1066198348999,
        131.32610297203064
    ],
    "Val_Joules": [
        381.3522075653077,
        6409.946602821351,
        7059.272608596088,
        7712.149605464937,
        8089.083807575705,
        8739.127666616441,
        9113.900432026387,
        9435.374394083025,
        15463.968789339066,
        15725.005396574736
    ],
    "Val_JoulesNormalized": [
        44.70204374790188,
        2851.1333429872993,
        2940.5784412026405,
        3032.47319547534,
        3072.866159874201,
        3163.06311185956,
        3202.4211832821375,
        3242.194614464045,
        6048.625913703442,
        6080.686932069064
    ],
    "NrPatches": {
        "median": 0,
        "std": 0.0,
        "max": 0,
        "min": 0
    },
    "Correctness_Per_Patch": [
        "W",
        "W",
        "W",
        "W",
        "W",
        "W",
        "W",
        "W",
        "W",
        "W"
    ],
    "Correctness_Per_Patch_original": [
        "uncompilable",
        "wrong",
        "wrong",
        "wrong",
        "uncompilable",
        "wrong",
        "uncompilable",
        "uncompilable",
        "wrong",
        "uncompilable"
    ],
    "patches": [],
    "Correctness_Per_Patch_origina": [
        "uncompilable",
        "wrong",
        "wrong",
        "wrong",
        "uncompilable",
        "wrong",
        "uncompilable",
        "uncompilable",
        "wrong",
        "uncompilable"
    ]
}