{
    "TOOL_BUG_ID": "codet5_large-Mockito-5",
    "Time": {
        "mean": 166.3490291039149,
        "median": 121.00697255134583,
        "std": 112.14694837616348,
        "max": 395.2597827911377,
        "min": 119.40633964538574,
        "count": 6
    },
    "Joules": {
        "mean": 22727.70051095883,
        "median": 17678.121074235438,
        "std": 12690.287003154373,
        "max": 48622.563343071946,
        "min": 17151.81165549755,
        "count": 6
    },
    "JoulesNormalized": {
        "mean": 10565.93636760314,
        "median": 9219.129036551712,
        "std": 6568.9891825901805,
        "max": 23124.60452899932,
        "min": 3489.8269138336163,
        "count": 6
    },
    "NrExecutions": 6,
    "ExecutionsIds": [
        "s0",
        "s1",
        "s2",
        "s3",
        "s4",
        "s5"
    ],
    "ExecutionsInferenceIds": [
        "s0",
        "s1"
    ],
    "NrExecutionsInference": 2,
    "ExecutionTime_Per_PatchMedian": [
        13.079403400421143,
        25.479454040527344,
        37.468873023986816,
        49.38852906227112,
        61.36830401420593,
        73.54787921905518,
        85.48787760734558,
        97.43754315376282,
        109.40735852718353,
        121.00697255134583
    ],
    "Joules_Per_PatchMedian": [
        2742.008476656675,
        4454.227113622426,
        6111.410388731956,
        7759.536165857315,
        9406.083465218544,
        11114.130251371858,
        12762.578138804434,
        14415.318198883531,
        16068.039623594283,
        17678.121074235438
    ],
    "JoulesNormalized_Per_PatchMedian": [
        1105.469173800945,
        2008.6693517982958,
        2920.640633153915,
        3822.65704870224,
        4715.406285458803,
        5644.761531859636,
        6547.783840918541,
        7453.639799207449,
        8350.527577143908,
        9219.129036551712
    ],
    "Inf_ExecutionTime": {
        "mean": 1.169677495956421,
        "median": 1.169677495956421,
        "std": 0.18423331573518426,
        "max": 1.299950122833252,
        "min": 1.0394048690795898,
        "count": 2
    },
    "Inf_Joules": {
        "mean": 1084.0301553249358,
        "median": 1084.0301553249358,
        "std": 190.16899404572183,
        "max": 1218.49994058609,
        "min": 949.5603700637818,
        "count": 2
    },
    "Inf_JoulesNormalized": {
        "mean": 195.42435715198502,
        "median": 195.42435715198502,
        "std": 40.64977913338271,
        "max": 224.16809163093535,
        "min": 166.6806226730347,
        "count": 2
    },
    "Val_ExecutionTime": [
        11.909725904464722,
        24.309776544570923,
        36.299195528030396,
        48.2188515663147,
        60.19862651824951,
        72.37820172309875,
        84.31820011138916,
        96.2678656578064,
        108.23768103122711,
        119.8372950553894
    ],
    "Val_Joules": [
        1657.9783213317394,
        3370.196958297491,
        5027.380233407021,
        6675.506010532379,
        8322.053309893607,
        10030.100096046925,
        11678.547983479499,
        13331.288043558596,
        14984.009468269345,
        16594.0909189105
    ],
    "Val_JoulesNormalized": [
        910.04481664896,
        1813.2449946463107,
        2725.21627600193,
        3627.2326915502545,
        4519.981928306818,
        5449.337174707651,
        6352.359483766555,
        7258.215442055463,
        8155.103219991923,
        9023.704679399729
    ],
    "NrPatches": {
        "median": 0,
        "std": 0.0,
        "max": 0,
        "min": 0
    },
    "Correctness_Per_Patch": [
        "W",
        "W",
        "W",
        "W",
        "W",
        "W",
        "W",
        "W",
        "W",
        "W"
    ],
    "Correctness_Per_Patch_original": [
        "uncompilable",
        "uncompilable",
        "uncompilable",
        "uncompilable",
        "uncompilable",
        "uncompilable",
        "uncompilable",
        "uncompilable",
        "uncompilable",
        "uncompilable"
    ],
    "patches": [],
    "Correctness_Per_Patch_origina": [
        "uncompilable",
        "uncompilable",
        "uncompilable",
        "uncompilable",
        "uncompilable",
        "uncompilable",
        "uncompilable",
        "uncompilable",
        "uncompilable",
        "uncompilable"
    ]
}