{
    "TOOL_BUG_ID": "codet5_base-Closure-130",
    "Time": {
        "mean": 55.46915006637573,
        "median": 25.3301500082016,
        "std": 74.74850333087551,
        "max": 208.02594017982483,
        "min": 23.149487018585205,
        "count": 6
    },
    "Joules": {
        "mean": 7505.020751044154,
        "median": 3901.3489309132096,
        "std": 8962.712831335597,
        "max": 25787.846765327457,
        "min": 3527.440392750502,
        "count": 6
    },
    "JoulesNormalized": {
        "mean": 2773.25932075282,
        "median": 1305.3189158320426,
        "std": 4421.057999799027,
        "max": 11757.01167459488,
        "min": 447.13248643279076,
        "count": 6
    },
    "NrExecutions": 6,
    "ExecutionsIds": [
        "s0",
        "s1",
        "s2",
        "s3",
        "s4",
        "s5"
    ],
    "ExecutionsInferenceIds": [
        "s0",
        "s1"
    ],
    "NrExecutionsInference": 2,
    "ExecutionTime_Per_PatchMedian": [
        3.0499554872512817,
        6.030067086219788,
        9.019523620605469,
        12.009346008300781,
        14.00959849357605,
        17.009431958198547,
        19.499573469161987,
        21.489930510520935,
        23.48960316181183,
        25.3301500082016
    ],
    "Joules_Per_PatchMedian": [
        1203.3033442795277,
        1551.935316056013,
        1909.1066990315917,
        2261.8965164124966,
        2551.123616695404,
        2909.5667031884195,
        3160.2792651474474,
        3413.064232301712,
        3665.2345662295816,
        3901.3489309132096
    ],
    "JoulesNormalized_Per_PatchMedian": [
        250.89475883841516,
        366.14893938899036,
        478.246277976036,
        589.2486112892627,
        720.4700790822505,
        837.2047434091568,
        948.3880376338959,
        1059.192535239458,
        1183.2405717015267,
        1305.3189158320426
    ],
    "Inf_ExecutionTime": {
        "mean": 1.0498955249786377,
        "median": 1.0498955249786377,
        "std": 0.04237747606594564,
        "max": 1.0798609256744385,
        "min": 1.019930124282837,
        "count": 2
    },
    "Inf_Joules": {
        "mean": 944.342989474535,
        "median": 944.342989474535,
        "std": 45.27279923341616,
        "max": 976.3556928157807,
        "min": 912.3302861332893,
        "count": 2
    },
    "Inf_JoulesNormalized": {
        "mean": 142.0309191763401,
        "median": 142.0309191763401,
        "std": 8.58631794897824,
        "max": 148.10236282348637,
        "min": 135.9594755291938,
        "count": 2
    },
    "Val_ExecutionTime": [
        2.000059962272644,
        4.98017156124115,
        7.969628095626831,
        10.959450483322144,
        12.959702968597412,
        15.95953643321991,
        18.44967794418335,
        20.440034985542297,
        22.43970763683319,
        24.28025448322296
    ],
    "Val_Joules": [
        258.9603548049927,
        607.5923265814782,
        964.7637095570566,
        1317.5535269379616,
        1606.780627220869,
        1965.2237137138843,
        2215.9362756729124,
        2468.721242827177,
        2720.8915767550466,
        2957.0059414386747
    ],
    "Val_JoulesNormalized": [
        108.86383966207505,
        224.1180202126503,
        336.215358799696,
        447.2176921129227,
        578.4391599059105,
        695.1738242328166,
        806.3571184575558,
        917.1616160631179,
        1041.2096525251864,
        1163.2879966557025
    ],
    "NrPatches": {
        "median": 0,
        "std": 0.0,
        "max": 0,
        "min": 0
    },
    "Correctness_Per_Patch": [
        "W",
        "W",
        "W",
        "W",
        "W",
        "W",
        "W",
        "W",
        "W",
        "W"
    ],
    "Correctness_Per_Patch_original": [
        "uncompilable",
        "uncompilable",
        "uncompilable",
        "uncompilable",
        "uncompilable",
        "uncompilable",
        "uncompilable",
        "uncompilable",
        "uncompilable",
        "uncompilable"
    ],
    "patches": [],
    "Correctness_Per_Patch_origina": [
        "uncompilable",
        "uncompilable",
        "uncompilable",
        "uncompilable",
        "uncompilable",
        "uncompilable",
        "uncompilable",
        "uncompilable",
        "uncompilable",
        "uncompilable"
    ]
}