{
    "Group_ID": "s_1223_1224",
    "TOOL_BUG_ID": "TBar10C-Time-26",
    "patch_correctness": true,
    "ExecutionsIds": [
        "1223",
        "1224"
    ],
    "NrExecutions": 2,
    "NrOutliers": 0,
    "SLB": {
        "median": 64.3,
        "std": 2.545584412271567,
        "max": 66.1,
        "min": 62.5
    },
    "PowerAvg": {
        "median": 110.7,
        "std": 5.374011537017757,
        "max": 114.5,
        "min": 106.9
    },
    "Time": {
        "median": 417.8908715248108,
        "std": 431.9071475064136,
        "max": 793.3827049732208,
        "min": 43.67947745323181
    },
    "Joules": {
        "median": 45249.386741679904,
        "std": 48145.91335178874,
        "max": 91078.30238386392,
        "min": 4720.319855082034
    },
    "JoulesNormalized": {
        "median": 18980.184372669453,
        "std": 20356.413026036018,
        "max": 38785.114845478536,
        "min": 1990.3525142550466
    },
    "NrPatches": {
        "median": 63.0,
        "std": 61.19912853410033,
        "max": 116,
        "min": 10
    },
    "Joules_Per_PatchMedian": [
        248.74934492111208,
        395.1116141498089,
        544.5555686175823,
        694.1002456128597,
        842.7941230893134,
        991.6739648520945,
        1150.6199901998043,
        2967.9350673019885,
        3113.128343236446,
        4928.014548826217
    ],
    "ExecutionTime_Per_PatchMedian": [
        2.130123496055603,
        3.3801640272140503,
        4.670196056365967,
        5.960280179977417,
        7.230242729187012,
        8.51017415523529,
        9.880065202713013,
        26.439809799194336,
        27.689844727516174,
        44.16943371295929
    ],
    "JoulesNormalized_Per_PatchMedian": [
        111.72831684350969,
        177.7308189690113,
        244.24368154406545,
        310.85398542284963,
        377.90729714632033,
        444.52370589375494,
        515.4396323382855,
        1267.3875847637653,
        1332.2576184034347,
        2087.0380398154257
    ],
    "Correctness_Per_Patch": [
        "W",
        "W",
        "W",
        "W",
        "W",
        "W",
        "W",
        "W",
        "W",
        "W"
    ],
    "Correctness_Per_Patch_original": [
        "uncompilable",
        "uncompilable",
        "uncompilable",
        "uncompilable",
        "uncompilable",
        "uncompilable",
        "uncompilable",
        "uncompilable",
        "uncompilable",
        "uncompilable"
    ]
}