{
    "TOOL_BUG_ID": "incoder_6B-Lang-26",
    "Time": {
        "mean": 89.88974642753601,
        "median": 89.88974642753601,
        "std": 0.0,
        "max": 89.88974642753601,
        "min": 89.88974642753601,
        "count": 5
    },
    "Joules": {
        "mean": 8980.210560017824,
        "median": 8980.210560017824,
        "std": 0.0,
        "max": 8980.210560017824,
        "min": 8980.210560017824,
        "count": 5
    },
    "JoulesNormalized": {
        "mean": 2212.5644793093206,
        "median": 2212.5644793093206,
        "std": 0.0,
        "max": 2212.5644793093206,
        "min": 2212.5644793093206,
        "count": 5
    },
    "NrExecutions": 5,
    "ExecutionsIds": [
        "s0",
        "s1",
        "s2",
        "s3",
        "s4"
    ],
    "ExecutionsInferenceIds": [
        "s0",
        "s1"
    ],
    "NrExecutionsInference": 2,
    "ExecutionTime_Per_PatchMedian": [
        10.154623627662659,
        19.014081716537476,
        27.873539805412292,
        36.73299789428711,
        45.592455983161926,
        54.45191407203674,
        63.31137216091156,
        72.17083024978638,
        81.0302883386612,
        89.88974642753601
    ],
    "Joules_Per_PatchMedian": [
        2166.706941318512,
        2923.762898951769,
        3680.818856585026,
        4437.874814218283,
        5194.93077185154,
        5951.986729484797,
        6709.042687118054,
        7466.098644751311,
        8223.154602384568,
        8980.210560017824
    ],
    "JoulesNormalized_Per_PatchMedian": [
        433.12393380999555,
        630.8395499765873,
        828.5551661431789,
        1026.2707823097705,
        1223.9863984763622,
        1421.7020146429538,
        1619.4176308095455,
        1817.1332469761371,
        2014.8488631427288,
        2212.5644793093206
    ],
    "Inf_ExecutionTime": {
        "mean": 1.2951655387878418,
        "median": 1.2951655387878418,
        "std": 0.27627866113509597,
        "max": 1.4905240535736084,
        "min": 1.0998070240020752,
        "count": 2
    },
    "Inf_Joules": {
        "mean": 1409.6509836852551,
        "median": 1409.6509836852551,
        "std": 318.035912649872,
        "max": 1634.536334180832,
        "min": 1184.765633189678,
        "count": 2
    },
    "Inf_JoulesNormalized": {
        "mean": 235.4083176434039,
        "median": 235.4083176434039,
        "std": 72.47436491108132,
        "max": 286.6554325342179,
        "min": 184.16120275258993,
        "count": 2
    },
    "Val_ExecutionTime": [
        8.859458088874817,
        17.718916177749634,
        26.57837426662445,
        35.43783235549927,
        44.297290444374084,
        53.1567485332489,
        62.01620662212372,
        70.87566471099854,
        79.73512279987335,
        88.59458088874817
    ],
    "Val_Joules": [
        757.0559576332566,
        1514.1119152665137,
        2271.167872899771,
        3028.223830533028,
        3785.279788166285,
        4542.335745799543,
        5299.391703432799,
        6056.447661066057,
        6813.503618699313,
        7570.559576332569
    ],
    "Val_JoulesNormalized": [
        197.71561616659164,
        395.43123233318335,
        593.1468484997749,
        790.8624646663666,
        988.5780808329582,
        1186.2936969995499,
        1384.0093131661415,
        1581.7249293327332,
        1779.4405454993248,
        1977.1561616659167
    ],
    "NrPatches": {
        "median": 0,
        "std": 0.0,
        "max": 0,
        "min": 0
    },
    "Correctness_Per_Patch": [
        "W",
        "W",
        "W",
        "W",
        "W",
        "W",
        "W",
        "W",
        "W",
        "W"
    ],
    "Correctness_Per_Patch_original": [
        "wrong",
        "uncompilable",
        "wrong",
        "wrong",
        "wrong",
        "uncompilable",
        "uncompilable",
        "uncompilable",
        "uncompilable",
        "uncompilable"
    ],
    "patches": [],
    "Correctness_Per_Patch_origina": [
        "wrong",
        "uncompilable",
        "wrong",
        "wrong",
        "wrong",
        "uncompilable",
        "uncompilable",
        "uncompilable",
        "uncompilable",
        "uncompilable"
    ]
}