{
    "TOOL_BUG_ID": "codet5_base-Chart-12",
    "Time": {
        "mean": 102.49616706371307,
        "median": 102.49616706371307,
        "std": 0.0,
        "max": 102.49616706371307,
        "min": 102.49616706371307,
        "count": 6
    },
    "Joules": {
        "mean": 11855.071867597104,
        "median": 11855.071867597104,
        "std": 0.0,
        "max": 11855.071867597104,
        "min": 11855.071867597104,
        "count": 6
    },
    "JoulesNormalized": {
        "mean": 4981.463399624825,
        "median": 4981.463399624825,
        "std": 0.0,
        "max": 4981.463399624825,
        "min": 4981.463399624825,
        "count": 6
    },
    "NrExecutions": 6,
    "ExecutionsIds": [
        "s0",
        "s1",
        "s2",
        "s3",
        "s4",
        "s5"
    ],
    "ExecutionsInferenceIds": [
        "s0",
        "s1"
    ],
    "NrExecutionsInference": 2,
    "ExecutionTime_Per_PatchMedian": [
        10.695024013519287,
        20.895151019096375,
        31.095278024673462,
        41.29540503025055,
        51.49553203582764,
        61.695659041404724,
        71.89578604698181,
        82.0959130525589,
        92.29604005813599,
        102.49616706371307
    ],
    "Joules_Per_PatchMedian": [
        1581.920161449909,
        2723.38146213293,
        3864.8427628159516,
        5006.304063498973,
        6147.765364181994,
        7289.226664865016,
        8430.687965548037,
        9572.14926623106,
        10713.610566914082,
        11855.071867597104
    ],
    "JoulesNormalized_Per_PatchMedian": [
        554.1238113045692,
        1046.0504322290421,
        1537.977053153515,
        2029.903674077988,
        2521.830295002461,
        3013.7569159269337,
        3505.6835368514066,
        3997.6101577758795,
        4489.536778700352,
        4981.463399624825
    ],
    "Inf_ExecutionTime": {
        "mean": 0.4948970079421997,
        "median": 0.4948970079421997,
        "std": 0.006861675524967592,
        "max": 0.49974894523620605,
        "min": 0.49004507064819336,
        "count": 2
    },
    "Inf_Joules": {
        "mean": 440.4588607668877,
        "median": 440.4588607668877,
        "std": 4.5036213740852755,
        "max": 443.6434019804001,
        "min": 437.27431955337534,
        "count": 2
    },
    "Inf_JoulesNormalized": {
        "mean": 62.19719038009646,
        "median": 62.19719038009646,
        "std": 1.113608347192033,
        "max": 62.98463039398189,
        "min": 61.40975036621103,
        "count": 2
    },
    "Val_ExecutionTime": [
        10.200127005577087,
        20.400254011154175,
        30.600381016731262,
        40.80050802230835,
        51.00063502788544,
        61.200762033462524,
        71.40088903903961,
        81.6010160446167,
        91.80114305019379,
        102.00127005577087
    ],
    "Val_Joules": [
        1141.4613006830214,
        2282.9226013660427,
        3424.383902049064,
        4565.845202732085,
        5707.306503415107,
        6848.767804098128,
        7990.2291047811495,
        9131.69040546417,
        10273.151706147193,
        11414.613006830215
    ],
    "Val_JoulesNormalized": [
        491.9266209244728,
        983.8532418489457,
        1475.7798627734187,
        1967.7064836978916,
        2459.6331046223645,
        2951.5597255468374,
        3443.4863464713103,
        3935.412967395783,
        4427.339588320256,
        4919.266209244728
    ],
    "NrPatches": {
        "median": 2,
        "std": 0.0,
        "max": 2,
        "min": 2
    },
    "Correctness_Per_Patch": [
        "W",
        "C",
        "W",
        "W",
        "W",
        "W",
        "W",
        "W",
        "C",
        "W"
    ],
    "Correctness_Per_Patch_original": [
        "uncompilable",
        "plausible",
        "uncompilable",
        "uncompilable",
        "uncompilable",
        "uncompilable",
        "uncompilable",
        "wrong",
        "plausible",
        "uncompilable"
    ],
    "patches": [
        "    this.setDataset(dataset);\n",
        "    setDataset(dataset);\n"
    ],
    "Correctness_Per_Patch_origina": [
        "uncompilable",
        "plausible",
        "uncompilable",
        "uncompilable",
        "uncompilable",
        "uncompilable",
        "uncompilable",
        "wrong",
        "plausible",
        "uncompilable"
    ]
}