{
    "TOOL_BUG_ID": "incoder_6B-Closure-5",
    "Time": {
        "mean": 426.83899966875714,
        "median": 426.819172501564,
        "std": 0.8948584283461372,
        "max": 427.8492637872696,
        "min": 425.8475843667984,
        "count": 6
    },
    "Joules": {
        "mean": 54438.29433761239,
        "median": 54306.548622143266,
        "std": 371.48796162469597,
        "max": 55184.817475879194,
        "min": 54223.017933988565,
        "count": 6
    },
    "JoulesNormalized": {
        "mean": 23606.64021550616,
        "median": 23876.084418493512,
        "std": 455.8866713926122,
        "max": 23924.755252981187,
        "min": 22955.367095291615,
        "count": 6
    },
    "NrExecutions": 6,
    "ExecutionsIds": [
        "s0",
        "s1",
        "s2",
        "s3",
        "s4",
        "s5"
    ],
    "ExecutionsInferenceIds": [
        "s0",
        "s1"
    ],
    "NrExecutionsInference": 2,
    "ExecutionTime_Per_PatchMedian": [
        71.7542210817337,
        76.75313305854797,
        81.74318206310272,
        84.73409354686737,
        152.15318405628204,
        219.57227456569672,
        286.9913650751114,
        291.9809914827347,
        359.40008199214935,
        426.819172501564
    ],
    "Joules_Per_PatchMedian": [
        13024.957569384575,
        13625.353097385167,
        14231.131522756816,
        14549.416351938247,
        22383.000146412847,
        30216.58394088745,
        38050.16773536205,
        38639.38103319406,
        46472.964827668664,
        54306.548622143266
    ],
    "JoulesNormalized_Per_PatchMedian": [
        4847.627801001072,
        5112.702930480242,
        5382.317647171021,
        5507.4044032871725,
        9125.753933399916,
        12744.10346351266,
        16362.452993625404,
        16639.385358268024,
        20257.734888380768,
        23876.084418493512
    ],
    "Inf_ExecutionTime": {
        "mean": 4.335130572319031,
        "median": 4.335130572319031,
        "std": 0.2165634888783149,
        "max": 4.488264083862305,
        "min": 4.181997060775757,
        "count": 2
    },
    "Inf_Joules": {
        "mean": 5191.373774909973,
        "median": 5191.373774909973,
        "std": 279.809467479608,
        "max": 5389.228946805,
        "min": 4993.518603014945,
        "count": 2
    },
    "Inf_JoulesNormalized": {
        "mean": 1229.2782708883283,
        "median": 1229.2782708883283,
        "std": 64.43014188556936,
        "max": 1274.8372611284258,
        "min": 1183.7192806482308,
        "count": 2
    },
    "Val_ExecutionTime": [
        67.41909050941467,
        72.41800248622894,
        77.40805149078369,
        80.39896297454834,
        147.818053483963,
        215.23714399337769,
        282.65623450279236,
        287.64586091041565,
        355.0649514198303,
        422.484041929245
    ],
    "Val_Joules": [
        7833.583794474602,
        8433.979322475196,
        9039.757747846843,
        9358.042577028275,
        17191.626371502873,
        25025.210165977474,
        32858.79396045208,
        33448.007258284095,
        41281.5910527587,
        49115.1748472333
    ],
    "Val_JoulesNormalized": [
        3618.3495301127437,
        3883.4246595919135,
        4153.0393762826925,
        4278.126132398845,
        7896.475662511589,
        11514.825192624332,
        15133.174722737076,
        15410.107087379696,
        19028.45661749244,
        22646.806147605184
    ],
    "NrPatches": {
        "median": 0,
        "std": 0.0,
        "max": 0,
        "min": 0
    },
    "Correctness_Per_Patch": [
        "W",
        "W",
        "W",
        "W",
        "W",
        "W",
        "W",
        "W",
        "W",
        "W"
    ],
    "Correctness_Per_Patch_original": [
        "wrong",
        "wrong",
        "wrong",
        "uncompilable",
        "wrong",
        "wrong",
        "wrong",
        "wrong",
        "wrong",
        "wrong"
    ],
    "patches": [],
    "Correctness_Per_Patch_origina": [
        "wrong",
        "wrong",
        "wrong",
        "uncompilable",
        "wrong",
        "wrong",
        "wrong",
        "wrong",
        "wrong",
        "wrong"
    ]
}