{
    "TOOL_BUG_ID": "incoder_1B-Closure-1",
    "Time": {
        "mean": 684.3354296684265,
        "median": 684.3354296684265,
        "std": 0.0,
        "max": 684.3354296684265,
        "min": 684.3354296684265,
        "count": 5
    },
    "Joules": {
        "mean": 80926.29905545116,
        "median": 80926.29905545116,
        "std": 0.0,
        "max": 80926.29905545116,
        "min": 80926.29905545116,
        "count": 5
    },
    "JoulesNormalized": {
        "mean": 37046.610974425086,
        "median": 37046.610974425086,
        "std": 0.0,
        "max": 37046.610974425086,
        "min": 37046.610974425086,
        "count": 5
    },
    "NrExecutions": 5,
    "ExecutionsIds": [
        "s1",
        "s2",
        "s3",
        "s4",
        "s5"
    ],
    "ExecutionsInferenceIds": [
        "s0",
        "s1"
    ],
    "NrExecutionsInference": 2,
    "ExecutionTime_Per_PatchMedian": [
        68.84323644638062,
        137.23125791549683,
        205.61927938461304,
        274.00730085372925,
        342.39532232284546,
        410.78334379196167,
        479.1713652610779,
        547.5593867301941,
        615.9474081993103,
        684.3354296684265
    ],
    "Joules_Per_PatchMedian": [
        8497.609129202367,
        16545.24134323001,
        24592.87355725765,
        32640.505771285294,
        40688.13798531294,
        48735.770199340586,
        56783.40241336823,
        64831.03462739588,
        72878.66684142352,
        80926.29905545116
    ],
    "JoulesNormalized_Per_PatchMedian": [
        3789.6287442326548,
        7484.848992031813,
        11180.069239830971,
        14875.289487630129,
        18570.50973542929,
        22265.729983228448,
        25960.950231027608,
        29656.170478826767,
        33351.39072662593,
        37046.610974425086
    ],
    "Inf_ExecutionTime": {
        "mean": 0.4552149772644043,
        "median": 0.4552149772644043,
        "std": 0.6437711946426806,
        "max": 0.9104299545288086,
        "min": 0.0,
        "count": 2
    },
    "Inf_Joules": {
        "mean": 449.9769151747227,
        "median": 449.9769151747227,
        "std": 636.3634561949006,
        "max": 899.9538303494454,
        "min": 0.0,
        "count": 2
    },
    "Inf_JoulesNormalized": {
        "mean": 94.40849643349657,
        "median": 94.40849643349657,
        "std": 133.51377605950282,
        "max": 188.81699286699313,
        "min": 0.0,
        "count": 2
    },
    "Val_ExecutionTime": [
        68.38802146911621,
        136.77604293823242,
        205.16406440734863,
        273.55208587646484,
        341.94010734558105,
        410.32812881469727,
        478.7161502838135,
        547.1041717529297,
        615.4921932220459,
        683.8802146911621
    ],
    "Val_Joules": [
        8047.632214027644,
        16095.264428055287,
        24142.896642082927,
        32190.52885611057,
        40238.161070138216,
        48285.79328416586,
        56333.42549819351,
        64381.057712221154,
        72428.6899262488,
        80476.32214027645
    ],
    "Val_JoulesNormalized": [
        3695.220247799158,
        7390.440495598317,
        11085.660743397475,
        14780.880991196633,
        18476.10123899579,
        22171.32148679495,
        25866.54173459411,
        29561.76198239327,
        33256.98223019243,
        36952.20247799159
    ],
    "NrPatches": {
        "median": 0,
        "std": 0.0,
        "max": 0,
        "min": 0
    },
    "Correctness_Per_Patch": [
        "W",
        "W",
        "W",
        "W",
        "W",
        "W",
        "W",
        "W",
        "W",
        "W"
    ],
    "Correctness_Per_Patch_original": [
        "uncompilable",
        "wrong",
        "uncompilable",
        "wrong",
        "wrong",
        "uncompilable",
        "uncompilable",
        "wrong",
        "uncompilable",
        "uncompilable"
    ],
    "patches": [],
    "Correctness_Per_Patch_origina": [
        "uncompilable",
        "wrong",
        "uncompilable",
        "wrong",
        "wrong",
        "uncompilable",
        "uncompilable",
        "wrong",
        "uncompilable",
        "uncompilable"
    ]
}