{
    "TOOL_BUG_ID": "codegen_350M-Math-91",
    "Time": {
        "mean": 70.11906087398529,
        "median": 70.11906087398529,
        "std": 0.0,
        "max": 70.11906087398529,
        "min": 70.11906087398529,
        "count": 6
    },
    "Joules": {
        "mean": 8555.785385799407,
        "median": 8555.785385799407,
        "std": 0.0,
        "max": 8555.785385799407,
        "min": 8555.785385799407,
        "count": 6
    },
    "JoulesNormalized": {
        "mean": 3863.8270661354063,
        "median": 3863.8270661354063,
        "std": 0.0,
        "max": 3863.8270661354063,
        "min": 3863.8270661354063,
        "count": 6
    },
    "NrExecutions": 6,
    "ExecutionsIds": [
        "s0",
        "s1",
        "s2",
        "s3",
        "s4",
        "s5"
    ],
    "ExecutionsInferenceIds": [
        "s0",
        "s1"
    ],
    "NrExecutionsInference": 2,
    "ExecutionTime_Per_PatchMedian": [
        7.479605555534363,
        14.439545035362244,
        21.399484515190125,
        28.359423995018005,
        35.319363474845886,
        42.27930295467377,
        49.23924243450165,
        56.19918191432953,
        63.15912139415741,
        70.11906087398529
    ],
    "Joules_Per_PatchMedian": [
        1231.3865711331368,
        2045.2086616516115,
        2859.030752170086,
        3672.8528426885605,
        4486.674933207035,
        5300.497023725509,
        6114.319114243984,
        6928.141204762458,
        7741.9632952809325,
        8555.785385799407
    ],
    "JoulesNormalized_Per_PatchMedian": [
        415.6254332780838,
        798.7589480400086,
        1181.8924628019333,
        1565.025977563858,
        1948.1594923257828,
        2331.2930070877073,
        2714.426521849632,
        3097.560036611557,
        3480.6935513734816,
        3863.8270661354063
    ],
    "Inf_ExecutionTime": {
        "mean": 0.5196660757064819,
        "median": 0.5196660757064819,
        "std": 0.7349188121693103,
        "max": 1.0393321514129639,
        "min": 0,
        "count": 2
    },
    "Inf_Joules": {
        "mean": 417.56448061466216,
        "median": 417.56448061466216,
        "std": 590.5253516505326,
        "max": 835.1289612293243,
        "min": 0,
        "count": 2
    },
    "Inf_JoulesNormalized": {
        "mean": 32.491918516159046,
        "median": 32.491918516159046,
        "std": 45.95051183307361,
        "max": 64.98383703231809,
        "min": 0,
        "count": 2
    },
    "Val_ExecutionTime": [
        6.959939479827881,
        13.919878959655762,
        20.879818439483643,
        27.839757919311523,
        34.799697399139404,
        41.759636878967285,
        48.719576358795166,
        55.67951583862305,
        62.63945531845093,
        69.59939479827881
    ],
    "Val_Joules": [
        813.8220905184746,
        1627.6441810369492,
        2441.466271555424,
        3255.2883620738985,
        4069.110452592373,
        4882.932543110847,
        5696.754633629322,
        6510.576724147796,
        7324.3988146662705,
        8138.220905184745
    ],
    "Val_JoulesNormalized": [
        383.13351476192474,
        766.2670295238495,
        1149.4005442857742,
        1532.534059047699,
        1915.6675738096237,
        2298.8010885715485,
        2681.934603333473,
        3065.068118095398,
        3448.2016328573227,
        3831.3351476192474
    ],
    "NrPatches": {
        "median": 0,
        "std": 0.0,
        "max": 0,
        "min": 0
    },
    "Correctness_Per_Patch": [
        "W",
        "W",
        "W",
        "W",
        "W",
        "W",
        "W",
        "W",
        "W",
        "W"
    ],
    "Correctness_Per_Patch_original": [
        "wrong",
        "wrong",
        "uncompilable",
        "uncompilable",
        "wrong",
        "wrong",
        "wrong",
        "uncompilable",
        "wrong",
        "wrong"
    ],
    "patches": [],
    "Correctness_Per_Patch_origina": [
        "wrong",
        "wrong",
        "uncompilable",
        "uncompilable",
        "wrong",
        "wrong",
        "wrong",
        "uncompilable",
        "wrong",
        "wrong"
    ]
}