{
    "TOOL_BUG_ID": "incoder_1B-Closure-146",
    "Time": {
        "mean": 13.884799718856812,
        "median": 14.044515132904053,
        "std": 0.4229986102532737,
        "max": 14.284956693649292,
        "min": 13.363900899887085,
        "count": 5
    },
    "Joules": {
        "mean": 1803.1000246584415,
        "median": 1826.0485604822636,
        "std": 45.58468715874026,
        "max": 1844.9965577185155,
        "min": 1753.6390865743163,
        "count": 5
    },
    "JoulesNormalized": {
        "mean": 612.0904248535633,
        "median": 617.9000676572322,
        "std": 19.03847907163196,
        "max": 632.847014003992,
        "min": 591.8156736433506,
        "count": 5
    },
    "NrExecutions": 5,
    "ExecutionsIds": [
        "s0",
        "s1",
        "s2",
        "s3",
        "s4"
    ],
    "ExecutionsInferenceIds": [
        "s0",
        "s1"
    ],
    "NrExecutionsInference": 2,
    "ExecutionTime_Per_PatchMedian": [
        2.4248435497283936,
        4.405026435852051,
        5.404603719711304,
        6.385086536407471,
        7.38448429107666,
        8.364872455596924,
        9.345100402832031,
        10.345187425613403,
        12.325045585632324,
        14.044515132904053
    ],
    "Joules_Per_PatchMedian": [
        627.030513113737,
        827.8652174293994,
        928.804287880659,
        1035.4962403595448,
        1136.815185469389,
        1237.358836990595,
        1338.4179293692112,
        1440.5025005877017,
        1641.8859840095042,
        1826.0485604822636
    ],
    "JoulesNormalized_Per_PatchMedian": [
        164.08217012286184,
        240.71266883015628,
        279.91716043353074,
        321.0484952867031,
        359.67543094754217,
        398.00583856701854,
        436.8374731838703,
        475.4234372437,
        551.0941180169582,
        617.9000676572322
    ],
    "Inf_ExecutionTime": {
        "mean": 0.42496252059936523,
        "median": 0.42496252059936523,
        "std": 0.007380081761651588,
        "max": 0.43018102645874023,
        "min": 0.41974401473999023,
        "count": 2
    },
    "Inf_Joules": {
        "mean": 423.0477667868137,
        "median": 423.0477667868137,
        "std": 5.417689723834421,
        "max": 426.8786519289017,
        "min": 419.21688164472573,
        "count": 2
    },
    "Inf_JoulesNormalized": {
        "mean": 87.87803488373754,
        "median": 87.87803488373754,
        "std": 4.283985759272314,
        "max": 90.9072702646256,
        "min": 84.84879950284949,
        "count": 2
    },
    "Val_ExecutionTime": [
        1.9998810291290283,
        3.9800639152526855,
        4.9796411991119385,
        5.9601240158081055,
        6.959521770477295,
        7.939909934997559,
        8.920137882232666,
        9.920224905014038,
        11.900083065032959,
        13.619552612304688
    ],
    "Val_Joules": [
        203.9827463269233,
        404.8174506425857,
        505.75652109384527,
        612.448473572731,
        713.7674186825752,
        814.3110702037811,
        915.3701625823974,
        1017.4547338008879,
        1218.8382172226904,
        1403.0007936954498
    ],
    "Val_JoulesNormalized": [
        76.2041352391243,
        152.83463394641873,
        192.0391255497932,
        233.17046040296555,
        271.7973960638046,
        310.127803683281,
        348.9594383001328,
        387.54540235996245,
        463.21608313322065,
        530.0220327734946
    ],
    "NrPatches": {
        "median": 0,
        "std": 0.0,
        "max": 0,
        "min": 0
    },
    "Correctness_Per_Patch": [
        "W",
        "W",
        "W",
        "W",
        "W",
        "W",
        "W",
        "W",
        "W",
        "W"
    ],
    "Correctness_Per_Patch_original": [
        "wrong",
        "wrong",
        "uncompilable",
        "uncompilable",
        "uncompilable",
        "uncompilable",
        "uncompilable",
        "uncompilable",
        "wrong",
        "wrong"
    ],
    "patches": [],
    "Correctness_Per_Patch_origina": [
        "wrong",
        "wrong",
        "uncompilable",
        "uncompilable",
        "uncompilable",
        "uncompilable",
        "uncompilable",
        "uncompilable",
        "wrong",
        "wrong"
    ]
}