{
    "TOOL_BUG_ID": "codet5_small-Lang-26",
    "Time": {
        "mean": 88.88454377651215,
        "median": 88.88454377651215,
        "std": 0.0,
        "max": 88.88454377651215,
        "min": 88.88454377651215,
        "count": 6
    },
    "Joules": {
        "mean": 7803.4346806764615,
        "median": 7803.4346806764615,
        "std": 0.0,
        "max": 7803.4346806764615,
        "min": 7803.4346806764615,
        "count": 6
    },
    "JoulesNormalized": {
        "mean": 1991.020901596546,
        "median": 1991.020901596546,
        "std": 0.0,
        "max": 1991.020901596546,
        "min": 1991.020901596546,
        "count": 6
    },
    "NrExecutions": 6,
    "ExecutionsIds": [
        "s0",
        "s1",
        "s2",
        "s3",
        "s4",
        "s5"
    ],
    "ExecutionsInferenceIds": [
        "s0",
        "s1"
    ],
    "NrExecutionsInference": 2,
    "ExecutionTime_Per_PatchMedian": [
        9.149420976638794,
        18.00887906551361,
        26.868337154388428,
        35.727795243263245,
        44.58725333213806,
        53.44671142101288,
        62.306169509887695,
        71.16562759876251,
        80.02508568763733,
        88.88454377651215
    ],
    "Joules_Per_PatchMedian": [
        989.9310619771479,
        1746.9870196104048,
        2504.042977243662,
        3261.098934876919,
        4018.154892510176,
        4775.210850143433,
        5532.26680777669,
        6289.322765409947,
        7046.378723043204,
        7803.4346806764615
    ],
    "JoulesNormalized_Per_PatchMedian": [
        211.58035609722137,
        409.29597226381304,
        607.0115884304047,
        804.7272045969963,
        1002.442820763588,
        1200.1584369301795,
        1397.8740530967711,
        1595.5896692633628,
        1793.3052854299544,
        1991.020901596546
    ],
    "Inf_ExecutionTime": {
        "mean": 0.28996288776397705,
        "median": 0.28996288776397705,
        "std": 0.0004384958119073415,
        "max": 0.29027295112609863,
        "min": 0.28965282440185547,
        "count": 2
    },
    "Inf_Joules": {
        "mean": 232.8751043438911,
        "median": 232.8751043438911,
        "std": 1.0393549567163076,
        "max": 233.61003928184508,
        "min": 232.14016940593717,
        "count": 2
    },
    "Inf_JoulesNormalized": {
        "mean": 13.864739930629725,
        "median": 13.864739930629725,
        "std": 1.1371534480903969,
        "max": 14.668828845024109,
        "min": 13.06065101623534,
        "count": 2
    },
    "Val_ExecutionTime": [
        8.859458088874817,
        17.718916177749634,
        26.57837426662445,
        35.43783235549927,
        44.297290444374084,
        53.1567485332489,
        62.01620662212372,
        70.87566471099854,
        79.73512279987335,
        88.59458088874817
    ],
    "Val_Joules": [
        757.0559576332569,
        1514.1119152665137,
        2271.167872899771,
        3028.223830533028,
        3785.279788166285,
        4542.335745799542,
        5299.391703432799,
        6056.447661066056,
        6813.503618699313,
        7570.55957633257
    ],
    "Val_JoulesNormalized": [
        197.71561616659164,
        395.4312323331833,
        593.1468484997749,
        790.8624646663666,
        988.5780808329582,
        1186.2936969995499,
        1384.0093131661415,
        1581.7249293327332,
        1779.4405454993248,
        1977.1561616659164
    ],
    "NrPatches": {
        "median": 0,
        "std": 0.0,
        "max": 0,
        "min": 0
    },
    "Correctness_Per_Patch": [
        "W",
        "W",
        "W",
        "W",
        "W",
        "W",
        "W",
        "W",
        "W",
        "W"
    ],
    "Correctness_Per_Patch_original": [
        "wrong",
        "uncompilable",
        "uncompilable",
        "wrong",
        "wrong",
        "wrong",
        "wrong",
        "wrong",
        "uncompilable",
        "uncompilable"
    ],
    "patches": [],
    "Correctness_Per_Patch_origina": [
        "wrong",
        "uncompilable",
        "uncompilable",
        "wrong",
        "wrong",
        "wrong",
        "wrong",
        "wrong",
        "uncompilable",
        "uncompilable"
    ]
}