{
    "TOOL_BUG_ID": "codegen_6B-Closure-62",
    "Time": {
        "mean": 280.91783678531647,
        "median": 238.13883662223816,
        "std": 106.99519322960897,
        "max": 499.29348385334015,
        "min": 234.37810695171356,
        "count": 6
    },
    "Joules": {
        "mean": 39098.088757282734,
        "median": 34441.35188643956,
        "std": 12190.492477333268,
        "max": 63924.96927145148,
        "min": 33121.735347110276,
        "count": 6
    },
    "JoulesNormalized": {
        "mean": 15404.90756523538,
        "median": 12894.926638912442,
        "std": 6409.366816093898,
        "max": 28483.34430490065,
        "min": 12563.234913592822,
        "count": 6
    },
    "NrExecutions": 6,
    "ExecutionsIds": [
        "s0",
        "s1",
        "s2",
        "s3",
        "s4",
        "s5"
    ],
    "ExecutionsInferenceIds": [
        "s0",
        "s1"
    ],
    "NrExecutionsInference": 2,
    "ExecutionTime_Per_PatchMedian": [
        15.203404068946838,
        64.61239504814148,
        66.65274167060852,
        76.15232050418854,
        125.56131148338318,
        174.97030246257782,
        184.52007746696472,
        233.92906844615936,
        236.479022026062,
        238.13883662223816
    ],
    "Joules_Per_PatchMedian": [
        7438.3132969203,
        13234.082123756647,
        13537.117141056298,
        14923.682823491334,
        20719.451650327683,
        26515.22047716403,
        27936.323002714158,
        33732.09182955051,
        34172.38544392014,
        34441.35188643956
    ],
    "JoulesNormalized_Per_PatchMedian": [
        1647.0727437667852,
        4347.830080442907,
        4386.490128957512,
        4549.15880386162,
        7249.916140537742,
        9950.673477213862,
        10118.408659248831,
        12819.165995924952,
        12860.003564637187,
        12894.926638912442
    ],
    "Inf_ExecutionTime": {
        "mean": 5.203574061393738,
        "median": 5.203574061393738,
        "std": 1.7021107609434922,
        "max": 6.407148122787476,
        "min": 4.0,
        "count": 2
    },
    "Inf_Joules": {
        "mean": 5967.281003087997,
        "median": 5967.281003087997,
        "std": 1972.2523389576693,
        "max": 7361.8740061759945,
        "min": 4572.688,
        "count": 2
    },
    "Inf_JoulesNormalized": {
        "mean": 1475.770938139439,
        "median": 1475.770938139439,
        "std": 480.0334930600663,
        "max": 1815.2058762788774,
        "min": 1136.3360000000007,
        "count": 2
    },
    "Val_ExecutionTime": [
        9.9998300075531,
        59.40882098674774,
        61.44916760921478,
        70.9487464427948,
        120.35773742198944,
        169.76672840118408,
        179.31650340557098,
        228.72549438476562,
        231.27544796466827,
        232.93526256084442
    ],
    "Val_Joules": [
        1471.0322938323025,
        7266.80112066865,
        7569.836137968301,
        8956.401820403338,
        14752.170647239685,
        20547.939474076033,
        21969.04199962616,
        27764.810826462508,
        28205.10444083214,
        28474.070883351564
    ],
    "Val_JoulesNormalized": [
        171.30180562734608,
        2872.0591423034684,
        2910.719190818073,
        3073.3878657221812,
        5774.145202398303,
        8474.902539074423,
        8642.637721109391,
        11343.395057785512,
        11384.232626497746,
        11419.155700773
    ],
    "NrPatches": {
        "median": 4,
        "std": 0.0,
        "max": 4,
        "min": 4
    },
    "Correctness_Per_Patch": [
        "W",
        "C",
        "W",
        "W",
        "I",
        "I",
        "W",
        "I",
        "W",
        "W"
    ],
    "Correctness_Per_Patch_original": [
        "wrong",
        "plausible",
        "uncompilable",
        "wrong",
        "plausible",
        "plausible",
        "wrong",
        "plausible",
        "uncompilable",
        "uncompilable"
    ],
    "patches": [
        "        ) {\n",
        "         && 0 <= charno && charno <= sourceExcerpt.length()) {\n",
        "         && charno <= sourceExcerpt.length()) {\n",
        "         && 0 <= charno) {\n"
    ],
    "Correctness_Per_Patch_origina": [
        "wrong",
        "plausible",
        "uncompilable",
        "wrong",
        "plausible",
        "plausible",
        "wrong",
        "plausible",
        "uncompilable",
        "uncompilable"
    ]
}