{
    "TOOL_BUG_ID": "incoder_6B-Math-69",
    "Time": {
        "mean": 81.4868837594986,
        "median": 81.4868837594986,
        "std": 0.0,
        "max": 81.4868837594986,
        "min": 81.4868837594986,
        "count": 5
    },
    "Joules": {
        "mean": 11967.372118258476,
        "median": 11967.372118258476,
        "std": 0.0,
        "max": 11967.372118258476,
        "min": 11967.372118258476,
        "count": 5
    },
    "JoulesNormalized": {
        "mean": 4838.10682053566,
        "median": 4838.10682053566,
        "std": 0.0,
        "max": 4838.10682053566,
        "min": 4838.10682053566,
        "count": 5
    },
    "NrExecutions": 5,
    "ExecutionsIds": [
        "s0",
        "s1",
        "s2",
        "s3",
        "s4"
    ],
    "ExecutionsInferenceIds": [
        "s0",
        "s1"
    ],
    "NrExecutionsInference": 2,
    "ExecutionTime_Per_PatchMedian": [
        10.479646563529968,
        18.36933958530426,
        26.259032607078552,
        34.148725628852844,
        42.038418650627136,
        49.92811167240143,
        57.81780469417572,
        65.70749771595001,
        73.5971907377243,
        81.4868837594986
    ],
    "Joules_Per_PatchMedian": [
        3841.5145904362203,
        4744.387649083137,
        5647.2607077300545,
        6550.133766376972,
        7453.006825023889,
        8355.879883670807,
        9258.752942317724,
        10161.626000964641,
        11064.499059611559,
        11967.372118258476
    ],
    "JoulesNormalized_Per_PatchMedian": [
        1122.5120360612868,
        1535.355901002884,
        1948.199765944481,
        2361.043630886078,
        2773.887495827675,
        3186.731360769272,
        3599.5752257108693,
        4012.4190906524664,
        4425.262955594063,
        4838.10682053566
    ],
    "Inf_ExecutionTime": {
        "mean": 2.5899535417556763,
        "median": 2.5899535417556763,
        "std": 0.2675601640521324,
        "max": 2.779147148132324,
        "min": 2.4007599353790283,
        "count": 2
    },
    "Inf_Joules": {
        "mean": 2938.641531789303,
        "median": 2938.641531789303,
        "std": 294.2309878354797,
        "max": 3146.694258522987,
        "min": 2730.5888050556186,
        "count": 2
    },
    "Inf_JoulesNormalized": {
        "mean": 709.66817111969,
        "median": 709.66817111969,
        "std": 92.74387920865362,
        "max": 775.247997021675,
        "min": 644.088345217705,
        "count": 2
    },
    "Val_ExecutionTime": [
        7.889693021774292,
        15.779386043548584,
        23.669079065322876,
        31.558772087097168,
        39.44846510887146,
        47.33815813064575,
        55.227851152420044,
        63.117544174194336,
        71.00723719596863,
        78.89693021774292
    ],
    "Val_Joules": [
        902.8730586469173,
        1805.7461172938342,
        2708.6191759407516,
        3611.492234587669,
        4514.365293234587,
        5417.238351881504,
        6320.111410528421,
        7222.984469175339,
        8125.857527822256,
        9028.730586469173
    ],
    "Val_JoulesNormalized": [
        412.84386494159685,
        825.6877298831939,
        1238.531594824791,
        1651.375459766388,
        2064.219324707985,
        2477.0631896495825,
        2889.907054591179,
        3302.7509195327766,
        3715.5947844743732,
        4128.43864941597
    ],
    "NrPatches": {
        "median": 0,
        "std": 0.0,
        "max": 0,
        "min": 0
    },
    "Correctness_Per_Patch": [
        "W",
        "W",
        "W",
        "W",
        "W",
        "W",
        "W",
        "W",
        "W",
        "W"
    ],
    "Correctness_Per_Patch_original": [
        "wrong",
        "wrong",
        "wrong",
        "wrong",
        "wrong",
        "wrong",
        "wrong",
        "wrong",
        "uncompilable",
        "wrong"
    ],
    "patches": [],
    "Correctness_Per_Patch_origina": [
        "wrong",
        "wrong",
        "wrong",
        "wrong",
        "wrong",
        "wrong",
        "wrong",
        "wrong",
        "uncompilable",
        "wrong"
    ]
}