{
    "TOOL_BUG_ID": "incoder_1B-Closure-109",
    "Time": {
        "mean": 101.92636556625366,
        "median": 102.21891379356384,
        "std": 3.0797465274396894,
        "max": 106.55864334106445,
        "min": 98.67849016189575,
        "count": 5
    },
    "Joules": {
        "mean": 12199.295528585912,
        "median": 12200.555813765526,
        "std": 283.7043592790608,
        "max": 12643.227012574675,
        "min": 11901.247841596607,
        "count": 5
    },
    "JoulesNormalized": {
        "mean": 5499.7157908678055,
        "median": 5492.372081410885,
        "std": 111.10299445568688,
        "max": 5683.900695013999,
        "min": 5396.257366037367,
        "count": 5
    },
    "NrExecutions": 5,
    "ExecutionsIds": [
        "s0",
        "s1",
        "s2",
        "s3",
        "s4"
    ],
    "ExecutionsInferenceIds": [
        "s0",
        "s1"
    ],
    "NrExecutionsInference": 2,
    "ExecutionTime_Per_PatchMedian": [
        71.6582989692688,
        74.65823602676392,
        76.65837216377258,
        79.65914821624756,
        82.65923976898193,
        85.61850905418396,
        87.6400375366211,
        96.63971257209778,
        99.61820101737976,
        102.21891379356384
    ],
    "Joules_Per_PatchMedian": [
        8744.097200095655,
        9070.85555021763,
        9328.749288713934,
        9645.733387124541,
        9968.453425669672,
        10279.996927750111,
        10527.26633439064,
        11573.715126848221,
        11894.873943531513,
        12200.555813765526
    ],
    "JoulesNormalized_Per_PatchMedian": [
        3976.5125090837473,
        4114.844552195072,
        4241.5350320219995,
        4374.127847838402,
        4503.602459013462,
        4625.637112188339,
        4746.716517186165,
        5244.026140403748,
        5366.77979567051,
        5492.372081410885
    ],
    "Inf_ExecutionTime": {
        "mean": 0.2900789976119995,
        "median": 0.2900789976119995,
        "std": 0.028622261998536225,
        "max": 0.3103179931640625,
        "min": 0.2698400020599365,
        "count": 2
    },
    "Inf_Joules": {
        "mean": 279.791747546196,
        "median": 279.791747546196,
        "std": 29.558759425923007,
        "max": 300.69294677972795,
        "min": 258.89054831266407,
        "count": 2
    },
    "Inf_JoulesNormalized": {
        "mean": 45.36945741176605,
        "median": 45.36945741176605,
        "std": 3.019400749941334,
        "max": 47.504496157169314,
        "min": 43.234418666362785,
        "count": 2
    },
    "Val_ExecutionTime": [
        71.3682199716568,
        74.36815702915192,
        76.36829316616058,
        79.36906921863556,
        82.36916077136993,
        85.32843005657196,
        87.3499585390091,
        96.34963357448578,
        99.32812201976776,
        101.92883479595184
    ],
    "Val_Joules": [
        8464.305452549459,
        8791.063802671433,
        9048.957541167738,
        9365.941639578345,
        9688.661678123475,
        10000.205180203915,
        10247.474586844444,
        11293.923379302025,
        11615.082195985317,
        11920.76406621933
    ],
    "Val_JoulesNormalized": [
        3931.143051671981,
        4069.4750947833054,
        4196.165574610233,
        4328.758390426636,
        4458.233001601696,
        4580.267654776573,
        4701.347059774399,
        5198.656682991982,
        5321.410338258744,
        5447.002623999118
    ],
    "NrPatches": {
        "median": 1,
        "std": 0.0,
        "max": 1,
        "min": 1
    },
    "Correctness_Per_Patch": [
        "I",
        "W",
        "W",
        "W",
        "W",
        "W",
        "W",
        "W",
        "W",
        "W"
    ],
    "Correctness_Per_Patch_original": [
        "plausible",
        "uncompilable",
        "uncompilable",
        "uncompilable",
        "uncompilable",
        "uncompilable",
        "uncompilable",
        "wrong",
        "uncompilable",
        "uncompilable"
    ],
    "patches": [
        "        return parseTypeExpression(token);\n"
    ],
    "Correctness_Per_Patch_origina": [
        "plausible",
        "uncompilable",
        "uncompilable",
        "uncompilable",
        "uncompilable",
        "uncompilable",
        "uncompilable",
        "wrong",
        "uncompilable",
        "uncompilable"
    ]
}