{
    "TOOL_BUG_ID": "plbart_large-Time-19",
    "Time": {
        "mean": 71.39225592613221,
        "median": 70.8121976852417,
        "std": 0.9055022224936642,
        "max": 72.81238126754761,
        "min": 70.77228546142578,
        "count": 5
    },
    "Joules": {
        "mean": 8094.191272306442,
        "median": 8101.864002525806,
        "std": 88.10089141594764,
        "max": 8203.613608026506,
        "min": 7957.22441265583,
        "count": 5
    },
    "JoulesNormalized": {
        "mean": 3484.821605690717,
        "median": 3526.9785965740675,
        "std": 83.14221123893752,
        "max": 3573.093950003385,
        "min": 3381.9169106900686,
        "count": 5
    },
    "NrExecutions": 5,
    "ExecutionsIds": [
        "s0",
        "s1",
        "s2",
        "s3",
        "s4"
    ],
    "ExecutionsInferenceIds": [
        "s0",
        "s1"
    ],
    "NrExecutionsInference": 2,
    "ExecutionTime_Per_PatchMedian": [
        10.33433210849762,
        13.315000891685486,
        23.4146089553833,
        24.413907289505005,
        27.413820266723633,
        37.51342833042145,
        40.513373494148254,
        50.61298155784607,
        60.712589621543884,
        70.8121976852417
    ],
    "Joules_Per_PatchMedian": [
        1299.5722575247287,
        1672.133317130804,
        2783.7120765805244,
        2901.526348614693,
        3284.1867526412007,
        4395.765512090921,
        4767.127724176645,
        5878.706483626365,
        6990.285243076086,
        8101.864002525806
    ],
    "JoulesNormalized_Per_PatchMedian": [
        494.2400988161564,
        683.5734739243985,
        1164.9069979250432,
        1221.0722948372363,
        1412.0859153091906,
        1893.4194393098353,
        2082.978024572134,
        2564.3115485727785,
        3045.645072573423,
        3526.9785965740675
    ],
    "Inf_ExecutionTime": {
        "mean": 0.2347240447998047,
        "median": 0.2347240447998047,
        "std": 0.04969383179264876,
        "max": 0.2698628902435303,
        "min": 0.1995851993560791,
        "count": 2
    },
    "Inf_Joules": {
        "mean": 187.9934980750084,
        "median": 187.9934980750084,
        "std": 41.56257192562053,
        "max": 217.3826745271683,
        "min": 158.6043216228485,
        "count": 2
    },
    "Inf_JoulesNormalized": {
        "mean": 12.906574815511718,
        "median": 12.906574815511718,
        "std": 2.214930727885329,
        "max": 14.47276735305789,
        "min": 11.340382277965546,
        "count": 2
    },
    "Val_ExecutionTime": [
        10.099608063697815,
        13.080276846885681,
        23.179884910583496,
        24.1791832447052,
        27.179096221923828,
        37.27870428562164,
        40.27864944934845,
        50.378257513046265,
        60.47786557674408,
        70.5774736404419
    ],
    "Val_Joules": [
        1111.5787594497203,
        1484.1398190557957,
        2595.718578505516,
        2713.532850539684,
        3096.193254566192,
        4207.772014015913,
        4579.134226101636,
        5690.712985551357,
        6802.291745001077,
        7913.870504450798
    ],
    "Val_JoulesNormalized": [
        481.3335240006447,
        670.6668991088868,
        1152.0004231095315,
        1208.1657200217246,
        1399.1793404936789,
        1880.5128644943236,
        2070.0714497566223,
        2551.404973757267,
        3032.7384977579113,
        3514.072021758556
    ],
    "NrPatches": {
        "median": 5,
        "std": 0.0,
        "max": 5,
        "min": 5
    },
    "Correctness_Per_Patch": [
        "C",
        "W",
        "I",
        "W",
        "W",
        "I",
        "W",
        "I",
        "W",
        "I"
    ],
    "Correctness_Per_Patch_original": [
        "plausible",
        "wrong",
        "plausible",
        "uncompilable",
        "wrong",
        "plausible",
        "wrong",
        "plausible",
        "wrong",
        "plausible"
    ],
    "patches": [
        "} else if (offsetLocal >= 0) {",
        "} else if (instantAdjusted > 0) {",
        "} else if (instantAdjusted > offsetLocal) {",
        "} else if (instantAdjusted >= 0) {",
        "} else {"
    ],
    "Correctness_Per_Patch_origina": [
        "plausible",
        "wrong",
        "plausible",
        "uncompilable",
        "wrong",
        "plausible",
        "wrong",
        "plausible",
        "wrong",
        "plausible"
    ]
}