{
    "TOOL_BUG_ID": "codet5_base-Chart-8",
    "Time": {
        "mean": 103.06528091430664,
        "median": 103.06528091430664,
        "std": 0.0,
        "max": 103.06528091430664,
        "min": 103.06528091430664,
        "count": 7
    },
    "Joules": {
        "mean": 11864.239629012345,
        "median": 11864.239629012345,
        "std": 0.0,
        "max": 11864.239629012345,
        "min": 11864.239629012345,
        "count": 7
    },
    "JoulesNormalized": {
        "mean": 4959.155226808787,
        "median": 4959.155226808787,
        "std": 0.0,
        "max": 4959.155226808787,
        "min": 4959.155226808787,
        "count": 7
    },
    "NrExecutions": 7,
    "ExecutionsIds": [
        "s0",
        "s1",
        "s2",
        "s3",
        "s4",
        "s5",
        "s6"
    ],
    "ExecutionsInferenceIds": [
        "s0",
        "s1"
    ],
    "NrExecutionsInference": 2,
    "ExecutionTime_Per_PatchMedian": [
        10.725132942199707,
        20.985149383544922,
        31.245165824890137,
        41.50518226623535,
        51.765198707580566,
        62.02521514892578,
        72.285231590271,
        82.54524803161621,
        92.80526447296143,
        103.06528091430664
    ],
    "Joules_Per_PatchMedian": [
        1541.9347755670549,
        2688.857537060976,
        3835.7802985548974,
        4982.703060048819,
        6129.625821542741,
        7276.5485830366615,
        8423.471344530582,
        9570.394106024503,
        10717.316867518424,
        11864.239629012345
    ],
    "JoulesNormalized_Per_PatchMedian": [
        530.4226707339287,
        1022.5040658533574,
        1514.585460972786,
        2006.6668560922146,
        2498.7482512116435,
        2990.829646331072,
        3482.9110414505008,
        3974.9924365699294,
        4467.0738316893585,
        4959.155226808787
    ],
    "Inf_ExecutionTime": {
        "mean": 0.4651165008544922,
        "median": 0.4651165008544922,
        "std": 0.19149504914621726,
        "max": 0.6005239486694336,
        "min": 0.3297090530395508,
        "count": 2
    },
    "Inf_Joules": {
        "mean": 395.0120140731335,
        "median": 395.0120140731335,
        "std": 169.32959140574906,
        "max": 514.746116411686,
        "min": 275.277911734581,
        "count": 2
    },
    "Inf_JoulesNormalized": {
        "mean": 38.34127561450006,
        "median": 38.34127561450006,
        "std": 20.22560478356343,
        "max": 52.64293791055684,
        "min": 24.039613318443287,
        "count": 2
    },
    "Val_ExecutionTime": [
        10.260016441345215,
        20.52003288269043,
        30.780049324035645,
        41.04006576538086,
        51.300082206726074,
        61.56009864807129,
        71.8201150894165,
        82.08013153076172,
        92.34014797210693,
        102.60016441345215
    ],
    "Val_Joules": [
        1146.9227614939214,
        2293.8455229878427,
        3440.7682844817637,
        4587.6910459756855,
        5734.613807469607,
        6881.536568963528,
        8028.459330457449,
        9175.38209195137,
        10322.30485344529,
        11469.227614939211
    ],
    "Val_JoulesNormalized": [
        492.08139511942863,
        984.1627902388573,
        1476.244185358286,
        1968.3255804777145,
        2460.4069755971436,
        2952.4883707165723,
        3444.569765836001,
        3936.6511609554295,
        4428.732556074859,
        4920.813951194287
    ],
    "NrPatches": {
        "median": 0,
        "std": 0.0,
        "max": 0,
        "min": 0
    },
    "Correctness_Per_Patch": [
        "W",
        "W",
        "W",
        "W",
        "W",
        "W",
        "W",
        "W",
        "W",
        "W"
    ],
    "Correctness_Per_Patch_original": [
        "wrong",
        "uncompilable",
        "uncompilable",
        "uncompilable",
        "uncompilable",
        "wrong",
        "uncompilable",
        "uncompilable",
        "uncompilable",
        "uncompilable"
    ],
    "patches": [],
    "Correctness_Per_Patch_origina": [
        "wrong",
        "uncompilable",
        "uncompilable",
        "uncompilable",
        "uncompilable",
        "wrong",
        "uncompilable",
        "uncompilable",
        "uncompilable",
        "uncompilable"
    ]
}