{
    "TOOL_BUG_ID": "incoder_1B-Closure-159",
    "Time": {
        "mean": 332.87272589206697,
        "median": 534.518501162529,
        "std": 276.11555043375125,
        "max": 534.518501162529,
        "min": 29.524110674858093,
        "count": 5
    },
    "Joules": {
        "mean": 38090.817922089096,
        "median": 60750.54234901666,
        "std": 31028.170256707686,
        "max": 60750.54234901666,
        "min": 4011.6080851316456,
        "count": 5
    },
    "JoulesNormalized": {
        "mean": 16317.023050599098,
        "median": 26428.216887497903,
        "std": 13845.323179665662,
        "max": 26428.216887497903,
        "min": 1143.533694791794,
        "count": 5
    },
    "NrExecutions": 5,
    "ExecutionsIds": [
        "s0",
        "s1",
        "s2",
        "s3",
        "s4"
    ],
    "ExecutionsInferenceIds": [
        "s0",
        "s1"
    ],
    "NrExecutionsInference": 2,
    "ExecutionTime_Per_PatchMedian": [
        54.64424705505371,
        107.96360862255096,
        161.28297019004822,
        214.60233175754547,
        267.9216933250427,
        321.24105489254,
        374.56041646003723,
        427.8797780275345,
        481.19913959503174,
        534.518501162529
    ],
    "Joules_Per_PatchMedian": [
        7235.892920660973,
        13181.96507936716,
        19128.03723807335,
        25074.10939677954,
        31020.181555485728,
        36966.25371419192,
        42912.3258728981,
        48858.39803160429,
        54804.47019031047,
        60750.54234901666
    ],
    "JoulesNormalized_Per_PatchMedian": [
        2846.036623483896,
        5466.278875041007,
        8086.521126598119,
        10706.76337815523,
        13327.005629712341,
        15947.247881269454,
        18567.490132826566,
        21187.73238438368,
        23807.97463594079,
        26428.216887497903
    ],
    "Inf_ExecutionTime": {
        "mean": 1.3248854875564575,
        "median": 1.3248854875564575,
        "std": 0.04956587396056969,
        "max": 1.359933853149414,
        "min": 1.289837121963501,
        "count": 2
    },
    "Inf_Joules": {
        "mean": 1289.8207619547845,
        "median": 1289.8207619547845,
        "std": 56.67276750404128,
        "max": 1329.8944601655007,
        "min": 1249.7470637440683,
        "count": 2
    },
    "Inf_JoulesNormalized": {
        "mean": 225.79437192678472,
        "median": 225.79437192678472,
        "std": 3.89991630547756,
        "max": 228.5520291924479,
        "min": 223.03671466112155,
        "count": 2
    },
    "Val_ExecutionTime": [
        53.31936156749725,
        106.6387231349945,
        159.95808470249176,
        213.277446269989,
        266.59680783748627,
        319.9161694049835,
        373.2355309724808,
        426.554892539978,
        479.8742541074753,
        533.1936156749725
    ],
    "Val_Joules": [
        5946.072158706188,
        11892.144317412376,
        17838.216476118567,
        23784.288634824756,
        29730.360793530945,
        35676.43295223713,
        41622.50511094332,
        47568.577269649504,
        53514.64942835569,
        59460.721587061875
    ],
    "Val_JoulesNormalized": [
        2620.2422515571116,
        5240.484503114222,
        7860.726754671334,
        10480.969006228446,
        13101.211257785557,
        15721.45350934267,
        18341.69576089978,
        20961.938012456892,
        23582.180264014005,
        26202.422515571117
    ],
    "NrPatches": {
        "median": 0,
        "std": 0.0,
        "max": 0,
        "min": 0
    },
    "Correctness_Per_Patch": [
        "W",
        "W",
        "W",
        "W",
        "W",
        "W",
        "W",
        "W",
        "W",
        "W"
    ],
    "Correctness_Per_Patch_original": [
        "wrong",
        "uncompilable",
        "uncompilable",
        "wrong",
        "wrong",
        "wrong",
        "wrong",
        "wrong",
        "wrong",
        "uncompilable"
    ],
    "patches": [],
    "Correctness_Per_Patch_origina": [
        "wrong",
        "uncompilable",
        "uncompilable",
        "wrong",
        "wrong",
        "wrong",
        "wrong",
        "wrong",
        "wrong",
        "uncompilable"
    ]
}