{
    "TOOL_BUG_ID": "codegen_350M-Lang-33",
    "Time": {
        "mean": 87.69016087055206,
        "median": 87.69016087055206,
        "std": 0.0,
        "max": 87.69016087055206,
        "min": 87.69016087055206,
        "count": 6
    },
    "Joules": {
        "mean": 7868.206853264569,
        "median": 7868.206853264569,
        "std": 0.0,
        "max": 7868.206853264569,
        "min": 7868.206853264569,
        "count": 6
    },
    "JoulesNormalized": {
        "mean": 1991.8748055636884,
        "median": 1991.8748055636884,
        "std": 0.0,
        "max": 1991.8748055636884,
        "min": 1991.8748055636884,
        "count": 6
    },
    "NrExecutions": 6,
    "ExecutionsIds": [
        "s0",
        "s1",
        "s2",
        "s3",
        "s4",
        "s5"
    ],
    "ExecutionsInferenceIds": [
        "s0",
        "s1"
    ],
    "NrExecutionsInference": 2,
    "ExecutionTime_Per_PatchMedian": [
        9.214382410049438,
        17.933913350105286,
        26.653444290161133,
        35.37297523021698,
        44.09250617027283,
        52.812037110328674,
        61.53156805038452,
        70.25109899044037,
        78.97062993049622,
        87.69016087055206
    ],
    "Joules_Per_PatchMedian": [
        1149.810581421852,
        1896.2990560710427,
        2642.7875307202335,
        3389.276005369424,
        4135.764480018615,
        4882.252954667806,
        5628.741429316997,
        6375.2299039661875,
        7121.718378615378,
        7868.206853264569
    ],
    "JoulesNormalized_Per_PatchMedian": [
        232.91805406212802,
        428.3576931178569,
        623.7973321735858,
        819.2369712293147,
        1014.6766102850436,
        1210.1162493407724,
        1405.5558883965014,
        1600.9955274522304,
        1796.4351665079594,
        1991.8748055636884
    ],
    "Inf_ExecutionTime": {
        "mean": 0.4948514699935913,
        "median": 0.4948514699935913,
        "std": 0.6998256602251995,
        "max": 0.9897029399871826,
        "min": 0,
        "count": 2
    },
    "Inf_Joules": {
        "mean": 403.3221067726612,
        "median": 403.3221067726612,
        "std": 570.383593402787,
        "max": 806.6442135453224,
        "min": 0,
        "count": 2
    },
    "Inf_JoulesNormalized": {
        "mean": 37.47841500639913,
        "median": 37.47841500639913,
        "std": 53.00248279829698,
        "max": 74.95683001279826,
        "min": 0,
        "count": 2
    },
    "Val_ExecutionTime": [
        8.719530940055847,
        17.439061880111694,
        26.15859282016754,
        34.87812376022339,
        43.597654700279236,
        52.31718564033508,
        61.03671658039093,
        69.75624752044678,
        78.47577846050262,
        87.19530940055847
    ],
    "Val_Joules": [
        746.4884746491908,
        1492.9769492983814,
        2239.465423947572,
        2985.953898596763,
        3732.442373245954,
        4478.930847895145,
        5225.419322544336,
        5971.907797193527,
        6718.396271842717,
        7464.884746491908
    ],
    "Val_JoulesNormalized": [
        195.4396390557289,
        390.8792781114578,
        586.3189171671867,
        781.7585562229156,
        977.1981952786444,
        1172.637834334373,
        1368.077473390102,
        1563.5171124458311,
        1758.9567515015601,
        1954.3963905572891
    ],
    "NrPatches": {
        "median": 4,
        "std": 0.0,
        "max": 4,
        "min": 4
    },
    "Correctness_Per_Patch": [
        "C",
        "W",
        "I",
        "W",
        "I",
        "W",
        "W",
        "W",
        "W",
        "I"
    ],
    "Correctness_Per_Patch_original": [
        "plausible",
        "uncompilable",
        "plausible",
        "uncompilable",
        "plausible",
        "uncompilable",
        "uncompilable",
        "uncompilable",
        "uncompilable",
        "plausible"
    ],
    "patches": [
        "        classes[i] = array[i] == null? null : array[i].getClass();\n",
        "        classes[i] = array[i]!= null? array[i].getClass() : null;\n",
        "        if (array[i]!= null) {\n            classes[i] = array[i].getClass();\n        }\n",
        "        if (array[i]!= null)\n            classes[i] = array[i].getClass();\n"
    ],
    "Correctness_Per_Patch_origina": [
        "plausible",
        "uncompilable",
        "plausible",
        "uncompilable",
        "plausible",
        "uncompilable",
        "uncompilable",
        "uncompilable",
        "uncompilable",
        "plausible"
    ]
}