{
    "TOOL_BUG_ID": "codegen_6B-Mockito-28",
    "Time": {
        "mean": 90.42754542827606,
        "median": 56.448519825935364,
        "std": 48.52351581861366,
        "max": 143.56658136844635,
        "min": 53.168553709983826,
        "count": 5
    },
    "Joules": {
        "mean": 15422.501633639096,
        "median": 12432.335355303052,
        "std": 4455.557678190716,
        "max": 20297.49798226094,
        "min": 11832.73476373887,
        "count": 5
    },
    "JoulesNormalized": {
        "mean": 5979.195077055692,
        "median": 4113.2584805929655,
        "std": 2772.6209360405023,
        "max": 9014.482704802751,
        "min": 3841.1479919278618,
        "count": 5
    },
    "NrExecutions": 5,
    "ExecutionsIds": [
        "s0",
        "s1",
        "s2",
        "s3",
        "s4"
    ],
    "ExecutionsInferenceIds": [
        "s0",
        "s1"
    ],
    "NrExecutionsInference": 2,
    "ExecutionTime_Per_PatchMedian": [
        18.468839526176453,
        23.269214510917664,
        27.428226828575134,
        32.227497696876526,
        36.108232855796814,
        39.94779098033905,
        43.867828011512756,
        47.74791395664215,
        51.60789597034454,
        56.448519825935364
    ],
    "Joules_Per_PatchMedian": [
        5872.902696380376,
        6553.534971580267,
        7426.943228134871,
        8244.401398691893,
        8918.491857156516,
        9582.333879694701,
        10261.245059928657,
        10929.802424523594,
        11596.547062942745,
        12432.335355303052
    ],
    "JoulesNormalized_Per_PatchMedian": [
        1621.2438048803806,
        2013.4660193049904,
        2275.679424294233,
        2544.7671898090834,
        2812.5128835165497,
        3084.964422651529,
        3346.435337742567,
        3616.9300340020654,
        3888.211590811014,
        4113.2584805929655
    ],
    "Inf_ExecutionTime": {
        "mean": 2.869557499885559,
        "median": 2.869557499885559,
        "std": 1.2297400096013986,
        "max": 3.739114999771118,
        "min": 2.0,
        "count": 2
    },
    "Inf_Joules": {
        "mean": 3109.8113852713104,
        "median": 3109.8113852713104,
        "std": 1330.6397425470077,
        "max": 4050.7157705426216,
        "min": 2168.9069999999997,
        "count": 2
    },
    "Inf_JoulesNormalized": {
        "mean": 596.2812098705765,
        "median": 596.2812098705765,
        "std": 298.57754937139805,
        "max": 807.4074197411533,
        "min": 385.15499999999975,
        "count": 2
    },
    "Val_ExecutionTime": [
        15.599282026290894,
        20.399657011032104,
        24.558669328689575,
        29.357940196990967,
        33.238675355911255,
        37.07823348045349,
        40.9982705116272,
        44.87835645675659,
        48.738338470458984,
        53.578962326049805
    ],
    "Val_Joules": [
        2763.091311109066,
        3443.7235863089563,
        4317.13184286356,
        5134.590013420582,
        5808.680471885205,
        6472.5224944233905,
        7151.433674657346,
        7819.991039252283,
        8486.735677671435,
        9322.523970031742
    ],
    "Val_JoulesNormalized": [
        1024.962595009804,
        1417.1848094344139,
        1679.3982144236563,
        1948.485979938507,
        2216.2316736459734,
        2488.683212780952,
        2750.1541278719906,
        3020.648824131489,
        3291.9303809404373,
        3516.977270722389
    ],
    "NrPatches": {
        "median": 0,
        "std": 0.0,
        "max": 0,
        "min": 0
    },
    "Correctness_Per_Patch": [
        "W",
        "W",
        "W",
        "W",
        "W",
        "W",
        "W",
        "W",
        "W",
        "W"
    ],
    "Correctness_Per_Patch_original": [
        "wrong",
        "uncompilable",
        "uncompilable",
        "uncompilable",
        "uncompilable",
        "uncompilable",
        "uncompilable",
        "uncompilable",
        "uncompilable",
        "uncompilable"
    ],
    "patches": [],
    "Correctness_Per_Patch_origina": [
        "wrong",
        "uncompilable",
        "uncompilable",
        "uncompilable",
        "uncompilable",
        "uncompilable",
        "uncompilable",
        "uncompilable",
        "uncompilable",
        "uncompilable"
    ]
}