{
    "Group_ID": "s_1223_1224",
    "TOOL_BUG_ID": "TBar10C-Math-60",
    "patch_correctness": true,
    "ExecutionsIds": [
        "1223",
        "1224"
    ],
    "NrExecutions": 2,
    "NrOutliers": 0,
    "SLB": {
        "median": 64.25,
        "std": 0.49497474683058024,
        "max": 64.6,
        "min": 63.9
    },
    "PowerAvg": {
        "median": 113.6,
        "std": 0.28284271247461296,
        "max": 113.8,
        "min": 113.4
    },
    "Time": {
        "median": 5281.5514533519745,
        "std": 6095.378634595929,
        "max": 10564.147078990936,
        "min": 4.079988956451416
    },
    "Joules": {
        "median": 607789.9424845098,
        "std": 702932.0392014742,
        "max": 1220900.6974847552,
        "min": 485.6763578414917
    },
    "JoulesNormalized": {
        "median": 269507.3200869201,
        "std": 311300.91930840776,
        "max": 540040.5055082557,
        "min": 224.95581591129303
    },
    "NrPatches": {
        "median": 154.5,
        "std": 166.85422779580185,
        "max": 299,
        "min": 10
    },
    "Joules_Per_PatchMedian": [
        104.50573788881303,
        147.5534702539444,
        192.19182870388033,
        236.7066300332546,
        278.2244649589062,
        319.82827224731443,
        361.971906119585,
        403.8282817542553,
        446.781117862463,
        488.02873554229734
    ],
    "ExecutionTime_Per_PatchMedian": [
        0.8597854375839233,
        1.2195734977722168,
        1.599442481994629,
        1.959303379058838,
        2.3095918893814087,
        2.65999436378479,
        3.0199168920516968,
        3.3702573776245117,
        3.7301228046417236,
        4.080061316490173
    ],
    "JoulesNormalized_Per_PatchMedian": [
        49.26442151069642,
        69.19574718475343,
        89.42746740579607,
        110.82118682265283,
        129.8296236932278,
        148.92371323108677,
        167.94226287007334,
        187.2858762562275,
        207.11732246279718,
        225.8848212838173
    ],
    "Correctness_Per_Patch": [
        "W",
        "W",
        "W",
        "W",
        "W",
        "W",
        "W",
        "W",
        "W",
        "W"
    ],
    "Correctness_Per_Patch_original": [
        "uncompilable",
        "uncompilable",
        "uncompilable",
        "uncompilable",
        "uncompilable",
        "uncompilable",
        "uncompilable",
        "uncompilable",
        "uncompilable",
        "uncompilable"
    ]
}