{
    "TOOL_BUG_ID": "plbart_large-Closure-92",
    "Time": {
        "mean": 343.8426569700241,
        "median": 343.8426569700241,
        "std": 0.0,
        "max": 343.8426569700241,
        "min": 343.8426569700241,
        "count": 6
    },
    "Joules": {
        "mean": 41370.70514559149,
        "median": 41370.70514559149,
        "std": 0.0,
        "max": 41370.70514559149,
        "min": 41370.70514559149,
        "count": 6
    },
    "JoulesNormalized": {
        "mean": 19260.32619994283,
        "median": 19260.32619994283,
        "std": 0.0,
        "max": 19260.32619994283,
        "min": 19260.32619994283,
        "count": 6
    },
    "NrExecutions": 6,
    "ExecutionsIds": [
        "s0",
        "s1",
        "s2",
        "s3",
        "s4",
        "s5"
    ],
    "ExecutionsInferenceIds": [
        "s0",
        "s1"
    ],
    "NrExecutionsInference": 2,
    "ExecutionTime_Per_PatchMedian": [
        34.60942995548248,
        68.96867740154266,
        103.32792484760284,
        137.68717229366302,
        172.0464197397232,
        206.4056671857834,
        240.76491463184357,
        275.12416207790375,
        309.4834095239639,
        343.8426569700241
    ],
    "Joules_Per_PatchMedian": [
        4321.955226314067,
        8438.48299512267,
        12555.010763931272,
        16671.538532739876,
        20788.06630154848,
        24904.59407035708,
        29021.121839165684,
        33137.64960797429,
        37254.177376782885,
        41370.70514559149
    ],
    "JoulesNormalized_Per_PatchMedian": [
        1942.999406683445,
        3867.1468281567095,
        5791.294249629974,
        7715.441671103238,
        9639.589092576503,
        11563.736514049768,
        13487.883935523032,
        15412.031356996296,
        17336.178778469563,
        19260.32619994283
    ],
    "Inf_ExecutionTime": {
        "mean": 0.25018250942230225,
        "median": 0.25018250942230225,
        "std": 0.00038522219538957144,
        "max": 0.2504549026489258,
        "min": 0.2499101161956787,
        "count": 2
    },
    "Inf_Joules": {
        "mean": 205.42745750546456,
        "median": 205.42745750546456,
        "std": 1.4135841666255584,
        "max": 206.42701245546343,
        "min": 204.4279025554657,
        "count": 2
    },
    "Inf_JoulesNormalized": {
        "mean": 18.85198521018029,
        "median": 18.85198521018029,
        "std": 1.2973040461570544,
        "max": 19.769317698478687,
        "min": 17.93465272188189,
        "count": 2
    },
    "Val_ExecutionTime": [
        34.35924744606018,
        68.71849489212036,
        103.07774233818054,
        137.43698978424072,
        171.7962372303009,
        206.15548467636108,
        240.51473212242126,
        274.87397956848145,
        309.2332270145416,
        343.5924744606018
    ],
    "Val_Joules": [
        4116.527768808603,
        8233.055537617205,
        12349.583306425808,
        16466.11107523441,
        20582.638844043013,
        24699.166612851615,
        28815.694381660218,
        32932.22215046882,
        37048.74991927742,
        41165.277688086026
    ],
    "Val_JoulesNormalized": [
        1924.1474214732646,
        3848.294842946529,
        5772.442264419794,
        7696.589685893058,
        9620.737107366323,
        11544.884528839588,
        13469.031950312852,
        15393.179371786116,
        17317.32679325938,
        19241.474214732647
    ],
    "NrPatches": {
        "median": 2,
        "std": 0.0,
        "max": 2,
        "min": 2
    },
    "Correctness_Per_Patch": [
        "W",
        "W",
        "I",
        "C",
        "W",
        "W",
        "W",
        "W",
        "W",
        "W"
    ],
    "Correctness_Per_Patch_original": [
        "wrong",
        "wrong",
        "plausible",
        "plausible",
        "uncompilable",
        "uncompilable",
        "uncompilable",
        "wrong",
        "uncompilable",
        "uncompilable"
    ],
    "patches": [
        "int indexOfDot = namespace.indexOf('.', namespace.length());",
        "int indexOfDot = namespace.lastIndexOf('.');"
    ],
    "Correctness_Per_Patch_origina": [
        "wrong",
        "wrong",
        "plausible",
        "plausible",
        "uncompilable",
        "uncompilable",
        "uncompilable",
        "wrong",
        "uncompilable",
        "uncompilable"
    ]
}