{
    "TOOL_BUG_ID": "codegen_6B-Math-20",
    "Time": {
        "mean": 420.32695746421814,
        "median": 420.32695746421814,
        "std": 0.0,
        "max": 420.32695746421814,
        "min": 420.32695746421814,
        "count": 5
    },
    "Joules": {
        "mean": 47258.69704297184,
        "median": 47258.69704297184,
        "std": 0.0,
        "max": 47258.69704297184,
        "min": 47258.69704297184,
        "count": 5
    },
    "JoulesNormalized": {
        "mean": 20297.40739535689,
        "median": 20297.40739535689,
        "std": 0.0,
        "max": 20297.40739535689,
        "min": 20297.40739535689,
        "count": 5
    },
    "NrExecutions": 5,
    "ExecutionsIds": [
        "s0",
        "s1",
        "s2",
        "s3",
        "s4"
    ],
    "ExecutionsInferenceIds": [
        "s0",
        "s1"
    ],
    "NrExecutionsInference": 2,
    "ExecutionTime_Per_PatchMedian": [
        42.69440507888794,
        84.65357756614685,
        126.61275005340576,
        168.57192254066467,
        210.53109502792358,
        252.4902675151825,
        294.4494400024414,
        336.4086124897003,
        378.36778497695923,
        420.32695746421814
    ],
    "Joules_Per_PatchMedian": [
        5456.649905061721,
        10101.321809273957,
        14745.993713486194,
        19390.66561769843,
        24035.337521910664,
        28680.0094261229,
        33324.68133033514,
        37969.35323454737,
        42614.02513875961,
        47258.69704297184
    ],
    "JoulesNormalized_Per_PatchMedian": [
        2156.314148825407,
        4171.991176217794,
        6187.668203610182,
        8203.34523100257,
        10219.022258394956,
        12234.699285787343,
        14250.37631317973,
        16266.053340572116,
        18281.730367964505,
        20297.40739535689
    ],
    "Inf_ExecutionTime": {
        "mean": 0.7352325916290283,
        "median": 0.7352325916290283,
        "std": 1.0397759025804911,
        "max": 1.4704651832580566,
        "min": 0,
        "count": 2
    },
    "Inf_Joules": {
        "mean": 811.9780008494854,
        "median": 811.9780008494854,
        "std": 1148.3103011499347,
        "max": 1623.9560016989708,
        "min": 0,
        "count": 2
    },
    "Inf_JoulesNormalized": {
        "mean": 140.63712143301962,
        "median": 140.63712143301962,
        "std": 198.8909245036882,
        "max": 281.27424286603923,
        "min": 0,
        "count": 2
    },
    "Val_ExecutionTime": [
        41.95917248725891,
        83.91834497451782,
        125.87751746177673,
        167.83668994903564,
        209.79586243629456,
        251.75503492355347,
        293.7142074108124,
        335.6733798980713,
        377.6325523853302,
        419.5917248725891
    ],
    "Val_Joules": [
        4644.671904212236,
        9289.343808424472,
        13934.015712636708,
        18578.687616848943,
        23223.35952106118,
        27868.031425273413,
        32512.703329485652,
        37157.37523369789,
        41802.04713791012,
        46446.71904212236
    ],
    "Val_JoulesNormalized": [
        2015.6770273923871,
        4031.3540547847747,
        6047.031082177163,
        8062.70810956955,
        10078.385136961937,
        12094.062164354324,
        14109.73919174671,
        16125.416219139097,
        18141.093246531484,
        20156.77027392387
    ],
    "NrPatches": {
        "median": 0,
        "std": 0.0,
        "max": 0,
        "min": 0
    },
    "Correctness_Per_Patch": [
        "W",
        "W",
        "W",
        "W",
        "W",
        "W",
        "W",
        "W",
        "W",
        "W"
    ],
    "Correctness_Per_Patch_original": [
        "uncompilable",
        "uncompilable",
        "uncompilable",
        "uncompilable",
        "wrong",
        "uncompilable",
        "uncompilable",
        "uncompilable",
        "uncompilable",
        "uncompilable"
    ],
    "patches": [],
    "Correctness_Per_Patch_origina": [
        "uncompilable",
        "uncompilable",
        "uncompilable",
        "uncompilable",
        "wrong",
        "uncompilable",
        "uncompilable",
        "uncompilable",
        "uncompilable",
        "uncompilable"
    ]
}