{
    "TOOL_BUG_ID": "codet5_base-Math-79",
    "Time": {
        "mean": 73.15203356742859,
        "median": 73.15203356742859,
        "std": 0.0,
        "max": 73.15203356742859,
        "min": 73.15203356742859,
        "count": 7
    },
    "Joules": {
        "mean": 9129.965186202526,
        "median": 9129.965186202526,
        "std": 0.0,
        "max": 9129.965186202526,
        "min": 9129.965186202526,
        "count": 7
    },
    "JoulesNormalized": {
        "mean": 4250.042332148552,
        "median": 4250.042332148552,
        "std": 0.0,
        "max": 4250.042332148552,
        "min": 4250.042332148552,
        "count": 7
    },
    "NrExecutions": 7,
    "ExecutionsIds": [
        "s0",
        "s1",
        "s2",
        "s3",
        "s4",
        "s5",
        "s6"
    ],
    "ExecutionsInferenceIds": [
        "s0",
        "s1"
    ],
    "NrExecutionsInference": 2,
    "ExecutionTime_Per_PatchMedian": [
        7.63033652305603,
        14.91052508354187,
        22.19071364402771,
        29.47090220451355,
        36.75109076499939,
        44.03127932548523,
        51.31146788597107,
        58.59165644645691,
        65.87184500694275,
        73.15203356742859
    ],
    "Joules_Per_PatchMedian": [
        1187.6212022542954,
        2070.103867137432,
        2952.586532020569,
        3835.0691969037057,
        4717.551861786842,
        5600.034526669979,
        6482.5171915531155,
        7364.999856436252,
        8247.482521319389,
        9129.965186202526
    ],
    "JoulesNormalized_Per_PatchMedian": [
        458.90445502996454,
        880.1419969320298,
        1301.379538834095,
        1722.6170807361602,
        2143.8546226382255,
        2565.092164540291,
        2986.3297064423564,
        3407.567248344422,
        3828.8047902464873,
        4250.042332148552
    ],
    "Inf_ExecutionTime": {
        "mean": 0.35014796257019043,
        "median": 0.35014796257019043,
        "std": 0.013802587125135664,
        "max": 0.359907865524292,
        "min": 0.34038805961608887,
        "count": 2
    },
    "Inf_Joules": {
        "mean": 305.13853737115863,
        "median": 305.13853737115863,
        "std": 7.1234764907581045,
        "max": 310.17559590339664,
        "min": 300.1014788389206,
        "count": 2
    },
    "Inf_JoulesNormalized": {
        "mean": 37.66691312789922,
        "median": 37.66691312789922,
        "std": 2.2078091496043384,
        "max": 39.228069949150154,
        "min": 36.10575630664829,
        "count": 2
    },
    "Val_ExecutionTime": [
        7.28018856048584,
        14.56037712097168,
        21.84056568145752,
        29.12075424194336,
        36.4009428024292,
        43.68113136291504,
        50.96131992340088,
        58.24150848388672,
        65.52169704437256,
        72.8018856048584
    ],
    "Val_Joules": [
        882.4826648831367,
        1764.9653297662735,
        2647.4479946494102,
        3529.930659532547,
        4412.413324415684,
        5294.8959892988205,
        6177.378654181957,
        7059.861319065094,
        7942.343983948231,
        8824.826648831367
    ],
    "Val_JoulesNormalized": [
        421.23754190206535,
        842.4750838041306,
        1263.7126257061957,
        1684.950167608261,
        2106.1877095103264,
        2527.425251412392,
        2948.6627933144573,
        3369.9003352165228,
        3791.137877118588,
        4212.375419020653
    ],
    "NrPatches": {
        "median": 0,
        "std": 0.0,
        "max": 0,
        "min": 0
    },
    "Correctness_Per_Patch": [
        "W",
        "W",
        "W",
        "W",
        "W",
        "W",
        "W",
        "W",
        "W",
        "W"
    ],
    "Correctness_Per_Patch_original": [
        "wrong",
        "wrong",
        "wrong",
        "wrong",
        "uncompilable",
        "wrong",
        "wrong",
        "wrong",
        "uncompilable",
        "uncompilable"
    ],
    "patches": [],
    "Correctness_Per_Patch_origina": [
        "wrong",
        "wrong",
        "wrong",
        "wrong",
        "uncompilable",
        "wrong",
        "wrong",
        "wrong",
        "uncompilable",
        "uncompilable"
    ]
}