{
    "TOOL_BUG_ID": "codet5_large-Math-79",
    "Time": {
        "mean": 73.43240463733673,
        "median": 73.43240463733673,
        "std": 0.0,
        "max": 73.43240463733673,
        "min": 73.43240463733673,
        "count": 6
    },
    "Joules": {
        "mean": 9399.732478153706,
        "median": 9399.732478153706,
        "std": 0.0,
        "max": 9399.732478153706,
        "min": 9399.732478153706,
        "count": 6
    },
    "JoulesNormalized": {
        "mean": 4305.576760697366,
        "median": 4305.576760697366,
        "std": 0.0,
        "max": 4305.576760697366,
        "min": 4305.576760697366,
        "count": 6
    },
    "NrExecutions": 6,
    "ExecutionsIds": [
        "s0",
        "s1",
        "s2",
        "s3",
        "s4",
        "s5"
    ],
    "ExecutionsInferenceIds": [
        "s0",
        "s1"
    ],
    "NrExecutionsInference": 2,
    "ExecutionTime_Per_PatchMedian": [
        7.910707592964172,
        15.190896153450012,
        22.471084713935852,
        29.751273274421692,
        37.03146183490753,
        44.31165039539337,
        51.59183895587921,
        58.87202751636505,
        66.15221607685089,
        73.43240463733673
    ],
    "Joules_Per_PatchMedian": [
        1457.388494205475,
        2339.8711590886114,
        3222.353823971748,
        4104.836488854885,
        4987.319153738022,
        5869.801818621158,
        6752.284483504295,
        7634.767148387432,
        8517.24981327057,
        9399.732478153706
    ],
    "JoulesNormalized_Per_PatchMedian": [
        514.4388835787774,
        935.6764254808427,
        1356.913967382908,
        1778.1515092849731,
        2199.3890511870386,
        2620.626593089104,
        3041.8641349911695,
        3463.101676893235,
        3884.3392187953004,
        4305.576760697366
    ],
    "Inf_ExecutionTime": {
        "mean": 0.6305190324783325,
        "median": 0.6305190324783325,
        "std": 0.01412239741163633,
        "max": 0.6405050754547119,
        "min": 0.6205329895019531,
        "count": 2
    },
    "Inf_Joules": {
        "mean": 574.9058293223381,
        "median": 574.9058293223381,
        "std": 12.96752308506712,
        "max": 584.0752528309822,
        "min": 565.7364058136941,
        "count": 2
    },
    "Inf_JoulesNormalized": {
        "mean": 93.20134167671213,
        "median": 93.20134167671213,
        "std": 0.4399248766704387,
        "max": 93.51241554021846,
        "min": 92.89026781320581,
        "count": 2
    },
    "Val_ExecutionTime": [
        7.28018856048584,
        14.56037712097168,
        21.84056568145752,
        29.12075424194336,
        36.4009428024292,
        43.68113136291504,
        50.96131992340088,
        58.24150848388672,
        65.52169704437256,
        72.8018856048584
    ],
    "Val_Joules": [
        882.4826648831367,
        1764.9653297662733,
        2647.4479946494102,
        3529.930659532547,
        4412.413324415684,
        5294.8959892988205,
        6177.378654181957,
        7059.861319065094,
        7942.343983948232,
        8824.826648831367
    ],
    "Val_JoulesNormalized": [
        421.23754190206535,
        842.4750838041306,
        1263.7126257061957,
        1684.950167608261,
        2106.1877095103264,
        2527.425251412392,
        2948.6627933144573,
        3369.9003352165228,
        3791.137877118588,
        4212.375419020654
    ],
    "NrPatches": {
        "median": 0,
        "std": 0.0,
        "max": 0,
        "min": 0
    },
    "Correctness_Per_Patch": [
        "W",
        "W",
        "W",
        "W",
        "W",
        "W",
        "W",
        "W",
        "W",
        "W"
    ],
    "Correctness_Per_Patch_original": [
        "wrong",
        "wrong",
        "wrong",
        "uncompilable",
        "uncompilable",
        "wrong",
        "wrong",
        "uncompilable",
        "uncompilable",
        "wrong"
    ],
    "patches": [],
    "Correctness_Per_Patch_origina": [
        "wrong",
        "wrong",
        "wrong",
        "uncompilable",
        "uncompilable",
        "wrong",
        "wrong",
        "uncompilable",
        "uncompilable",
        "wrong"
    ]
}