{
    "TOOL_BUG_ID": "codet5_small-Math-98",
    "Time": {
        "mean": 61.90218770503998,
        "median": 61.90218770503998,
        "std": 0.0,
        "max": 61.90218770503998,
        "min": 61.90218770503998,
        "count": 6
    },
    "Joules": {
        "mean": 7202.3372508049015,
        "median": 7202.3372508049015,
        "std": 0.0,
        "max": 7202.3372508049015,
        "min": 7202.3372508049015,
        "count": 6
    },
    "JoulesNormalized": {
        "mean": 3066.085948932171,
        "median": 3066.085948932171,
        "std": 0.0,
        "max": 3066.085948932171,
        "min": 3066.085948932171,
        "count": 6
    },
    "NrExecutions": 6,
    "ExecutionsIds": [
        "s0",
        "s1",
        "s2",
        "s3",
        "s4",
        "s5"
    ],
    "ExecutionsInferenceIds": [
        "s0",
        "s1"
    ],
    "NrExecutionsInference": 2,
    "ExecutionTime_Per_PatchMedian": [
        6.464874505996704,
        12.624575972557068,
        18.78427743911743,
        24.943978905677795,
        31.10368037223816,
        37.26338183879852,
        43.42308330535889,
        49.58278477191925,
        55.742486238479614,
        61.90218770503998
    ],
    "Joules_Per_PatchMedian": [
        944.4895395696162,
        1639.8059519290923,
        2335.1223642885684,
        3030.4387766480445,
        3725.7551890075206,
        4421.071601366997,
        5116.388013726473,
        5811.704426085949,
        6507.020838445425,
        7202.3372508049015
    ],
    "JoulesNormalized_Per_PatchMedian": [
        323.8432218194007,
        628.536858165264,
        933.2304945111273,
        1237.9241308569906,
        1542.6177672028539,
        1847.3114035487172,
        2152.0050398945805,
        2456.698676240444,
        2761.3923125863075,
        3066.085948932171
    ],
    "Inf_ExecutionTime": {
        "mean": 0.30517303943634033,
        "median": 0.30517303943634033,
        "std": 0.09205259465785556,
        "max": 0.37026405334472656,
        "min": 0.2400820255279541,
        "count": 2
    },
    "Inf_Joules": {
        "mean": 249.1731272101402,
        "median": 249.1731272101402,
        "std": 77.7391458685179,
        "max": 304.1430044174194,
        "min": 194.203250002861,
        "count": 2
    },
    "Inf_JoulesNormalized": {
        "mean": 19.14958547353737,
        "median": 19.14958547353737,
        "std": 7.489608625148138,
        "max": 24.445538520812875,
        "min": 13.853632426261868,
        "count": 2
    },
    "Val_ExecutionTime": [
        6.159701466560364,
        12.319402933120728,
        18.47910439968109,
        24.638805866241455,
        30.79850733280182,
        36.95820879936218,
        43.117910265922546,
        49.27761173248291,
        55.437313199043274,
        61.59701466560364
    ],
    "Val_Joules": [
        695.3164123594761,
        1390.6328247189522,
        2085.9492370784283,
        2781.2656494379044,
        3476.5820617973804,
        4171.8984741568565,
        4867.214886516333,
        5562.531298875809,
        6257.847711235285,
        6953.164123594761
    ],
    "Val_JoulesNormalized": [
        304.6936363458633,
        609.3872726917266,
        914.0809090375899,
        1218.7745453834532,
        1523.4681817293165,
        1828.1618180751798,
        2132.8554544210433,
        2437.549090766907,
        2742.2427271127704,
        3046.936363458634
    ],
    "NrPatches": {
        "median": 1,
        "std": 0.0,
        "max": 1,
        "min": 1
    },
    "Correctness_Per_Patch": [
        "C",
        "W",
        "W",
        "W",
        "W",
        "W",
        "W",
        "W",
        "W",
        "W"
    ],
    "Correctness_Per_Patch_original": [
        "plausible",
        "uncompilable",
        "uncompilable",
        "uncompilable",
        "uncompilable",
        "uncompilable",
        "uncompilable",
        "uncompilable",
        "uncompilable",
        "uncompilable"
    ],
    "patches": [
        "    final BigDecimal[] out = new BigDecimal[nRows];\n"
    ],
    "Correctness_Per_Patch_origina": [
        "plausible",
        "uncompilable",
        "uncompilable",
        "uncompilable",
        "uncompilable",
        "uncompilable",
        "uncompilable",
        "uncompilable",
        "uncompilable",
        "uncompilable"
    ]
}