{
    "TOOL_BUG_ID": "incoder_6B-Math-56",
    "Time": {
        "mean": 196.22619700431824,
        "median": 196.22619700431824,
        "std": 0.0,
        "max": 196.22619700431824,
        "min": 196.22619700431824,
        "count": 5
    },
    "Joules": {
        "mean": 23655.71861468554,
        "median": 23655.71861468554,
        "std": 0.0,
        "max": 23655.71861468554,
        "min": 23655.71861468554,
        "count": 5
    },
    "JoulesNormalized": {
        "mean": 9806.932774627208,
        "median": 9806.932774627208,
        "std": 0.0,
        "max": 9806.932774627208,
        "min": 9806.932774627208,
        "count": 5
    },
    "NrExecutions": 5,
    "ExecutionsIds": [
        "s0",
        "s1",
        "s2",
        "s3",
        "s4"
    ],
    "ExecutionsInferenceIds": [
        "s0",
        "s1"
    ],
    "NrExecutionsInference": 2,
    "ExecutionTime_Per_PatchMedian": [
        21.3640273809433,
        40.79315733909607,
        60.22228729724884,
        79.65141725540161,
        99.08054721355438,
        118.50967717170715,
        137.93880712985992,
        157.3679370880127,
        176.79706704616547,
        196.22619700431824
    ],
    "Joules_Per_PatchMedian": [
        4413.342810112239,
        6551.384566175939,
        8689.426322239638,
        10827.468078303338,
        12965.509834367038,
        15103.551590430738,
        17241.59334649444,
        19379.63510255814,
        21517.67685862184,
        23655.71861468554
    ],
    "JoulesNormalized_Per_PatchMedian": [
        1456.9165058374401,
        2384.6960912585255,
        3312.475676679611,
        4240.255262100696,
        5168.034847521782,
        6095.814432942867,
        7023.594018363952,
        7951.373603785038,
        8879.153189206123,
        9806.932774627208
    ],
    "Inf_ExecutionTime": {
        "mean": 1.9348974227905273,
        "median": 1.9348974227905273,
        "std": 0.34535431127135846,
        "max": 2.1790997982025146,
        "min": 1.69069504737854,
        "count": 2
    },
    "Inf_Joules": {
        "mean": 2275.3010540485384,
        "median": 2275.3010540485384,
        "std": 391.563973522355,
        "max": 2552.178594994545,
        "min": 1998.4235131025312,
        "count": 2
    },
    "Inf_JoulesNormalized": {
        "mean": 529.136920416355,
        "median": 529.136920416355,
        "std": 75.45305518553828,
        "max": 582.4902873992919,
        "min": 475.7835534334181,
        "count": 2
    },
    "Val_ExecutionTime": [
        19.42912995815277,
        38.85825991630554,
        58.28738987445831,
        77.71651983261108,
        97.14564979076385,
        116.57477974891663,
        136.0039097070694,
        155.43303966522217,
        174.86216962337494,
        194.2912995815277
    ],
    "Val_Joules": [
        2138.0417560637006,
        4276.0835121274,
        6414.1252681911,
        8552.167024254799,
        10690.208780318499,
        12828.250536382198,
        14966.292292445902,
        17104.3340485096,
        19242.3758045733,
        21380.417560637
    ],
    "Val_JoulesNormalized": [
        927.7795854210851,
        1855.5591708421705,
        2783.338756263256,
        3711.1183416843414,
        4638.897927105427,
        5566.677512526512,
        6494.4570979475975,
        7422.236683368683,
        8350.016268789768,
        9277.795854210854
    ],
    "NrPatches": {
        "median": 1,
        "std": 0.0,
        "max": 1,
        "min": 1
    },
    "Correctness_Per_Patch": [
        "W",
        "W",
        "W",
        "W",
        "W",
        "W",
        "I",
        "W",
        "W",
        "W"
    ],
    "Correctness_Per_Patch_original": [
        "wrong",
        "wrong",
        "wrong",
        "wrong",
        "wrong",
        "wrong",
        "plausible",
        "wrong",
        "wrong",
        "wrong"
    ],
    "patches": [
        "    indices[last] = index - count;\n"
    ],
    "Correctness_Per_Patch_origina": [
        "wrong",
        "wrong",
        "wrong",
        "wrong",
        "wrong",
        "wrong",
        "plausible",
        "wrong",
        "wrong",
        "wrong"
    ]
}