{
    "TOOL_BUG_ID": "plbart_large-Closure-146",
    "Time": {
        "mean": 12.798374652862549,
        "median": 12.969733476638794,
        "std": 0.3991118666603176,
        "max": 13.052013158798218,
        "min": 12.09021806716919,
        "count": 5
    },
    "Joules": {
        "mean": 1510.0844490003585,
        "median": 1440.1501399993897,
        "std": 128.15735135607795,
        "max": 1689.8013154029845,
        "min": 1409.5208833813665,
        "count": 5
    },
    "JoulesNormalized": {
        "mean": 341.79967470884327,
        "median": 471.26820714473723,
        "std": 189.04052456517385,
        "max": 495.33247200250634,
        "min": 134.5943852066994,
        "count": 5
    },
    "NrExecutions": 5,
    "ExecutionsIds": [
        "s1",
        "s2",
        "s3",
        "s4",
        "s5"
    ],
    "ExecutionsInferenceIds": [
        "s0",
        "s1"
    ],
    "NrExecutionsInference": 2,
    "ExecutionTime_Per_PatchMedian": [
        2.1900150775909424,
        4.170543909072876,
        5.169951915740967,
        7.150357007980347,
        8.15032696723938,
        9.14923906326294,
        10.149461030960083,
        11.128595113754272,
        12.129727602005005,
        12.969733476638794
    ],
    "Joules_Per_PatchMedian": [
        353.94064012765887,
        555.0292128682137,
        647.302473962307,
        848.5940325856209,
        949.7866353750229,
        1045.8480249762536,
        1148.2180663585664,
        1248.8315805196762,
        1350.1306260704994,
        1440.1501399993897
    ],
    "JoulesNormalized_Per_PatchMedian": [
        79.13930349349978,
        152.02668927907945,
        181.68176362514498,
        252.1658683896065,
        290.0141204714775,
        318.9316373229027,
        356.0746060013771,
        398.2314553022385,
        435.1136091351509,
        471.26820714473723
    ],
    "Inf_ExecutionTime": {
        "mean": 0.19021892547607422,
        "median": 0.19021892547607422,
        "std": 0.04234004966446797,
        "max": 0.22015786170959473,
        "min": 0.1602799892425537,
        "count": 2
    },
    "Inf_Joules": {
        "mean": 150.94436160326006,
        "median": 150.94436160326006,
        "std": 34.955364775750674,
        "max": 175.66153707504273,
        "min": 126.22718613147737,
        "count": 2
    },
    "Inf_JoulesNormalized": {
        "mean": 8.740322756767299,
        "median": 8.740322756767299,
        "std": 1.5843839920467604,
        "max": 9.860651421546976,
        "min": 7.619994091987621,
        "count": 2
    },
    "Val_ExecutionTime": [
        1.9997961521148682,
        3.9803249835968018,
        4.979732990264893,
        6.9601380825042725,
        7.960108041763306,
        8.959020137786865,
        9.959242105484009,
        10.938376188278198,
        11.93950867652893,
        12.77951455116272
    ],
    "Val_Joules": [
        202.9962785243988,
        404.0848512649536,
        496.3581123590469,
        697.6496709823608,
        798.8422737717628,
        894.9036633729935,
        997.2737047553063,
        1097.8872189164163,
        1199.1862644672392,
        1289.2057783961295
    ],
    "Val_JoulesNormalized": [
        70.39898073673248,
        143.28636652231216,
        172.9414408683777,
        243.4255456328392,
        281.2737977147102,
        310.1913145661354,
        347.3342832446098,
        389.4911325454712,
        426.3732863783836,
        462.52788438796995
    ],
    "NrPatches": {
        "median": 0,
        "std": 0.0,
        "max": 0,
        "min": 0
    },
    "Correctness_Per_Patch": [
        "W",
        "W",
        "W",
        "W",
        "W",
        "W",
        "W",
        "W",
        "W",
        "W"
    ],
    "Correctness_Per_Patch_original": [
        "wrong",
        "wrong",
        "uncompilable",
        "wrong",
        "uncompilable",
        "uncompilable",
        "uncompilable",
        "uncompilable",
        "uncompilable",
        "uncompilable"
    ],
    "patches": [],
    "Correctness_Per_Patch_origina": [
        "wrong",
        "wrong",
        "uncompilable",
        "wrong",
        "uncompilable",
        "uncompilable",
        "uncompilable",
        "uncompilable",
        "uncompilable",
        "uncompilable"
    ]
}