{
    "TOOL_BUG_ID": "codet5_base-Closure-5",
    "Time": {
        "mean": 295.15206122398376,
        "median": 294.99517714977264,
        "std": 1.3682399409434034,
        "max": 297.5852144956589,
        "min": 293.6459285020828,
        "count": 6
    },
    "Joules": {
        "mean": 35180.80973519286,
        "median": 35240.42450151444,
        "std": 223.55575230128505,
        "max": 35431.79869548678,
        "min": 34843.04581493736,
        "count": 6
    },
    "JoulesNormalized": {
        "mean": 15276.998083009323,
        "median": 14987.392466479541,
        "std": 477.3342011999178,
        "max": 15943.782344251871,
        "min": 14942.538138979675,
        "count": 6
    },
    "NrExecutions": 6,
    "ExecutionsIds": [
        "s0",
        "s1",
        "s2",
        "s3",
        "s4",
        "s5"
    ],
    "ExecutionsInferenceIds": [
        "s0",
        "s1"
    ],
    "NrExecutionsInference": 2,
    "ExecutionTime_Per_PatchMedian": [
        68.10925304889679,
        73.10918605327606,
        78.08914005756378,
        83.08893597126007,
        85.57855451107025,
        152.99764502048492,
        155.49708712100983,
        222.9161776304245,
        290.3352681398392,
        294.99517714977264
    ],
    "Joules_Per_PatchMedian": [
        8460.37784217,
        9153.020689779521,
        9839.360633260012,
        10531.777110892534,
        10816.036655455828,
        18649.62044993043,
        18927.831491470337,
        26761.41528594494,
        34594.99908041954,
        35240.42450151444
    ],
    "JoulesNormalized_Per_PatchMedian": [
        3724.0112868726255,
        3810.094396454096,
        3892.721054518223,
        3979.9182588279245,
        4015.5243602454666,
        7633.873890358211,
        7668.658703434468,
        11287.00823354721,
        14905.357763659955,
        14987.392466479541
    ],
    "Inf_ExecutionTime": {
        "mean": 0.6901625394821167,
        "median": 0.6901625394821167,
        "std": 0.19845315666057778,
        "max": 0.8304901123046875,
        "min": 0.5498349666595459,
        "count": 2
    },
    "Inf_Joules": {
        "mean": 626.7940476953983,
        "median": 626.7940476953983,
        "std": 184.74931290015417,
        "max": 757.4315396666526,
        "min": 496.15655572414397,
        "count": 2
    },
    "Inf_JoulesNormalized": {
        "mean": 105.66175675988197,
        "median": 105.66175675988197,
        "std": 33.122244843618994,
        "max": 129.08272069692612,
        "min": 82.24079282283782,
        "count": 2
    },
    "Val_ExecutionTime": [
        67.41909050941467,
        72.41902351379395,
        77.39897751808167,
        82.39877343177795,
        84.88839197158813,
        152.3074824810028,
        154.8069245815277,
        222.22601509094238,
        289.64510560035706,
        294.3050146102905
    ],
    "Val_Joules": [
        7833.583794474603,
        8526.226642084122,
        9212.566585564613,
        9904.983063197134,
        10189.242607760429,
        18022.82640223503,
        18301.037443774938,
        26134.62123824954,
        33968.205032724145,
        34613.630453819045
    ],
    "Val_JoulesNormalized": [
        3618.3495301127437,
        3704.4326396942142,
        3787.059297758341,
        3874.256502068043,
        3909.8626034855843,
        7528.212133598328,
        7562.996946674586,
        11181.34647678733,
        14799.696006900074,
        14881.730709719659
    ],
    "NrPatches": {
        "median": 0,
        "std": 0.0,
        "max": 0,
        "min": 0
    },
    "Correctness_Per_Patch": [
        "W",
        "W",
        "W",
        "W",
        "W",
        "W",
        "W",
        "W",
        "W",
        "W"
    ],
    "Correctness_Per_Patch_original": [
        "wrong",
        "wrong",
        "wrong",
        "wrong",
        "uncompilable",
        "wrong",
        "uncompilable",
        "wrong",
        "wrong",
        "wrong"
    ],
    "patches": [],
    "Correctness_Per_Patch_origina": [
        "wrong",
        "wrong",
        "wrong",
        "wrong",
        "uncompilable",
        "wrong",
        "uncompilable",
        "wrong",
        "wrong",
        "wrong"
    ]
}