{
    "TOOL_BUG_ID": "plbart_base-Closure-38",
    "Time": {
        "mean": 143.3941922982534,
        "median": 144.23776233196259,
        "std": 2.250566674881612,
        "max": 145.4279134273529,
        "min": 139.1875479221344,
        "count": 6
    },
    "Joules": {
        "mean": 18168.552254708608,
        "median": 18173.39871143103,
        "std": 1191.8207983777054,
        "max": 19395.097116655106,
        "min": 16815.39321189523,
        "count": 6
    },
    "JoulesNormalized": {
        "mean": 7029.661781835557,
        "median": 7002.680239194631,
        "std": 1032.5001921581365,
        "max": 8077.732170957327,
        "min": 6056.8301810562625,
        "count": 6
    },
    "NrExecutions": 6,
    "ExecutionsIds": [
        "s0",
        "s1",
        "s2",
        "s3",
        "s4",
        "s5"
    ],
    "ExecutionsInferenceIds": [
        "s0",
        "s1"
    ],
    "NrExecutionsInference": 2,
    "ExecutionTime_Per_PatchMedian": [
        53.51891481876373,
        58.538869857788086,
        63.528735399246216,
        65.51871538162231,
        70.51860678195953,
        123.88746762275696,
        129.88737511634827,
        134.88733005523682,
        139.88719201087952,
        144.23776233196259
    ],
    "Joules_Per_PatchMedian": [
        6585.069939053058,
        7280.111157608031,
        7962.886697280406,
        8270.600522059201,
        8962.873024916647,
        15431.45547671914,
        16199.805175107718,
        16887.293852245806,
        17575.10922792554,
        18173.39871143103
    ],
    "JoulesNormalized_Per_PatchMedian": [
        3050.578219544888,
        3175.675295990706,
        3298.5237252950674,
        3347.3870931327347,
        3470.3875353693966,
        6516.17766661048,
        6637.770748472214,
        6758.645773345232,
        6879.324758613109,
        7002.680239194631
    ],
    "Inf_ExecutionTime": {
        "mean": 0.1500539779663086,
        "median": 0.1500539779663086,
        "std": 0.013744930236372762,
        "max": 0.1597731113433838,
        "min": 0.1403348445892334,
        "count": 2
    },
    "Inf_Joules": {
        "mean": 116.48748725056649,
        "median": 116.48748725056649,
        "std": 9.419150583157839,
        "max": 123.14783250093461,
        "min": 109.82714200019835,
        "count": 2
    },
    "Inf_JoulesNormalized": {
        "mean": 4.788088303804393,
        "median": 4.788088303804393,
        "std": 0.8357773417620762,
        "max": 5.379072129726424,
        "min": 4.1971044778823625,
        "count": 2
    },
    "Val_ExecutionTime": [
        53.368860840797424,
        58.38881587982178,
        63.37868142127991,
        65.368661403656,
        70.36855280399323,
        123.73741364479065,
        129.73732113838196,
        134.7372760772705,
        139.7371380329132,
        144.08770835399628
    ],
    "Val_Joules": [
        6468.582451802492,
        7163.623670357465,
        7846.39921002984,
        8154.113034808635,
        8846.385537666083,
        15314.967989468574,
        16083.31768785715,
        16770.806364995242,
        17458.62174067497,
        18056.91122418046
    ],
    "Val_JoulesNormalized": [
        3045.7901312410836,
        3170.887207686902,
        3293.735636991263,
        3342.5990048289304,
        3465.5994470655924,
        6511.3895783066755,
        6632.98266016841,
        6753.857685041428,
        6874.536670309306,
        6997.892150890828
    ],
    "NrPatches": {
        "median": 1,
        "std": 0.0,
        "max": 1,
        "min": 1
    },
    "Correctness_Per_Patch": [
        "W",
        "W",
        "W",
        "W",
        "W",
        "I",
        "W",
        "W",
        "W",
        "W"
    ],
    "Correctness_Per_Patch_original": [
        "wrong",
        "wrong",
        "wrong",
        "uncompilable",
        "wrong",
        "plausible",
        "wrong",
        "wrong",
        "wrong",
        "wrong"
    ],
    "patches": [
        "if (x <= 0 && prev == '-') {"
    ],
    "Correctness_Per_Patch_origina": [
        "wrong",
        "wrong",
        "wrong",
        "uncompilable",
        "wrong",
        "plausible",
        "wrong",
        "wrong",
        "wrong",
        "wrong"
    ]
}