{
    "Group_ID": "s_1223_1224",
    "TOOL_BUG_ID": "TBar10C-Closure-117",
    "patch_correctness": true,
    "ExecutionsIds": [
        "1223",
        "1224"
    ],
    "NrExecutions": 2,
    "NrOutliers": 0,
    "SLB": {
        "median": 62.8,
        "std": 1.2727922061357886,
        "max": 63.7,
        "min": 61.9
    },
    "PowerAvg": {
        "median": 106.85,
        "std": 2.333452377915605,
        "max": 108.5,
        "min": 105.2
    },
    "Time": {
        "median": 5747.770142912865,
        "std": 5720.287725699945,
        "max": 10702.960191965103,
        "min": 791.2826461791992
    },
    "Joules": {
        "median": 634133.9583038209,
        "std": 638342.5105399971,
        "max": 1209976.2571048616,
        "min": 88699.55594097378
    },
    "JoulesNormalized": {
        "median": 278022.3333477079,
        "std": 279020.7045372263,
        "max": 528197.6928766845,
        "min": 38944.15759897231
    },
    "NrPatches": {
        "median": 84.5,
        "std": 89.62328566468277,
        "max": 171,
        "min": 10
    },
    "Joules_Per_PatchMedian": [
        11071.623271763325,
        22434.33437998891,
        33400.89587967992,
        44476.517237204316,
        55456.777762371305,
        66416.91169496776,
        77368.67386546136,
        88322.24501556158,
        88683.77322198154,
        89024.20905078054
    ],
    "ExecutionTime_Per_PatchMedian": [
        98.3978054523468,
        200.75511741638184,
        298.5624809265137,
        397.20059382915497,
        494.83843529224396,
        592.7061429023743,
        690.3540325164795,
        787.6215945482254,
        790.6918236017227,
        793.5316780805588
    ],
    "JoulesNormalized_Per_PatchMedian": [
        4892.133042037487,
        9829.486463052035,
        14653.322422271967,
        19534.056023079156,
        24382.156167715788,
        29196.476823413373,
        34016.17676603794,
        38861.64239845276,
        39030.332671451564,
        39192.44379603266
    ],
    "Correctness_Per_Patch": [
        "W",
        "W",
        "W",
        "W",
        "W",
        "W",
        "W",
        "W",
        "W",
        "W"
    ],
    "Correctness_Per_Patch_original": [
        "uncompilable",
        "uncompilable",
        "uncompilable",
        "uncompilable",
        "uncompilable",
        "uncompilable",
        "uncompilable",
        "uncompilable",
        "uncompilable",
        "uncompilable"
    ]
}