{
    "TOOL_BUG_ID": "plbart_large-Closure-114",
    "Time": {
        "mean": 104.03824985027313,
        "median": 103.95973682403564,
        "std": 1.1117292752759071,
        "max": 105.40654814243317,
        "min": 102.74754559993744,
        "count": 6
    },
    "Joules": {
        "mean": 12652.204022582371,
        "median": 12483.482224065065,
        "std": 336.051660977483,
        "max": 13171.801842975616,
        "min": 12337.131634461879,
        "count": 6
    },
    "JoulesNormalized": {
        "mean": 5326.570967630546,
        "median": 5646.31753371358,
        "std": 552.615587363555,
        "max": 5749.758471810818,
        "min": 4599.844117689134,
        "count": 6
    },
    "NrExecutions": 6,
    "ExecutionsIds": [
        "s0",
        "s1",
        "s2",
        "s3",
        "s4",
        "s5"
    ],
    "ExecutionsInferenceIds": [
        "s0",
        "s1"
    ],
    "NrExecutionsInference": 2,
    "ExecutionTime_Per_PatchMedian": [
        5.280052065849304,
        8.261348009109497,
        10.270845651626587,
        13.260637998580933,
        18.260985612869263,
        21.241490244865417,
        23.731884598731995,
        28.73113179206848,
        99.2993893623352,
        103.95973682403564
    ],
    "Joules_Per_PatchMedian": [
        823.6427437365055,
        1138.3932464122772,
        1401.380877929926,
        1710.2575807392598,
        2296.8315583348276,
        2583.2892280995848,
        2884.083945995569,
        3453.8623881340027,
        11952.598971772193,
        12483.482224065065
    ],
    "JoulesNormalized_Per_PatchMedian": [
        273.64863837957387,
        398.7709954857827,
        521.2810425341131,
        647.804393285513,
        912.3245660066607,
        1027.580303901434,
        1141.8612213850024,
        1397.6266972899439,
        5388.439415574075,
        5646.31753371358
    ],
    "Inf_ExecutionTime": {
        "mean": 0.28002750873565674,
        "median": 0.28002750873565674,
        "std": 0.04280484510984611,
        "max": 0.31029510498046875,
        "min": 0.24975991249084473,
        "count": 2
    },
    "Inf_Joules": {
        "mean": 224.67815289497378,
        "median": 224.67815289497378,
        "std": 36.45723827021863,
        "max": 250.45731329917908,
        "min": 198.89899249076845,
        "count": 2
    },
    "Inf_JoulesNormalized": {
        "mean": 15.783345735073098,
        "median": 15.783345735073098,
        "std": 1.883801222438087,
        "max": 17.115394353866577,
        "min": 14.451297116279619,
        "count": 2
    },
    "Val_ExecutionTime": [
        5.0000245571136475,
        7.98132050037384,
        9.99081814289093,
        12.980610489845276,
        17.980958104133606,
        20.96146273612976,
        23.451857089996338,
        28.451104283332825,
        99.01936185359955,
        103.67970931529999
    ],
    "Val_Joules": [
        598.9645908415318,
        913.7150935173034,
        1176.7027250349522,
        1485.579427844286,
        2072.1534054398535,
        2358.611075204611,
        2659.4057931005955,
        3229.184235239029,
        11727.920818877219,
        12258.80407117009
    ],
    "Val_JoulesNormalized": [
        257.86529264450076,
        382.9876497507096,
        505.49769679903994,
        632.02104755044,
        896.5412202715875,
        1011.796958166361,
        1126.0778756499294,
        1381.8433515548709,
        5372.656069839001,
        5630.534187978506
    ],
    "NrPatches": {
        "median": 0,
        "std": 0.0,
        "max": 0,
        "min": 0
    },
    "Correctness_Per_Patch": [
        "W",
        "W",
        "W",
        "W",
        "W",
        "W",
        "W",
        "W",
        "W",
        "W"
    ],
    "Correctness_Per_Patch_original": [
        "wrong",
        "uncompilable",
        "uncompilable",
        "uncompilable",
        "wrong",
        "uncompilable",
        "uncompilable",
        "wrong",
        "wrong",
        "wrong"
    ],
    "patches": [],
    "Correctness_Per_Patch_origina": [
        "wrong",
        "uncompilable",
        "uncompilable",
        "uncompilable",
        "wrong",
        "uncompilable",
        "uncompilable",
        "wrong",
        "wrong",
        "wrong"
    ]
}