{
    "TOOL_BUG_ID": "codegen_2B-Math-101",
    "Time": {
        "mean": 78.62773156166077,
        "median": 78.62773156166077,
        "std": 0.0,
        "max": 78.62773156166077,
        "min": 78.62773156166077,
        "count": 6
    },
    "Joules": {
        "mean": 12193.010175490375,
        "median": 12193.010175490375,
        "std": 0.0,
        "max": 12193.010175490375,
        "min": 12193.010175490375,
        "count": 6
    },
    "JoulesNormalized": {
        "mean": 4303.673077976704,
        "median": 4303.673077976704,
        "std": 0.0,
        "max": 4303.673077976704,
        "min": 4303.673077976704,
        "count": 6
    },
    "NrExecutions": 6,
    "ExecutionsIds": [
        "s0",
        "s1",
        "s2",
        "s3",
        "s4",
        "s5"
    ],
    "ExecutionsInferenceIds": [
        "s0",
        "s1"
    ],
    "NrExecutionsInference": 2,
    "ExecutionTime_Per_PatchMedian": [
        11.580751299858093,
        19.030415773391724,
        26.480080246925354,
        33.929744720458984,
        41.379409193992615,
        48.829073667526245,
        56.278738141059875,
        63.728402614593506,
        71.17806708812714,
        78.62773156166077
    ],
    "Joules_Per_PatchMedian": [
        5031.368478369713,
        5827.106444716454,
        6622.8444110631945,
        7418.582377409935,
        8214.320343756675,
        9010.058310103415,
        9805.796276450155,
        10601.534242796895,
        11397.272209143635,
        12193.010175490375
    ],
    "JoulesNormalized_Per_PatchMedian": [
        1281.6709379911422,
        1617.4489535450934,
        1953.2269690990447,
        2289.004984652996,
        2624.7830002069472,
        2960.5610157608985,
        3296.3390313148498,
        3632.117046868801,
        3967.8950624227523,
        4303.673077976704
    ],
    "Inf_ExecutionTime": {
        "mean": 4.131086826324463,
        "median": 4.131086826324463,
        "std": 0.04162456476414703,
        "max": 4.16051983833313,
        "min": 4.101653814315796,
        "count": 2
    },
    "Inf_Joules": {
        "mean": 4235.630512022972,
        "median": 4235.630512022972,
        "std": 2.8527653787577205,
        "max": 4237.6477217674255,
        "min": 4233.613302278518,
        "count": 2
    },
    "Inf_JoulesNormalized": {
        "mean": 945.8929224371909,
        "median": 945.8929224371909,
        "std": 62.30036919384585,
        "max": 989.9459359645848,
        "min": 901.839908909797,
        "count": 2
    },
    "Val_ExecutionTime": [
        7.44966447353363,
        14.89932894706726,
        22.34899342060089,
        29.79865789413452,
        37.24832236766815,
        44.69798684120178,
        52.14765131473541,
        59.59731578826904,
        67.04698026180267,
        74.4966447353363
    ],
    "Val_Joules": [
        795.7379663467409,
        1591.4759326934818,
        2387.2138990402227,
        3182.9518653869636,
        3978.6898317337036,
        4774.427798080444,
        5570.165764427184,
        6365.903730773924,
        7161.641697120664,
        7957.379663467404
    ],
    "Val_JoulesNormalized": [
        335.77801555395126,
        671.5560311079025,
        1007.3340466618538,
        1343.112062215805,
        1678.8900777697563,
        2014.6680933237076,
        2350.446108877659,
        2686.22412443161,
        3022.0021399855614,
        3357.780155539513
    ],
    "NrPatches": {
        "median": 0,
        "std": 0.0,
        "max": 0,
        "min": 0
    },
    "Correctness_Per_Patch": [
        "W",
        "W",
        "W",
        "W",
        "W",
        "W",
        "W",
        "W",
        "W",
        "W"
    ],
    "Correctness_Per_Patch_original": [
        "wrong",
        "uncompilable",
        "wrong",
        "wrong",
        "wrong",
        "wrong",
        "wrong",
        "wrong",
        "uncompilable",
        "wrong"
    ],
    "patches": [],
    "Correctness_Per_Patch_origina": [
        "wrong",
        "uncompilable",
        "wrong",
        "wrong",
        "wrong",
        "wrong",
        "wrong",
        "wrong",
        "uncompilable",
        "wrong"
    ]
}