{
    "TOOL_BUG_ID": "incoder_6B-Mockito-8",
    "Time": {
        "mean": 443.1176545381546,
        "median": 443.12984240055084,
        "std": 0.5555399958515522,
        "max": 443.58855044841766,
        "min": 442.2092946767807,
        "count": 5
    },
    "Joules": {
        "mean": 70405.27591313481,
        "median": 70500.74224019647,
        "std": 829.4799554272449,
        "max": 71294.71900128723,
        "min": 69488.55626222491,
        "count": 5
    },
    "JoulesNormalized": {
        "mean": 38140.800332406754,
        "median": 40109.315502411126,
        "std": 5203.624866264622,
        "max": 41129.259959346055,
        "min": 28902.276623469592,
        "count": 5
    },
    "NrExecutions": 5,
    "ExecutionsIds": [
        "s0",
        "s1",
        "s2",
        "s3",
        "s4"
    ],
    "ExecutionsInferenceIds": [
        "s0",
        "s1"
    ],
    "NrExecutionsInference": 2,
    "ExecutionTime_Per_PatchMedian": [
        15.659984469413757,
        79.19851171970367,
        119.1474757194519,
        159.09643971920013,
        222.9149786233902,
        286.5935574769974,
        299.8732055425644,
        339.8221695423126,
        403.1808784008026,
        443.12984240055084
    ],
    "Joules_Per_PatchMedian": [
        5158.760304135084,
        16085.424356371164,
        20916.508254307508,
        25747.59215224385,
        36687.5801446259,
        47616.663823527095,
        49922.777927976844,
        54753.86182591319,
        65669.65834226013,
        70500.74224019647
    ],
    "JoulesNormalized_Per_PatchMedian": [
        2126.009686368704,
        8904.016685265302,
        11243.206966429949,
        13582.397247594596,
        20391.64298478961,
        27170.727914613486,
        28597.076493495704,
        30936.26677466035,
        37770.12522124648,
        40109.315502411126
    ],
    "Inf_ExecutionTime": {
        "mean": 2.4602245092391968,
        "median": 2.4602245092391968,
        "std": 0.15563195857350942,
        "max": 2.570272922515869,
        "min": 2.3501760959625244,
        "count": 2
    },
    "Inf_Joules": {
        "mean": 2871.7931814610956,
        "median": 2871.7931814610956,
        "std": 165.62891704363133,
        "max": 2988.9105118632315,
        "min": 2754.67585105896,
        "count": 2
    },
    "Inf_JoulesNormalized": {
        "mean": 707.3199297726153,
        "median": 707.3199297726153,
        "std": 53.012210375226836,
        "max": 744.805223214626,
        "min": 669.8346363306046,
        "count": 2
    },
    "Val_ExecutionTime": [
        13.19975996017456,
        76.73828721046448,
        116.68725121021271,
        156.63621520996094,
        220.454754114151,
        284.1333329677582,
        297.4129810333252,
        337.3619450330734,
        400.7206538915634,
        440.66961789131165
    ],
    "Val_Joules": [
        2286.9671226739883,
        13213.631174910068,
        18044.71507284641,
        22875.798970782755,
        33815.78696316481,
        44744.870642066,
        47050.98474651575,
        51882.0686444521,
        62797.86516079903,
        67628.94905873538
    ],
    "Val_JoulesNormalized": [
        1418.6897565960887,
        8196.696755492687,
        10535.887036657334,
        12875.07731782198,
        19684.323055016994,
        26463.40798484087,
        27889.756563723087,
        30228.946844887734,
        37062.805291473866,
        39401.99557263851
    ],
    "NrPatches": {
        "median": 0,
        "std": 0.0,
        "max": 0,
        "min": 0
    },
    "Correctness_Per_Patch": [
        "W",
        "W",
        "W",
        "W",
        "W",
        "W",
        "W",
        "W",
        "W",
        "W"
    ],
    "Correctness_Per_Patch_original": [
        "uncompilable",
        "wrong",
        "wrong",
        "wrong",
        "wrong",
        "wrong",
        "uncompilable",
        "wrong",
        "wrong",
        "wrong"
    ],
    "patches": [],
    "Correctness_Per_Patch_origina": [
        "uncompilable",
        "wrong",
        "wrong",
        "wrong",
        "wrong",
        "wrong",
        "uncompilable",
        "wrong",
        "wrong",
        "wrong"
    ]
}