{
    "TOOL_BUG_ID": "codegen_350M-Math-70",
    "Time": {
        "mean": 78.68739569187164,
        "median": 78.68739569187164,
        "std": 0.0,
        "max": 78.68739569187164,
        "min": 78.68739569187164,
        "count": 6
    },
    "Joules": {
        "mean": 9745.362807244062,
        "median": 9745.362807244062,
        "std": 0.0,
        "max": 9745.362807244062,
        "min": 9745.362807244062,
        "count": 6
    },
    "JoulesNormalized": {
        "mean": 4548.50819004178,
        "median": 4548.50819004178,
        "std": 0.0,
        "max": 4548.50819004178,
        "min": 4548.50819004178,
        "count": 6
    },
    "NrExecutions": 6,
    "ExecutionsIds": [
        "s0",
        "s1",
        "s2",
        "s3",
        "s4",
        "s5"
    ],
    "ExecutionsInferenceIds": [
        "s0",
        "s1"
    ],
    "NrExecutionsInference": 2,
    "ExecutionTime_Per_PatchMedian": [
        8.124974966049194,
        15.965243935585022,
        23.80551290512085,
        31.645781874656677,
        39.486050844192505,
        47.32631981372833,
        55.16658878326416,
        63.00685775279999,
        70.84712672233582,
        78.68739569187164
    ],
    "Joules_Per_PatchMedian": [
        1180.5793406188488,
        2132.2219480216504,
        3083.864555424452,
        4035.5071628272535,
        4987.149770230055,
        5938.792377632856,
        6890.4349850356575,
        7842.077592438459,
        8793.72019984126,
        9745.362807244062
    ],
    "JoulesNormalized_Per_PatchMedian": [
        472.1508855700493,
        925.0794749557972,
        1378.0080643415452,
        1830.936653727293,
        2283.8652431130413,
        2736.793832498789,
        3189.7224218845367,
        3642.6510112702845,
        4095.579600656032,
        4548.50819004178
    ],
    "Inf_ExecutionTime": {
        "mean": 0.2847059965133667,
        "median": 0.2847059965133667,
        "std": 0.4026350815581503,
        "max": 0.5694119930267334,
        "min": 0,
        "count": 2
    },
    "Inf_Joules": {
        "mean": 228.9367332160473,
        "median": 228.9367332160473,
        "std": 323.7654330395251,
        "max": 457.8734664320946,
        "min": 0,
        "count": 2
    },
    "Inf_JoulesNormalized": {
        "mean": 19.222296184301342,
        "median": 19.222296184301342,
        "std": 27.184431963791553,
        "max": 38.444592368602684,
        "min": 0,
        "count": 2
    },
    "Val_ExecutionTime": [
        7.840268969535828,
        15.680537939071655,
        23.520806908607483,
        31.36107587814331,
        39.20134484767914,
        47.041613817214966,
        54.88188278675079,
        62.72215175628662,
        70.56242072582245,
        78.40268969535828
    ],
    "Val_Joules": [
        951.6426074028016,
        1903.2852148056031,
        2854.927822208405,
        3806.5704296112062,
        4758.213037014008,
        5709.855644416809,
        6661.49825181961,
        7613.140859222412,
        8564.783466625213,
        9516.426074028015
    ],
    "Val_JoulesNormalized": [
        452.92858938574796,
        905.8571787714959,
        1358.7857681572439,
        1811.7143575429918,
        2264.64294692874,
        2717.5715363144877,
        3170.5001257002355,
        3623.428715085983,
        4076.357304471731,
        4529.285893857478
    ],
    "NrPatches": {
        "median": 1,
        "std": 0.0,
        "max": 1,
        "min": 1
    },
    "Correctness_Per_Patch": [
        "W",
        "W",
        "W",
        "C",
        "W",
        "W",
        "W",
        "W",
        "W",
        "W"
    ],
    "Correctness_Per_Patch_original": [
        "uncompilable",
        "wrong",
        "uncompilable",
        "plausible",
        "uncompilable",
        "uncompilable",
        "wrong",
        "wrong",
        "uncompilable",
        "wrong"
    ],
    "patches": [
        "    return solve(f, min, max);\n"
    ],
    "Correctness_Per_Patch_origina": [
        "uncompilable",
        "wrong",
        "uncompilable",
        "plausible",
        "uncompilable",
        "uncompilable",
        "wrong",
        "wrong",
        "uncompilable",
        "wrong"
    ]
}