{
    "TOOL_BUG_ID": "LlamaRepairCL7bdcuda-Lang-59",
    "Time": {
        "mean": 82.71405613422394,
        "median": 82.71405613422394,
        "std": 0,
        "max": 82.71405613422394,
        "min": 82.71405613422394,
        "count": 1
    },
    "Joules": {
        "mean": 8443.15675763488,
        "median": 8443.15675763488,
        "std": 0,
        "max": 8443.15675763488,
        "min": 8443.15675763488,
        "count": 1
    },
    "JoulesNormalized": {
        "mean": 2325.463144862652,
        "median": 2325.463144862652,
        "std": 0,
        "max": 2325.463144862652,
        "min": 2325.463144862652,
        "count": 1
    },
    "NrExecutions": 1,
    "ExecutionsIds": [
        "s4"
    ],
    "ExecutionsInferenceIds": [
        "s1_cuda",
        "s2_cuda",
        "s3_cuda",
        "s4_cuda",
        "s5_cuda"
    ],
    "NrExecutionsInference": 5,
    "ExecutionTime_Per_PatchMedian": [
        10.399571537971497,
        19.43888211250305,
        28.478192687034607,
        37.51750326156616,
        46.55681383609772,
        55.59612441062927,
        64.63543498516083,
        73.67474555969238,
        82.71405613422394
    ],
    "Joules_Per_PatchMedian": [
        2084.327714198828,
        2879.181344628334,
        3674.0349750578407,
        4468.888605487347,
        5263.742235916854,
        6058.595866346361,
        6853.449496775867,
        7648.303127205374,
        8443.15675763488
    ],
    "JoulesNormalized_Per_PatchMedian": [
        491.40633000135415,
        720.6634318590163,
        949.9205337166785,
        1179.1776355743407,
        1408.4347374320027,
        1637.691839289665,
        1866.9489411473273,
        2096.2060430049896,
        2325.463144862652
    ],
    "Inf_ExecutionTime": {
        "mean": 1.4176536560058595,
        "median": 1.3602609634399414,
        "std": 0.1362260257931516,
        "max": 1.6600701808929443,
        "min": 1.3410232067108154,
        "count": 5
    },
    "Inf_Joules": {
        "mean": 1339.8987109684942,
        "median": 1289.4740837693214,
        "std": 110.84023144503918,
        "max": 1536.7137539267537,
        "min": 1273.9855690956115,
        "count": 5
    },
    "Inf_JoulesNormalized": {
        "mean": 266.98515350818633,
        "median": 262.14922814369197,
        "std": 9.477584181399946,
        "max": 282.3647252440451,
        "min": 259.34450519084953,
        "count": 5
    },
    "Val_ExecutionTime": [
        9.039310574531555,
        18.07862114906311,
        27.117931723594666,
        36.15724229812622,
        45.196552872657776,
        54.23586344718933,
        63.275174021720886,
        72.31448459625244,
        81.353795170784
    ],
    "Val_Joules": [
        794.8536304295064,
        1589.7072608590126,
        2384.560891288519,
        3179.4145217180258,
        3974.2681521475324,
        4769.121782577039,
        5563.975413006546,
        6358.829043436052,
        7153.682673865559
    ],
    "Val_JoulesNormalized": [
        229.25710185766218,
        458.51420371532436,
        687.7713055729865,
        917.0284074306487,
        1146.2855092883108,
        1375.542611145973,
        1604.7997130036354,
        1834.0568148612977,
        2063.31391671896
    ],
    "NrPatches": {
        "median": 0,
        "std": 0.0,
        "max": 0,
        "min": 0
    },
    "Correctness_Per_Patch": [
        "W",
        "W",
        "C",
        "W",
        "W",
        "W",
        "I",
        "W",
        "W",
        "I"
    ],
    "Correctness_Per_Patch_original": [
        "wrong",
        "wrong",
        "wrong",
        "wrong",
        "correct",
        "wrong",
        "wrong",
        "uncompilable",
        "wrong",
        "wrong"
    ],
    "patches": [
        "    public StrBuilder appendFixedWidthPadRight(Object obj, int width, char padChar) {\n        if (width > 0) {\n            ensureCapacity(size + width);\n            String str = (obj == null ? getNullText() : obj.toString());\n            int strLen = str.length();\n            if (strLen >= width) {\n// buggy code\n//                 str.getChars(0, strLen, buffer, size);\n               str.getChars(0, strLen, buffer, size + width - strLen);\n            } else {\n                int padLen = width - strLen;\n                str.getChars(0, strLen, buffer, size);\n                for (int i = 0; i < padLen; i++) {\n                    buffer[size + strLen + i] = padChar;\n                }\n            }\n            size += width;\n        }\n        return this;\n    }\n",
        "    public StrBuilder appendFixedWidthPadRight(Object obj, int width, char padChar) {\n        if (width > 0) {\n            ensureCapacity(size + width);\n            String str = (obj == null ? getNullText() : obj.toString());\n            int strLen = str.length();\n            if (strLen >= width) {\n// buggy code\n//                 str.getChars(0, strLen, buffer, size);\n               System.arraycopy(str.toCharArray(), 0, buffer, size, strLen);\n            } else {\n                int padLen = width - strLen;\n                str.getChars(0, strLen, buffer, size);\n                for (int i = 0; i < padLen; i++) {\n                    buffer[size + strLen + i] = padChar;\n                }\n            }\n            size += width;\n        }\n        return this;\n    }\n",
        "    public StrBuilder appendFixedWidthPadRight(Object obj, int width, char padChar) {\n        if (width > 0) {\n            ensureCapacity(size + width);\n            String str = (obj == null ? getNullText() : obj.toString());\n            int strLen = str.length();\n            if (strLen >= width) {\n// buggy code\n//                 str.getChars(0, strLen, buffer, size);\n               str.getChars(0, width, buffer, size);\n            } else {\n                int padLen = width - strLen;\n                str.getChars(0, strLen, buffer, size);\n                for (int i = 0; i < padLen; i++) {\n                    buffer[size + strLen + i] = padChar;\n                }\n            }\n            size += width;\n        }\n        return this;\n    }\n",
        "    public StrBuilder appendFixedWidthPadRight(Object obj, int width, char padChar) {\n        if (width > 0) {\n            ensureCapacity(size + width);\n            String str = (obj == null ? getNullText() : obj.toString());\n            int strLen = str.length();\n            if (strLen >= width) {\n// buggy code\n//                 str.getChars(0, strLen, buffer, size);\n               str.getChars(0, strLen, buffer, size);\n            } else {\n                int padLen = width - strLen;\n                str.getChars(0, strLen, buffer, size);\n                for (int i = 0; i < padLen; i++) {\n                    buffer[size + strLen + i] = padChar;\n                }\n            }\n            size += width;\n        }\n        return this;\n    }\n",
        "    public StrBuilder appendFixedWidthPadRight(Object obj, int width, char padChar) {\n        if (width > 0) {\n            ensureCapacity(size + width);\n            String str = (obj == null ? getNullText() : obj.toString());\n            int strLen = str.length();\n            if (strLen >= width) {\n// buggy code\n//                 str.getChars(0, strLen, buffer, size);\n               str.getChars(0, strLen, buffer, size, strLen);\n            } else {\n                int padLen = width - strLen;\n                str.getChars(0, strLen, buffer, size);\n                for (int i = 0; i < padLen; i++) {\n                    buffer[size + strLen + i] = padChar;\n                }\n            }\n            size += width;\n        }\n        return this;\n    }\n",
