{
    "TOOL_BUG_ID": "codegen_6B-Math-41",
    "Time": {
        "mean": 229.31772911548615,
        "median": 229.31772911548615,
        "std": 0.0,
        "max": 229.31772911548615,
        "min": 229.31772911548615,
        "count": 5
    },
    "Joules": {
        "mean": 30087.194993871446,
        "median": 30087.194993871446,
        "std": 0.0,
        "max": 30087.194993871446,
        "min": 30087.194993871446,
        "count": 5
    },
    "JoulesNormalized": {
        "mean": 11969.383468520644,
        "median": 11969.383468520644,
        "std": 0.0,
        "max": 11969.383468520644,
        "min": 11969.383468520644,
        "count": 5
    },
    "NrExecutions": 5,
    "ExecutionsIds": [
        "s0",
        "s1",
        "s2",
        "s3",
        "s4"
    ],
    "ExecutionsInferenceIds": [
        "s0",
        "s1"
    ],
    "NrExecutionsInference": 2,
    "ExecutionTime_Per_PatchMedian": [
        26.91389489173889,
        49.403209805488586,
        71.89252471923828,
        94.38183963298798,
        116.87115454673767,
        139.36046946048737,
        161.84978437423706,
        184.33909928798676,
        206.82841420173645,
        229.31772911548615
    ],
    "Joules_Per_PatchMedian": [
        7590.880179381371,
        10090.470714324714,
        12590.061249268056,
        15089.651784211397,
        17589.24231915474,
        20088.83285409808,
        22588.42338904142,
        25088.013923984763,
        27587.604458928105,
        30087.194993871446
    ],
    "JoulesNormalized_Per_PatchMedian": [
        2098.393908041716,
        3195.1705258727075,
        4291.947143703699,
        5388.723761534691,
        6485.500379365683,
        7582.276997196675,
        8679.053615027668,
        9775.83023285866,
        10872.606850689652,
        11969.383468520644
    ],
    "Inf_ExecutionTime": {
        "mean": 4.424579977989197,
        "median": 4.424579977989197,
        "std": 2.0146603255574873,
        "max": 5.8491599559783936,
        "min": 3.0,
        "count": 2
    },
    "Inf_Joules": {
        "mean": 5091.2896444380285,
        "median": 5091.2896444380285,
        "std": 2273.6164992510385,
        "max": 6698.979288876057,
        "min": 3483.6000000000004,
        "count": 2
    },
    "Inf_JoulesNormalized": {
        "mean": 1001.6172902107239,
        "median": 1001.6172902107239,
        "std": 250.62309530301437,
        "max": 1178.8345804214478,
        "min": 824.4000000000001,
        "count": 2
    },
    "Val_ExecutionTime": [
        22.489314913749695,
        44.97862982749939,
        67.46794474124908,
        89.95725965499878,
        112.44657456874847,
        134.93588948249817,
        157.42520439624786,
        179.91451930999756,
        202.40383422374725,
        224.89314913749695
    ],
    "Val_Joules": [
        2499.5905349433424,
        4999.181069886686,
        7498.771604830027,
        9998.36213977337,
        12497.952674716711,
        14997.543209660053,
        17497.133744603394,
        19996.724279546735,
        22496.314814490077,
        24995.90534943342
    ],
    "Val_JoulesNormalized": [
        1096.7766178309919,
        2193.5532356619833,
        3290.3298534929754,
        4387.1064713239675,
        5483.88308915496,
        6580.659706985952,
        7677.436324816944,
        8774.212942647935,
        9870.989560478927,
        10967.76617830992
    ],
    "NrPatches": {
        "median": 1,
        "std": 0.0,
        "max": 1,
        "min": 1
    },
    "Correctness_Per_Patch": [
        "C",
        "W",
        "W",
        "W",
        "W",
        "W",
        "W",
        "W",
        "W",
        "W"
    ],
    "Correctness_Per_Patch_original": [
        "plausible",
        "wrong",
        "wrong",
        "uncompilable",
        "wrong",
        "wrong",
        "wrong",
        "wrong",
        "wrong",
        "wrong"
    ],
    "patches": [
        "            for (int i = begin; i < begin + length; i++) {\n"
    ],
    "Correctness_Per_Patch_origina": [
        "plausible",
        "wrong",
        "wrong",
        "uncompilable",
        "wrong",
        "wrong",
        "wrong",
        "wrong",
        "wrong",
        "wrong"
    ]
}