{
    "TOOL_BUG_ID": "incoder_1B-Chart-14",
    "Time": {
        "mean": 20.94886269569397,
        "median": 18.86872172355652,
        "std": 4.024881596028113,
        "max": 27.37015199661255,
        "min": 17.808061122894287,
        "count": 5
    },
    "Joules": {
        "mean": 3829.2072801785466,
        "median": 3966.7749016265866,
        "std": 343.3688214190131,
        "max": 4158.600515482903,
        "min": 3326.524097309589,
        "count": 5
    },
    "JoulesNormalized": {
        "mean": 367.31541605997086,
        "median": 25.481734648227587,
        "std": 485.0049715349453,
        "max": 920.1081262736321,
        "min": 6.97304776000999,
        "count": 5
    },
    "NrExecutions": 5,
    "ExecutionsIds": [
        "s1",
        "s2",
        "s3",
        "s4",
        "s5"
    ],
    "ExecutionsInferenceIds": [
        "s0",
        "s1"
    ],
    "NrExecutionsInference": 2,
    "ExecutionTime_Per_PatchMedian": [
        9.389066934585571,
        10.389112949371338,
        12.368984937667847,
        13.348876953125,
        14.348949909210205,
        15.329083919525146,
        16.328967809677124,
        17.30888271331787,
        18.308825731277466,
        18.86872172355652
    ],
    "Joules_Per_PatchMedian": [
        2559.9563285331724,
        2726.941712067604,
        2894.293625960827,
        3058.290990744114,
        3228.1355436306,
        3395.3764216880795,
        3562.5717927198407,
        3729.1801835160254,
        3893.752628741741,
        3966.7749016265866
    ],
    "JoulesNormalized_Per_PatchMedian": [
        72.36627167749384,
        66.29114306259137,
        61.179481413841046,
        55.008786216258784,
        50.78050236988048,
        46.47062677431089,
        40.7596010951994,
        36.1014007954596,
        30.987133434295515,
        25.481734648227587
    ],
    "Inf_ExecutionTime": {
        "mean": 1.3691279888153076,
        "median": 1.3691279888153076,
        "std": 0.5220258080341121,
        "max": 1.7382559776306152,
        "min": 1.0,
        "count": 2
    },
    "Inf_Joules": {
        "mean": 1221.8186095337867,
        "median": 1221.8186095337867,
        "std": 424.2253327431299,
        "max": 1521.7912190675734,
        "min": 921.846,
        "count": 2
    },
    "Inf_JoulesNormalized": {
        "mean": 117.45944105672834,
        "median": 117.45944105672834,
        "std": 68.82403386807485,
        "max": 166.12538211345668,
        "min": 68.7935,
        "count": 2
    },
    "Val_ExecutionTime": [
        8.019938945770264,
        9.01998496055603,
        10.999856948852539,
        11.979748964309692,
        12.979821920394897,
        13.959955930709839,
        14.959839820861816,
        15.939754724502563,
        16.939697742462158,
        17.49959373474121
    ],
    "Val_Joules": [
        1338.1377189993857,
        1505.1231025338172,
        1672.4750164270401,
        1836.4723812103273,
        2006.3169340968132,
        2173.557812154293,
        2340.7531831860542,
        2507.361573982239,
        2671.9340192079544,
        2744.9562920928
    ],
    "Val_JoulesNormalized": [
        -45.093169379234496,
        -51.168297994136964,
        -56.27995964288729,
        -62.450654840469554,
        -66.67893868684786,
        -70.98881428241745,
        -76.69983996152894,
        -81.35804026126874,
        -86.47230762243282,
        -91.97770640850075
    ],
    "NrPatches": {
        "median": 0,
        "std": 0.0,
        "max": 0,
        "min": 0
    },
    "Correctness_Per_Patch": [
        "W",
        "W",
        "W",
        "W",
        "W",
        "W",
        "W",
        "W",
        "W",
        "W"
    ],
    "Correctness_Per_Patch_original": [
        "wrong",
        "uncompilable",
        "uncompilable",
        "uncompilable",
        "uncompilable",
        "uncompilable",
        "uncompilable",
        "uncompilable",
        "uncompilable",
        "uncompilable"
    ],
    "patches": [],
    "Correctness_Per_Patch_origina": [
        "wrong",
        "uncompilable",
        "uncompilable",
        "uncompilable",
        "uncompilable",
        "uncompilable",
        "uncompilable",
        "uncompilable",
        "uncompilable",
        "uncompilable"
    ]
}