{
    "TOOL_BUG_ID": "codet5_base-Math-11",
    "Time": {
        "mean": 635.2359560728073,
        "median": 635.2359560728073,
        "std": 0.0,
        "max": 635.2359560728073,
        "min": 635.2359560728073,
        "count": 6
    },
    "Joules": {
        "mean": 73332.60770491959,
        "median": 73332.60770491959,
        "std": 0.0,
        "max": 73332.60770491959,
        "min": 73332.60770491959,
        "count": 6
    },
    "JoulesNormalized": {
        "mean": 31901.807777899507,
        "median": 31901.807777899507,
        "std": 0.0,
        "max": 31901.807777899507,
        "min": 31901.807777899507,
        "count": 6
    },
    "NrExecutions": 6,
    "ExecutionsIds": [
        "s0",
        "s1",
        "s2",
        "s3",
        "s4",
        "s5"
    ],
    "ExecutionsInferenceIds": [
        "s0",
        "s1"
    ],
    "NrExecutionsInference": 2,
    "ExecutionTime_Per_PatchMedian": [
        65.90854752063751,
        129.1671484708786,
        192.4257494211197,
        255.68435037136078,
        318.94295132160187,
        382.20155227184296,
        445.46015322208405,
        508.71875417232513,
        571.9773551225662,
        635.2359560728073
    ],
    "Joules_Per_PatchMedian": [
        9440.857258617878,
        16539.94064154029,
        23639.0240244627,
        30738.10740738511,
        37837.19079030752,
        44936.27417322993,
        52035.35755615235,
        59134.44093907476,
        66233.52432199717,
        73332.60770491959
    ],
    "JoulesNormalized_Per_PatchMedian": [
        3487.6225447654724,
        6644.75423733592,
        9801.885929906368,
        12959.017622476815,
        16116.149315047263,
        19273.281007617712,
        22430.41270018816,
        25587.54439275861,
        28744.676085329058,
        31901.807777899507
    ],
    "Inf_ExecutionTime": {
        "mean": 2.6499465703964233,
        "median": 2.6499465703964233,
        "std": 0.4963315718953248,
        "max": 3.000905990600586,
        "min": 2.2989871501922607,
        "count": 2
    },
    "Inf_Joules": {
        "mean": 2341.7738756954673,
        "median": 2341.7738756954673,
        "std": 459.08569574637716,
        "max": 2666.3964843034746,
        "min": 2017.1512670874597,
        "count": 2
    },
    "Inf_JoulesNormalized": {
        "mean": 330.4908521950248,
        "median": 330.4908521950248,
        "std": 68.7521140599241,
        "max": 379.1059382677081,
        "min": 281.8757661223415,
        "count": 2
    },
    "Val_ExecutionTime": [
        63.25860095024109,
        126.51720190048218,
        189.77580285072327,
        253.03440380096436,
        316.29300475120544,
        379.55160570144653,
        442.8102066516876,
        506.0688076019287,
        569.3274085521698,
        632.5860095024109
    ],
    "Val_Joules": [
        7099.08338292241,
        14198.16676584482,
        21297.25014876723,
        28396.33353168964,
        35495.416914612055,
        42594.50029753447,
        49693.58368045688,
        56792.6670633793,
        63891.75044630171,
        70990.83382922412
    ],
    "Val_JoulesNormalized": [
        3157.1316925704477,
        6314.2633851408955,
        9471.395077711342,
        12628.52677028179,
        15785.658462852238,
        18942.79015542269,
        22099.921847993137,
        25257.053540563586,
        28414.185233134034,
        31571.316925704483
    ],
    "NrPatches": {
        "median": 0,
        "std": 0.0,
        "max": 0,
        "min": 0
    },
    "Correctness_Per_Patch": [
        "W",
        "W",
        "W",
        "W",
        "W",
        "W",
        "W",
        "W",
        "W",
        "W"
    ],
    "Correctness_Per_Patch_original": [
        "uncompilable",
        "uncompilable",
        "uncompilable",
        "uncompilable",
        "uncompilable",
        "uncompilable",
        "uncompilable",
        "uncompilable",
        "uncompilable",
        "uncompilable"
    ],
    "patches": [],
    "Correctness_Per_Patch_origina": [
        "uncompilable",
        "uncompilable",
        "uncompilable",
        "uncompilable",
        "uncompilable",
        "uncompilable",
        "uncompilable",
        "uncompilable",
        "uncompilable",
        "uncompilable"
    ]
}