{
    "TOOL_BUG_ID": "codet5_base-Mockito-29",
    "Time": {
        "mean": 104.54560577869415,
        "median": 104.54560577869415,
        "std": 0.0,
        "max": 104.54560577869415,
        "min": 104.54560577869415,
        "count": 6
    },
    "Joules": {
        "mean": 14364.10898830891,
        "median": 14364.10898830891,
        "std": 0.0,
        "max": 14364.10898830891,
        "min": 14364.10898830891,
        "count": 6
    },
    "JoulesNormalized": {
        "mean": 7467.002272069454,
        "median": 7467.002272069454,
        "std": 0.0,
        "max": 7467.002272069454,
        "min": 7467.002272069454,
        "count": 6
    },
    "NrExecutions": 6,
    "ExecutionsIds": [
        "s0",
        "s1",
        "s2",
        "s3",
        "s4",
        "s5"
    ],
    "ExecutionsInferenceIds": [
        "s0",
        "s1"
    ],
    "NrExecutionsInference": 2,
    "ExecutionTime_Per_PatchMedian": [
        10.859357953071594,
        21.268941044807434,
        31.678524136543274,
        42.088107228279114,
        52.497690320014954,
        62.90727341175079,
        73.31685650348663,
        83.72643959522247,
        94.13602268695831,
        104.54560577869415
    ],
    "Joules_Per_PatchMedian": [
        1779.0360242486001,
        3177.3774646997454,
        4575.71890515089,
        5974.060345602035,
        7372.40178605318,
        8770.743226504326,
        10169.084666955472,
        11567.426107406618,
        12965.767547857764,
        14364.10898830891
    ],
    "JoulesNormalized_Per_PatchMedian": [
        782.3621804118156,
        1525.0999683737755,
        2267.8377563357353,
        3010.575544297695,
        3753.313332259655,
        4496.051120221615,
        5238.788908183575,
        5981.5266961455345,
        6724.264484107494,
        7467.002272069454
    ],
    "Inf_ExecutionTime": {
        "mean": 0.4497748613357544,
        "median": 0.4497748613357544,
        "std": 0.028540328525031047,
        "max": 0.4699559211730957,
        "min": 0.4295938014984131,
        "count": 2
    },
    "Inf_Joules": {
        "mean": 380.6945837974549,
        "median": 380.6945837974549,
        "std": 16.557317416969976,
        "max": 392.4023752212525,
        "min": 368.9867923736573,
        "count": 2
    },
    "Inf_JoulesNormalized": {
        "mean": 39.62439244985586,
        "median": 39.62439244985586,
        "std": 3.149057740647547,
        "max": 41.85111253261573,
        "min": 37.39767236709599,
        "count": 2
    },
    "Val_ExecutionTime": [
        10.40958309173584,
        20.81916618347168,
        31.22874927520752,
        41.63833236694336,
        52.0479154586792,
        62.45749855041504,
        72.86708164215088,
        83.27666473388672,
        93.68624782562256,
        104.0958309173584
    ],
    "Val_Joules": [
        1398.3414404511452,
        2796.6828809022904,
        4195.024321353436,
        5593.36576180458,
        6991.707202255726,
        8390.048642706872,
        9788.390083158018,
        11186.731523609164,
        12585.07296406031,
        13983.414404511455
    ],
    "Val_JoulesNormalized": [
        742.7377879619598,
        1485.4755759239197,
        2228.2133638858795,
        2970.9511518478394,
        3713.688939809799,
        4456.426727771759,
        5199.164515733719,
        5941.902303695679,
        6684.640091657639,
        7427.377879619598
    ],
    "NrPatches": {
        "median": 0,
        "std": 0.0,
        "max": 0,
        "min": 0
    },
    "Correctness_Per_Patch": [
        "W",
        "W",
        "W",
        "W",
        "W",
        "W",
        "W",
        "W",
        "W",
        "W"
    ],
    "Correctness_Per_Patch_original": [
        "wrong",
        "wrong",
        "uncompilable",
        "uncompilable",
        "wrong",
        "wrong",
        "uncompilable",
        "uncompilable",
        "uncompilable",
        "uncompilable"
    ],
    "patches": [],
    "Correctness_Per_Patch_origina": [
        "wrong",
        "wrong",
        "uncompilable",
        "uncompilable",
        "wrong",
        "wrong",
        "uncompilable",
        "uncompilable",
        "uncompilable",
        "uncompilable"
    ]
}