{
    "TOOL_BUG_ID": "plbart_base-Closure-83",
    "Time": {
        "mean": 474.70270550251007,
        "median": 474.70270550251007,
        "std": 0.0,
        "max": 474.70270550251007,
        "min": 474.70270550251007,
        "count": 6
    },
    "Joules": {
        "mean": 53453.63603019118,
        "median": 53453.63603019118,
        "std": 0.0,
        "max": 53453.63603019118,
        "min": 53453.63603019118,
        "count": 6
    },
    "JoulesNormalized": {
        "mean": 23724.36083598734,
        "median": 23724.36083598734,
        "std": 0.0,
        "max": 23724.36083598734,
        "min": 23724.36083598734,
        "count": 6
    },
    "NrExecutions": 6,
    "ExecutionsIds": [
        "s0",
        "s1",
        "s2",
        "s3",
        "s4",
        "s5"
    ],
    "ExecutionsInferenceIds": [
        "s0",
        "s1"
    ],
    "NrExecutionsInference": 2,
    "ExecutionTime_Per_PatchMedian": [
        47.56939244270325,
        95.02864944934845,
        142.48790645599365,
        189.94716346263885,
        237.40642046928406,
        284.86567747592926,
        332.32493448257446,
        379.78419148921967,
        427.24344849586487,
        474.70270550251007
    ],
    "Joules_Per_PatchMedian": [
        5424.82716781497,
        10761.361485856773,
        16097.895803898575,
        21434.43012194038,
        26770.96443998218,
        32107.498758023983,
        37444.03307606578,
        42780.56739410758,
        48117.10171214938,
        53453.63603019118
    ],
    "JoulesNormalized_Per_PatchMedian": [
        2377.9725472748287,
        4749.793468242885,
        7121.614389210941,
        9493.435310178997,
        11865.256231147054,
        14237.077152115111,
        16608.898073083168,
        18980.718994051225,
        21352.539915019282,
        23724.36083598734
    ],
    "Inf_ExecutionTime": {
        "mean": 0.11013543605804443,
        "median": 0.11013543605804443,
        "std": 0.013643609212552572,
        "max": 0.11978292465209961,
        "min": 0.10048794746398926,
        "count": 2
    },
    "Inf_Joules": {
        "mean": 88.29284977316857,
        "median": 88.29284977316857,
        "std": 16.395344355456203,
        "max": 99.88610894680023,
        "min": 76.6995905995369,
        "count": 2
    },
    "Inf_JoulesNormalized": {
        "mean": 6.151626306772243,
        "median": 6.151626306772243,
        "std": 5.037282991333277,
        "max": 9.71352326869966,
        "min": 2.5897293448448266,
        "count": 2
    },
    "Val_ExecutionTime": [
        47.4592570066452,
        94.9185140132904,
        142.3777710199356,
        189.8370280265808,
        237.296285033226,
        284.7555420398712,
        332.2147990465164,
        379.6740560531616,
        427.1333130598068,
        474.592570066452
    ],
    "Val_Joules": [
        5336.534318041802,
        10673.068636083604,
        16009.602954125407,
        21346.13727216721,
        26682.67159020901,
        32019.205908250813,
        37355.74022629261,
        42692.27454433441,
        48028.80886237621,
        53365.34318041801
    ],
    "Val_JoulesNormalized": [
        2371.8209209680563,
        4743.6418419361125,
        7115.462762904169,
        9487.283683872225,
        11859.104604840282,
        14230.92552580834,
        16602.746446776397,
        18974.567367744454,
        21346.38828871251,
        23718.209209680568
    ],
    "NrPatches": {
        "median": 0,
        "std": 0.0,
        "max": 0,
        "min": 0
    },
    "Correctness_Per_Patch": [
        "W",
        "W",
        "W",
        "W",
        "W",
        "W",
        "W",
        "W",
        "W",
        "W"
    ],
    "Correctness_Per_Patch_original": [
        "wrong",
        "uncompilable",
        "wrong",
        "wrong",
        "wrong",
        "wrong",
        "wrong",
        "uncompilable",
        "uncompilable",
        "uncompilable"
    ],
    "patches": [],
    "Correctness_Per_Patch_origina": [
        "wrong",
        "uncompilable",
        "wrong",
        "wrong",
        "wrong",
        "wrong",
        "wrong",
        "uncompilable",
        "uncompilable",
        "uncompilable"
    ]
}