{
    "TOOL_BUG_ID": "incoder_1B-Lang-38",
    "Time": {
        "mean": 78.3218287229538,
        "median": 78.3218287229538,
        "std": 0.0,
        "max": 78.3218287229538,
        "min": 78.3218287229538,
        "count": 5
    },
    "Joules": {
        "mean": 6859.789752560853,
        "median": 6859.789752560853,
        "std": 0.0,
        "max": 6859.789752560853,
        "min": 6859.789752560853,
        "count": 5
    },
    "JoulesNormalized": {
        "mean": 1890.311183261871,
        "median": 1890.311183261871,
        "std": 0.0,
        "max": 1890.311183261871,
        "min": 1890.311183261871,
        "count": 5
    },
    "NrExecutions": 5,
    "ExecutionsIds": [
        "s1",
        "s2",
        "s3",
        "s4",
        "s5"
    ],
    "ExecutionsInferenceIds": [
        "s0",
        "s1"
    ],
    "NrExecutionsInference": 2,
    "ExecutionTime_Per_PatchMedian": [
        8.039311528205872,
        15.848480105400085,
        23.6576486825943,
        31.466817259788513,
        39.27598583698273,
        47.08515441417694,
        54.894322991371155,
        62.70349156856537,
        70.51266014575958,
        78.3218287229538
    ],
    "Joules_Per_PatchMedian": [
        886.4508031308651,
        1550.1551308453083,
        2213.8594585597516,
        2877.563786274195,
        3541.268113988638,
        4204.972441703081,
        4868.676769417524,
        5532.381097131967,
        6196.08542484641,
        6859.789752560853
    ],
    "JoulesNormalized_Per_PatchMedian": [
        221.78051707744598,
        407.1728133201599,
        592.5651095628738,
        777.9574058055877,
        963.3497020483015,
        1148.7419982910155,
        1334.1342945337294,
        1519.5265907764433,
        1704.9188870191572,
        1890.311183261871
    ],
    "Inf_ExecutionTime": {
        "mean": 0.23014295101165771,
        "median": 0.23014295101165771,
        "std": 0.32547128260525315,
        "max": 0.46028590202331543,
        "min": 0,
        "count": 2
    },
    "Inf_Joules": {
        "mean": 222.7464754164219,
        "median": 222.7464754164219,
        "std": 315.01108650470906,
        "max": 445.4929508328438,
        "min": 0,
        "count": 2
    },
    "Inf_JoulesNormalized": {
        "mean": 36.38822083473207,
        "median": 36.38822083473207,
        "std": 51.46071541510532,
        "max": 72.77644166946413,
        "min": 0,
        "count": 2
    },
    "Val_ExecutionTime": [
        7.809168577194214,
        15.618337154388428,
        23.42750573158264,
        31.236674308776855,
        39.04584288597107,
        46.85501146316528,
        54.6641800403595,
        62.47334861755371,
        70.28251719474792,
        78.09168577194214
    ],
    "Val_Joules": [
        663.7043277144433,
        1327.4086554288865,
        1991.1129831433298,
        2654.817310857773,
        3318.521638572216,
        3982.225966286659,
        4645.930294001102,
        5309.634621715545,
        5973.338949429988,
        6637.043277144431
    ],
    "Val_JoulesNormalized": [
        185.3922962427139,
        370.7845924854278,
        556.1768887281416,
        741.5691849708555,
        926.9614812135694,
        1112.3537774562835,
        1297.7460736989974,
        1483.1383699417113,
        1668.5306661844252,
        1853.922962427139
    ],
    "NrPatches": {
        "median": 0,
        "std": 0.0,
        "max": 0,
        "min": 0
    },
    "Correctness_Per_Patch": [
        "W",
        "W",
        "W",
        "W",
        "W",
        "W",
        "W",
        "W",
        "W",
        "W"
    ],
    "Correctness_Per_Patch_original": [
        "uncompilable",
        "wrong",
        "wrong",
        "wrong",
        "uncompilable",
        "uncompilable",
        "uncompilable",
        "uncompilable",
        "wrong",
        "uncompilable"
    ],
    "patches": [],
    "Correctness_Per_Patch_origina": [
        "uncompilable",
        "wrong",
        "wrong",
        "wrong",
        "uncompilable",
        "uncompilable",
        "uncompilable",
        "uncompilable",
        "wrong",
        "uncompilable"
    ]
}