{
    "TOOL_BUG_ID": "codet5_base-Lang-33",
    "Time": {
        "mean": 87.86547935009003,
        "median": 87.86547935009003,
        "std": 0.0,
        "max": 87.86547935009003,
        "min": 87.86547935009003,
        "count": 6
    },
    "Joules": {
        "mean": 8052.228680449723,
        "median": 8052.228680449723,
        "std": 0.0,
        "max": 8052.228680449723,
        "min": 8052.228680449723,
        "count": 6
    },
    "JoulesNormalized": {
        "mean": 2030.0542689502245,
        "median": 2030.0542689502245,
        "std": 0.0,
        "max": 2030.0542689502245,
        "min": 2030.0542689502245,
        "count": 6
    },
    "NrExecutions": 6,
    "ExecutionsIds": [
        "s0",
        "s1",
        "s2",
        "s3",
        "s4",
        "s5"
    ],
    "ExecutionsInferenceIds": [
        "s0",
        "s1"
    ],
    "NrExecutionsInference": 2,
    "ExecutionTime_Per_PatchMedian": [
        9.389700889587402,
        18.10923182964325,
        26.828762769699097,
        35.548293709754944,
        44.26782464981079,
        52.98735558986664,
        61.706886529922485,
        70.42641746997833,
        79.14594841003418,
        87.86547935009003
    ],
    "Joules_Per_PatchMedian": [
        1333.832408607006,
        2080.320883256197,
        2826.8093579053875,
        3573.2978325545782,
        4319.786307203769,
        5066.27478185296,
        5812.76325650215,
        6559.251731151341,
        7305.740205800532,
        8052.228680449723
    ],
    "JoulesNormalized_Per_PatchMedian": [
        271.0975174486638,
        466.53715650439267,
        661.9767955601216,
        857.4164346158504,
        1052.8560736715795,
        1248.2957127273085,
        1443.7353517830375,
        1639.1749908387665,
        1834.6146298944955,
        2030.0542689502245
    ],
    "Inf_ExecutionTime": {
        "mean": 0.6701699495315552,
        "median": 0.6701699495315552,
        "std": 0.014526669982552825,
        "max": 0.6804418563842773,
        "min": 0.659898042678833,
        "count": 2
    },
    "Inf_Joules": {
        "mean": 587.3439339578151,
        "median": 587.3439339578151,
        "std": 11.480057667779523,
        "max": 595.4615605831146,
        "min": 579.2263073325156,
        "count": 2
    },
    "Inf_JoulesNormalized": {
        "mean": 75.65787839293486,
        "median": 75.65787839293486,
        "std": 0.6535946387942104,
        "max": 76.12003959417342,
        "min": 75.1957171916963,
        "count": 2
    },
    "Val_ExecutionTime": [
        8.719530940055847,
        17.439061880111694,
        26.15859282016754,
        34.87812376022339,
        43.597654700279236,
        52.31718564033508,
        61.03671658039093,
        69.75624752044678,
        78.47577846050262,
        87.19530940055847
    ],
    "Val_Joules": [
        746.488474649191,
        1492.9769492983817,
        2239.465423947572,
        2985.953898596763,
        3732.4423732459536,
        4478.930847895144,
        5225.419322544335,
        5971.907797193526,
        6718.3962718427165,
        7464.884746491907
    ],
    "Val_JoulesNormalized": [
        195.43963905572892,
        390.8792781114578,
        586.3189171671867,
        781.7585562229156,
        977.1981952786446,
        1172.6378343343736,
        1368.0774733901026,
        1563.5171124458316,
        1758.9567515015606,
        1954.3963905572896
    ],
    "NrPatches": {
        "median": 3,
        "std": 0.0,
        "max": 3,
        "min": 3
    },
    "Correctness_Per_Patch": [
        "C",
        "W",
        "I",
        "W",
        "W",
        "W",
        "W",
        "W",
        "I",
        "W"
    ],
    "Correctness_Per_Patch_original": [
        "plausible",
        "wrong",
        "plausible",
        "wrong",
        "wrong",
        "wrong",
        "wrong",
        "uncompilable",
        "plausible",
        "wrong"
    ],
    "patches": [
        "        classes[i] = array[i] == null? null : array[i].getClass();\n",
        "        if (array[i]!= null) {\n            classes[i] = array[i].getClass();\n        }\n",
        "        classes[i] = array[i]!= null? array[i].getClass() : null;\n"
    ],
    "Correctness_Per_Patch_origina": [
        "plausible",
        "wrong",
        "plausible",
        "wrong",
        "wrong",
        "wrong",
        "wrong",
        "uncompilable",
        "plausible",
        "wrong"
    ]
}