{
    "TOOL_BUG_ID": "codet5_base-Math-80",
    "Time": {
        "mean": 72.94509661197662,
        "median": 72.94509661197662,
        "std": 0.0,
        "max": 72.94509661197662,
        "min": 72.94509661197662,
        "count": 6
    },
    "Joules": {
        "mean": 9289.701803320646,
        "median": 9289.701803320646,
        "std": 0.0,
        "max": 9289.701803320646,
        "min": 9289.701803320646,
        "count": 6
    },
    "JoulesNormalized": {
        "mean": 4275.258225494624,
        "median": 4275.258225494624,
        "std": 0.0,
        "max": 4275.258225494624,
        "min": 4275.258225494624,
        "count": 6
    },
    "NrExecutions": 6,
    "ExecutionsIds": [
        "s0",
        "s1",
        "s2",
        "s3",
        "s4",
        "s5"
    ],
    "ExecutionsInferenceIds": [
        "s0",
        "s1"
    ],
    "NrExecutionsInference": 2,
    "ExecutionTime_Per_PatchMedian": [
        7.784781098365784,
        15.024816155433655,
        22.264851212501526,
        29.504886269569397,
        36.74492132663727,
        43.98495638370514,
        51.22499144077301,
        58.46502649784088,
        65.70506155490875,
        72.94509661197662
    ],
    "Joules_Per_PatchMedian": [
        1356.0420430123806,
        2237.5597941577435,
        3119.0775453031065,
        4000.5952964484695,
        4882.113047593833,
        5763.630798739196,
        6645.148549884559,
        7526.666301029922,
        8408.184052175284,
        9289.701803320646
    ],
    "JoulesNormalized_Per_PatchMedian": [
        483.13982577919967,
        904.4863146364689,
        1325.8328034937383,
        1747.1792923510077,
        2168.525781208277,
        2589.872270065546,
        3011.2187589228156,
        3432.565247780085,
        3853.9117366373544,
        4275.258225494624
    ],
    "Inf_ExecutionTime": {
        "mean": 0.5447460412979126,
        "median": 0.5447460412979126,
        "std": 0.020927596159599323,
        "max": 0.5595440864562988,
        "min": 0.5299479961395264,
        "count": 2
    },
    "Inf_Joules": {
        "mean": 474.5242918670178,
        "median": 474.5242918670178,
        "std": 19.424429136203592,
        "max": 488.2594374299049,
        "min": 460.78914630413067,
        "count": 2
    },
    "Inf_JoulesNormalized": {
        "mean": 61.79333692193035,
        "median": 61.79333692193035,
        "std": 0.8964709446777062,
        "max": 62.427237606048664,
        "min": 61.15943623781203,
        "count": 2
    },
    "Val_ExecutionTime": [
        7.240035057067871,
        14.480070114135742,
        21.720105171203613,
        28.960140228271484,
        36.200175285339355,
        43.44021034240723,
        50.6802453994751,
        57.92028045654297,
        65.16031551361084,
        72.40035057067871
    ],
    "Val_Joules": [
        881.5177511453628,
        1763.0355022907256,
        2644.5532534360887,
        3526.0710045814517,
        4407.588755726815,
        5289.106506872178,
        6170.624258017541,
        7052.142009162904,
        7933.659760308266,
        8815.177511453629
    ],
    "Val_JoulesNormalized": [
        421.3464888572693,
        842.6929777145385,
        1264.039466571808,
        1685.3859554290773,
        2106.7324442863464,
        2528.078933143616,
        2949.425422000885,
        3370.7719108581546,
        3792.118399715424,
        4213.464888572694
    ],
    "NrPatches": {
        "median": 1,
        "std": 0.0,
        "max": 1,
        "min": 1
    },
    "Correctness_Per_Patch": [
        "C",
        "W",
        "W",
        "W",
        "W",
        "W",
        "W",
        "W",
        "W",
        "W"
    ],
    "Correctness_Per_Patch_original": [
        "plausible",
        "wrong",
        "uncompilable",
        "wrong",
        "wrong",
        "wrong",
        "wrong",
        "wrong",
        "wrong",
        "wrong"
    ],
    "patches": [
        "        int j = 4 * (n - 1);\n"
    ],
    "Correctness_Per_Patch_origina": [
        "plausible",
        "wrong",
        "uncompilable",
        "wrong",
        "wrong",
        "wrong",
        "wrong",
        "wrong",
        "wrong",
        "wrong"
    ]
}