{
    "TOOL_BUG_ID": "plbart_base-Lang-38",
    "Time": {
        "mean": 78.20693218708038,
        "median": 78.20693218708038,
        "std": 0.0,
        "max": 78.20693218708038,
        "min": 78.20693218708038,
        "count": 6
    },
    "Joules": {
        "mean": 6725.490675467252,
        "median": 6725.490675467252,
        "std": 0.0,
        "max": 6725.490675467252,
        "min": 6725.490675467252,
        "count": 6
    },
    "JoulesNormalized": {
        "mean": 1856.4704641401765,
        "median": 1856.4704641401765,
        "std": 0.0,
        "max": 1856.4704641401765,
        "min": 1856.4704641401765,
        "count": 6
    },
    "NrExecutions": 6,
    "ExecutionsIds": [
        "s0",
        "s1",
        "s2",
        "s3",
        "s4",
        "s5"
    ],
    "ExecutionsInferenceIds": [
        "s0",
        "s1"
    ],
    "NrExecutionsInference": 2,
    "ExecutionTime_Per_PatchMedian": [
        7.9244149923324585,
        15.733583569526672,
        23.542752146720886,
        31.3519207239151,
        39.161089301109314,
        46.97025787830353,
        54.77942645549774,
        62.588595032691956,
        70.39776360988617,
        78.20693218708038
    ],
    "Joules_Per_PatchMedian": [
        752.1517260372639,
        1415.8560537517071,
        2079.5603814661504,
        2743.264709180594,
        3406.969036895037,
        4070.67336460948,
        4734.377692323923,
        5398.082020038366,
        6061.786347752809,
        6725.490675467252
    ],
    "JoulesNormalized_Per_PatchMedian": [
        187.9397979557514,
        373.3320941984653,
        558.7243904411793,
        744.1166866838931,
        929.508982926607,
        1114.901279169321,
        1300.293575412035,
        1485.6858716547488,
        1671.0781678974627,
        1856.4704641401765
    ],
    "Inf_ExecutionTime": {
        "mean": 0.11524641513824463,
        "median": 0.11524641513824463,
        "std": 0.007135461452894359,
        "max": 0.12029194831848145,
        "min": 0.11020088195800781,
        "count": 2
    },
    "Inf_Joules": {
        "mean": 88.44739832282066,
        "median": 88.44739832282066,
        "std": 4.153692098272455,
        "max": 91.38450217247009,
        "min": 85.51029447317123,
        "count": 2
    },
    "Inf_JoulesNormalized": {
        "mean": 2.547501713037491,
        "median": 2.547501713037491,
        "std": 0.104046230615542,
        "max": 2.62107350826264,
        "min": 2.4739299178123417,
        "count": 2
    },
    "Val_ExecutionTime": [
        7.809168577194214,
        15.618337154388428,
        23.42750573158264,
        31.236674308776855,
        39.04584288597107,
        46.85501146316528,
        54.6641800403595,
        62.47334861755371,
        70.28251719474792,
        78.09168577194214
    ],
    "Val_Joules": [
        663.7043277144433,
        1327.4086554288865,
        1991.1129831433298,
        2654.817310857773,
        3318.521638572216,
        3982.225966286659,
        4645.930294001102,
        5309.634621715545,
        5973.338949429988,
        6637.043277144431
    ],
    "Val_JoulesNormalized": [
        185.3922962427139,
        370.7845924854278,
        556.1768887281418,
        741.5691849708556,
        926.9614812135695,
        1112.3537774562835,
        1297.7460736989974,
        1483.1383699417113,
        1668.5306661844252,
        1853.922962427139
    ],
    "NrPatches": {
        "median": 0,
        "std": 0.0,
        "max": 0,
        "min": 0
    },
    "Correctness_Per_Patch": [
        "W",
        "W",
        "W",
        "W",
        "W",
        "W",
        "W",
        "W",
        "W",
        "W"
    ],
    "Correctness_Per_Patch_original": [
        "uncompilable",
        "uncompilable",
        "uncompilable",
        "uncompilable",
        "wrong",
        "uncompilable",
        "uncompilable",
        "uncompilable",
        "uncompilable",
        "uncompilable"
    ],
    "patches": [],
    "Correctness_Per_Patch_origina": [
        "uncompilable",
        "uncompilable",
        "uncompilable",
        "uncompilable",
        "wrong",
        "uncompilable",
        "uncompilable",
        "uncompilable",
        "uncompilable",
        "uncompilable"
    ]
}