{
    "Group_ID": "s_1223_1224",
    "TOOL_BUG_ID": "TBar10C-Closure-109",
    "patch_correctness": true,
    "ExecutionsIds": [
        "1223",
        "1224"
    ],
    "NrExecutions": 2,
    "NrOutliers": 0,
    "SLB": {
        "median": 64.25,
        "std": 1.0606601717798212,
        "max": 65.0,
        "min": 63.5
    },
    "PowerAvg": {
        "median": 114.75,
        "std": 0.49497474683057524,
        "max": 115.1,
        "min": 114.4
    },
    "Time": {
        "median": 419.76047921180725,
        "std": 455.4808500441822,
        "max": 816.7415409088135,
        "min": 25.9996817111969
    },
    "Joules": {
        "median": 50114.45232015848,
        "std": 54133.798993777345,
        "max": 97089.66635557413,
        "min": 3249.3510351181035
    },
    "JoulesNormalized": {
        "median": 22916.1505382359,
        "std": 24872.498803250055,
        "max": 45093.64857330322,
        "min": 1559.371723890304
    },
    "NrPatches": {
        "median": 17.5,
        "std": 8.660254037844387,
        "max": 25,
        "min": 10
    },
    "Joules_Per_PatchMedian": [
        422.3621238529682,
        727.5011615753174,
        1058.7651154756547,
        1371.762256115675,
        1690.4803776621818,
        2022.388493257761,
        2336.568513530493,
        2647.1901234269144,
        2957.0144012987616,
        3260.759627211094
    ],
    "ExecutionTime_Per_PatchMedian": [
        3.310219407081604,
        5.76029634475708,
        8.409963846206665,
        10.919979810714722,
        13.520126223564148,
        16.179749608039856,
        18.71944510936737,
        21.189552068710327,
        23.65920352935791,
        26.109440565109253
    ],
    "JoulesNormalized_Per_PatchMedian": [
        209.68818331360814,
        357.4023932218551,
        518.4174435496329,
        670.1236791908741,
        821.8125051736831,
        982.8094796717166,
        1133.903850573301,
        1285.813721823692,
        1437.000192683935,
        1583.3103900432584
    ],
    "Correctness_Per_Patch": [
        "W",
        "W",
        "W",
        "W",
        "W",
        "W",
        "W",
        "W",
        "W",
        "W"
    ],
    "Correctness_Per_Patch_original": [
        "uncompilable",
        "uncompilable",
        "uncompilable",
        "uncompilable",
        "uncompilable",
        "uncompilable",
        "uncompilable",
        "uncompilable",
        "uncompilable",
        "uncompilable"
    ]
}