{
    "TOOL_BUG_ID": "codegen_2B-Chart-3",
    "Time": {
        "mean": 123.88407850265503,
        "median": 123.88407850265503,
        "std": 0.0,
        "max": 123.88407850265503,
        "min": 123.88407850265503,
        "count": 6
    },
    "Joules": {
        "mean": 16161.078871023657,
        "median": 16161.078871023657,
        "std": 0.0,
        "max": 16161.078871023657,
        "min": 16161.078871023657,
        "count": 6
    },
    "JoulesNormalized": {
        "mean": 6366.4501766443245,
        "median": 6366.4501766443245,
        "std": 0.0,
        "max": 6366.4501766443245,
        "min": 6366.4501766443245,
        "count": 6
    },
    "NrExecutions": 6,
    "ExecutionsIds": [
        "s1",
        "s2",
        "s3",
        "s4",
        "s5",
        "s6"
    ],
    "ExecutionsInferenceIds": [
        "s0",
        "s1"
    ],
    "NrExecutionsInference": 2,
    "ExecutionTime_Per_PatchMedian": [
        14.718191981315613,
        26.847734928131104,
        38.977277874946594,
        51.106820821762085,
        63.236363768577576,
        75.36590671539307,
        87.49544966220856,
        99.62499260902405,
        111.75453555583954,
        123.88407850265503
    ],
    "Joules_Per_PatchMedian": [
        3985.129274445772,
        5338.012562954425,
        6690.895851463079,
        8043.7791399717335,
        9396.662428480387,
        10749.545716989041,
        12102.429005497695,
        13455.31229400635,
        14808.195582515003,
        16161.078871023657
    ],
    "JoulesNormalized_Per_PatchMedian": [
        1120.9367377758026,
        1703.7715643167496,
        2286.6063908576966,
        2869.441217398644,
        3452.2760439395906,
        4035.1108704805374,
        4617.945697021484,
        5200.780523562431,
        5783.615350103378,
        6366.4501766443245
    ],
    "Inf_ExecutionTime": {
        "mean": 2.588649034500122,
        "median": 2.588649034500122,
        "std": 0.04266542333497207,
        "max": 2.6188180446624756,
        "min": 2.5584800243377686,
        "count": 2
    },
    "Inf_Joules": {
        "mean": 2632.2459859371183,
        "median": 2632.2459859371183,
        "std": 32.10287468334921,
        "max": 2654.9461463212965,
        "min": 2609.54582555294,
        "count": 2
    },
    "Inf_JoulesNormalized": {
        "mean": 538.1019112348556,
        "median": 538.1019112348556,
        "std": 37.852208963978235,
        "max": 564.8674648761748,
        "min": 511.3363575935364,
        "count": 2
    },
    "Val_ExecutionTime": [
        12.12954294681549,
        24.25908589363098,
        36.38862884044647,
        48.51817178726196,
        60.647714734077454,
        72.77725768089294,
        84.90680062770844,
        97.03634357452393,
        109.16588652133942,
        121.29542946815491
    ],
    "Val_Joules": [
        1352.8832885086535,
        2705.766577017307,
        4058.649865525961,
        5411.533154034615,
        6764.416442543269,
        8117.299731051923,
        9470.183019560576,
        10823.066308069232,
        12175.949596577884,
        13528.83288508654
    ],
    "Val_JoulesNormalized": [
        582.834826540947,
        1165.669653081894,
        1748.504479622841,
        2331.339306163788,
        2914.174132704735,
        3497.0089592456816,
        4079.8437857866284,
        4662.678612327575,
        5245.513438868522,
        5828.348265409469
    ],
    "NrPatches": {
        "median": 0,
        "std": 0.0,
        "max": 0,
        "min": 0
    },
    "Correctness_Per_Patch": [
        "W",
        "W",
        "W",
        "W",
        "W",
        "W",
        "W",
        "W",
        "W",
        "W"
    ],
    "Correctness_Per_Patch_original": [
        "uncompilable",
        "wrong",
        "uncompilable",
        "uncompilable",
        "uncompilable",
        "uncompilable",
        "uncompilable",
        "uncompilable",
        "wrong",
        "uncompilable"
    ],
    "patches": [],
    "Correctness_Per_Patch_origina": [
        "uncompilable",
        "wrong",
        "uncompilable",
        "uncompilable",
        "uncompilable",
        "uncompilable",
        "uncompilable",
        "uncompilable",
        "wrong",
        "uncompilable"
    ]
}