{
    "Group_ID": "s_1223_1224",
    "TOOL_BUG_ID": "TBar10C-Lang-60",
    "patch_correctness": true,
    "ExecutionsIds": [
        "1223",
        "1224"
    ],
    "NrExecutions": 2,
    "NrOutliers": 0,
    "SLB": {
        "median": 62.8,
        "std": 0.4242640687119295,
        "max": 63.1,
        "min": 62.5
    },
    "PowerAvg": {
        "median": 102.19999999999999,
        "std": 0.14142135623731153,
        "max": 102.3,
        "min": 102.1
    },
    "Time": {
        "median": 112.3069304227829,
        "std": 59.62753000942417,
        "max": 164.17633509635925,
        "min": 60.71897768974304
    },
    "Joules": {
        "median": 10408.947913992406,
        "std": 5550.349409385877,
        "max": 15266.08677172661,
        "min": 5602.700546121598
    },
    "JoulesNormalized": {
        "median": 3357.1622338294987,
        "std": 1805.7254192537373,
        "max": 4949.583508217336,
        "min": 1793.4912470221516
    },
    "NrPatches": {
        "median": 20.5,
        "std": 12.12435565298214,
        "max": 31,
        "min": 10
    },
    "Joules_Per_PatchMedian": [
        139.92004866003992,
        201.46948025822638,
        1085.4831009685993,
        1972.5045663535593,
        2847.448655694723,
        3738.9835546433924,
        4629.0233483731745,
        4683.408098948002,
        4743.995633500814,
        5615.009213680029
    ],
    "ExecutionTime_Per_PatchMedian": [
        1.129958152770996,
        1.639751672744751,
        11.359747648239136,
        21.069530606269836,
        30.73894202709198,
        40.438562512397766,
        50.1788455247879,
        50.628625988960266,
        51.12836790084839,
        60.7384637594223
    ],
    "JoulesNormalized_Per_PatchMedian": [
        68.9557231605053,
        98.49305525422096,
        372.0970019400119,
        649.3651119530199,
        917.049067598581,
        1199.4237927258011,
        1477.7859578907487,
        1503.9154780149456,
        1533.125152724981,
        1800.627843767404
    ],
    "Correctness_Per_Patch": [
        "W",
        "W",
        "W",
        "W",
        "W",
        "W",
        "W",
        "W",
        "W",
        "W"
    ],
    "Correctness_Per_Patch_original": [
        "uncompilable",
        "uncompilable",
        "uncompilable",
        "uncompilable",
        "uncompilable",
        "uncompilable",
        "uncompilable",
        "uncompilable",
        "uncompilable",
        "uncompilable"
    ]
}