{
    "TOOL_BUG_ID": "codegen_350M-Lang-21",
    "Time": {
        "mean": 89.71851718425751,
        "median": 89.71851718425751,
        "std": 0.0,
        "max": 89.71851718425751,
        "min": 89.71851718425751,
        "count": 6
    },
    "Joules": {
        "mean": 8264.249188143014,
        "median": 8264.249188143014,
        "std": 0.0,
        "max": 8264.249188143014,
        "min": 8264.249188143014,
        "count": 6
    },
    "JoulesNormalized": {
        "mean": 2002.2901023685938,
        "median": 2002.2901023685938,
        "std": 0.0,
        "max": 2002.2901023685938,
        "min": 2002.2901023685938,
        "count": 6
    },
    "NrExecutions": 6,
    "ExecutionsIds": [
        "s0",
        "s1",
        "s2",
        "s3",
        "s4",
        "s5"
    ],
    "ExecutionsInferenceIds": [
        "s0",
        "s1"
    ],
    "NrExecutionsInference": 2,
    "ExecutionTime_Per_PatchMedian": [
        9.62437641620636,
        18.523725390434265,
        27.42307436466217,
        36.322423338890076,
        45.22177231311798,
        54.121121287345886,
        63.02047026157379,
        71.9198192358017,
        80.8191682100296,
        89.71851718425751
    ],
    "Joules_Per_PatchMedian": [
        1369.6055523931982,
        2135.677067476511,
        2901.748582559824,
        3667.820097643137,
        4433.89161272645,
        5199.963127809763,
        5966.034642893076,
        6732.106157976389,
        7498.177673059702,
        8264.249188143014
    ],
    "JoulesNormalized_Per_PatchMedian": [
        262.75995143055934,
        456.04107931256317,
        649.322207194567,
        842.6033350765708,
        1035.8844629585747,
        1229.1655908405785,
        1422.4467187225823,
        1615.7278466045861,
        1809.00897448659,
        2002.2901023685938
    ],
    "Inf_ExecutionTime": {
        "mean": 0.7250274419784546,
        "median": 0.7250274419784546,
        "std": 1.0253436415386028,
        "max": 1.4500548839569092,
        "min": 0.0,
        "count": 2
    },
    "Inf_Joules": {
        "mean": 603.5340373098851,
        "median": 603.5340373098851,
        "std": 853.526020917429,
        "max": 1207.0680746197702,
        "min": 0.0,
        "count": 2
    },
    "Inf_JoulesNormalized": {
        "mean": 69.47882354855551,
        "median": 69.47882354855551,
        "std": 98.25789456009437,
        "max": 138.95764709711102,
        "min": 0.0,
        "count": 2
    },
    "Val_ExecutionTime": [
        8.899348974227905,
        17.79869794845581,
        26.698046922683716,
        35.59739589691162,
        44.496744871139526,
        53.39609384536743,
        62.29544281959534,
        71.19479179382324,
        80.09414076805115,
        88.99348974227905
    ],
    "Val_Joules": [
        766.0715150833131,
        1532.143030166626,
        2298.214545249939,
        3064.286060333252,
        3830.357575416565,
        4596.429090499878,
        5362.500605583191,
        6128.572120666504,
        6894.643635749817,
        7660.715150833129
    ],
    "Val_JoulesNormalized": [
        193.28112788200383,
        386.56225576400766,
        579.8433836460115,
        773.1245115280153,
        966.4056394100191,
        1159.686767292023,
        1352.9678951740268,
        1546.2490230560306,
        1739.5301509380345,
        1932.8112788200383
    ],
    "NrPatches": {
        "median": 2,
        "std": 0.0,
        "max": 2,
        "min": 2
    },
    "Correctness_Per_Patch": [
        "C",
        "W",
        "W",
        "W",
        "W",
        "W",
        "I",
        "W",
        "W",
        "W"
    ],
    "Correctness_Per_Patch_original": [
        "plausible",
        "uncompilable",
        "uncompilable",
        "uncompilable",
        "uncompilable",
        "uncompilable",
        "plausible",
        "uncompilable",
        "uncompilable",
        "uncompilable"
    ],
    "patches": [
        "            cal1.get(Calendar.HOUR_OF_DAY) == cal2.get(Calendar.HOUR_OF_DAY) &&\n",
        "            cal2.get(Calendar.HOUR_OF_DAY) == cal1.get(Calendar.HOUR_OF_DAY) &&\n"
    ],
    "Correctness_Per_Patch_origina": [
        "plausible",
        "uncompilable",
        "uncompilable",
        "uncompilable",
        "uncompilable",
        "uncompilable",
        "plausible",
        "uncompilable",
        "uncompilable",
        "uncompilable"
    ]
}