{
    "TOOL_BUG_ID": "incoder_6B-Lang-61",
    "Time": {
        "mean": 92.97745215892792,
        "median": 92.97745215892792,
        "std": 0.0,
        "max": 92.97745215892792,
        "min": 92.97745215892792,
        "count": 5
    },
    "Joules": {
        "mean": 10392.73536823392,
        "median": 10392.73536823392,
        "std": 0.0,
        "max": 10392.73536823392,
        "min": 10392.73536823392,
        "count": 5
    },
    "JoulesNormalized": {
        "mean": 2853.529540401696,
        "median": 2853.529540401696,
        "std": 0.0,
        "max": 2853.529540401696,
        "min": 2853.529540401696,
        "count": 5
    },
    "NrExecutions": 5,
    "ExecutionsIds": [
        "s0",
        "s1",
        "s2",
        "s3",
        "s4"
    ],
    "ExecutionsInferenceIds": [
        "s0",
        "s1"
    ],
    "NrExecutionsInference": 2,
    "ExecutionTime_Per_PatchMedian": [
        11.259774565696716,
        20.339516520500183,
        29.41925847530365,
        38.49900043010712,
        47.57874238491058,
        56.65848433971405,
        65.73822629451752,
        74.81796824932098,
        83.89771020412445,
        92.97745215892792
    ],
    "Joules_Per_PatchMedian": [
        3220.7815131664274,
        4017.665274840593,
        4814.549036514759,
        5611.432798188925,
        6408.31655986309,
        7205.200321537256,
        8002.084083211422,
        8798.967844885588,
        9595.851606559754,
        10392.73536823392
    ],
    "JoulesNormalized_Per_PatchMedian": [
        778.2536456763742,
        1008.8398562014099,
        1239.4260667264457,
        1470.0122772514815,
        1700.5984877765172,
        1931.184698301553,
        2161.7709088265888,
        2392.3571193516245,
        2622.9433298766603,
        2853.529540401696
    ],
    "Inf_ExecutionTime": {
        "mean": 2.1800326108932495,
        "median": 2.1800326108932495,
        "std": 0.5373792305970547,
        "max": 2.5600171089172363,
        "min": 1.8000481128692627,
        "count": 2
    },
    "Inf_Joules": {
        "mean": 2423.8977514922617,
        "median": 2423.8977514922617,
        "std": 612.9257062869368,
        "max": 2857.301674771309,
        "min": 1990.4938282132148,
        "count": 2
    },
    "Inf_JoulesNormalized": {
        "mean": 547.6674351513384,
        "median": 547.6674351513384,
        "std": 185.7084179307996,
        "max": 678.9831167936322,
        "min": 416.35175350904456,
        "count": 2
    },
    "Val_ExecutionTime": [
        9.079741954803467,
        18.159483909606934,
        27.2392258644104,
        36.31896781921387,
        45.398709774017334,
        54.4784517288208,
        63.55819368362427,
        72.63793563842773,
        81.7176775932312,
        90.79741954803467
    ],
    "Val_Joules": [
        796.8837616741657,
        1593.7675233483315,
        2390.651285022497,
        3187.535046696663,
        3984.4188083708286,
        4781.302570044994,
        5578.18633171916,
        6375.070093393327,
        7171.953855067492,
        7968.837616741658
    ],
    "Val_JoulesNormalized": [
        230.58621052503577,
        461.17242105007153,
        691.7586315751073,
        922.3448421001431,
        1152.9310526251788,
        1383.5172631502146,
        1614.1034736752504,
        1844.6896842002861,
        2075.275894725322,
        2305.8621052503577
    ],
    "NrPatches": {
        "median": 0,
        "std": 0.0,
        "max": 0,
        "min": 0
    },
    "Correctness_Per_Patch": [
        "W",
        "W",
        "W",
        "W",
        "W",
        "W",
        "W",
        "W",
        "W",
        "W"
    ],
    "Correctness_Per_Patch_original": [
        "wrong",
        "wrong",
        "wrong",
        "wrong",
        "wrong",
        "wrong",
        "wrong",
        "wrong",
        "wrong",
        "wrong"
    ],
    "patches": [],
    "Correctness_Per_Patch_origina": [
        "wrong",
        "wrong",
        "wrong",
        "wrong",
        "wrong",
        "wrong",
        "wrong",
        "wrong",
        "wrong",
        "wrong"
    ]
}