{
    "TOOL_BUG_ID": "plbart_base-Math-101",
    "Time": {
        "mean": 74.60152959823608,
        "median": 74.60152959823608,
        "std": 0.0,
        "max": 74.60152959823608,
        "min": 74.60152959823608,
        "count": 5
    },
    "Joules": {
        "mean": 8039.107514065506,
        "median": 8039.107514065506,
        "std": 0.0,
        "max": 8039.107514065506,
        "min": 8039.107514065506,
        "count": 5
    },
    "JoulesNormalized": {
        "mean": 3361.2988684237007,
        "median": 3361.2988684237007,
        "std": 0.0,
        "max": 3361.2988684237007,
        "min": 3361.2988684237007,
        "count": 5
    },
    "NrExecutions": 5,
    "ExecutionsIds": [
        "s0",
        "s1",
        "s2",
        "s3",
        "s4"
    ],
    "ExecutionsInferenceIds": [
        "s0",
        "s1"
    ],
    "NrExecutionsInference": 2,
    "ExecutionTime_Per_PatchMedian": [
        7.554549336433411,
        15.004213809967041,
        22.45387828350067,
        29.9035427570343,
        37.35320723056793,
        44.80287170410156,
        52.25253617763519,
        59.70220065116882,
        67.15186512470245,
        74.60152959823608
    ],
    "Joules_Per_PatchMedian": [
        877.4658169448377,
        1673.2037832915785,
        2468.9417496383194,
        3264.6797159850603,
        4060.417682331801,
        4856.155648678542,
        5651.893615025283,
        6447.631581372024,
        7243.369547718765,
        8039.107514065506
    ],
    "JoulesNormalized_Per_PatchMedian": [
        339.2967284381391,
        675.0747439920905,
        1010.8527595460419,
        1346.6307750999931,
        1682.4087906539444,
        2018.1868062078956,
        2353.964821761847,
        2689.742837315798,
        3025.5208528697494,
        3361.2988684237007
    ],
    "Inf_ExecutionTime": {
        "mean": 0.10488486289978027,
        "median": 0.10488486289978027,
        "std": 0.006477127679154195,
        "max": 0.10946488380432129,
        "min": 0.10030484199523926,
        "count": 2
    },
    "Inf_Joules": {
        "mean": 81.72785059809686,
        "median": 81.72785059809686,
        "std": 6.048672182222187,
        "max": 86.0049077153206,
        "min": 77.45079348087312,
        "count": 2
    },
    "Inf_JoulesNormalized": {
        "mean": 3.518712884187707,
        "median": 3.518712884187707,
        "std": 0.14555549846090665,
        "max": 3.621636164188402,
        "min": 3.4157896041870117,
        "count": 2
    },
    "Val_ExecutionTime": [
        7.44966447353363,
        14.89932894706726,
        22.34899342060089,
        29.79865789413452,
        37.24832236766815,
        44.69798684120178,
        52.14765131473541,
        59.59731578826904,
        67.04698026180267,
        74.4966447353363
    ],
    "Val_Joules": [
        795.7379663467408,
        1591.4759326934816,
        2387.2138990402227,
        3182.9518653869636,
        3978.6898317337045,
        4774.427798080445,
        5570.165764427186,
        6365.903730773927,
        7161.641697120668,
        7957.379663467409
    ],
    "Val_JoulesNormalized": [
        335.7780155539514,
        671.5560311079028,
        1007.3340466618541,
        1343.1120622158055,
        1678.8900777697568,
        2014.668093323708,
        2350.4461088776593,
        2686.2241244316106,
        3022.002139985562,
        3357.780155539513
    ],
    "NrPatches": {
        "median": 0,
        "std": 0.0,
        "max": 0,
        "min": 0
    },
    "Correctness_Per_Patch": [
        "W",
        "W",
        "W",
        "W",
        "W",
        "W",
        "W",
        "W",
        "W",
        "W"
    ],
    "Correctness_Per_Patch_original": [
        "uncompilable",
        "uncompilable",
        "uncompilable",
        "uncompilable",
        "uncompilable",
        "uncompilable",
        "uncompilable",
        "uncompilable",
        "uncompilable",
        "uncompilable"
    ],
    "patches": [],
    "Correctness_Per_Patch_origina": [
        "uncompilable",
        "uncompilable",
        "uncompilable",
        "uncompilable",
        "uncompilable",
        "uncompilable",
        "uncompilable",
        "uncompilable",
        "uncompilable",
        "uncompilable"
    ]
}