{
    "TOOL_BUG_ID": "plbart_base-Math-48",
    "Time": {
        "mean": 287.74417531490326,
        "median": 287.74417531490326,
        "std": 0.0,
        "max": 287.74417531490326,
        "min": 287.74417531490326,
        "count": 6
    },
    "Joules": {
        "mean": 31620.394515722986,
        "median": 31620.394515722986,
        "std": 0.0,
        "max": 31620.394515722986,
        "min": 31620.394515722986,
        "count": 6
    },
    "JoulesNormalized": {
        "mean": 14242.531946736573,
        "median": 14242.531946736573,
        "std": 0.0,
        "max": 14242.531946736573,
        "min": 14242.531946736573,
        "count": 6
    },
    "NrExecutions": 6,
    "ExecutionsIds": [
        "s0",
        "s1",
        "s2",
        "s3",
        "s4",
        "s5"
    ],
    "ExecutionsInferenceIds": [
        "s0",
        "s1"
    ],
    "NrExecutionsInference": 2,
    "ExecutionTime_Per_PatchMedian": [
        28.81953454017639,
        57.5889390707016,
        86.3583436012268,
        115.12774813175201,
        143.89715266227722,
        172.66655719280243,
        201.43596172332764,
        230.20536625385284,
        258.97477078437805,
        287.74417531490326
    ],
    "Joules_Per_PatchMedian": [
        3196.492278981209,
        6354.703638619185,
        9512.914998257162,
        12671.126357895137,
        15829.337717533112,
        18987.549077171087,
        22145.76043680906,
        25303.971796447036,
        28462.18315608501,
        31620.394515722986
    ],
    "JoulesNormalized_Per_PatchMedian": [
        1425.0844242453575,
        2849.245260077715,
        4273.4060959100725,
        5697.56693174243,
        7121.727767574787,
        8545.888603407144,
        9970.049439239501,
        11394.210275071859,
        12818.371110904216,
        14242.531946736573
    ],
    "Inf_ExecutionTime": {
        "mean": 0.05013000965118408,
        "median": 0.05013000965118408,
        "std": 8.918273144905177e-05,
        "max": 0.050193071365356445,
        "min": 0.05006694793701172,
        "count": 2
    },
    "Inf_Joules": {
        "mean": 38.28091934323311,
        "median": 38.28091934323311,
        "std": 0.6865118163847679,
        "max": 38.76635650396347,
        "min": 37.795482182502745,
        "count": 2
    },
    "Inf_JoulesNormalized": {
        "mean": 0.9235884130001075,
        "median": 0.9235884130001075,
        "std": 0.1167016142416829,
        "max": 1.006108915805818,
        "min": 0.841067910194397,
        "count": 2
    },
    "Val_ExecutionTime": [
        28.769404530525208,
        57.538809061050415,
        86.30821359157562,
        115.07761812210083,
        143.84702265262604,
        172.61642718315125,
        201.38583171367645,
        230.15523624420166,
        258.92464077472687,
        287.6940453052521
    ],
    "Val_Joules": [
        3158.211359637976,
        6316.422719275952,
        9474.634078913929,
        12632.845438551903,
        15791.056798189878,
        18949.268157827853,
        22107.47951746583,
        25265.690877103803,
        28423.90223674178,
        31582.113596379753
    ],
    "Val_JoulesNormalized": [
        1424.1608358323574,
        2848.321671664715,
        4272.482507497072,
        5696.64334332943,
        7120.804179161787,
        8544.965014994144,
        9969.125850826502,
        11393.28668665886,
        12817.447522491217,
        14241.608358323574
    ],
    "NrPatches": {
        "median": 0,
        "std": 0.0,
        "max": 0,
        "min": 0
    },
    "Correctness_Per_Patch": [
        "W",
        "W",
        "W",
        "W",
        "W",
        "W",
        "W",
        "W",
        "W",
        "W"
    ],
    "Correctness_Per_Patch_original": [
        "uncompilable",
        "wrong",
        "wrong",
        "wrong",
        "wrong",
        "wrong",
        "uncompilable",
        "uncompilable",
        "wrong",
        "wrong"
    ],
    "patches": [],
    "Correctness_Per_Patch_origina": [
        "uncompilable",
        "wrong",
        "wrong",
        "wrong",
        "wrong",
        "wrong",
        "uncompilable",
        "uncompilable",
        "wrong",
        "wrong"
    ]
}