{
    "TOOL_BUG_ID": "codet5_base-Closure-52",
    "Time": {
        "mean": 49.74679390589396,
        "median": 49.72290015220642,
        "std": 1.121370506163919,
        "max": 51.50266075134277,
        "min": 48.20434379577637,
        "count": 6
    },
    "Joules": {
        "mean": 6655.633560297887,
        "median": 6949.973643839359,
        "std": 581.2710677841916,
        "max": 7115.378110527993,
        "min": 5796.941470289231,
        "count": 6
    },
    "JoulesNormalized": {
        "mean": 1395.6726616322997,
        "median": 824.8310748398305,
        "std": 946.7494395829157,
        "max": 2721.542330086232,
        "min": 738.6158710360532,
        "count": 6
    },
    "NrExecutions": 6,
    "ExecutionsIds": [
        "s0",
        "s1",
        "s2",
        "s3",
        "s4",
        "s5"
    ],
    "ExecutionsInferenceIds": [
        "s0",
        "s1"
    ],
    "NrExecutionsInference": 2,
    "ExecutionTime_Per_PatchMedian": [
        5.224825978279114,
        10.205507040023804,
        15.204593896865845,
        20.204508423805237,
        25.18552041053772,
        30.18513000011444,
        35.174251675605774,
        40.16417324542999,
        45.16403019428253,
        49.72290015220642
    ],
    "Joules_Per_PatchMedian": [
        883.606983935833,
        1566.9451216220855,
        2258.0253757059572,
        2942.5228601694107,
        3630.790406787396,
        4318.364508157969,
        5007.154467833042,
        5693.454247373342,
        6374.451117151975,
        6949.973643839359
    ],
    "JoulesNormalized_Per_PatchMedian": [
        106.30825042724612,
        184.58587201833726,
        268.48428469300285,
        346.04810293912914,
        428.7035562276843,
        510.07566246986414,
        590.989124786854,
        670.2732081472875,
        746.7283308088781,
        824.8310748398305
    ],
    "Inf_ExecutionTime": {
        "mean": 0.22496795654296875,
        "median": 0.22496795654296875,
        "std": 0.20525346637411349,
        "max": 0.3701040744781494,
        "min": 0.07983183860778809,
        "count": 2
    },
    "Inf_Joules": {
        "mean": 193.01342605352403,
        "median": 193.01342605352403,
        "std": 180.98173189116517,
        "max": 320.98683594465257,
        "min": 65.04001616239549,
        "count": 2
    },
    "Inf_JoulesNormalized": {
        "mean": 20.761639428138757,
        "median": 20.761639428138757,
        "std": 23.444031760864558,
        "max": 37.33907326459888,
        "min": 4.184205591678634,
        "count": 2
    },
    "Val_ExecutionTime": [
        4.999858021736145,
        9.980539083480835,
        14.979625940322876,
        19.979540467262268,
        24.96055245399475,
        29.960162043571472,
        34.949283719062805,
        39.939205288887024,
        44.93906223773956,
        49.49793219566345
    ],
    "Val_Joules": [
        690.593557882309,
        1373.9316955685617,
        2065.011949652433,
        2749.5094341158865,
        3437.776980733872,
        4125.351082104445,
        4814.141041779518,
        5500.4408213198185,
        6181.437691098451,
        6756.960217785834
    ],
    "Val_JoulesNormalized": [
        85.54661099910737,
        163.8242325901985,
        247.7226452648641,
        325.28646351099036,
        407.94191679954554,
        489.31402304172536,
        570.2274853587152,
        649.5115687191487,
        725.9666913807393,
        804.0694354116918
    ],
    "NrPatches": {
        "median": 0,
        "std": 0.0,
        "max": 0,
        "min": 0
    },
    "Correctness_Per_Patch": [
        "W",
        "W",
        "W",
        "W",
        "W",
        "W",
        "W",
        "W",
        "W",
        "W"
    ],
    "Correctness_Per_Patch_original": [
        "wrong",
        "wrong",
        "wrong",
        "wrong",
        "wrong",
        "wrong",
        "wrong",
        "wrong",
        "wrong",
        "wrong"
    ],
    "patches": [],
    "Correctness_Per_Patch_origina": [
        "wrong",
        "wrong",
        "wrong",
        "wrong",
        "wrong",
        "wrong",
        "wrong",
        "wrong",
        "wrong",
        "wrong"
    ]
}