{
    "Group_ID": "s_1223_1224",
    "TOOL_BUG_ID": "TBar10C-Mockito-38",
    "patch_correctness": true,
    "ExecutionsIds": [
        "1223",
        "1224"
    ],
    "NrExecutions": 2,
    "NrOutliers": 0,
    "SLB": {
        "median": 63.1,
        "std": 0.565685424949236,
        "max": 63.5,
        "min": 62.7
    },
    "PowerAvg": {
        "median": 130.8,
        "std": 0.7071067811865476,
        "max": 131.3,
        "min": 130.3
    },
    "Time": {
        "median": 146.44709396362305,
        "std": 117.30549469639888,
        "max": 250.03460693359375,
        "min": 44.64067816734314
    },
    "Joules": {
        "median": 18705.745228642227,
        "std": 15082.028070613298,
        "max": 32206.639555060865,
        "min": 5670.18133893013
    },
    "JoulesNormalized": {
        "median": 9505.12077280879,
        "std": 7678.584298917733,
        "max": 16329.442014777662,
        "min": 2871.2108178377152
    },
    "NrPatches": {
        "median": 23.5,
        "std": 15.588457268119896,
        "max": 37,
        "min": 10
    },
    "Joules_Per_PatchMedian": [
        313.5085628807545,
        563.281945770979,
        816.3476377069951,
        1066.510505104065,
        1315.6855121195317,
        1562.5777920365333,
        1811.3216557741166,
        2063.5467140734195,
        3892.4245850801467,
        5762.848773753643
    ],
    "ExecutionTime_Per_PatchMedian": [
        2.5302270650863647,
        4.520308494567871,
        6.520083427429199,
        8.490265846252441,
        10.459993839263916,
        12.419849395751953,
        14.390013933181763,
        16.399704933166504,
        30.609841465950012,
        45.309919476509094
    ],
    "JoulesNormalized_Per_PatchMedian": [
        153.8312807261944,
        278.018577259779,
        404.882357364893,
        530.7308791160583,
        655.6119901716709,
        778.8372654557228,
        903.275849866867,
        1028.6933356821537,
        1960.843742454052,
        2903.525158262253
    ],
    "Correctness_Per_Patch": [
        "W",
        "W",
        "W",
        "W",
        "W",
        "W",
        "W",
        "W",
        "W",
        "W"
    ],
    "Correctness_Per_Patch_original": [
        "uncompilable",
        "uncompilable",
        "uncompilable",
        "uncompilable",
        "uncompilable",
        "uncompilable",
        "uncompilable",
        "uncompilable",
        "uncompilable",
        "uncompilable"
    ]
}