{
    "TOOL_BUG_ID": "codet5_small-Chart-3",
    "Time": {
        "mean": 121.51534044742584,
        "median": 121.51534044742584,
        "std": 0.0,
        "max": 121.51534044742584,
        "min": 121.51534044742584,
        "count": 6
    },
    "Joules": {
        "mean": 13707.980137276652,
        "median": 13707.980137276652,
        "std": 0.0,
        "max": 13707.980137276652,
        "min": 13707.980137276652,
        "count": 6
    },
    "JoulesNormalized": {
        "mean": 5841.718432414531,
        "median": 5841.718432414531,
        "std": 0.0,
        "max": 5841.718432414531,
        "min": 5841.718432414531,
        "count": 6
    },
    "NrExecutions": 6,
    "ExecutionsIds": [
        "s0",
        "s1",
        "s2",
        "s3",
        "s4",
        "s5"
    ],
    "ExecutionsInferenceIds": [
        "s0",
        "s1"
    ],
    "NrExecutionsInference": 2,
    "ExecutionTime_Per_PatchMedian": [
        12.349453926086426,
        24.478996872901917,
        36.60853981971741,
        48.7380827665329,
        60.86762571334839,
        72.99716866016388,
        85.12671160697937,
        97.25625455379486,
        109.38579750061035,
        121.51534044742584
    ],
    "Joules_Per_PatchMedian": [
        1532.0305406987666,
        2884.9138292074203,
        4237.797117716074,
        5590.680406224728,
        6943.563694733382,
        8296.446983242036,
        9649.33027175069,
        11002.213560259344,
        12355.096848767998,
        13707.980137276652
    ],
    "JoulesNormalized_Per_PatchMedian": [
        596.2049935460091,
        1179.039820086956,
        1761.874646627903,
        2344.7094731688503,
        2927.544299709797,
        3510.379126250744,
        4093.2139527916906,
        4676.048779332637,
        5258.883605873584,
        5841.718432414531
    ],
    "Inf_ExecutionTime": {
        "mean": 0.21991097927093506,
        "median": 0.21991097927093506,
        "std": 0.11331787136772417,
        "max": 0.30003881454467773,
        "min": 0.13978314399719238,
        "count": 2
    },
    "Inf_Joules": {
        "mean": 179.14725219011305,
        "median": 179.14725219011305,
        "std": 95.26972314975966,
        "max": 246.5131194710731,
        "min": 111.78138490915298,
        "count": 2
    },
    "Inf_JoulesNormalized": {
        "mean": 13.370167005062093,
        "median": 13.370167005062093,
        "std": 9.522837554036654,
        "max": 20.103830015659327,
        "min": 6.63650399446486,
        "count": 2
    },
    "Val_ExecutionTime": [
        12.12954294681549,
        24.25908589363098,
        36.38862884044647,
        48.51817178726196,
        60.647714734077454,
        72.77725768089294,
        84.90680062770844,
        97.03634357452393,
        109.16588652133942,
        121.29542946815491
    ],
    "Val_Joules": [
        1352.8832885086535,
        2705.766577017307,
        4058.649865525961,
        5411.533154034615,
        6764.416442543269,
        8117.299731051923,
        9470.183019560578,
        10823.066308069232,
        12175.949596577886,
        13528.83288508654
    ],
    "Val_JoulesNormalized": [
        582.834826540947,
        1165.669653081894,
        1748.504479622841,
        2331.339306163788,
        2914.174132704735,
        3497.0089592456816,
        4079.8437857866284,
        4662.678612327575,
        5245.513438868522,
        5828.348265409469
    ],
    "NrPatches": {
        "median": 0,
        "std": 0.0,
        "max": 0,
        "min": 0
    },
    "Correctness_Per_Patch": [
        "W",
        "W",
        "W",
        "W",
        "W",
        "W",
        "W",
        "W",
        "W",
        "W"
    ],
    "Correctness_Per_Patch_original": [
        "wrong",
        "uncompilable",
        "wrong",
        "uncompilable",
        "uncompilable",
        "uncompilable",
        "uncompilable",
        "wrong",
        "uncompilable",
        "uncompilable"
    ],
    "patches": [],
    "Correctness_Per_Patch_origina": [
        "wrong",
        "uncompilable",
        "wrong",
        "uncompilable",
        "uncompilable",
        "uncompilable",
        "uncompilable",
        "wrong",
        "uncompilable",
        "uncompilable"
    ]
}