{
    "TOOL_BUG_ID": "codegen_6B-Math-69",
    "Time": {
        "mean": 83.07106614112854,
        "median": 83.07106614112854,
        "std": 0.0,
        "max": 83.07106614112854,
        "min": 83.07106614112854,
        "count": 5
    },
    "Joules": {
        "mean": 13753.74611335874,
        "median": 13753.74611335874,
        "std": 0.0,
        "max": 13753.74611335874,
        "min": 13753.74611335874,
        "count": 5
    },
    "JoulesNormalized": {
        "mean": 5142.52203651977,
        "median": 5142.52203651977,
        "std": 0.0,
        "max": 5142.52203651977,
        "min": 5142.52203651977,
        "count": 5
    },
    "NrExecutions": 5,
    "ExecutionsIds": [
        "s0",
        "s1",
        "s2",
        "s3",
        "s4"
    ],
    "ExecutionsInferenceIds": [
        "s0",
        "s1"
    ],
    "NrExecutionsInference": 2,
    "ExecutionTime_Per_PatchMedian": [
        12.063828945159912,
        19.953521966934204,
        27.843214988708496,
        35.73290801048279,
        43.62260103225708,
        51.51229405403137,
        59.401987075805664,
        67.29168009757996,
        75.18137311935425,
        83.07106614112854
    ],
    "Joules_Per_PatchMedian": [
        5627.888585536484,
        6530.761644183402,
        7433.634702830319,
        8336.507761477236,
        9239.380820124154,
        10142.253878771071,
        11045.126937417988,
        11947.999996064906,
        12850.873054711823,
        13753.74611335874
    ],
    "JoulesNormalized_Per_PatchMedian": [
        1426.9272520453978,
        1839.771116986995,
        2252.614981928592,
        2665.458846870189,
        3078.302711811786,
        3491.146576753383,
        3903.9904416949803,
        4316.834306636577,
        4729.6781715781735,
        5142.52203651977
    ],
    "Inf_ExecutionTime": {
        "mean": 4.17413592338562,
        "median": 4.17413592338562,
        "std": 1.6604789469214012,
        "max": 5.34827184677124,
        "min": 3.0,
        "count": 2
    },
    "Inf_Joules": {
        "mean": 4725.015526889567,
        "median": 4725.015526889567,
        "std": 1890.4149002267122,
        "max": 6061.740722095966,
        "min": 3388.290331683168,
        "count": 2
    },
    "Inf_JoulesNormalized": {
        "mean": 1014.0833871038008,
        "median": 1014.0833871038008,
        "std": 325.17585962730516,
        "max": 1244.0174425244331,
        "min": 784.1493316831684,
        "count": 2
    },
    "Val_ExecutionTime": [
        7.889693021774292,
        15.779386043548584,
        23.669079065322876,
        31.558772087097168,
        39.44846510887146,
        47.33815813064575,
        55.227851152420044,
        63.117544174194336,
        71.00723719596863,
        78.89693021774292
    ],
    "Val_Joules": [
        902.8730586469173,
        1805.7461172938347,
        2708.619175940752,
        3611.4922345876694,
        4514.365293234587,
        5417.238351881504,
        6320.111410528421,
        7222.984469175339,
        8125.857527822256,
        9028.730586469173
    ],
    "Val_JoulesNormalized": [
        412.8438649415971,
        825.6877298831942,
        1238.5315948247912,
        1651.3754597663883,
        2064.2193247079854,
        2477.0631896495825,
        2889.9070545911795,
        3302.750919532776,
        3715.594784474373,
        4128.43864941597
    ],
    "NrPatches": {
        "median": 3,
        "std": 0.0,
        "max": 3,
        "min": 3
    },
    "Correctness_Per_Patch": [
        "C",
        "W",
        "W",
        "W",
        "W",
        "W",
        "W",
        "C",
        "I",
        "W"
    ],
    "Correctness_Per_Patch_original": [
        "plausible",
        "wrong",
        "wrong",
        "wrong",
        "wrong",
        "wrong",
        "wrong",
        "plausible",
        "plausible",
        "wrong"
    ],
    "patches": [
        "                out[i][j] = 2 * tDistribution.cumulativeProbability(-t);\n",
        "                out[i][j] = 2.0 * tDistribution.cumulativeProbability(-t);\n",
        "                out[i][j] = 2 * (1 - tDistribution.cumulativeProbability(t));\n"
    ],
    "Correctness_Per_Patch_origina": [
        "plausible",
        "wrong",
        "wrong",
        "wrong",
        "wrong",
        "wrong",
        "wrong",
        "plausible",
        "plausible",
        "wrong"
    ]
}