{
    "TOOL_BUG_ID": "codet5_base-Chart-3",
    "Time": {
        "mean": 121.80532610416412,
        "median": 121.80532610416412,
        "std": 0.0,
        "max": 121.80532610416412,
        "min": 121.80532610416412,
        "count": 7
    },
    "Joules": {
        "mean": 13975.102448815109,
        "median": 13975.102448815109,
        "std": 0.0,
        "max": 13975.102448815109,
        "min": 13975.102448815109,
        "count": 7
    },
    "JoulesNormalized": {
        "mean": 5885.361435741185,
        "median": 5885.361435741185,
        "std": 0.0,
        "max": 5885.361435741185,
        "min": 5885.361435741185,
        "count": 7
    },
    "NrExecutions": 7,
    "ExecutionsIds": [
        "s0",
        "s1",
        "s2",
        "s3",
        "s4",
        "s5",
        "s6"
    ],
    "ExecutionsInferenceIds": [
        "s0",
        "s1"
    ],
    "NrExecutionsInference": 2,
    "ExecutionTime_Per_PatchMedian": [
        12.639439582824707,
        24.768982529640198,
        36.89852547645569,
        49.02806842327118,
        61.15761137008667,
        73.28715431690216,
        85.41669726371765,
        97.54624021053314,
        109.67578315734863,
        121.80532610416412
    ],
    "Joules_Per_PatchMedian": [
        1799.1528522372246,
        3152.036140745878,
        4504.919429254532,
        5857.802717763185,
        7210.686006271839,
        8563.569294780493,
        9916.452583289147,
        11269.3358717978,
        12622.219160306455,
        13975.102448815109
    ],
    "JoulesNormalized_Per_PatchMedian": [
        639.8479968726634,
        1222.6828234136105,
        1805.5176499545576,
        2388.3524764955046,
        2971.1873030364513,
        3554.022129577398,
        4136.856956118345,
        4719.691782659292,
        5302.526609200238,
        5885.361435741185
    ],
    "Inf_ExecutionTime": {
        "mean": 0.5098966360092163,
        "median": 0.5098966360092163,
        "std": 0.0007362211497882969,
        "max": 0.5104172229766846,
        "min": 0.509376049041748,
        "count": 2
    },
    "Inf_Joules": {
        "mean": 446.2695637285709,
        "median": 446.2695637285709,
        "std": 2.9384863450864014,
        "max": 448.3473873496056,
        "min": 444.19174010753625,
        "count": 2
    },
    "Inf_JoulesNormalized": {
        "mean": 57.01317033171645,
        "median": 57.01317033171645,
        "std": 0.5736982742063954,
        "max": 57.418836271762814,
        "min": 56.60750439167009,
        "count": 2
    },
    "Val_ExecutionTime": [
        12.12954294681549,
        24.25908589363098,
        36.38862884044647,
        48.51817178726196,
        60.647714734077454,
        72.77725768089294,
        84.90680062770844,
        97.03634357452393,
        109.16588652133942,
        121.29542946815491
    ],
    "Val_Joules": [
        1352.8832885086535,
        2705.766577017307,
        4058.6498655259606,
        5411.533154034614,
        6764.416442543268,
        8117.299731051922,
        9470.183019560576,
        10823.06630806923,
        12175.949596577884,
        13528.832885086538
    ],
    "Val_JoulesNormalized": [
        582.834826540947,
        1165.669653081894,
        1748.504479622841,
        2331.339306163788,
        2914.174132704735,
        3497.0089592456816,
        4079.8437857866284,
        4662.678612327575,
        5245.513438868522,
        5828.348265409469
    ],
    "NrPatches": {
        "median": 0,
        "std": 0.0,
        "max": 0,
        "min": 0
    },
    "Correctness_Per_Patch": [
        "W",
        "W",
        "W",
        "W",
        "W",
        "W",
        "W",
        "W",
        "W",
        "W"
    ],
    "Correctness_Per_Patch_original": [
        "uncompilable",
        "wrong",
        "uncompilable",
        "uncompilable",
        "uncompilable",
        "wrong",
        "wrong",
        "uncompilable",
        "uncompilable",
        "uncompilable"
    ],
    "patches": [],
    "Correctness_Per_Patch_origina": [
        "uncompilable",
        "wrong",
        "uncompilable",
        "uncompilable",
        "uncompilable",
        "wrong",
        "wrong",
        "uncompilable",
        "uncompilable",
        "uncompilable"
    ]
}