{
    "TOOL_BUG_ID": "LlamaRepairCL7bdcuda-Closure-52",
    "Time": {
        "mean": 458.4067311286926,
        "median": 458.4067311286926,
        "std": 0,
        "max": 458.4067311286926,
        "min": 458.4067311286926,
        "count": 1
    },
    "Joules": {
        "mean": 54983.60885697604,
        "median": 54983.60885697604,
        "std": 0,
        "max": 54983.60885697604,
        "min": 54983.60885697604,
        "count": 1
    },
    "JoulesNormalized": {
        "mean": 25090.197322291144,
        "median": 25090.197322291144,
        "std": 0,
        "max": 25090.197322291144,
        "min": 25090.197322291144,
        "count": 1
    },
    "NrExecutions": 1,
    "ExecutionsIds": [
        "s4"
    ],
    "ExecutionsInferenceIds": [
        "s1_cuda",
        "s2_cuda",
        "s3_cuda",
        "s4_cuda",
        "s5_cuda"
    ],
    "NrExecutionsInference": 5,
    "ExecutionTime_Per_PatchMedian": [
        52.41851854324341,
        103.16704511642456,
        153.9155716896057,
        204.66409826278687,
        255.41262483596802,
        306.16115140914917,
        356.9096779823303,
        407.6582045555115,
        458.4067311286926
    ],
    "Joules_Per_PatchMedian": [
        7473.828626739978,
        13412.551155519484,
        19351.27368429899,
        25289.9962130785,
        31228.718741858007,
        37167.441270637515,
        43106.16379941702,
        49044.88632819653,
        54983.60885697604
    ],
    "JoulesNormalized_Per_PatchMedian": [
        3021.1972284972676,
        5779.8222402215015,
        8538.447251945736,
        11297.07226366997,
        14055.697275394205,
        16814.32228711844,
        19572.947298842675,
        22331.57231056691,
        25090.197322291144
    ],
    "Inf_ExecutionTime": {
        "mean": 1.7537856101989746,
        "median": 1.6699919700622559,
        "std": 0.20776045190655504,
        "max": 2.1200010776519775,
        "min": 1.6099529266357422,
        "count": 5
    },
    "Inf_Joules": {
        "mean": 1600.5528319382668,
        "median": 1535.1060979604722,
        "std": 167.04597474703013,
        "max": 1896.024147617817,
        "min": 1490.740512263775,
        "count": 5
    },
    "Inf_JoulesNormalized": {
        "mean": 269.5525397634506,
        "median": 262.57221677303323,
        "std": 16.375781446707254,
        "max": 298.4973355531695,
        "min": 260.1005360126496,
        "count": 5
    },
    "Val_ExecutionTime": [
        50.74852657318115,
        101.4970531463623,
        152.24557971954346,
        202.9941062927246,
        253.74263286590576,
        304.4911594390869,
        355.23968601226807,
        405.9882125854492,
        456.73673915863037
    ],
    "Val_Joules": [
        5938.722528779506,
        11877.445057559013,
        17816.167586338517,
        23754.890115118025,
        29693.612643897533,
        35632.33517267704,
        41571.05770145655,
        47509.78023023606,
        53448.502759015566
    ],
    "Val_JoulesNormalized": [
        2758.6250117242344,
        5517.250023448469,
        8275.875035172703,
        11034.500046896937,
        13793.125058621172,
        16551.750070345406,
        19310.37508206964,
        22069.000093793875,
        24827.62510551811
    ],
    "NrPatches": {
        "median": 0,
        "std": 0.0,
        "max": 0,
        "min": 0
    },
    "Correctness_Per_Patch": [
        "W",
        "W",
        "W",
        "C",
        "W",
        "W",
        "W",
        "W",
        "W",
        "W"
    ],
    "Correctness_Per_Patch_original": [
        "wrong",
        "wrong",
        "wrong",
        "wrong",
        "wrong",
        "wrong",
        "correct",
        "wrong",
        "wrong",
        "wrong"
    ],
    "patches": [
        "  static boolean isSimpleNumber(String s) {\n    int len = s.length();\n    for (int index = 0; index < len; index++) {\n      char c = s.charAt(index);\n      if (c < '0' || c > '9') {\n        return false;\n      }\n    }\n// buggy code\n//     return len > 0;\n   return true;\n  }\n",
        "  static boolean isSimpleNumber(String s) {\n    int len = s.length();\n    for (int index = 0; index < len; index++) {\n      char c = s.charAt(index);\n      if (c < '0' || c > '9') {\n        return false;\n      }\n    }\n// buggy code\n//     return len > 0;\n   return len != 0;\n  }\n",
        "  static boolean isSimpleNumber(String s) {\n    int len = s.length();\n    for (int index = 0; index < len; index++) {\n      char c = s.charAt(index);\n      if (c < '0' || c > '9') {\n        return false;\n      }\n    }\n// buggy code\n//     return len > 0;\n   return len >= 1;\n  }\n",
        "  static boolean isSimpleNumber(String s) {\n    int len = s.length();\n    for (int index = 0; index < len; index++) {\n      char c = s.charAt(index);\n      if (c < '0' || c > '9') {\n        return false;\n      }\n    }\n// buggy code\n//     return len > 0;\n   return len > 0 && !s.startsWith(\"0\");\n  }\n",
        "  static boolean isSimpleNumber(String s) {\n    int len = s.length();\n    for (int index = 0; index < len; index++) {\n      char c = s.charAt(index);\n      if (c < '0' || c > '9') {\n        return false;\n      }\n    }\n// buggy code\n//     return len > 0;\n   return len >= 0;\n  }\n",
        "  static boolean isSimpleNumber(String s) {\n    int len = s.length();\n    for (int index = 0; index < len; index++) {\n      char c = s.charAt(index);\n      if (c < '0' || c > '9') {\n        return false;\n      }\n    }\n// buggy code\n//     return len > 0;\n   return len > 0 || s.equals(\"0\");\n  }\n",
        "  static boolean isSimpleNumber(String s) {\n    int len = s.length();\n    for (int index = 0; index < len; index++) {\n      char c = s.charAt(index);\n      if (c < '0' || c > '9') {\n        return false;\n      }\n    }\n// buggy code\n//     return len > 0;\n   return len > 0 && !s.equals(\"0\");\n  }\n",
        "  static boolean isSimpleNumber(String s) {\n    int len = s.length();\n    for (int index = 0; index < len; index++) {\n      char c = s.charAt(index);\n      if (c < '0' || c > '9') {\n        return false;\n      }\n    }\n// buggy code\n//     return len > 0;\n   return len > 0 && len < 10;\n  }\n",
        "  static boolean isSimpleNumber(String s) {\n    int len = s.length();\n    for (int index = 0; index < len; index++) {\n      char c = s.charAt(index);\n      if (c < '0' || c > '9') {\n        return false;\n      }\n    }\n// buggy code\n//     return len > 0;\n   return len > 0 || s.equals(\"-\");\n  }\n",
        "  static boolean isSimpleNumber(String s) {\n    int len = s.length();\n    for (int index = 0; index < len; index++) {\n      char c = s.charAt(index);\n      if (c < '0' || c > '9') {\n        return false;\n      }\n    }\n// buggy code\n//     return len > 0;\n  }\n"
    ]
}