{
    "TOOL_BUG_ID": "incoder_1B-Closure-92",
    "Time": {
        "mean": 344.63235306739807,
        "median": 344.63235306739807,
        "std": 0.0,
        "max": 344.63235306739807,
        "min": 344.63235306739807,
        "count": 5
    },
    "Joules": {
        "mean": 42246.734069341415,
        "median": 42246.734069341415,
        "std": 0.0,
        "max": 42246.734069341415,
        "min": 42246.734069341415,
        "count": 5
    },
    "JoulesNormalized": {
        "mean": 19488.39590294957,
        "median": 19488.39590294957,
        "std": 0.0,
        "max": 19488.39590294957,
        "min": 19488.39590294957,
        "count": 5
    },
    "NrExecutions": 5,
    "ExecutionsIds": [
        "s0",
        "s1",
        "s2",
        "s3",
        "s4"
    ],
    "ExecutionsInferenceIds": [
        "s0",
        "s1"
    ],
    "NrExecutionsInference": 2,
    "ExecutionTime_Per_PatchMedian": [
        35.399126052856445,
        69.75837349891663,
        104.1176209449768,
        138.476868391037,
        172.83611583709717,
        207.19536328315735,
        241.55461072921753,
        275.9138581752777,
        310.2731056213379,
        344.63235306739807
    ],
    "Joules_Per_PatchMedian": [
        5197.9841500639905,
        9314.511918872593,
        13431.039687681196,
        17547.5674564898,
        21664.095225298403,
        25780.622994107005,
        29897.150762915608,
        34013.67853172421,
        38130.20630053281,
        42246.734069341415
    ],
    "JoulesNormalized_Per_PatchMedian": [
        2171.069109690189,
        4095.2165311634535,
        6019.363952636718,
        7943.511374109982,
        9867.658795583247,
        11791.806217056512,
        13715.953638529776,
        15640.10106000304,
        17564.248481476305,
        19488.39590294957
    ],
    "Inf_ExecutionTime": {
        "mean": 1.0398786067962646,
        "median": 1.0398786067962646,
        "std": 0.2258052812323897,
        "max": 1.1995470523834229,
        "min": 0.8802101612091064,
        "count": 2
    },
    "Inf_Joules": {
        "mean": 1081.4563812553881,
        "median": 1081.4563812553881,
        "std": 236.860169584586,
        "max": 1248.9418133616446,
        "min": 913.9709491491318,
        "count": 2
    },
    "Inf_JoulesNormalized": {
        "mean": 246.92168821692457,
        "median": 246.92168821692457,
        "std": 74.52705770979775,
        "max": 299.6202761054037,
        "min": 194.2231003284454,
        "count": 2
    },
    "Val_ExecutionTime": [
        34.35924744606018,
        68.71849489212036,
        103.07774233818054,
        137.43698978424072,
        171.7962372303009,
        206.15548467636108,
        240.51473212242126,
        274.87397956848145,
        309.2332270145416,
        343.5924744606018
    ],
    "Val_Joules": [
        4116.527768808603,
        8233.055537617205,
        12349.583306425808,
        16466.11107523441,
        20582.638844043013,
        24699.166612851615,
        28815.694381660218,
        32932.22215046882,
        37048.74991927742,
        41165.277688086026
    ],
    "Val_JoulesNormalized": [
        1924.1474214732646,
        3848.294842946529,
        5772.442264419793,
        7696.589685893057,
        9620.737107366323,
        11544.884528839588,
        13469.031950312852,
        15393.179371786116,
        17317.32679325938,
        19241.474214732647
    ],
    "NrPatches": {
        "median": 3,
        "std": 0.0,
        "max": 3,
        "min": 3
    },
    "Correctness_Per_Patch": [
        "W",
        "W",
        "W",
        "I",
        "W",
        "C",
        "W",
        "W",
        "I",
        "W"
    ],
    "Correctness_Per_Patch_original": [
        "wrong",
        "wrong",
        "uncompilable",
        "plausible",
        "uncompilable",
        "plausible",
        "wrong",
        "wrong",
        "plausible",
        "uncompilable"
    ],
    "patches": [
        "      int indexOfDot = namespace.indexOf('[');\n",
        "        int indexOfDot = namespace.lastIndexOf('.');\n",
        "      int indexOfDot = namespace.indexOf(':');\n"
    ],
    "Correctness_Per_Patch_origina": [
        "wrong",
        "wrong",
        "uncompilable",
        "plausible",
        "uncompilable",
        "plausible",
        "wrong",
        "wrong",
        "plausible",
        "uncompilable"
    ]
}