{
    "TOOL_BUG_ID": "codet5_large-Closure-83",
    "Time": {
        "mean": 475.4277116060257,
        "median": 475.4277116060257,
        "std": 0.0,
        "max": 475.4277116060257,
        "min": 475.4277116060257,
        "count": 6
    },
    "Joules": {
        "mean": 54130.097637951374,
        "median": 54130.097637951374,
        "std": 0.0,
        "max": 54130.097637951374,
        "min": 54130.097637951374,
        "count": 6
    },
    "JoulesNormalized": {
        "mean": 23848.33195745946,
        "median": 23848.33195745946,
        "std": 0.0,
        "max": 23848.33195745946,
        "min": 23848.33195745946,
        "count": 6
    },
    "NrExecutions": 6,
    "ExecutionsIds": [
        "s0",
        "s1",
        "s2",
        "s3",
        "s4",
        "s5"
    ],
    "ExecutionsInferenceIds": [
        "s0",
        "s1"
    ],
    "NrExecutionsInference": 2,
    "ExecutionTime_Per_PatchMedian": [
        48.29439854621887,
        95.75365555286407,
        143.21291255950928,
        190.67216956615448,
        238.13142657279968,
        285.5906835794449,
        333.0499405860901,
        380.5091975927353,
        427.9684545993805,
        475.4277116060257
    ],
    "Joules_Per_PatchMedian": [
        6101.288775575162,
        11437.823093616964,
        16774.357411658766,
        22110.89172970057,
        27447.42604774237,
        32783.96036578417,
        38120.49468382598,
        43457.02900186778,
        48793.563319909576,
        54130.097637951374
    ],
    "JoulesNormalized_Per_PatchMedian": [
        2501.943668746949,
        4873.764589715005,
        7245.585510683061,
        9617.406431651118,
        11989.227352619175,
        14361.048273587232,
        16732.86919455529,
        19104.690115523346,
        21476.511036491404,
        23848.33195745946
    ],
    "Inf_ExecutionTime": {
        "mean": 0.8351415395736694,
        "median": 0.8351415395736694,
        "std": 0.1911357894095104,
        "max": 0.9702949523925781,
        "min": 0.6999881267547607,
        "count": 2
    },
    "Inf_Joules": {
        "mean": 764.7544575333595,
        "median": 764.7544575333595,
        "std": 177.50068881959402,
        "max": 890.2663982629776,
        "min": 639.2425168037414,
        "count": 2
    },
    "Inf_JoulesNormalized": {
        "mean": 130.12274777889252,
        "median": 130.12274777889252,
        "std": 26.504168620003576,
        "max": 148.86402513980875,
        "min": 111.38147041797629,
        "count": 2
    },
    "Val_ExecutionTime": [
        47.4592570066452,
        94.9185140132904,
        142.3777710199356,
        189.8370280265808,
        237.296285033226,
        284.7555420398712,
        332.2147990465164,
        379.6740560531616,
        427.1333130598068,
        474.592570066452
    ],
    "Val_Joules": [
        5336.534318041802,
        10673.068636083604,
        16009.602954125407,
        21346.13727216721,
        26682.67159020901,
        32019.205908250813,
        37355.74022629262,
        42692.27454433442,
        48028.808862376216,
        53365.343180418015
    ],
    "Val_JoulesNormalized": [
        2371.8209209680563,
        4743.6418419361125,
        7115.462762904169,
        9487.283683872225,
        11859.104604840282,
        14230.92552580834,
        16602.746446776397,
        18974.567367744454,
        21346.38828871251,
        23718.209209680568
    ],
    "NrPatches": {
        "median": 0,
        "std": 0.0,
        "max": 0,
        "min": 0
    },
    "Correctness_Per_Patch": [
        "W",
        "W",
        "W",
        "W",
        "W",
        "W",
        "W",
        "W",
        "W",
        "W"
    ],
    "Correctness_Per_Patch_original": [
        "wrong",
        "wrong",
        "wrong",
        "uncompilable",
        "uncompilable",
        "uncompilable",
        "wrong",
        "wrong",
        "uncompilable",
        "uncompilable"
    ],
    "patches": [],
    "Correctness_Per_Patch_origina": [
        "wrong",
        "wrong",
        "wrong",
        "uncompilable",
        "uncompilable",
        "uncompilable",
        "wrong",
        "wrong",
        "uncompilable",
        "uncompilable"
    ]
}