{
    "Group_ID": "s_1223_1224",
    "TOOL_BUG_ID": "TBar10C-Mockito-29",
    "patch_correctness": true,
    "ExecutionsIds": [
        "1223",
        "1224"
    ],
    "NrExecutions": 2,
    "NrOutliers": 0,
    "SLB": {
        "median": 62.55,
        "std": 0.6363961030678917,
        "max": 63.0,
        "min": 62.1
    },
    "PowerAvg": {
        "median": 137.64999999999998,
        "std": 0.6363961030678967,
        "max": 138.1,
        "min": 137.2
    },
    "Time": {
        "median": 232.56512439250946,
        "std": 108.05398842894337,
        "max": 328.6127018928528,
        "min": 138.25833296775818
    },
    "Joules": {
        "median": 30896.744209480286,
        "std": 14386.601719240967,
        "max": 43617.76700226068,
        "min": 18369.561193788053
    },
    "JoulesNormalized": {
        "median": 16349.442749750613,
        "std": 7627.46570172866,
        "max": 23036.301800203324,
        "min": 9746.04269208908
    },
    "NrPatches": {
        "median": 15.5,
        "std": 6.3508529610858835,
        "max": 21,
        "min": 10
    },
    "Joules_Per_PatchMedian": [
        2271.079571408033,
        4506.327872383595,
        6709.76252527833,
        6993.256423175335,
        9207.259937804938,
        11466.534714186193,
        13702.422752881052,
        13992.295992255213,
        16229.892071449758,
        18487.243642085792
    ],
    "ExecutionTime_Per_PatchMedian": [
        17.269421458244324,
        33.98937952518463,
        50.61904191970825,
        52.84923779964447,
        69.48898780345917,
        86.5686264038086,
        103.35852539539337,
        105.64863932132721,
        122.41816079616547,
        139.43776488304138
    ],
    "JoulesNormalized_Per_PatchMedian": [
        1190.8006055772305,
        2380.170720267296,
        3543.379467195273,
        3687.3521830439568,
        4860.5484033763405,
        6051.212780153752,
        7236.8521967768675,
        7383.492419397831,
        8572.18643320799,
        9764.880704289673
    ],
    "Correctness_Per_Patch": [
        "W",
        "W",
        "W",
        "W",
        "C",
        "W",
        "I",
        "W",
        "I",
        "W"
    ],
    "Correctness_Per_Patch_original": [
        "uncompilable",
        "uncompilable",
        "uncompilable",
        "uncompilable",
        "correct",
        "uncompilable",
        "plausible",
        "uncompilable",
        "plausible",
        "uncompilable"
    ]
}