{
    "TOOL_BUG_ID": "plbart_large-Closure-14",
    "Time": {
        "mean": 63.61583439509074,
        "median": 50.28346073627472,
        "std": 33.28870385578865,
        "max": 131.16123235225677,
        "min": 45.303561329841614,
        "count": 6
    },
    "Joules": {
        "mean": 7672.305054555336,
        "median": 6080.5639494717125,
        "std": 3996.1076515710765,
        "max": 15794.174245029686,
        "min": 5541.6589149892325,
        "count": 6
    },
    "JoulesNormalized": {
        "mean": 2702.1402712225913,
        "median": 2401.2131446421145,
        "std": 2354.659759147595,
        "max": 7234.517970079184,
        "min": 805.7085146844386,
        "count": 6
    },
    "NrExecutions": 6,
    "ExecutionsIds": [
        "s0",
        "s1",
        "s2",
        "s3",
        "s4",
        "s5"
    ],
    "ExecutionsInferenceIds": [
        "s0",
        "s1"
    ],
    "NrExecutionsInference": 2,
    "ExecutionTime_Per_PatchMedian": [
        3.3238433599472046,
        6.31447160243988,
        9.304141283035278,
        12.294377446174622,
        27.313902378082275,
        40.32352828979492,
        42.31340038776398,
        44.80336534976959,
        47.79329478740692,
        50.28346073627472
    ],
    "Joules_Per_PatchMedian": [
        591.3274485945701,
        907.6007755577564,
        1214.4615875899792,
        1559.6708570480346,
        3265.5186635017394,
        4955.474240839481,
        5242.411910104752,
        5531.334129202366,
        5867.72681120038,
        6080.5639494717125
    ],
    "JoulesNormalized_Per_PatchMedian": [
        147.1909450054169,
        262.96780221462245,
        387.32512663006776,
        512.0802697718143,
        1218.0140602231024,
        1926.5269037127493,
        2049.2224803984163,
        2170.3971965789797,
        2288.8398847043513,
        2401.2131446421145
    ],
    "Inf_ExecutionTime": {
        "mean": 0.32461798191070557,
        "median": 0.32461798191070557,
        "std": 0.006526523785608963,
        "max": 0.32923293113708496,
        "min": 0.32000303268432617,
        "count": 2
    },
    "Inf_Joules": {
        "mean": 270.9273182332516,
        "median": 270.9273182332516,
        "std": 2.995890319040712,
        "max": 273.0457325935364,
        "min": 268.80890387296677,
        "count": 2
    },
    "Inf_JoulesNormalized": {
        "mean": 29.084457081556323,
        "median": 29.084457081556323,
        "std": 1.1169919383374367,
        "max": 29.87428965568543,
        "min": 28.294624507427216,
        "count": 2
    },
    "Val_ExecutionTime": [
        2.999225378036499,
        5.989853620529175,
        8.979523301124573,
        11.969759464263916,
        26.98928439617157,
        39.998910307884216,
        41.98878240585327,
        44.47874736785889,
        47.468676805496216,
        49.958842754364014
    ],
    "Val_Joules": [
        320.40013036131853,
        636.6734573245049,
        943.5342693567277,
        1288.7435388147833,
        2994.5913452684877,
        4684.54692260623,
        4971.4845918715,
        5260.406810969114,
        5596.799492967129,
        5809.636631238461
    ],
    "Val_JoulesNormalized": [
        118.10648792386057,
        233.88334513306617,
        358.2406695485115,
        482.995812690258,
        1188.929603141546,
        1897.442446631193,
        2020.1380233168602,
        2141.3127394974235,
        2259.755427622795,
        2372.1286875605583
    ],
    "NrPatches": {
        "median": 0,
        "std": 0.0,
        "max": 0,
        "min": 0
    },
    "Correctness_Per_Patch": [
        "W",
        "W",
        "W",
        "W",
        "W",
        "W",
        "W",
        "W",
        "W",
        "W"
    ],
    "Correctness_Per_Patch_original": [
        "uncompilable",
        "uncompilable",
        "uncompilable",
        "uncompilable",
        "wrong",
        "wrong",
        "uncompilable",
        "uncompilable",
        "uncompilable",
        "uncompilable"
    ],
    "patches": [],
    "Correctness_Per_Patch_origina": [
        "uncompilable",
        "uncompilable",
        "uncompilable",
        "uncompilable",
        "wrong",
        "wrong",
        "uncompilable",
        "uncompilable",
        "uncompilable",
        "uncompilable"
    ]
}