{
    "TOOL_BUG_ID": "codet5_small-Closure-67",
    "Time": {
        "mean": 317.5562238295873,
        "median": 466.424565076828,
        "std": 230.62604231428153,
        "max": 466.424565076828,
        "min": 19.339614629745483,
        "count": 6
    },
    "Joules": {
        "mean": 36862.416232391195,
        "median": 54165.89627939462,
        "std": 26807.23888918817,
        "max": 54165.89627939462,
        "min": 1927.4138656020164,
        "count": 6
    },
    "JoulesNormalized": {
        "mean": 16616.905123597382,
        "median": 24799.85432271361,
        "std": 12677.301278086488,
        "max": 24799.85432271361,
        "min": 106.18384550213821,
        "count": 6
    },
    "NrExecutions": 6,
    "ExecutionsIds": [
        "s0",
        "s1",
        "s2",
        "s3",
        "s4",
        "s5"
    ],
    "ExecutionsInferenceIds": [
        "s0",
        "s1"
    ],
    "NrExecutionsInference": 2,
    "ExecutionTime_Per_PatchMedian": [
        46.9486368894577,
        93.55707335472107,
        140.16550981998444,
        186.7739462852478,
        233.38238275051117,
        279.99081921577454,
        326.5992556810379,
        373.20769214630127,
        419.81612861156464,
        466.424565076828
    ],
    "Joules_Per_PatchMedian": [
        5670.471331191063,
        11058.851880991459,
        16447.232430791853,
        21835.61298059225,
        27223.993530392647,
        32612.374080193043,
        38000.75462999344,
        43389.13517979383,
        48777.515729594226,
        54165.89627939462
    ],
    "JoulesNormalized_Per_PatchMedian": [
        2501.502447712421,
        4979.097100490331,
        7456.691753268242,
        9934.286406046152,
        12411.881058824063,
        14889.475711601974,
        17367.070364379884,
        19844.665017157793,
        22322.259669935702,
        24799.85432271361
    ],
    "Inf_ExecutionTime": {
        "mean": 0.34020042419433594,
        "median": 0.34020042419433594,
        "std": 0.2408921671253493,
        "max": 0.5105369091033936,
        "min": 0.16986393928527832,
        "count": 2
    },
    "Inf_Joules": {
        "mean": 282.09078139066696,
        "median": 282.09078139066696,
        "std": 205.87808132034576,
        "max": 427.6685687899589,
        "min": 136.51299399137497,
        "count": 2
    },
    "Inf_JoulesNormalized": {
        "mean": 23.907794934511145,
        "median": 23.907794934511145,
        "std": 22.097212366388863,
        "max": 39.53288364410395,
        "min": 8.282706224918343,
        "count": 2
    },
    "Val_ExecutionTime": [
        46.60843646526337,
        93.21687293052673,
        139.8253093957901,
        186.43374586105347,
        233.04218232631683,
        279.6506187915802,
        326.25905525684357,
        372.86749172210693,
        419.4759281873703,
        466.08436465263367
    ],
    "Val_Joules": [
        5388.380549800396,
        10776.761099600792,
        16165.141649401186,
        21553.522199201583,
        26941.90274900198,
        32330.283298802377,
        37718.66384860277,
        43107.044398403166,
        48495.42494820356,
        53883.80549800395
    ],
    "Val_JoulesNormalized": [
        2477.59465277791,
        4955.18930555582,
        7432.783958333731,
        9910.37861111164,
        12387.973263889551,
        14865.567916667462,
        17343.162569445372,
        19820.75722222328,
        22298.35187500119,
        24775.9465277791
    ],
    "NrPatches": {
        "median": 0,
        "std": 0.0,
        "max": 0,
        "min": 0
    },
    "Correctness_Per_Patch": [
        "W",
        "W",
        "W",
        "W",
        "W",
        "W",
        "W",
        "W",
        "W",
        "W"
    ],
    "Correctness_Per_Patch_original": [
        "uncompilable",
        "uncompilable",
        "uncompilable",
        "uncompilable",
        "uncompilable",
        "uncompilable",
        "uncompilable",
        "uncompilable",
        "uncompilable",
        "uncompilable"
    ],
    "patches": [],
    "Correctness_Per_Patch_origina": [
        "uncompilable",
        "uncompilable",
        "uncompilable",
        "uncompilable",
        "uncompilable",
        "uncompilable",
        "uncompilable",
        "uncompilable",
        "uncompilable",
        "uncompilable"
    ]
}