{
    "TOOL_BUG_ID": "codet5_base-Time-16",
    "Time": {
        "mean": 102.65104651451111,
        "median": 102.65104651451111,
        "std": 0.0,
        "max": 102.65104651451111,
        "min": 102.65104651451111,
        "count": 6
    },
    "Joules": {
        "mean": 12547.637201988699,
        "median": 12547.637201988699,
        "std": 0.0,
        "max": 12547.637201988699,
        "min": 12547.637201988699,
        "count": 6
    },
    "JoulesNormalized": {
        "mean": 5470.360607647895,
        "median": 5470.360607647895,
        "std": 0.0,
        "max": 5470.360607647895,
        "min": 5470.360607647895,
        "count": 6
    },
    "NrExecutions": 6,
    "ExecutionsIds": [
        "s0",
        "s1",
        "s2",
        "s3",
        "s4",
        "s5"
    ],
    "ExecutionsInferenceIds": [
        "s0",
        "s1"
    ],
    "NrExecutionsInference": 2,
    "ExecutionTime_Per_PatchMedian": [
        11.034799933433533,
        21.214382886886597,
        31.39396584033966,
        41.573548793792725,
        51.75313174724579,
        61.93271470069885,
        72.11229765415192,
        82.29188060760498,
        92.47146356105804,
        102.65104651451111
    ],
    "Joules_Per_PatchMedian": [
        1945.5416221141818,
        3123.5522421002393,
        4301.562862086297,
        5479.573482072355,
        6657.584102058412,
        7835.59472204447,
        9013.605342030527,
        10191.615962016585,
        11369.626582002642,
        12547.637201988699
    ],
    "JoulesNormalized_Per_PatchMedian": [
        654.0797796189786,
        1189.2220938444138,
        1724.364408069849,
        2259.5067222952844,
        2794.6490365207196,
        3329.791350746155,
        3864.93366497159,
        4400.075979197025,
        4935.21829342246,
        5470.360607647895
    ],
    "Inf_ExecutionTime": {
        "mean": 0.8552169799804688,
        "median": 0.8552169799804688,
        "std": 0.03577660523956346,
        "max": 0.8805148601531982,
        "min": 0.8299190998077393,
        "count": 2
    },
    "Inf_Joules": {
        "mean": 767.5310021281243,
        "median": 767.5310021281243,
        "std": 20.314489562081594,
        "max": 781.8955154538155,
        "min": 753.166488802433,
        "count": 2
    },
    "Inf_JoulesNormalized": {
        "mean": 118.93746539354333,
        "median": 118.93746539354333,
        "std": 2.588957430616887,
        "max": 120.76813474893584,
        "min": 117.10679603815083,
        "count": 2
    },
    "Val_ExecutionTime": [
        10.179582953453064,
        20.359165906906128,
        30.538748860359192,
        40.718331813812256,
        50.89791476726532,
        61.077497720718384,
        71.25708067417145,
        81.43666362762451,
        91.61624658107758,
        101.79582953453064
    ],
    "Val_Joules": [
        1178.0106199860575,
        2356.021239972115,
        3534.031859958173,
        4712.04247994423,
        5890.053099930288,
        7068.063719916345,
        8246.074339902403,
        9424.084959888462,
        10602.095579874518,
        11780.106199860575
    ],
    "Val_JoulesNormalized": [
        535.1423142254353,
        1070.2846284508705,
        1605.4269426763058,
        2140.569256901741,
        2675.7115711271763,
        3210.8538853526115,
        3745.996199578047,
        4281.138513803482,
        4816.280828028917,
        5351.423142254353
    ],
    "NrPatches": {
        "median": 0,
        "std": 0.0,
        "max": 0,
        "min": 0
    },
    "Correctness_Per_Patch": [
        "W",
        "W",
        "W",
        "W",
        "W",
        "W",
        "W",
        "W",
        "W",
        "W"
    ],
    "Correctness_Per_Patch_original": [
        "uncompilable",
        "wrong",
        "uncompilable",
        "uncompilable",
        "uncompilable",
        "uncompilable",
        "uncompilable",
        "uncompilable",
        "uncompilable",
        "uncompilable"
    ],
    "patches": [],
    "Correctness_Per_Patch_origina": [
        "uncompilable",
        "wrong",
        "uncompilable",
        "uncompilable",
        "uncompilable",
        "uncompilable",
        "uncompilable",
        "uncompilable",
        "uncompilable",
        "uncompilable"
    ]
}