{
    "Group_ID": "s_1223_1224",
    "TOOL_BUG_ID": "TBar10C-Lang-50",
    "patch_correctness": true,
    "ExecutionsIds": [
        "1223",
        "1224"
    ],
    "NrExecutions": 2,
    "NrOutliers": 0,
    "SLB": {
        "median": 63.650000000000006,
        "std": 0.07071067811865576,
        "max": 63.7,
        "min": 63.6
    },
    "PowerAvg": {
        "median": 106.4,
        "std": 0.0,
        "max": 106.4,
        "min": 106.4
    },
    "Time": {
        "median": 338.9721950292587,
        "std": 346.471658408093,
        "max": 639.6650910377502,
        "min": 38.9194495677948
    },
    "Joules": {
        "median": 33228.228007912636,
        "std": 34045.02699768544,
        "max": 62754.723361647135,
        "min": 3738.9858025431636
    },
    "JoulesNormalized": {
        "median": 11640.432076931003,
        "std": 11992.114954811957,
        "max": 22066.385716783996,
        "min": 1259.8168650746345
    },
    "NrPatches": {
        "median": 136.5,
        "std": 146.06961810497532,
        "max": 263,
        "min": 10
    },
    "Joules_Per_PatchMedian": [
        1188.1837776064872,
        1248.0936312615872,
        1307.8473462343218,
        1365.2376564443111,
        1437.1553891420367,
        1499.0004464507106,
        2559.427467554808,
        3638.2349648594864,
        3695.642399066687,
        3753.6942992091185
    ],
    "ExecutionTime_Per_PatchMedian": [
        12.509079575538635,
        13.008607149124146,
        13.5087730884552,
        13.988866090774536,
        14.588531136512756,
        15.109115839004517,
        26.57879388332367,
        38.09889090061188,
        38.588587403297424,
        39.079187870025635
    ],
    "JoulesNormalized_Per_PatchMedian": [
        391.9823445439339,
        420.0972661077976,
        448.0153925418854,
        474.8488058030605,
        508.59785689115523,
        537.3086967110635,
        867.6912377417088,
        1213.2485453486443,
        1239.4862967789172,
        1266.3119781970977
    ],
    "Correctness_Per_Patch": [
        "W",
        "W",
        "W",
        "W",
        "W",
        "W",
        "W",
        "W",
        "W",
        "W"
    ],
    "Correctness_Per_Patch_original": [
        "uncompilable",
        "uncompilable",
        "uncompilable",
        "uncompilable",
        "uncompilable",
        "uncompilable",
        "uncompilable",
        "uncompilable",
        "uncompilable",
        "uncompilable"
    ]
}