{
    "TOOL_BUG_ID": "incoder_1B-Math-65",
    "Time": {
        "mean": 87.54610681533813,
        "median": 87.54610681533813,
        "std": 0.0,
        "max": 87.54610681533813,
        "min": 87.54610681533813,
        "count": 5
    },
    "Joules": {
        "mean": 10206.38552967906,
        "median": 10206.38552967906,
        "std": 0.0,
        "max": 10206.38552967906,
        "min": 10206.38552967906,
        "count": 5
    },
    "JoulesNormalized": {
        "mean": 4578.410909575226,
        "median": 4578.410909575226,
        "std": 0.0,
        "max": 4578.410909575226,
        "min": 4578.410909575226,
        "count": 5
    },
    "NrExecutions": 5,
    "ExecutionsIds": [
        "s1",
        "s2",
        "s3",
        "s4",
        "s5"
    ],
    "ExecutionsInferenceIds": [
        "s0",
        "s1"
    ],
    "NrExecutionsInference": 2,
    "ExecutionTime_Per_PatchMedian": [
        8.979739427566528,
        17.709335803985596,
        26.438932180404663,
        35.16852855682373,
        43.8981249332428,
        52.627721309661865,
        61.35731768608093,
        70.0869140625,
        78.81651043891907,
        87.54610681533813
    ],
    "Joules_Per_PatchMedian": [
        1234.765420538187,
        2231.612099331617,
        3228.4587781250475,
        4225.305456918478,
        5222.152135711908,
        6218.9988145053385,
        7215.845493298769,
        8212.6921720922,
        9209.53885088563,
        10206.38552967906
    ],
    "JoulesNormalized_Per_PatchMedian": [
        494.56650665402424,
        948.326995867491,
        1402.0874850809578,
        1855.8479742944246,
        2309.6084635078914,
        2763.3689527213583,
        3217.129441934825,
        3670.889931148292,
        4124.650420361759,
        4578.410909575226
    ],
    "Inf_ExecutionTime": {
        "mean": 0.25014305114746094,
        "median": 0.25014305114746094,
        "std": 0.35375569546612606,
        "max": 0.5002861022949219,
        "min": 0.0,
        "count": 2
    },
    "Inf_Joules": {
        "mean": 237.91874174475672,
        "median": 237.91874174475672,
        "std": 336.4679113181768,
        "max": 475.83748348951343,
        "min": 0.0,
        "count": 2
    },
    "Inf_JoulesNormalized": {
        "mean": 40.8060174405575,
        "median": 40.8060174405575,
        "std": 57.70842329086946,
        "max": 81.612034881115,
        "min": 0.0,
        "count": 2
    },
    "Val_ExecutionTime": [
        8.729596376419067,
        17.459192752838135,
        26.188789129257202,
        34.91838550567627,
        43.64798188209534,
        52.377578258514404,
        61.10717463493347,
        69.83677101135254,
        78.5663673877716,
        87.29596376419067
    ],
    "Val_Joules": [
        996.8466787934303,
        1993.6933575868604,
        2990.540036380291,
        3987.3867151737213,
        4984.233393967152,
        5981.080072760582,
        6977.926751554012,
        7974.7734303474435,
        8971.620109140873,
        9968.466787934303
    ],
    "Val_JoulesNormalized": [
        453.7604892134667,
        907.5209784269334,
        1361.2814676404003,
        1815.041956853867,
        2268.802446067334,
        2722.562935280801,
        3176.323424494268,
        3630.0839137077346,
        4083.8444029212014,
        4537.604892134668
    ],
    "NrPatches": {
        "median": 1,
        "std": 0.0,
        "max": 1,
        "min": 1
    },
    "Correctness_Per_Patch": [
        "W",
        "I",
        "W",
        "W",
        "W",
        "W",
        "W",
        "W",
        "W",
        "W"
    ],
    "Correctness_Per_Patch_original": [
        "wrong",
        "plausible",
        "uncompilable",
        "wrong",
        "wrong",
        "wrong",
        "wrong",
        "wrong",
        "uncompilable",
        "wrong"
    ],
    "patches": [
        "        chiSquare += residual * residual * residualsWeights[i];\n"
    ],
    "Correctness_Per_Patch_origina": [
        "wrong",
        "plausible",
        "uncompilable",
        "wrong",
        "wrong",
        "wrong",
        "wrong",
        "wrong",
        "uncompilable",
        "wrong"
    ]
}