{
    "TOOL_BUG_ID": "plbart_base-Closure-125",
    "Time": {
        "mean": 100.84728864828746,
        "median": 100.49735498428345,
        "std": 2.037922916394011,
        "max": 104.00724184513092,
        "min": 98.02788722515106,
        "count": 6
    },
    "Joules": {
        "mean": 12603.615362141529,
        "median": 12376.904480230807,
        "std": 733.9803591349346,
        "max": 14072.306424301863,
        "min": 12032.724235039948,
        "count": 6
    },
    "JoulesNormalized": {
        "mean": 5560.213285742204,
        "median": 5905.656886327268,
        "std": 844.8880880759392,
        "max": 5968.398913305999,
        "min": 3839.28349570632,
        "count": 6
    },
    "NrExecutions": 6,
    "ExecutionsIds": [
        "s0",
        "s1",
        "s2",
        "s3",
        "s4",
        "s5"
    ],
    "ExecutionsInferenceIds": [
        "s0",
        "s1"
    ],
    "NrExecutionsInference": 2,
    "ExecutionTime_Per_PatchMedian": [
        5.149367928504944,
        10.129949927330017,
        12.140770196914673,
        17.13052475452423,
        20.109507203102112,
        23.099782824516296,
        25.08934736251831,
        30.079468250274658,
        32.57925844192505,
        100.49735498428345
    ],
    "Joules_Per_PatchMedian": [
        752.7609280049801,
        1385.724915266037,
        1662.0002300679682,
        2309.063772344589,
        2633.957803440094,
        2970.494790369272,
        3252.328988528252,
        3893.5677581250666,
        4230.503691530227,
        12376.904480230807
    ],
    "JoulesNormalized_Per_PatchMedian": [
        332.3494600057602,
        658.7870466709137,
        801.3924600124359,
        1124.3209264338016,
        1277.3183916151524,
        1431.3269483923914,
        1582.9323543846608,
        1901.3603367447854,
        2076.3870799899105,
        5905.656886327268
    ],
    "Inf_ExecutionTime": {
        "mean": 0.1500319242477417,
        "median": 0.1500319242477417,
        "std": 2.1410599043534168e-05,
        "max": 0.15004706382751465,
        "min": 0.15001678466796875,
        "count": 2
    },
    "Inf_Joules": {
        "mean": 116.61886550784112,
        "median": 116.61886550784112,
        "std": 0.9393755766660123,
        "max": 117.28310434818268,
        "min": 115.95462666749955,
        "count": 2
    },
    "Inf_JoulesNormalized": {
        "mean": 4.893729907274256,
        "median": 4.893729907274256,
        "std": 0.6519839379728851,
        "max": 5.354752171039593,
        "min": 4.43270764350892,
        "count": 2
    },
    "Val_ExecutionTime": [
        4.999336004257202,
        9.979918003082275,
        11.990738272666931,
        16.98049283027649,
        19.95947527885437,
        22.949750900268555,
        24.93931543827057,
        29.929436326026917,
        32.42922651767731,
        100.3473230600357
    ],
    "Val_Joules": [
        636.142062497139,
        1269.106049758196,
        1545.3813645601272,
        2192.4449068367476,
        2517.3389379322525,
        2853.8759248614306,
        3135.7101230204107,
        3776.9488926172253,
        4113.884826022386,
        12260.285614722967
    ],
    "Val_JoulesNormalized": [
        327.4557300984859,
        653.8933167636394,
        796.4987301051616,
        1119.4271965265275,
        1272.4246617078782,
        1426.4332184851169,
        1578.0386244773865,
        1896.466606837511,
        2071.493350082636,
        5900.763156419993
    ],
    "NrPatches": {
        "median": 0,
        "std": 0.0,
        "max": 0,
        "min": 0
    },
    "Correctness_Per_Patch": [
        "W",
        "W",
        "W",
        "W",
        "W",
        "W",
        "W",
        "W",
        "W",
        "W"
    ],
    "Correctness_Per_Patch_original": [
        "wrong",
        "wrong",
        "uncompilable",
        "wrong",
        "uncompilable",
        "uncompilable",
        "uncompilable",
        "wrong",
        "uncompilable",
        "wrong"
    ],
    "patches": [],
    "Correctness_Per_Patch_origina": [
        "wrong",
        "wrong",
        "uncompilable",
        "wrong",
        "uncompilable",
        "uncompilable",
        "uncompilable",
        "wrong",
        "uncompilable",
        "wrong"
    ]
}