{
    "TOOL_BUG_ID": "codegen_350M-Math-20",
    "Time": {
        "mean": 419.87153840065,
        "median": 419.87153840065,
        "std": 0.0,
        "max": 419.87153840065,
        "min": 419.87153840065,
        "count": 6
    },
    "Joules": {
        "mean": 46669.52508355378,
        "median": 46669.52508355378,
        "std": 0.0,
        "max": 46669.52508355378,
        "min": 46669.52508355378,
        "count": 6
    },
    "JoulesNormalized": {
        "mean": 20172.850080823897,
        "median": 20172.850080823897,
        "std": 0.0,
        "max": 20172.850080823897,
        "min": 20172.850080823897,
        "count": 6
    },
    "NrExecutions": 6,
    "ExecutionsIds": [
        "s0",
        "s1",
        "s2",
        "s3",
        "s4",
        "s5"
    ],
    "ExecutionsInferenceIds": [
        "s0",
        "s1"
    ],
    "NrExecutionsInference": 2,
    "ExecutionTime_Per_PatchMedian": [
        42.238986015319824,
        84.19815850257874,
        126.15733098983765,
        168.11650347709656,
        210.07567596435547,
        252.03484845161438,
        293.9940209388733,
        335.9531934261322,
        377.9123659133911,
        419.87153840065
    ],
    "Joules_Per_PatchMedian": [
        4867.477945643663,
        9512.149849855898,
        14156.821754068133,
        18801.493658280368,
        23446.165562492602,
        28090.837466704837,
        32735.509370917072,
        37380.18127512931,
        42024.853179341546,
        46669.52508355378
    ],
    "JoulesNormalized_Per_PatchMedian": [
        2031.7568342924117,
        4047.433861684799,
        6063.110889077187,
        8078.787916469574,
        10094.464943861962,
        12110.141971254348,
        14125.818998646735,
        16141.496026039122,
        18157.17305343151,
        20172.850080823897
    ],
    "Inf_ExecutionTime": {
        "mean": 0.2798135280609131,
        "median": 0.2798135280609131,
        "std": 0.3957160863192079,
        "max": 0.5596270561218262,
        "min": 0,
        "count": 2
    },
    "Inf_Joules": {
        "mean": 222.806041431427,
        "median": 222.806041431427,
        "std": 315.0953255709858,
        "max": 445.612082862854,
        "min": 0,
        "count": 2
    },
    "Inf_JoulesNormalized": {
        "mean": 16.07980690002441,
        "median": 16.07980690002441,
        "std": 22.740280998354994,
        "max": 32.15961380004882,
        "min": 0,
        "count": 2
    },
    "Val_ExecutionTime": [
        41.95917248725891,
        83.91834497451782,
        125.87751746177673,
        167.83668994903564,
        209.79586243629456,
        251.75503492355347,
        293.7142074108124,
        335.6733798980713,
        377.6325523853302,
        419.5917248725891
    ],
    "Val_Joules": [
        4644.671904212236,
        9289.34380842447,
        13934.015712636705,
        18578.68761684894,
        23223.359521061175,
        27868.03142527341,
        32512.703329485645,
        37157.37523369789,
        41802.04713791012,
        46446.71904212236
    ],
    "Val_JoulesNormalized": [
        2015.6770273923873,
        4031.3540547847747,
        6047.031082177162,
        8062.708109569549,
        10078.385136961937,
        12094.062164354324,
        14109.73919174671,
        16125.416219139097,
        18141.093246531487,
        20156.770273923874
    ],
    "NrPatches": {
        "median": 0,
        "std": 0.0,
        "max": 0,
        "min": 0
    },
    "Correctness_Per_Patch": [
        "W",
        "W",
        "W",
        "W",
        "W",
        "W",
        "W",
        "W",
        "W",
        "W"
    ],
    "Correctness_Per_Patch_original": [
        "uncompilable",
        "uncompilable",
        "uncompilable",
        "uncompilable",
        "uncompilable",
        "uncompilable",
        "uncompilable",
        "uncompilable",
        "uncompilable",
        "uncompilable"
    ],
    "patches": [],
    "Correctness_Per_Patch_origina": [
        "uncompilable",
        "uncompilable",
        "uncompilable",
        "uncompilable",
        "uncompilable",
        "uncompilable",
        "uncompilable",
        "uncompilable",
        "uncompilable",
        "uncompilable"
    ]
}