{
    "TOOL_BUG_ID": "plbart_large-Closure-46",
    "Time": {
        "mean": 46.86764266490936,
        "median": 45.48329818248749,
        "std": 4.84404705369784,
        "max": 55.223421692848206,
        "min": 42.5643869638443,
        "count": 5
    },
    "Joules": {
        "mean": 5874.637257213592,
        "median": 6078.55322688818,
        "std": 474.38740242593275,
        "max": 6128.636285793782,
        "min": 5027.528195106983,
        "count": 5
    },
    "JoulesNormalized": {
        "mean": 1368.247134168148,
        "median": 796.8441066980365,
        "std": 808.62648939566,
        "max": 2401.6650575041767,
        "min": 763.5177473545076,
        "count": 5
    },
    "NrExecutions": 5,
    "ExecutionsIds": [
        "s1",
        "s2",
        "s3",
        "s4",
        "s5"
    ],
    "ExecutionsInferenceIds": [
        "s0",
        "s1"
    ],
    "NrExecutionsInference": 2,
    "ExecutionTime_Per_PatchMedian": [
        3.4242786169052124,
        6.404594779014587,
        8.403774857521057,
        11.403612732887268,
        13.402968764305115,
        15.403658747673035,
        28.40225088596344,
        31.36368429660797,
        33.343706250190735,
        45.48329818248749
    ],
    "Joules_Per_PatchMedian": [
        648.2373161911964,
        943.3790055513382,
        1231.4637259483338,
        1587.7658317685127,
        1953.608277118206,
        2210.0467032432553,
        3855.153048896789,
        4155.024722898006,
        4412.846623980999,
        6078.55322688818
    ],
    "JoulesNormalized_Per_PatchMedian": [
        68.77974156141295,
        112.79206702709206,
        154.62841711044325,
        197.07283222675335,
        235.28176796436324,
        270.54945366382617,
        498.5086463451387,
        537.5952421784402,
        576.0922000885012,
        796.8441066980365
    ],
    "Inf_ExecutionTime": {
        "mean": 0.42467963695526123,
        "median": 0.42467963695526123,
        "std": 0.07780797138553765,
        "max": 0.47969818115234375,
        "min": 0.3696610927581787,
        "count": 2
    },
    "Inf_Joules": {
        "mean": 343.3110390067101,
        "median": 343.3110390067101,
        "std": 64.98083518759917,
        "max": 389.2594282150269,
        "min": 297.3626497983933,
        "count": 2
    },
    "Inf_JoulesNormalized": {
        "mean": 26.543104028701862,
        "median": 26.543104028701862,
        "std": 3.076156657094318,
        "max": 28.718275260925395,
        "min": 24.36793279647833,
        "count": 2
    },
    "Val_ExecutionTime": [
        2.999598979949951,
        5.979915142059326,
        7.979095220565796,
        10.978933095932007,
        12.978289127349854,
        14.978979110717773,
        27.97757124900818,
        30.93900465965271,
        32.919026613235474,
        45.05861854553223
    ],
    "Val_Joules": [
        304.92627718448637,
        600.0679665446281,
        888.1526869416238,
        1244.4547927618028,
        1610.297238111496,
        1866.7356642365453,
        3511.842009890079,
        3811.713683891296,
        4069.5355849742887,
        5735.242187881469
    ],
    "Val_JoulesNormalized": [
        42.236637532711086,
        86.2489629983902,
        128.0853130817414,
        170.5297281980515,
        208.73866393566138,
        244.0063496351243,
        471.9655423164368,
        511.05213814973837,
        549.5490960597992,
        770.3010026693346
    ],
    "NrPatches": {
        "median": 0,
        "std": 0.0,
        "max": 0,
        "min": 0
    },
    "Correctness_Per_Patch": [
        "W",
        "W",
        "W",
        "W",
        "W",
        "W",
        "W",
        "W",
        "W",
        "W"
    ],
    "Correctness_Per_Patch_original": [
        "uncompilable",
        "uncompilable",
        "uncompilable",
        "uncompilable",
        "uncompilable",
        "uncompilable",
        "wrong",
        "uncompilable",
        "uncompilable",
        "wrong"
    ],
    "patches": [],
    "Correctness_Per_Patch_origina": [
        "uncompilable",
        "uncompilable",
        "uncompilable",
        "uncompilable",
        "uncompilable",
        "uncompilable",
        "wrong",
        "uncompilable",
        "uncompilable",
        "wrong"
    ]
}