{
    "TOOL_BUG_ID": "codet5_base-Closure-97",
    "Time": {
        "mean": 365.56981205940247,
        "median": 365.56981205940247,
        "std": 0.0,
        "max": 365.56981205940247,
        "min": 365.56981205940247,
        "count": 6
    },
    "Joules": {
        "mean": 41749.30483993291,
        "median": 41749.30483993291,
        "std": 0.0,
        "max": 41749.30483993291,
        "min": 41749.30483993291,
        "count": 6
    },
    "JoulesNormalized": {
        "mean": 18494.480492794515,
        "median": 18494.480492794515,
        "std": 0.0,
        "max": 18494.480492794515,
        "min": 18494.480492794515,
        "count": 6
    },
    "NrExecutions": 6,
    "ExecutionsIds": [
        "s0",
        "s1",
        "s2",
        "s3",
        "s4",
        "s5"
    ],
    "ExecutionsInferenceIds": [
        "s0",
        "s1"
    ],
    "NrExecutionsInference": 2,
    "ExecutionTime_Per_PatchMedian": [
        36.89929759502411,
        73.4182436466217,
        109.9371896982193,
        146.4561357498169,
        182.9750818014145,
        219.49402785301208,
        256.0129739046097,
        292.5319199562073,
        329.05086600780487,
        365.56981205940247
    ],
    "Joules_Per_PatchMedian": [
        4486.605465263128,
        8626.905395781994,
        12767.20532630086,
        16907.505256819728,
        21047.805187338592,
        25188.105117857456,
        29328.40504837632,
        33468.704978895184,
        37609.00490941405,
        41749.30483993291
    ],
    "JoulesNormalized_Per_PatchMedian": [
        1901.761233478785,
        3745.3967067360886,
        5589.032179993392,
        7432.667653250695,
        9276.303126507999,
        11119.938599765303,
        12963.574073022606,
        14807.20954627991,
        16650.845019537213,
        18494.480492794515
    ],
    "Inf_ExecutionTime": {
        "mean": 0.38035154342651367,
        "median": 0.38035154342651367,
        "std": 0.5235043194798743,
        "max": 0.7505249977111816,
        "min": 0.010178089141845703,
        "count": 2
    },
    "Inf_Joules": {
        "mean": 346.30553474426273,
        "median": 346.30553474426273,
        "std": 478.75297429877486,
        "max": 684.8350093841553,
        "min": 7.776060104370117,
        "count": 2
    },
    "Inf_JoulesNormalized": {
        "mean": 58.125760221481414,
        "median": 58.125760221481414,
        "std": 82.18208684008076,
        "max": 116.23727111816424,
        "min": 0.014249324798583984,
        "count": 2
    },
    "Val_ExecutionTime": [
        36.518946051597595,
        73.03789210319519,
        109.55683815479279,
        146.07578420639038,
        182.59473025798798,
        219.11367630958557,
        255.63262236118317,
        292.15156841278076,
        328.67051446437836,
        365.18946051597595
    ],
    "Val_Joules": [
        4140.299930518866,
        8280.599861037732,
        12420.899791556598,
        16561.199722075464,
        20701.499652594328,
        24841.799583113192,
        28982.099513632056,
        33122.39944415092,
        37262.699374669784,
        41402.99930518865
    ],
    "Val_JoulesNormalized": [
        1843.6354732573036,
        3687.270946514607,
        5530.906419771911,
        7374.541893029214,
        9218.177366286518,
        11061.812839543822,
        12905.448312801125,
        14749.083786058429,
        16592.71925931573,
        18436.354732573032
    ],
    "NrPatches": {
        "median": 2,
        "std": 0.0,
        "max": 2,
        "min": 2
    },
    "Correctness_Per_Patch": [
        "W",
        "C",
        "W",
        "W",
        "C",
        "W",
        "W",
        "W",
        "W",
        "W"
    ],
    "Correctness_Per_Patch_original": [
        "wrong",
        "plausible",
        "wrong",
        "wrong",
        "plausible",
        "wrong",
        "wrong",
        "wrong",
        "wrong",
        "wrong"
    ],
    "patches": [
        "        result = (lvalInt >>> rvalInt) & 0xFFFFFFFFL;\n",
        "        result = ((lvalInt >>> rvalInt) & 0xFFFFFFFFL);\n"
    ],
    "Correctness_Per_Patch_origina": [
        "wrong",
        "plausible",
        "wrong",
        "wrong",
        "plausible",
        "wrong",
        "wrong",
        "wrong",
        "wrong",
        "wrong"
    ]
}