{
    "TOOL_BUG_ID": "incoder_1B-Lang-16",
    "Time": {
        "mean": 94.42701399326324,
        "median": 94.42701399326324,
        "std": 0.0,
        "max": 94.42701399326324,
        "min": 94.42701399326324,
        "count": 5
    },
    "Joules": {
        "mean": 10724.839628762009,
        "median": 10724.839628762009,
        "std": 0.0,
        "max": 10724.839628762009,
        "min": 10724.839628762009,
        "count": 5
    },
    "JoulesNormalized": {
        "mean": 2935.9504354357728,
        "median": 2935.9504354357728,
        "std": 0.0,
        "max": 2935.9504354357728,
        "min": 2935.9504354357728,
        "count": 5
    },
    "NrExecutions": 5,
    "ExecutionsIds": [
        "s0",
        "s1",
        "s2",
        "s3",
        "s4"
    ],
    "ExecutionsInferenceIds": [
        "s0",
        "s1"
    ],
    "NrExecutionsInference": 2,
    "ExecutionTime_Per_PatchMedian": [
        11.633620381355286,
        20.832886338233948,
        30.03215229511261,
        39.23141825199127,
        48.430684208869934,
        57.629950165748596,
        66.82921612262726,
        76.02848207950592,
        85.22774803638458,
        94.42701399326324
    ],
    "Joules_Per_PatchMedian": [
        3430.5158417403695,
        4240.996262520552,
        5051.476683300733,
        5861.957104080915,
        6672.437524861097,
        7482.9179456412785,
        8293.398366421461,
        9103.878787201644,
        9914.359207981826,
        10724.839628762009
    ],
    "JoulesNormalized_Per_PatchMedian": [
        887.3253504633904,
        1114.9503599047662,
        1342.575369346142,
        1570.2003787875178,
        1797.8253882288936,
        2025.4503976702695,
        2253.0754071116453,
        2480.700416553021,
        2708.325425994397,
        2935.9504354357728
    ],
    "Inf_ExecutionTime": {
        "mean": 2.4343544244766235,
        "median": 2.4343544244766235,
        "std": 0.10543034155000142,
        "max": 2.5089049339294434,
        "min": 2.3598039150238037,
        "count": 2
    },
    "Inf_Joules": {
        "mean": 2620.035420960188,
        "median": 2620.035420960188,
        "std": 131.13977467067932,
        "max": 2712.765244913101,
        "min": 2527.3055970072746,
        "count": 2
    },
    "Inf_JoulesNormalized": {
        "mean": 659.7003410220145,
        "median": 659.7003410220145,
        "std": 73.84064256142472,
        "max": 711.9135601043699,
        "min": 607.4871219396591,
        "count": 2
    },
    "Val_ExecutionTime": [
        9.199265956878662,
        18.398531913757324,
        27.597797870635986,
        36.79706382751465,
        45.99632978439331,
        55.19559574127197,
        64.39486169815063,
        73.5941276550293,
        82.79339361190796,
        91.99265956878662
    ],
    "Val_Joules": [
        810.4804207801817,
        1620.9608415603639,
        2431.4412623405456,
        3241.9216831207273,
        4052.402103900909,
        4862.88252468109,
        5673.362945461273,
        6483.843366241455,
        7294.323787021638,
        8104.804207801821
    ],
    "Val_JoulesNormalized": [
        227.62500944137582,
        455.25001888275165,
        682.8750283241275,
        910.5000377655033,
        1138.1250472068791,
        1365.750056648255,
        1593.3750660896308,
        1821.0000755310066,
        2048.6250849723824,
        2276.2500944137582
    ],
    "NrPatches": {
        "median": 0,
        "std": 0.0,
        "max": 0,
        "min": 0
    },
    "Correctness_Per_Patch": [
        "W",
        "W",
        "W",
        "W",
        "W",
        "W",
        "W",
        "W",
        "W",
        "W"
    ],
    "Correctness_Per_Patch_original": [
        "wrong",
        "wrong",
        "wrong",
        "uncompilable",
        "wrong",
        "wrong",
        "uncompilable",
        "wrong",
        "wrong",
        "wrong"
    ],
    "patches": [],
    "Correctness_Per_Patch_origina": [
        "wrong",
        "wrong",
        "wrong",
        "uncompilable",
        "wrong",
        "wrong",
        "uncompilable",
        "wrong",
        "wrong",
        "wrong"
    ]
}