{
    "TOOL_BUG_ID": "codet5_large-Math-69",
    "Time": {
        "mean": 80.4915646314621,
        "median": 80.4915646314621,
        "std": 0.0,
        "max": 80.4915646314621,
        "min": 80.4915646314621,
        "count": 6
    },
    "Joules": {
        "mean": 10530.58493757248,
        "median": 10530.58493757248,
        "std": 0.0,
        "max": 10530.58493757248,
        "min": 10530.58493757248,
        "count": 6
    },
    "JoulesNormalized": {
        "mean": 4416.189331257344,
        "median": 4416.189331257344,
        "std": 0.0,
        "max": 4416.189331257344,
        "min": 4416.189331257344,
        "count": 6
    },
    "NrExecutions": 6,
    "ExecutionsIds": [
        "s0",
        "s1",
        "s2",
        "s3",
        "s4",
        "s5"
    ],
    "ExecutionsInferenceIds": [
        "s0",
        "s1"
    ],
    "NrExecutionsInference": 2,
    "ExecutionTime_Per_PatchMedian": [
        9.48432743549347,
        17.37402045726776,
        25.263713479042053,
        33.153406500816345,
        41.04309952259064,
        48.93279254436493,
        56.82248556613922,
        64.71217858791351,
        72.6018716096878,
        80.4915646314621
    ],
    "Joules_Per_PatchMedian": [
        2404.727409750223,
        3307.6004683971405,
        4210.473527044058,
        5113.346585690975,
        6016.2196443378925,
        6919.09270298481,
        7821.965761631727,
        8724.838820278645,
        9627.711878925562,
        10530.58493757248
    ],
    "JoulesNormalized_Per_PatchMedian": [
        700.5945467829705,
        1113.4384117245675,
        1526.2822766661643,
        1939.1261416077614,
        2351.9700065493585,
        2764.8138714909555,
        3177.6577364325526,
        3590.5016013741497,
        4003.3454663157468,
        4416.189331257344
    ],
    "Inf_ExecutionTime": {
        "mean": 1.5946344137191772,
        "median": 1.5946344137191772,
        "std": 0.13432419784034186,
        "max": 1.6896159648895264,
        "min": 1.4996528625488281,
        "count": 2
    },
    "Inf_Joules": {
        "mean": 1501.8543511033058,
        "median": 1501.8543511033058,
        "std": 138.99197286115987,
        "max": 1600.1365176439285,
        "min": 1403.572184562683,
        "count": 2
    },
    "Inf_JoulesNormalized": {
        "mean": 287.75068184137353,
        "median": 287.75068184137353,
        "std": 26.609634617787098,
        "max": 306.5665349245071,
        "min": 268.93482875824,
        "count": 2
    },
    "Val_ExecutionTime": [
        7.889693021774292,
        15.779386043548584,
        23.669079065322876,
        31.558772087097168,
        39.44846510887146,
        47.33815813064575,
        55.227851152420044,
        63.117544174194336,
        71.00723719596863,
        78.89693021774292
    ],
    "Val_Joules": [
        902.8730586469173,
        1805.7461172938347,
        2708.619175940752,
        3611.4922345876694,
        4514.365293234587,
        5417.238351881504,
        6320.111410528421,
        7222.984469175339,
        8125.857527822256,
        9028.730586469173
    ],
    "Val_JoulesNormalized": [
        412.84386494159696,
        825.6877298831939,
        1238.5315948247908,
        1651.3754597663878,
        2064.219324707985,
        2477.063189649582,
        2889.907054591179,
        3302.750919532776,
        3715.5947844743732,
        4128.43864941597
    ],
    "NrPatches": {
        "median": 1,
        "std": 0.0,
        "max": 1,
        "min": 1
    },
    "Correctness_Per_Patch": [
        "W",
        "W",
        "W",
        "W",
        "W",
        "C",
        "W",
        "W",
        "W",
        "W"
    ],
    "Correctness_Per_Patch_original": [
        "uncompilable",
        "uncompilable",
        "wrong",
        "wrong",
        "wrong",
        "plausible",
        "wrong",
        "wrong",
        "wrong",
        "uncompilable"
    ],
    "patches": [
        "                out[i][j] = 2 * tDistribution.cumulativeProbability(-t);\n"
    ],
    "Correctness_Per_Patch_origina": [
        "uncompilable",
        "uncompilable",
        "wrong",
        "wrong",
        "wrong",
        "plausible",
        "wrong",
        "wrong",
        "wrong",
        "uncompilable"
    ]
}