{
    "TOOL_BUG_ID": "codegen_2B-Math-20",
    "Time": {
        "mean": 420.8569438457489,
        "median": 420.8569438457489,
        "std": 0.0,
        "max": 420.8569438457489,
        "min": 420.8569438457489,
        "count": 6
    },
    "Joules": {
        "mean": 47642.911503666626,
        "median": 47642.911503666626,
        "std": 0.0,
        "max": 47642.911503666626,
        "min": 47642.911503666626,
        "count": 6
    },
    "JoulesNormalized": {
        "mean": 20320.112470465894,
        "median": 20320.112470465894,
        "std": 0.0,
        "max": 20320.112470465894,
        "min": 20320.112470465894,
        "count": 6
    },
    "NrExecutions": 6,
    "ExecutionsIds": [
        "s0",
        "s1",
        "s2",
        "s3",
        "s4",
        "s5"
    ],
    "ExecutionsInferenceIds": [
        "s0",
        "s1"
    ],
    "NrExecutionsInference": 2,
    "ExecutionTime_Per_PatchMedian": [
        43.2243914604187,
        85.18356394767761,
        127.14273643493652,
        169.10190892219543,
        211.06108140945435,
        253.02025389671326,
        294.97942638397217,
        336.9385988712311,
        378.89777135849,
        420.8569438457489
    ],
    "Joules_Per_PatchMedian": [
        5840.864365756512,
        10485.536269968747,
        15130.208174180982,
        19774.880078393217,
        24419.55198260545,
        29064.223886817686,
        33708.89579102992,
        38353.567695242156,
        42998.23959945439,
        47642.911503666626
    ],
    "JoulesNormalized_Per_PatchMedian": [
        2179.019223934412,
        4194.696251326799,
        6210.373278719187,
        8226.050306111574,
        10241.72733350396,
        12257.404360896347,
        14273.081388288734,
        16288.75841568112,
        18304.435443073507,
        20320.112470465894
    ],
    "Inf_ExecutionTime": {
        "mean": 1.26521897315979,
        "median": 1.26521897315979,
        "std": 0.021667189057268492,
        "max": 1.2805399894714355,
        "min": 1.2498979568481445,
        "count": 2
    },
    "Inf_Joules": {
        "mean": 1196.1924615442754,
        "median": 1196.1924615442754,
        "std": 32.46405286873566,
        "max": 1219.1480134725568,
        "min": 1173.2369096159937,
        "count": 2
    },
    "Inf_JoulesNormalized": {
        "mean": 163.34219654202462,
        "median": 163.34219654202462,
        "std": 19.291146505001098,
        "max": 176.98309705257407,
        "min": 149.70129603147518,
        "count": 2
    },
    "Val_ExecutionTime": [
        41.95917248725891,
        83.91834497451782,
        125.87751746177673,
        167.83668994903564,
        209.79586243629456,
        251.75503492355347,
        293.7142074108124,
        335.6733798980713,
        377.6325523853302,
        419.5917248725891
    ],
    "Val_Joules": [
        4644.671904212237,
        9289.343808424472,
        13934.015712636707,
        18578.68761684894,
        23223.359521061175,
        27868.03142527341,
        32512.703329485645,
        37157.37523369788,
        41802.047137910115,
        46446.71904212235
    ],
    "Val_JoulesNormalized": [
        2015.6770273923873,
        4031.3540547847742,
        6047.031082177162,
        8062.708109569549,
        10078.385136961937,
        12094.062164354324,
        14109.73919174671,
        16125.416219139097,
        18141.093246531484,
        20156.77027392387
    ],
    "NrPatches": {
        "median": 0,
        "std": 0.0,
        "max": 0,
        "min": 0
    },
    "Correctness_Per_Patch": [
        "W",
        "W",
        "W",
        "W",
        "W",
        "W",
        "W",
        "W",
        "W",
        "W"
    ],
    "Correctness_Per_Patch_original": [
        "uncompilable",
        "uncompilable",
        "uncompilable",
        "uncompilable",
        "uncompilable",
        "uncompilable",
        "uncompilable",
        "uncompilable",
        "uncompilable",
        "uncompilable"
    ],
    "patches": [],
    "Correctness_Per_Patch_origina": [
        "uncompilable",
        "uncompilable",
        "uncompilable",
        "uncompilable",
        "uncompilable",
        "uncompilable",
        "uncompilable",
        "uncompilable",
        "uncompilable",
        "uncompilable"
    ]
}