{
    "TOOL_BUG_ID": "codet5_large-Chart-9",
    "Time": {
        "mean": 103.44496512413025,
        "median": 103.44496512413025,
        "std": 0.0,
        "max": 103.44496512413025,
        "min": 103.44496512413025,
        "count": 6
    },
    "Joules": {
        "mean": 12537.754952937366,
        "median": 12537.754952937366,
        "std": 0.0,
        "max": 12537.754952937366,
        "min": 12537.754952937366,
        "count": 6
    },
    "JoulesNormalized": {
        "mean": 5164.539148312808,
        "median": 5164.539148312808,
        "std": 0.0,
        "max": 5164.539148312808,
        "min": 5164.539148312808,
        "count": 6
    },
    "NrExecutions": 6,
    "ExecutionsIds": [
        "s0",
        "s1",
        "s2",
        "s3",
        "s4",
        "s5"
    ],
    "ExecutionsInferenceIds": [
        "s0",
        "s1"
    ],
    "NrExecutionsInference": 2,
    "ExecutionTime_Per_PatchMedian": [
        11.376224517822266,
        21.60608458518982,
        31.835944652557373,
        42.06580471992493,
        52.29566478729248,
        62.525524854660034,
        72.75538492202759,
        82.98524498939514,
        93.2151050567627,
        103.44496512413025
    ],
    "Joules_Per_PatchMedian": [
        2249.4380083203323,
        3392.5843355000025,
        4535.730662679673,
        5678.876989859343,
        6822.023317039013,
        7965.169644218683,
        9108.315971398353,
        10251.462298578024,
        11394.608625757695,
        12537.754952937366
    ],
    "JoulesNormalized_Per_PatchMedian": [
        723.4908264100557,
        1216.9406399548059,
        1710.390453499556,
        2203.8402670443065,
        2697.2900805890567,
        3190.739894133807,
        3684.189707678557,
        4177.639521223307,
        4671.089334768058,
        5164.539148312808
    ],
    "Inf_ExecutionTime": {
        "mean": 1.146364450454712,
        "median": 1.146364450454712,
        "std": 0.17679287968646507,
        "max": 1.2713758945465088,
        "min": 1.021353006362915,
        "count": 2
    },
    "Inf_Joules": {
        "mean": 1106.2916811406617,
        "median": 1106.2916811406617,
        "std": 168.24176101519572,
        "max": 1225.256571233273,
        "min": 987.3267910480502,
        "count": 2
    },
    "Inf_JoulesNormalized": {
        "mean": 230.04101286530533,
        "median": 230.04101286530533,
        "std": 29.822013488609713,
        "max": 251.12836083173795,
        "min": 208.95366489887272,
        "count": 2
    },
    "Val_ExecutionTime": [
        10.229860067367554,
        20.459720134735107,
        30.68958020210266,
        40.919440269470215,
        51.14930033683777,
        61.37916040420532,
        71.60902047157288,
        81.83888053894043,
        92.06874060630798,
        102.29860067367554
    ],
    "Val_Joules": [
        1143.1463271796706,
        2286.2926543593408,
        3429.438981539011,
        4572.585308718681,
        5715.731635898352,
        6858.877963078021,
        8002.024290257692,
        9145.170617437363,
        10288.316944617034,
        11431.463271796705
    ],
    "Val_JoulesNormalized": [
        493.4498135447503,
        986.8996270895005,
        1480.3494406342506,
        1973.7992541790013,
        2467.2490677237515,
        2960.6988812685017,
        3454.148694813252,
        3947.598508358002,
        4441.048321902752,
        4934.498135447502
    ],
    "NrPatches": {
        "median": 0,
        "std": 0.0,
        "max": 0,
        "min": 0
    },
    "Correctness_Per_Patch": [
        "W",
        "W",
        "W",
        "W",
        "W",
        "W",
        "W",
        "W",
        "W",
        "W"
    ],
    "Correctness_Per_Patch_original": [
        "wrong",
        "wrong",
        "wrong",
        "wrong",
        "wrong",
        "wrong",
        "wrong",
        "wrong",
        "wrong",
        "wrong"
    ],
    "patches": [],
    "Correctness_Per_Patch_origina": [
        "wrong",
        "wrong",
        "wrong",
        "wrong",
        "wrong",
        "wrong",
        "wrong",
        "wrong",
        "wrong",
        "wrong"
    ]
}