{
    "TOOL_BUG_ID": "codet5_large-Closure-92",
    "Time": {
        "mean": 345.4574475288391,
        "median": 345.4574475288391,
        "std": 0.0,
        "max": 345.4574475288391,
        "min": 345.4574475288391,
        "count": 6
    },
    "Joules": {
        "mean": 42908.03565093875,
        "median": 42908.03565093875,
        "std": 0.0,
        "max": 42908.03565093875,
        "min": 42908.03565093875,
        "count": 6
    },
    "JoulesNormalized": {
        "mean": 19565.769997543095,
        "median": 19565.769997543095,
        "std": 0.0,
        "max": 19565.769997543095,
        "min": 19565.769997543095,
        "count": 6
    },
    "NrExecutions": 6,
    "ExecutionsIds": [
        "s0",
        "s1",
        "s2",
        "s3",
        "s4",
        "s5"
    ],
    "ExecutionsInferenceIds": [
        "s0",
        "s1"
    ],
    "NrExecutionsInference": 2,
    "ExecutionTime_Per_PatchMedian": [
        36.224220514297485,
        70.58346796035767,
        104.94271540641785,
        139.30196285247803,
        173.6612102985382,
        208.0204577445984,
        242.37970519065857,
        276.73895263671875,
        311.09820008277893,
        345.4574475288391
    ],
    "Joules_Per_PatchMedian": [
        5859.285731661319,
        9975.813500469922,
        14092.341269278524,
        18208.869038087127,
        22325.39680689573,
        26441.92457570433,
        30558.452344512934,
        34674.98011332154,
        38791.50788213014,
        42908.03565093875
    ],
    "JoulesNormalized_Per_PatchMedian": [
        2248.4432042837143,
        4172.590625756979,
        6096.738047230243,
        8020.885468703507,
        9945.032890176772,
        11869.180311650036,
        13793.3277331233,
        15717.475154596565,
        17641.62257606983,
        19565.769997543095
    ],
    "Inf_ExecutionTime": {
        "mean": 1.8649730682373047,
        "median": 1.8649730682373047,
        "std": 0.5166758556715333,
        "max": 2.230318069458008,
        "min": 1.4996280670166016,
        "count": 2
    },
    "Inf_Joules": {
        "mean": 1742.7579628527164,
        "median": 1742.7579628527164,
        "std": 513.7190961219477,
        "max": 2106.0122193455695,
        "min": 1379.5037063598634,
        "count": 2
    },
    "Inf_JoulesNormalized": {
        "mean": 324.2957828104496,
        "median": 324.2957828104496,
        "std": 108.698298879899,
        "max": 401.1570870518683,
        "min": 247.43447856903094,
        "count": 2
    },
    "Val_ExecutionTime": [
        34.35924744606018,
        68.71849489212036,
        103.07774233818054,
        137.43698978424072,
        171.7962372303009,
        206.15548467636108,
        240.51473212242126,
        274.87397956848145,
        309.2332270145416,
        343.5924744606018
    ],
    "Val_Joules": [
        4116.527768808603,
        8233.055537617205,
        12349.583306425808,
        16466.11107523441,
        20582.638844043013,
        24699.166612851615,
        28815.694381660218,
        32932.22215046882,
        37048.74991927743,
        41165.27768808603
    ],
    "Val_JoulesNormalized": [
        1924.1474214732648,
        3848.294842946529,
        5772.442264419793,
        7696.589685893057,
        9620.737107366322,
        11544.884528839586,
        13469.03195031285,
        15393.179371786115,
        17317.32679325938,
        19241.474214732647
    ],
    "NrPatches": {
        "median": 3,
        "std": 0.0,
        "max": 3,
        "min": 3
    },
    "Correctness_Per_Patch": [
        "W",
        "C",
        "W",
        "I",
        "I",
        "W",
        "W",
        "W",
        "W",
        "W"
    ],
    "Correctness_Per_Patch_original": [
        "wrong",
        "plausible",
        "wrong",
        "plausible",
        "plausible",
        "wrong",
        "uncompilable",
        "wrong",
        "wrong",
        "wrong"
    ],
    "patches": [
        "      int indexOfDot = namespace.lastIndexOf('.');\n",
        "      int indexOfDot = namespace.indexOf('/');\n",
        "      int indexOfDot = namespace.indexOf('$');\n"
    ],
    "Correctness_Per_Patch_origina": [
        "wrong",
        "plausible",
        "wrong",
        "plausible",
        "plausible",
        "wrong",
        "uncompilable",
        "wrong",
        "wrong",
        "wrong"
    ]
}