{
    "TOOL_BUG_ID": "codet5_large-Math-70",
    "Time": {
        "mean": 79.09289014339447,
        "median": 79.09289014339447,
        "std": 0.0,
        "max": 79.09289014339447,
        "min": 79.09289014339447,
        "count": 6
    },
    "Joules": {
        "mean": 10133.60228559375,
        "median": 10133.60228559375,
        "std": 0.0,
        "max": 10133.60228559375,
        "min": 10133.60228559375,
        "count": 6
    },
    "JoulesNormalized": {
        "mean": 4621.023706966638,
        "median": 4621.023706966638,
        "std": 0.0,
        "max": 4621.023706966638,
        "min": 4621.023706966638,
        "count": 6
    },
    "NrExecutions": 6,
    "ExecutionsIds": [
        "s0",
        "s1",
        "s2",
        "s3",
        "s4",
        "s5"
    ],
    "ExecutionsInferenceIds": [
        "s0",
        "s1"
    ],
    "NrExecutionsInference": 2,
    "ExecutionTime_Per_PatchMedian": [
        8.530469417572021,
        16.37073838710785,
        24.211007356643677,
        32.051276326179504,
        39.89154529571533,
        47.73181426525116,
        55.57208323478699,
        63.412352204322815,
        71.25262117385864,
        79.09289014339447
    ],
    "Joules_Per_PatchMedian": [
        1568.8188189685345,
        2520.461426371336,
        3472.104033774138,
        4423.746641176939,
        5375.3892485797405,
        6327.031855982542,
        7278.674463385343,
        8230.317070788145,
        9181.959678190948,
        10133.60228559375
    ],
    "JoulesNormalized_Per_PatchMedian": [
        544.6664024949075,
        997.5949918806555,
        1450.5235812664034,
        1903.4521706521514,
        2356.3807600378996,
        2809.3093494236473,
        3262.237938809395,
        3715.1665281951427,
        4168.0951175808905,
        4621.023706966638
    ],
    "Inf_ExecutionTime": {
        "mean": 0.6902004480361938,
        "median": 0.6902004480361938,
        "std": 0.14109264453640333,
        "max": 0.7899680137634277,
        "min": 0.59043288230896,
        "count": 2
    },
    "Inf_Joules": {
        "mean": 617.176211565733,
        "median": 617.176211565733,
        "std": 123.88733067793937,
        "max": 704.7777831912041,
        "min": 529.5746399402618,
        "count": 2
    },
    "Inf_JoulesNormalized": {
        "mean": 91.73781310915953,
        "median": 91.73781310915953,
        "std": 17.574840955219152,
        "max": 104.16510232687006,
        "min": 79.31052389144901,
        "count": 2
    },
    "Val_ExecutionTime": [
        7.840268969535828,
        15.680537939071655,
        23.520806908607483,
        31.36107587814331,
        39.20134484767914,
        47.041613817214966,
        54.88188278675079,
        62.72215175628662,
        70.56242072582245,
        78.40268969535828
    ],
    "Val_Joules": [
        951.6426074028016,
        1903.2852148056031,
        2854.927822208405,
        3806.5704296112062,
        4758.213037014008,
        5709.855644416809,
        6661.49825181961,
        7613.1408592224125,
        8564.783466625215,
        9516.426074028017
    ],
    "Val_JoulesNormalized": [
        452.92858938574796,
        905.8571787714959,
        1358.7857681572439,
        1811.7143575429918,
        2264.64294692874,
        2717.5715363144877,
        3170.5001257002355,
        3623.428715085983,
        4076.357304471731,
        4529.285893857479
    ],
    "NrPatches": {
        "median": 1,
        "std": 0.0,
        "max": 1,
        "min": 1
    },
    "Correctness_Per_Patch": [
        "C",
        "W",
        "W",
        "W",
        "W",
        "W",
        "W",
        "W",
        "W",
        "W"
    ],
    "Correctness_Per_Patch_original": [
        "plausible",
        "wrong",
        "wrong",
        "uncompilable",
        "uncompilable",
        "uncompilable",
        "wrong",
        "uncompilable",
        "wrong",
        "uncompilable"
    ],
    "patches": [
        "    return solve(f, min, max);\n"
    ],
    "Correctness_Per_Patch_origina": [
        "plausible",
        "wrong",
        "wrong",
        "uncompilable",
        "uncompilable",
        "uncompilable",
        "wrong",
        "uncompilable",
        "wrong",
        "uncompilable"
    ]
}