{
    "Group_ID": "s_1223_1224",
    "TOOL_BUG_ID": "TBar10C-Closure-19",
    "patch_correctness": true,
    "ExecutionsIds": [
        "1223",
        "1224"
    ],
    "NrExecutions": 2,
    "NrOutliers": 0,
    "SLB": {
        "median": 64.69999999999999,
        "std": 0.14142135623731153,
        "max": 64.8,
        "min": 64.6
    },
    "PowerAvg": {
        "median": 109.25,
        "std": 0.07071067811865074,
        "max": 109.3,
        "min": 109.2
    },
    "Time": {
        "median": 87.16794955730438,
        "std": 1.0316370089582494,
        "max": 87.89742708206177,
        "min": 86.438472032547
    },
    "Joules": {
        "median": 9926.167220592499,
        "std": 110.02105149664422,
        "max": 10003.96385217905,
        "min": 9848.370589005946
    },
    "JoulesNormalized": {
        "median": 4286.327936482428,
        "std": 30.94672737022573,
        "max": 4308.210577261447,
        "min": 4264.445295703411
    },
    "NrPatches": {
        "median": 3.0,
        "std": 0.0,
        "max": 3,
        "min": 3
    },
    "Joules_Per_PatchMedian": [
        9203.872531867028,
        9563.670569443704
    ],
    "ExecutionTime_Per_PatchMedian": [
        81.08799242973328,
        84.07816052436829
    ],
    "JoulesNormalized_Per_PatchMedian": [
        3957.410422611237,
        4123.739634966851
    ],
    "Correctness_Per_Patch": [
        "W",
        "W",
        "W"
    ],
    "Correctness_Per_Patch_original": [
        "uncompilable",
        "uncompilable",
        "uncompilable"
    ]
}