{
    "Group_ID": "s_1223_1224",
    "TOOL_BUG_ID": "TBar10C-Chart-1",
    "patch_correctness": true,
    "ExecutionsIds": [
        "1223",
        "1224"
    ],
    "NrExecutions": 2,
    "NrOutliers": 0,
    "SLB": {
        "median": 60.849999999999994,
        "std": 0.6363961030678917,
        "max": 61.3,
        "min": 60.4
    },
    "PowerAvg": {
        "median": 103.2,
        "std": 0.7071067811865476,
        "max": 103.7,
        "min": 102.7
    },
    "Time": {
        "median": 193.2752674818039,
        "std": 85.89647838018512,
        "max": 269.87454986572266,
        "min": 118.99724125862122
    },
    "Joules": {
        "median": 20445.549458909034,
        "std": 9100.01885323451,
        "max": 28340.841027438637,
        "min": 12546.537246465685
    },
    "JoulesNormalized": {
        "median": 8634.504476511478,
        "std": 3874.3076925300343,
        "max": 12040.418215548989,
        "min": 5286.509368157386
    },
    "NrPatches": {
        "median": 20.5,
        "std": 12.12435565298214,
        "max": 31,
        "min": 10
    },
    "Joules_Per_PatchMedian": [
        1463.6646900594235,
        2822.354478764534,
        4195.566946154833,
        5568.9888573408125,
        6950.429798871279,
        7003.827208667994,
        8414.633100575209,
        9798.484345787765,
        11171.259003841878,
        12563.788751888274
    ],
    "ExecutionTime_Per_PatchMedian": [
        13.879862427711487,
        26.799829959869385,
        39.88934648036957,
        52.9390834569931,
        66.11887490749359,
        66.58857345581055,
        80.00793743133545,
        93.18772506713867,
        106.247474193573,
        119.47686469554901
    ],
    "JoulesNormalized_Per_PatchMedian": [
        619.0391726791859,
        1191.504019653797,
        1768.2148174583913,
        2347.5737038850784,
        2927.0243777096275,
        2951.836089271307,
        3546.244464987517,
        4128.141625124216,
        4706.248590230942,
        5293.837365710735
    ],
    "Correctness_Per_Patch": [
        "C",
        "W",
        "W",
        "W",
        "I",
        "W",
        "W",
        "I",
        "I",
        "I"
    ],
    "Correctness_Per_Patch_original": [
        "correct",
        "uncompilable",
        "uncompilable",
        "uncompilable",
        "plausible",
        "uncompilable",
        "uncompilable",
        "plausible",
        "plausible",
        "plausible"
    ]
}