{
    "TOOL_BUG_ID": "incoder_6B-Closure-168",
    "Time": {
        "mean": 242.10303978919984,
        "median": 241.80200338363647,
        "std": 0.8360067646652046,
        "max": 243.58425998687744,
        "min": 241.5429139137268,
        "count": 5
    },
    "Joules": {
        "mean": 31857.791680439714,
        "median": 31825.927937310935,
        "std": 130.72412583002694,
        "max": 32078.422381538156,
        "min": 31746.67096865773,
        "count": 5
    },
    "JoulesNormalized": {
        "mean": 13113.412686235904,
        "median": 13359.570061397553,
        "std": 694.4908958760451,
        "max": 13550.344537985324,
        "min": 11879.061523211003,
        "count": 5
    },
    "NrExecutions": 5,
    "ExecutionsIds": [
        "s0",
        "s1",
        "s2",
        "s3",
        "s4"
    ],
    "ExecutionsInferenceIds": [
        "s0",
        "s1"
    ],
    "NrExecutionsInference": 2,
    "ExecutionTime_Per_PatchMedian": [
        8.89832866191864,
        76.62682914733887,
        144.3553296327591,
        212.08383011817932,
        217.12413430213928,
        222.12363004684448,
        227.1234941482544,
        232.12349033355713,
        237.10306692123413,
        241.80200338363647
    ],
    "Joules_Per_PatchMedian": [
        5194.226082980633,
        12903.451344877481,
        20612.67660677433,
        28321.90186867118,
        28906.900071746113,
        29481.44516848922,
        30075.56047077775,
        30662.559564083815,
        31252.17925223708,
        31825.927937310935
    ],
    "JoulesNormalized_Per_PatchMedian": [
        1379.5598904967308,
        4844.766540110111,
        8309.973189723492,
        11775.179839336874,
        12042.798059868814,
        12303.842611587048,
        12566.495549821855,
        12816.8588632226,
        13094.088931488992,
        13359.570061397553
    ],
    "Inf_ExecutionTime": {
        "mean": 3.89834463596344,
        "median": 3.89834463596344,
        "std": 0.3816091989478236,
        "max": 4.168183088302612,
        "min": 3.6285061836242676,
        "count": 2
    },
    "Inf_Joules": {
        "mean": 4605.833054041863,
        "median": 4605.833054041863,
        "std": 488.9462481109604,
        "max": 4951.570261716843,
        "min": 4260.095846366882,
        "count": 2
    },
    "Inf_JoulesNormalized": {
        "mean": 1109.3371227025987,
        "median": 1109.3371227025987,
        "std": 165.05441298911683,
        "max": 1226.0482173919681,
        "min": 992.6260280132292,
        "count": 2
    },
    "Val_ExecutionTime": [
        4.9999840259552,
        72.72848451137543,
        140.45698499679565,
        208.18548548221588,
        213.22578966617584,
        218.22528541088104,
        223.22514951229095,
        228.2251456975937,
        233.2047222852707,
        237.90365874767303
    ],
    "Val_Joules": [
        588.3930289387699,
        8297.618290835619,
        16006.843552732467,
        23716.068814629318,
        24301.06701770425,
        24875.612114447358,
        25469.727416735885,
        26056.726510041954,
        26646.34619819522,
        27220.09488326907
    ],
    "Val_JoulesNormalized": [
        270.2227677941321,
        3735.4294174075126,
        7200.636067020894,
        10665.842716634275,
        10933.460937166215,
        11194.50548888445,
        11457.158427119257,
        11707.521740520002,
        11984.751808786394,
        12250.232938694955
    ],
    "NrPatches": {
        "median": 2,
        "std": 0.0,
        "max": 2,
        "min": 2
    },
    "Correctness_Per_Patch": [
        "W",
        "C",
        "W",
        "C",
        "W",
        "W",
        "W",
        "W",
        "W",
        "W"
    ],
    "Correctness_Per_Patch_original": [
        "wrong",
        "plausible",
        "wrong",
        "plausible",
        "wrong",
        "wrong",
        "wrong",
        "wrong",
        "wrong",
        "wrong"
    ],
    "patches": [
        "  if (t.getScopeDepth() <= 1) {\n",
        "  if (t.getScopeDepth() < 2) {\n"
    ],
    "Correctness_Per_Patch_origina": [
        "wrong",
        "plausible",
        "wrong",
        "plausible",
        "wrong",
        "wrong",
        "wrong",
        "wrong",
        "wrong",
        "wrong"
    ]
}