{
    "TOOL_BUG_ID": "codet5_large-Closure-122",
    "Time": {
        "mean": 274.51707963148755,
        "median": 273.91387116909027,
        "std": 1.9831870192021908,
        "max": 277.8838539123535,
        "min": 272.8041834831238,
        "count": 6
    },
    "Joules": {
        "mean": 33068.72727782527,
        "median": 32449.589513063427,
        "std": 1244.5256184751433,
        "max": 34844.3416709125,
        "min": 31848.34193075299,
        "count": 6
    },
    "JoulesNormalized": {
        "mean": 13147.411732699471,
        "median": 14103.67896981835,
        "std": 1812.5544359344692,
        "max": 14548.605371099706,
        "min": 10784.40795204043,
        "count": 6
    },
    "NrExecutions": 6,
    "ExecutionsIds": [
        "s0",
        "s1",
        "s2",
        "s3",
        "s4",
        "s5"
    ],
    "ExecutionsInferenceIds": [
        "s0",
        "s1"
    ],
    "NrExecutionsInference": 2,
    "ExecutionTime_Per_PatchMedian": [
        15.42970621585846,
        97.19795572757721,
        110.76740062236786,
        124.76677477359772,
        139.27695620059967,
        221.04520571231842,
        234.1241818666458,
        247.63414537906647,
        261.1644266843796,
        273.91387116909027
    ],
    "Joules_Per_PatchMedian": [
        2903.3419688522818,
        12272.739348208903,
        13820.88592172861,
        15358.476894587278,
        16974.26824814677,
        26343.665627503393,
        27851.55616993308,
        29398.03148216605,
        30981.716344469784,
        32449.589513063427
    ],
    "JoulesNormalized_Per_PatchMedian": [
        876.2502091705798,
        5143.120842856168,
        5811.159698992966,
        6486.261610794065,
        7181.153096890448,
        11448.023730576035,
        12115.594313246009,
        12798.614060086009,
        13458.03787181377,
        14103.67896981835
    ],
    "Inf_ExecutionTime": {
        "mean": 1.430056095123291,
        "median": 1.430056095123291,
        "std": 0.6930438951250085,
        "max": 1.920112133026123,
        "min": 0.940000057220459,
        "count": 2
    },
    "Inf_Joules": {
        "mean": 1301.3054804384708,
        "median": 1301.3054804384708,
        "std": 628.109005287501,
        "max": 1745.4456174015997,
        "min": 857.1653434753417,
        "count": 2
    },
    "Inf_JoulesNormalized": {
        "mean": 211.0857359230518,
        "median": 211.0857359230518,
        "std": 100.74070565849836,
        "max": 282.320172035694,
        "min": 139.8512998104096,
        "count": 2
    },
    "Val_ExecutionTime": [
        13.999650120735168,
        95.76789963245392,
        109.33734452724457,
        123.33671867847443,
        137.84690010547638,
        219.61514961719513,
        232.69412577152252,
        246.20408928394318,
        259.7343705892563,
        272.483815073967
    ],
    "Val_Joules": [
        1602.036488413811,
        10971.433867770433,
        12519.58044129014,
        14057.171414148808,
        15672.9627677083,
        25042.360147064923,
        26550.25068949461,
        28096.72600172758,
        29680.410864031313,
        31148.284032624957
    ],
    "Val_JoulesNormalized": [
        665.164473247528,
        4932.0351069331155,
        5600.073963069914,
        6275.175874871013,
        6970.067360967396,
        11236.937994652983,
        11904.508577322957,
        12587.528324162957,
        13246.952135890719,
        13892.593233895299
    ],
    "NrPatches": {
        "median": 2,
        "std": 0.0,
        "max": 2,
        "min": 2
    },
    "Correctness_Per_Patch": [
        "W",
        "I",
        "W",
        "W",
        "W",
        "I",
        "W",
        "W",
        "W",
        "W"
    ],
    "Correctness_Per_Patch_original": [
        "wrong",
        "plausible",
        "wrong",
        "wrong",
        "wrong",
        "plausible",
        "wrong",
        "wrong",
        "wrong",
        "wrong"
    ],
    "patches": [
        "    if (comment.getValue().indexOf(\"String_Node_Str\")!= -1 || comment.getValue().indexOf('@')!= -1) {\n",
        "    if (comment.getValue().indexOf(\"@\")!= -1 || comment.getValue().indexOf(\"String_Node_Str\")!= -1) {\n"
    ],
    "Correctness_Per_Patch_origina": [
        "wrong",
        "plausible",
        "wrong",
        "wrong",
        "wrong",
        "plausible",
        "wrong",
        "wrong",
        "wrong",
        "wrong"
    ]
}