{
    "TOOL_BUG_ID": "incoder_6B-Lang-24",
    "Time": {
        "mean": 94.91593861579895,
        "median": 94.91593861579895,
        "std": 0.0,
        "max": 94.91593861579895,
        "min": 94.91593861579895,
        "count": 6
    },
    "Joules": {
        "mean": 14616.456731581693,
        "median": 14616.456731581693,
        "std": 0.0,
        "max": 14616.456731581693,
        "min": 14616.456731581693,
        "count": 6
    },
    "JoulesNormalized": {
        "mean": 3627.3923659205443,
        "median": 3627.3923659205443,
        "std": 0.0,
        "max": 3627.3923659205443,
        "min": 3627.3923659205443,
        "count": 6
    },
    "NrExecutions": 6,
    "ExecutionsIds": [
        "s0",
        "s1",
        "s2",
        "s3",
        "s4",
        "s5"
    ],
    "ExecutionsInferenceIds": [
        "s0",
        "s1"
    ],
    "NrExecutionsInference": 2,
    "ExecutionTime_Per_PatchMedian": [
        14.821996331214905,
        23.721323251724243,
        32.62065017223358,
        41.51997709274292,
        50.41930401325226,
        59.3186309337616,
        68.21795785427094,
        77.11728477478027,
        86.01661169528961,
        94.91593861579895
    ],
    "Joules_Per_PatchMedian": [
        7883.194109207391,
        8631.334400582313,
        9379.474691957235,
        10127.614983332158,
        10875.75527470708,
        11623.895566082003,
        12372.035857456925,
        13120.176148831848,
        13868.31644020677,
        14616.456731581693
    ],
    "JoulesNormalized_Per_PatchMedian": [
        1928.4439580917365,
        2117.2160034060485,
        2305.9880487203604,
        2494.7600940346724,
        2683.5321393489844,
        2872.3041846632964,
        3061.0762299776084,
        3249.8482752919203,
        3438.6203206062323,
        3627.3923659205443
    ],
    "Inf_ExecutionTime": {
        "mean": 5.922669410705566,
        "median": 5.922669410705566,
        "std": 0.19143705508266626,
        "max": 6.058035850524902,
        "min": 5.7873029708862305,
        "count": 2
    },
    "Inf_Joules": {
        "mean": 7135.05381783247,
        "median": 7135.05381783247,
        "std": 149.0230076567879,
        "max": 7240.4289970994,
        "min": 7029.6786385655405,
        "count": 2
    },
    "Inf_JoulesNormalized": {
        "mean": 1739.6719127774245,
        "median": 1739.6719127774245,
        "std": 104.1789862425425,
        "max": 1813.3375804066663,
        "min": 1666.0062451481826,
        "count": 2
    },
    "Val_ExecutionTime": [
        8.899326920509338,
        17.798653841018677,
        26.697980761528015,
        35.59730768203735,
        44.49663460254669,
        53.39596152305603,
        62.29528844356537,
        71.1946153640747,
        80.09394228458405,
        88.99326920509338
    ],
    "Val_Joules": [
        748.1402913749216,
        1496.2805827498432,
        2244.4208741247658,
        2992.5611654996883,
        3740.701456874611,
        4488.841748249533,
        5236.982039624456,
        5985.122330999378,
        6733.262622374301,
        7481.402913749223
    ],
    "Val_JoulesNormalized": [
        188.77204531431198,
        377.54409062862396,
        566.316135942936,
        755.0881812572479,
        943.8602265715599,
        1132.632271885872,
        1321.4043172001839,
        1510.1763625144958,
        1698.9484078288078,
        1887.7204531431198
    ],
    "NrPatches": {
        "median": 0,
        "std": 0.0,
        "max": 0,
        "min": 0
    },
    "Correctness_Per_Patch": [
        "W",
        "W",
        "W",
        "W",
        "W",
        "W",
        "W",
        "W",
        "W",
        "W"
    ],
    "Correctness_Per_Patch_original": [
        "wrong",
        "wrong",
        "wrong",
        "wrong",
        "wrong",
        "uncompilable",
        "wrong",
        "wrong",
        "wrong",
        "uncompilable"
    ],
    "patches": [],
    "Correctness_Per_Patch_origina": [
        "wrong",
        "wrong",
        "wrong",
        "wrong",
        "wrong",
        "uncompilable",
        "wrong",
        "wrong",
        "wrong",
        "uncompilable"
    ]
}