{
    "TOOL_BUG_ID": "plbart_base-Chart-20",
    "Time": {
        "mean": 84.59313682715099,
        "median": 99.62551474571228,
        "std": 36.821655521156245,
        "max": 99.62551474571228,
        "min": 9.431247234344482,
        "count": 6
    },
    "Joules": {
        "mean": 9520.755465674401,
        "median": 11220.162344372275,
        "std": 4162.679718185615,
        "max": 11220.162344372275,
        "min": 1023.7210721850397,
        "count": 6
    },
    "JoulesNormalized": {
        "mean": 4061.617932136853,
        "median": 4799.379402434825,
        "std": 1807.1391541155194,
        "max": 4799.379402434825,
        "min": 372.8105806469918,
        "count": 6
    },
    "NrExecutions": 6,
    "ExecutionsIds": [
        "s0",
        "s1",
        "s2",
        "s3",
        "s4",
        "s5"
    ],
    "ExecutionsInferenceIds": [
        "s0",
        "s1"
    ],
    "NrExecutionsInference": 2,
    "ExecutionTime_Per_PatchMedian": [
        10.079389572143555,
        20.028959035873413,
        29.97852849960327,
        39.92809796333313,
        49.87766742706299,
        59.82723689079285,
        69.7768063545227,
        79.72637581825256,
        89.67594528198242,
        99.62551474571228
    ],
    "Joules_Per_PatchMedian": [
        1214.1098332524298,
        2325.893445599079,
        3437.677057945728,
        4549.4606702923775,
        5661.244282639027,
        6773.0278949856765,
        7884.811507332326,
        8996.595119678976,
        10108.378732025625,
        11220.162344372275
    ],
    "JoulesNormalized_Per_PatchMedian": [
        485.14064770936966,
        964.5005093455314,
        1443.8603709816932,
        1923.220232617855,
        2402.580094254017,
        2881.9399558901787,
        3361.2998175263406,
        3840.6596791625025,
        4320.019540798664,
        4799.379402434825
    ],
    "Inf_ExecutionTime": {
        "mean": 0.1298201084136963,
        "median": 0.1298201084136963,
        "std": 0.014084128073188438,
        "max": 0.13977909088134766,
        "min": 0.11986112594604492,
        "count": 2
    },
    "Inf_Joules": {
        "mean": 102.32622090578079,
        "median": 102.32622090578079,
        "std": 6.315943379051557,
        "max": 106.79226729869842,
        "min": 97.86017451286315,
        "count": 2
    },
    "Inf_JoulesNormalized": {
        "mean": 5.7807860732078495,
        "median": 5.7807860732078495,
        "std": 2.6981262819234217,
        "max": 7.688649463653547,
        "min": 3.8729226827621517,
        "count": 2
    },
    "Val_ExecutionTime": [
        9.949569463729858,
        19.899138927459717,
        29.848708391189575,
        39.798277854919434,
        49.74784731864929,
        59.69741678237915,
        69.64698624610901,
        79.59655570983887,
        89.54612517356873,
        99.49569463729858
    ],
    "Val_Joules": [
        1111.783612346649,
        2223.567224693298,
        3335.3508370399472,
        4447.134449386596,
        5558.918061733246,
        6670.701674079895,
        7782.485286426545,
        8894.268898773194,
        10006.052511119844,
        11117.836123466494
    ],
    "Val_JoulesNormalized": [
        479.3598616361618,
        958.7197232723236,
        1438.0795849084855,
        1917.4394465446471,
        2396.799308180809,
        2876.159169816971,
        3355.519031453133,
        3834.8788930892947,
        4314.238754725456,
        4793.598616361617
    ],
    "NrPatches": {
        "median": 0,
        "std": 0.0,
        "max": 0,
        "min": 0
    },
    "Correctness_Per_Patch": [
        "W",
        "W",
        "W",
        "W",
        "W",
        "W",
        "W",
        "W",
        "W",
        "W"
    ],
    "Correctness_Per_Patch_original": [
        "uncompilable",
        "uncompilable",
        "uncompilable",
        "uncompilable",
        "uncompilable",
        "uncompilable",
        "uncompilable",
        "uncompilable",
        "uncompilable",
        "uncompilable"
    ],
    "patches": [],
    "Correctness_Per_Patch_origina": [
        "uncompilable",
        "uncompilable",
        "uncompilable",
        "uncompilable",
        "uncompilable",
        "uncompilable",
        "uncompilable",
        "uncompilable",
        "uncompilable",
        "uncompilable"
    ]
}