{
    "Group_ID": "s_1223_1224",
    "TOOL_BUG_ID": "TBar10C-Math-89",
    "patch_correctness": true,
    "ExecutionsIds": [
        "1223",
        "1224"
    ],
    "NrExecutions": 2,
    "NrOutliers": 0,
    "SLB": {
        "median": 63.8,
        "std": 0.282842712474618,
        "max": 64.0,
        "min": 63.6
    },
    "PowerAvg": {
        "median": 121.85,
        "std": 0.7778174593052083,
        "max": 122.4,
        "min": 121.3
    },
    "Time": {
        "median": 91.80853986740112,
        "std": 43.06134040206023,
        "max": 130.05701804161072,
        "min": 54.678507804870605
    },
    "Joules": {
        "median": 11456.211734253167,
        "std": 5351.47805586476,
        "max": 16097.146644914152,
        "min": 6795.099109041691
    },
    "JoulesNormalized": {
        "median": 5582.181966191531,
        "std": 2604.4748899402352,
        "max": 7837.5267330050465,
        "min": 3302.202510225773
    },
    "NrPatches": {
        "median": 15.5,
        "std": 6.3508529610858835,
        "max": 21,
        "min": 10
    },
    "Joules_Per_PatchMedian": [
        896.5230285167694,
        1724.709584891796,
        2553.4696257293226,
        3379.464968132973,
        3431.2427009880544,
        4266.8930825710295,
        4311.126762288808,
        5142.072267532349,
        5978.308491015434,
        6816.683621734381
    ],
    "ExecutionTime_Per_PatchMedian": [
        7.219700455665588,
        13.869720935821533,
        20.529170989990234,
        27.209221601486206,
        27.639074683189392,
        34.34897708892822,
        34.71927559375763,
        41.398772954940796,
        48.10903191566467,
        54.79913282394409
    ],
    "JoulesNormalized_Per_PatchMedian": [
        435.8981123447418,
        839.8274165987968,
        1243.7144853770733,
        1643.5266278505326,
        1667.8817068874837,
        2075.4383419036867,
        2096.049057906866,
        2500.8465824127197,
        2908.9783283948896,
        3320.5230725705624
    ],
    "Correctness_Per_Patch": [
        "W",
        "W",
        "W",
        "W",
        "W",
        "W",
        "W",
        "W",
        "W",
        "W"
    ],
    "Correctness_Per_Patch_original": [
        "uncompilable",
        "uncompilable",
        "uncompilable",
        "uncompilable",
        "uncompilable",
        "uncompilable",
        "uncompilable",
        "uncompilable",
        "uncompilable",
        "uncompilable"
    ]
}