{
    "TOOL_BUG_ID": "codet5_small-Math-73",
    "Time": {
        "mean": 74.83407616615295,
        "median": 74.83407616615295,
        "std": 0.0,
        "max": 74.83407616615295,
        "min": 74.83407616615295,
        "count": 6
    },
    "Joules": {
        "mean": 9326.147094464304,
        "median": 9326.147094464304,
        "std": 0.0,
        "max": 9326.147094464304,
        "min": 9326.147094464304,
        "count": 6
    },
    "JoulesNormalized": {
        "mean": 4302.067196476461,
        "median": 4302.067196476461,
        "std": 0.0,
        "max": 4302.067196476461,
        "min": 4302.067196476461,
        "count": 6
    },
    "NrExecutions": 6,
    "ExecutionsIds": [
        "s0",
        "s1",
        "s2",
        "s3",
        "s4",
        "s5"
    ],
    "ExecutionsInferenceIds": [
        "s0",
        "s1"
    ],
    "NrExecutionsInference": 2,
    "ExecutionTime_Per_PatchMedian": [
        7.875124931335449,
        15.315008401870728,
        22.754891872406006,
        30.194775342941284,
        37.63465881347656,
        45.07454228401184,
        52.51442575454712,
        59.9543092250824,
        67.39419269561768,
        74.83407616615295
    ],
    "Joules_Per_PatchMedian": [
        1261.4079221308232,
        2157.4900523900988,
        3053.572182649374,
        3949.6543129086494,
        4845.736443167925,
        5741.818573427201,
        6637.900703686477,
        7533.982833945753,
        8430.064964205028,
        9326.147094464304
    ],
    "JoulesNormalized_Per_PatchMedian": [
        463.6447016954422,
        890.1360900044442,
        1316.627478313446,
        1743.118866622448,
        2169.61025493145,
        2596.101643240452,
        3022.5930315494543,
        3449.0844198584564,
        3875.5758081674585,
        4302.067196476461
    ],
    "Inf_ExecutionTime": {
        "mean": 0.4352414608001709,
        "median": 0.4352414608001709,
        "std": 0.21879238281496502,
        "max": 0.5899510383605957,
        "min": 0.2805318832397461,
        "count": 2
    },
    "Inf_Joules": {
        "mean": 365.3257918715477,
        "median": 365.3257918715477,
        "std": 190.52415451250772,
        "max": 500.04671350717547,
        "min": 230.60487023591995,
        "count": 2
    },
    "Inf_JoulesNormalized": {
        "mean": 37.15331338644029,
        "median": 37.15331338644029,
        "std": 24.720970896577764,
        "max": 54.63367954492571,
        "min": 19.672947227954865,
        "count": 2
    },
    "Val_ExecutionTime": [
        7.439883470535278,
        14.879766941070557,
        22.319650411605835,
        29.759533882141113,
        37.19941735267639,
        44.63930082321167,
        52.07918429374695,
        59.51906776428223,
        66.9589512348175,
        74.39883470535278
    ],
    "Val_Joules": [
        896.0821302592755,
        1792.1642605185511,
        2688.2463907778265,
        3584.328521037102,
        4480.410651296377,
        5376.492781555653,
        6272.574911814929,
        7168.657042074205,
        8064.73917233348,
        8960.821302592756
    ],
    "Val_JoulesNormalized": [
        426.49138830900193,
        852.982776618004,
        1279.4741649270059,
        1705.9655532360077,
        2132.4569415450096,
        2558.9483298540117,
        2985.439718163014,
        3411.931106472016,
        3838.422494781018,
        4264.91388309002
    ],
    "NrPatches": {
        "median": 0,
        "std": 0.0,
        "max": 0,
        "min": 0
    },
    "Correctness_Per_Patch": [
        "W",
        "W",
        "W",
        "W",
        "W",
        "W",
        "W",
        "W",
        "W",
        "W"
    ],
    "Correctness_Per_Patch_original": [
        "uncompilable",
        "uncompilable",
        "uncompilable",
        "uncompilable",
        "wrong",
        "uncompilable",
        "uncompilable",
        "uncompilable",
        "uncompilable",
        "uncompilable"
    ],
    "patches": [],
    "Correctness_Per_Patch_origina": [
        "uncompilable",
        "uncompilable",
        "uncompilable",
        "uncompilable",
        "wrong",
        "uncompilable",
        "uncompilable",
        "uncompilable",
        "uncompilable",
        "uncompilable"
    ]
}