{
    "TOOL_BUG_ID": "codet5_small-Mockito-29",
    "Time": {
        "mean": 104.4060879945755,
        "median": 104.4060879945755,
        "std": 0.0,
        "max": 104.4060879945755,
        "min": 104.4060879945755,
        "count": 5
    },
    "Joules": {
        "mean": 14233.878648936752,
        "median": 14233.878648936752,
        "std": 0.0,
        "max": 14233.878648936752,
        "min": 14233.878648936752,
        "count": 5
    },
    "JoulesNormalized": {
        "mean": 7444.094417428971,
        "median": 7444.094417428971,
        "std": 0.0,
        "max": 7444.094417428971,
        "min": 7444.094417428971,
        "count": 5
    },
    "NrExecutions": 5,
    "ExecutionsIds": [
        "s0",
        "s1",
        "s2",
        "s3",
        "s4"
    ],
    "ExecutionsInferenceIds": [
        "s0",
        "s1"
    ],
    "NrExecutionsInference": 2,
    "ExecutionTime_Per_PatchMedian": [
        10.719840168952942,
        21.12942326068878,
        31.53900635242462,
        41.94858944416046,
        52.3581725358963,
        62.76775562763214,
        73.17733871936798,
        83.58692181110382,
        93.99650490283966,
        104.4060879945755
    ],
    "Joules_Per_PatchMedian": [
        1648.805684876442,
        3047.147125327587,
        4445.488565778733,
        5843.830006229878,
        7242.171446681023,
        8640.512887132169,
        10038.854327583314,
        11437.19576803446,
        12835.537208485606,
        14233.878648936752
    ],
    "JoulesNormalized_Per_PatchMedian": [
        759.4543257713317,
        1502.1921137332915,
        2244.9299016952514,
        2987.667689657211,
        3730.405477619171,
        4473.143265581131,
        5215.881053543091,
        5958.618841505051,
        6701.356629467011,
        7444.094417428971
    ],
    "Inf_ExecutionTime": {
        "mean": 0.31025707721710205,
        "median": 0.31025707721710205,
        "std": 2.6805395652928604e-05,
        "max": 0.3102760314941406,
        "min": 0.3102381229400635,
        "count": 2
    },
    "Inf_Joules": {
        "mean": 250.46424442529676,
        "median": 250.46424442529676,
        "std": 1.3113523072622004,
        "max": 251.39151053428648,
        "min": 249.53697831630703,
        "count": 2
    },
    "Inf_JoulesNormalized": {
        "mean": 16.7165378093719,
        "median": 16.7165378093719,
        "std": 0.7207564258278188,
        "max": 17.22618956565853,
        "min": 16.20688605308527,
        "count": 2
    },
    "Val_ExecutionTime": [
        10.40958309173584,
        20.81916618347168,
        31.22874927520752,
        41.63833236694336,
        52.0479154586792,
        62.45749855041504,
        72.86708164215088,
        83.27666473388672,
        93.68624782562256,
        104.0958309173584
    ],
    "Val_Joules": [
        1398.3414404511452,
        2796.6828809022904,
        4195.024321353436,
        5593.365761804581,
        6991.707202255726,
        8390.048642706872,
        9788.390083158018,
        11186.731523609164,
        12585.07296406031,
        13983.414404511455
    ],
    "Val_JoulesNormalized": [
        742.7377879619598,
        1485.4755759239197,
        2228.2133638858795,
        2970.9511518478394,
        3713.688939809799,
        4456.426727771759,
        5199.164515733719,
        5941.902303695679,
        6684.640091657639,
        7427.377879619598
    ],
    "NrPatches": {
        "median": 1,
        "std": 0.0,
        "max": 1,
        "min": 1
    },
    "Correctness_Per_Patch": [
        "W",
        "W",
        "W",
        "W",
        "W",
        "W",
        "I",
        "W",
        "W",
        "W"
    ],
    "Correctness_Per_Patch_original": [
        "wrong",
        "uncompilable",
        "uncompilable",
        "wrong",
        "uncompilable",
        "uncompilable",
        "plausible",
        "wrong",
        "uncompilable",
        "uncompilable"
    ],
    "patches": [
        "    description.appendText(String.valueOf(wanted));\n"
    ],
    "Correctness_Per_Patch_origina": [
        "wrong",
        "uncompilable",
        "uncompilable",
        "wrong",
        "uncompilable",
        "uncompilable",
        "plausible",
        "wrong",
        "uncompilable",
        "uncompilable"
    ]
}