{
    "TOOL_BUG_ID": "codet5_large-Mockito-38",
    "Time": {
        "mean": 87.94218468666077,
        "median": 87.94218468666077,
        "std": 0.0,
        "max": 87.94218468666077,
        "min": 87.94218468666077,
        "count": 6
    },
    "Joules": {
        "mean": 11939.1533347249,
        "median": 11939.1533347249,
        "std": 0.0,
        "max": 11939.1533347249,
        "min": 11939.1533347249,
        "count": 6
    },
    "JoulesNormalized": {
        "mean": 5992.406896543502,
        "median": 5992.406896543502,
        "std": 0.0,
        "max": 5992.406896543502,
        "min": 5992.406896543502,
        "count": 6
    },
    "NrExecutions": 6,
    "ExecutionsIds": [
        "s0",
        "s1",
        "s2",
        "s3",
        "s4",
        "s5"
    ],
    "ExecutionsInferenceIds": [
        "s0"
    ],
    "NrExecutionsInference": 1,
    "ExecutionTime_Per_PatchMedian": [
        9.28859293460846,
        18.027880907058716,
        26.767168879508972,
        35.50645685195923,
        44.245744824409485,
        52.98503279685974,
        61.72432076931,
        70.46360874176025,
        79.20289671421051,
        87.94218468666077
    ],
    "Joules_Per_PatchMedian": [
        1635.3828122377397,
        2780.2462036252023,
        3925.1095950126646,
        5069.972986400127,
        6214.83637778759,
        7359.699769175053,
        8504.563160562515,
        9649.426551949977,
        10794.289943337439,
        11939.1533347249
    ],
    "JoulesNormalized_Per_PatchMedian": [
        663.6487632453443,
        1255.733000278473,
        1847.8172373116017,
        2439.9014743447306,
        3031.9857113778594,
        3624.069948410988,
        4216.154185444117,
        4808.238422477245,
        5400.322659510373,
        5992.406896543502
    ],
    "Inf_ExecutionTime": {
        "mean": 0.5493049621582031,
        "median": 0.5493049621582031,
        "std": 0,
        "max": 0.5493049621582031,
        "min": 0.5493049621582031,
        "count": 1
    },
    "Inf_Joules": {
        "mean": 490.5194208502771,
        "median": 490.5194208502771,
        "std": 0,
        "max": 490.5194208502771,
        "min": 490.5194208502771,
        "count": 1
    },
    "Inf_JoulesNormalized": {
        "mean": 71.56452621221558,
        "median": 71.56452621221558,
        "std": 0,
        "max": 71.56452621221558,
        "min": 71.56452621221558,
        "count": 1
    },
    "Val_ExecutionTime": [
        8.739287972450256,
        17.478575944900513,
        26.21786391735077,
        34.957151889801025,
        43.69643986225128,
        52.43572783470154,
        61.175015807151794,
        69.91430377960205,
        78.65359175205231,
        87.39287972450256
    ],
    "Val_Joules": [
        1144.8633913874626,
        2289.726782774925,
        3434.5901741623875,
        4579.45356554985,
        5724.316956937313,
        6869.180348324776,
        8014.043739712238,
        9158.9071310997,
        10303.770522487162,
        11448.633913874624
    ],
    "Val_JoulesNormalized": [
        592.0842370331287,
        1184.1684740662572,
        1776.252711099386,
        2368.336948132515,
        2960.4211851656437,
        3552.5054221987725,
        4144.589659231901,
        4736.67389626503,
        5328.758133298158,
        5920.8423703312865
    ],
    "NrPatches": {
        "median": 1,
        "std": 0.0,
        "max": 1,
        "min": 1
    },
    "Correctness_Per_Patch": [
        "W",
        "W",
        "W",
        "W",
        "W",
        "C",
        "W",
        "W",
        "W",
        "W"
    ],
    "Correctness_Per_Patch_original": [
        "wrong",
        "wrong",
        "wrong",
        "wrong",
        "wrong",
        "plausible",
        "wrong",
        "uncompilable",
        "wrong",
        "uncompilable"
    ],
    "patches": [
        "    return arg == null? false : StringDescription.toString(m).equals(arg.toString());\n"
    ],
    "Correctness_Per_Patch_origina": [
        "wrong",
        "wrong",
        "wrong",
        "wrong",
        "wrong",
        "plausible",
        "wrong",
        "uncompilable",
        "wrong",
        "uncompilable"
    ]
}