{
    "TOOL_BUG_ID": "codet5_large-Math-91",
    "Time": {
        "mean": 70.60425138473511,
        "median": 70.60425138473511,
        "std": 0.0,
        "max": 70.60425138473511,
        "min": 70.60425138473511,
        "count": 5
    },
    "Joules": {
        "mean": 9045.85423477888,
        "median": 9045.85423477888,
        "std": 0.0,
        "max": 9045.85423477888,
        "min": 9045.85423477888,
        "count": 5
    },
    "JoulesNormalized": {
        "mean": 3971.1033756375314,
        "median": 3971.1033756375314,
        "std": 0.0,
        "max": 3971.1033756375314,
        "min": 3971.1033756375314,
        "count": 5
    },
    "NrExecutions": 5,
    "ExecutionsIds": [
        "s1",
        "s2",
        "s3",
        "s4",
        "s5"
    ],
    "ExecutionsInferenceIds": [
        "s0",
        "s1"
    ],
    "NrExecutionsInference": 2,
    "ExecutionTime_Per_PatchMedian": [
        7.96479606628418,
        14.92473554611206,
        21.88467502593994,
        28.844614505767822,
        35.8045539855957,
        42.764493465423584,
        49.724432945251465,
        56.684372425079346,
        63.64431190490723,
        70.60425138473511
    ],
    "Joules_Per_PatchMedian": [
        1721.4554201126098,
        2535.2775106310846,
        3349.099601149559,
        4162.921691668033,
        4976.743782186508,
        5790.565872704982,
        6604.387963223457,
        7418.210053741931,
        8232.032144260405,
        9045.85423477888
    ],
    "JoulesNormalized_Per_PatchMedian": [
        522.9017427802086,
        906.0352575421333,
        1289.1687723040582,
        1672.302287065983,
        2055.4358018279077,
        2438.5693165898324,
        2821.702831351757,
        3204.836346113682,
        3587.9698608756066,
        3971.1033756375314
    ],
    "Inf_ExecutionTime": {
        "mean": 1.0048565864562988,
        "median": 1.0048565864562988,
        "std": 0.3755634864100269,
        "max": 1.2704200744628906,
        "min": 0.739293098449707,
        "count": 2
    },
    "Inf_Joules": {
        "mean": 907.6333295941353,
        "median": 907.6333295941353,
        "std": 337.5063885667728,
        "max": 1146.2863856434822,
        "min": 668.9802735447884,
        "count": 2
    },
    "Inf_JoulesNormalized": {
        "mean": 139.76822801828382,
        "median": 139.76822801828382,
        "std": 48.997975387746365,
        "max": 174.41502867937083,
        "min": 105.12142735719681,
        "count": 2
    },
    "Val_ExecutionTime": [
        6.959939479827881,
        13.919878959655762,
        20.879818439483643,
        27.839757919311523,
        34.799697399139404,
        41.759636878967285,
        48.719576358795166,
        55.67951583862305,
        62.63945531845093,
        69.59939479827881
    ],
    "Val_Joules": [
        813.8220905184745,
        1627.6441810369492,
        2441.4662715554236,
        3255.288362073898,
        4069.1104525923724,
        4882.932543110847,
        5696.754633629322,
        6510.576724147796,
        7324.3988146662705,
        8138.220905184746
    ],
    "Val_JoulesNormalized": [
        383.13351476192474,
        766.2670295238495,
        1149.4005442857742,
        1532.534059047699,
        1915.6675738096237,
        2298.8010885715485,
        2681.934603333473,
        3065.068118095398,
        3448.2016328573227,
        3831.3351476192474
    ],
    "NrPatches": {
        "median": 0,
        "std": 0.0,
        "max": 0,
        "min": 0
    },
    "Correctness_Per_Patch": [
        "W",
        "W",
        "W",
        "W",
        "W",
        "W",
        "W",
        "W",
        "W",
        "W"
    ],
    "Correctness_Per_Patch_original": [
        "wrong",
        "wrong",
        "uncompilable",
        "uncompilable",
        "uncompilable",
        "uncompilable",
        "uncompilable",
        "uncompilable",
        "uncompilable",
        "uncompilable"
    ],
    "patches": [],
    "Correctness_Per_Patch_origina": [
        "wrong",
        "wrong",
        "uncompilable",
        "uncompilable",
        "uncompilable",
        "uncompilable",
        "uncompilable",
        "uncompilable",
        "uncompilable",
        "uncompilable"
    ]
}