{
    "Group_ID": "s_1223_1224",
    "TOOL_BUG_ID": "TBar10C-Time-17",
    "patch_correctness": true,
    "ExecutionsIds": [
        "1223",
        "1224"
    ],
    "NrExecutions": 2,
    "NrOutliers": 0,
    "SLB": {
        "median": 62.35,
        "std": 0.9192388155425097,
        "max": 63.0,
        "min": 61.7
    },
    "PowerAvg": {
        "median": 117.75,
        "std": 0.7778174593051983,
        "max": 118.3,
        "min": 117.2
    },
    "Time": {
        "median": 718.473955988884,
        "std": 818.5930042005477,
        "max": 1434.6478700637817,
        "min": 11.939661979675293
    },
    "Joules": {
        "median": 85721.3444549322,
        "std": 97434.87459926303,
        "max": 170350.42129374744,
        "min": 1407.4516420722007
    },
    "JoulesNormalized": {
        "median": 40626.77475716472,
        "std": 46399.435826526955,
        "max": 81494.06865174769,
        "min": 670.7744979262352
    },
    "NrPatches": {
        "median": 167.0,
        "std": 181.2879845255425,
        "max": 324,
        "min": 10
    },
    "Joules_Per_PatchMedian": [
        204.7792274832725,
        339.95334711670876,
        474.90511405467987,
        610.0572510361671,
        745.0032948374749,
        879.1637758433819,
        1012.7511696100236,
        1149.7363697350024,
        1282.922706001997,
        1419.1491586267948
    ],
    "ExecutionTime_Per_PatchMedian": [
        1.6998754739761353,
        2.840006947517395,
        3.9796504974365234,
        5.1192885637283325,
        6.25934112071991,
        7.39950156211853,
        8.529622554779053,
        9.709726452827454,
        10.829689979553223,
        11.96981942653656
    ],
    "JoulesNormalized_Per_PatchMedian": [
        98.77897441387174,
        162.86588923335074,
        226.76068223714827,
        290.85609529018404,
        354.71997436285017,
        417.7785100519657,
        480.90946716070175,
        544.3151683986187,
        607.6718752443791,
        672.8113150417805
    ],
    "Correctness_Per_Patch": [
        "W",
        "W",
        "W",
        "W",
        "W",
        "W",
        "W",
        "W",
        "W",
        "W"
    ],
    "Correctness_Per_Patch_original": [
        "uncompilable",
        "uncompilable",
        "uncompilable",
        "uncompilable",
        "uncompilable",
        "uncompilable",
        "uncompilable",
        "uncompilable",
        "uncompilable",
        "uncompilable"
    ]
}