{
    "TOOL_BUG_ID": "codegen_2B-Closure-168",
    "Time": {
        "mean": 239.28413037459055,
        "median": 239.38702976703644,
        "std": 0.45745916140226495,
        "max": 239.77758288383484,
        "min": 238.63817262649536,
        "count": 6
    },
    "Joules": {
        "mean": 31440.713761152823,
        "median": 31425.336187052726,
        "std": 537.626563516912,
        "max": 32031.42687600851,
        "min": 30914.668401753905,
        "count": 6
    },
    "JoulesNormalized": {
        "mean": 12331.650142403443,
        "median": 12331.973787432908,
        "std": 781.9260036846565,
        "max": 13075.254890066386,
        "min": 11559.980483561754,
        "count": 6
    },
    "NrExecutions": 6,
    "ExecutionsIds": [
        "s0",
        "s1",
        "s2",
        "s3",
        "s4",
        "s5"
    ],
    "ExecutionsInferenceIds": [
        "s0",
        "s1"
    ],
    "NrExecutionsInference": 2,
    "ExecutionTime_Per_PatchMedian": [
        71.62109351158142,
        76.661017537117,
        144.38951802253723,
        149.43948662281036,
        154.4391860961914,
        159.4390331506729,
        162.39836311340332,
        167.3983280658722,
        235.12682855129242,
        239.38702976703644
    ],
    "Joules_Per_PatchMedian": [
        11779.255513799191,
        12440.332210713626,
        20149.557472610475,
        20811.79363478422,
        21466.066374218462,
        22129.019118010998,
        22462.523193329573,
        23123.083205276725,
        30832.308467173574,
        31425.336187052726
    ],
    "JoulesNormalized_Per_PatchMedian": [
        4354.155029076338,
        4509.6961761415005,
        7974.902825754881,
        8139.879095327854,
        8303.00268469453,
        8470.068771618604,
        8543.3759583354,
        8706.219510507584,
        12171.426160120964,
        12331.973787432908
    ],
    "Inf_ExecutionTime": {
        "mean": 3.892593026161194,
        "median": 3.892593026161194,
        "std": 0.017114823655909803,
        "max": 3.9046950340270996,
        "min": 3.880491018295288,
        "count": 2
    },
    "Inf_Joules": {
        "mean": 4070.0302519023417,
        "median": 4070.0302519023417,
        "std": 32.13533693628568,
        "max": 4092.753366565704,
        "min": 4047.3071372389795,
        "count": 2
    },
    "Inf_JoulesNormalized": {
        "mean": 888.9483794629575,
        "median": 888.9483794629575,
        "std": 17.459836602996912,
        "max": 901.2943483233457,
        "min": 876.6024106025693,
        "count": 2
    },
    "Val_ExecutionTime": [
        67.72850048542023,
        72.76842451095581,
        140.49692499637604,
        145.54689359664917,
        150.5465930700302,
        155.54644012451172,
        158.50577008724213,
        163.505735039711,
        231.23423552513123,
        235.49443674087524
    ],
    "Val_Joules": [
        7709.22526189685,
        8370.301958811284,
        16079.52722070813,
        16741.76338288188,
        17396.03612231612,
        18058.98886610865,
        18392.492941427226,
        19053.052953374383,
        26762.27821527123,
        27355.305935150383
    ],
    "Val_JoulesNormalized": [
        3465.2066496133803,
        3620.7477966785427,
        7085.954446291923,
        7250.930715864896,
        7414.054305231571,
        7581.120392155647,
        7654.427578872443,
        7817.271131044626,
        11282.477780658006,
        11443.025407969952
    ],
    "NrPatches": {
        "median": 3,
        "std": 0.0,
        "max": 3,
        "min": 3
    },
    "Correctness_Per_Patch": [
        "C",
        "W",
        "C",
        "W",
        "W",
        "W",
        "W",
        "W",
        "I",
        "W"
    ],
    "Correctness_Per_Patch_original": [
        "plausible",
        "wrong",
        "plausible",
        "wrong",
        "wrong",
        "wrong",
        "uncompilable",
        "wrong",
        "plausible",
        "wrong"
    ],
    "patches": [
        "    if (t.getScopeDepth() <= 1) {\n",
        "    if (t.getScopeDepth() < 2) {\n",
        "    if (t.getScopeDepth() == 1) {\n"
    ],
    "Correctness_Per_Patch_origina": [
        "plausible",
        "wrong",
        "plausible",
        "wrong",
        "wrong",
        "wrong",
        "uncompilable",
        "wrong",
        "plausible",
        "wrong"
    ]
}