{
    "Group_ID": "s_1223_1224",
    "TOOL_BUG_ID": "TBar10C-Math-65",
    "patch_correctness": true,
    "ExecutionsIds": [
        "1223",
        "1224"
    ],
    "NrExecutions": 2,
    "NrOutliers": 0,
    "SLB": {
        "median": 62.25,
        "std": 0.9192388155425097,
        "max": 62.9,
        "min": 61.6
    },
    "PowerAvg": {
        "median": 117.85,
        "std": 0.49497474683058523,
        "max": 118.2,
        "min": 117.5
    },
    "Time": {
        "median": 294.82436215877533,
        "std": 231.6748824181379,
        "max": 496.4097809791565,
        "min": 93.87790131568909
    },
    "Joules": {
        "median": 35107.32155271768,
        "std": 27699.90117131833,
        "max": 59289.18162382841,
        "min": 11163.91500095129
    },
    "JoulesNormalized": {
        "median": 16743.728766429424,
        "std": 13278.613263831317,
        "max": 28443.105488491055,
        "min": 5287.77511587143
    },
    "NrPatches": {
        "median": 40.5,
        "std": 35.21836642056717,
        "max": 71,
        "min": 10
    },
    "Joules_Per_PatchMedian": [
        1194.6329932153226,
        2286.376590287685,
        3399.0801759064198,
        4513.778443270921,
        5598.486841028928,
        6705.709124439954,
        7817.148631101845,
        8932.814800739288,
        10043.172881323098,
        11178.30505478978
    ],
    "ExecutionTime_Per_PatchMedian": [
        10.069976568222046,
        19.279825568199158,
        28.62982952594757,
        38.0291930437088,
        47.198899149894714,
        56.538880586624146,
        65.90867459774017,
        75.23894810676575,
        84.51898121833801,
        94.34882283210754
    ],
    "JoulesNormalized_Per_PatchMedian": [
        567.6665418326854,
        1086.142648565769,
        1616.7760000884532,
        2146.402699679136,
        2660.277411872148,
        3186.112016874551,
        3714.2753912150856,
        4249.1517003297795,
        4781.853838092088,
        5305.396932476759
    ],
    "Correctness_Per_Patch": [
        "W",
        "W",
        "W",
        "W",
        "W",
        "W",
        "W",
        "W",
        "W",
        "W"
    ],
    "Correctness_Per_Patch_original": [
        "uncompilable",
        "uncompilable",
        "uncompilable",
        "uncompilable",
        "uncompilable",
        "uncompilable",
        "uncompilable",
        "uncompilable",
        "uncompilable",
        "uncompilable"
    ]
}