{
    "TOOL_BUG_ID": "LlamaRepairCL7bdcuda-Closure-82",
    "Time": {
        "mean": 428.6936489343643,
        "median": 428.6936489343643,
        "std": 0,
        "max": 428.6936489343643,
        "min": 428.6936489343643,
        "count": 1
    },
    "Joules": {
        "mean": 48965.13751500844,
        "median": 48965.13751500844,
        "std": 0,
        "max": 48965.13751500844,
        "min": 48965.13751500844,
        "count": 1
    },
    "JoulesNormalized": {
        "mean": 21513.135318791865,
        "median": 21513.135318791865,
        "std": 0,
        "max": 21513.135318791865,
        "min": 21513.135318791865,
        "count": 1
    },
    "NrExecutions": 1,
    "ExecutionsIds": [
        "s4"
    ],
    "ExecutionsInferenceIds": [
        "s1_cuda",
        "s2_cuda",
        "s3_cuda",
        "s4_cuda",
        "s5_cuda"
    ],
    "NrExecutionsInference": 5,
    "ExecutionTime_Per_PatchMedian": [
        48.539353013038635,
        96.05864000320435,
        143.57792699337006,
        191.09721398353577,
        238.61650097370148,
        286.1357879638672,
        333.6550749540329,
        381.1743619441986,
        428.6936489343643
    ],
    "Joules_Per_PatchMedian": [
        6260.052267873287,
        11598.187923765181,
        16936.323579657077,
        22274.459235548973,
        27612.59489144087,
        32950.730547332765,
        38288.86620322466,
        43627.00185911655,
        48965.13751500844
    ],
    "JoulesNormalized_Per_PatchMedian": [
        2520.509887349606,
        4894.588066279888,
        7268.666245210171,
        9642.744424140454,
        12016.822603070737,
        14390.90078200102,
        16764.9789609313,
        19139.057139861583,
        21513.135318791865
    ],
    "Inf_ExecutionTime": {
        "mean": 1.078162956237793,
        "median": 1.0200660228729248,
        "std": 0.13598499048708224,
        "max": 1.320037841796875,
        "min": 1.0007898807525635,
        "count": 5
    },
    "Inf_Joules": {
        "mean": 966.3604837203027,
        "median": 921.9166119813921,
        "std": 109.61657337118342,
        "max": 1160.910915017128,
        "min": 898.0249088644981,
        "count": 5
    },
    "Inf_JoulesNormalized": {
        "mean": 149.5552594304085,
        "median": 146.43170841932294,
        "std": 7.647400214139232,
        "max": 163.09431040287018,
        "min": 144.524295949936,
        "count": 5
    },
    "Val_ExecutionTime": [
        47.51928699016571,
        95.03857398033142,
        142.55786097049713,
        190.07714796066284,
        237.59643495082855,
        285.11572194099426,
        332.63500893116,
        380.1542959213257,
        427.6735829114914
    ],
    "Val_Joules": [
        5338.135655891895,
        10676.271311783788,
        16014.406967675684,
        21352.54262356758,
        26690.678279459476,
        32028.813935351372,
        37366.94959124327,
        42705.08524713516,
        48043.22090302705
    ],
    "Val_JoulesNormalized": [
        2374.078178930283,
        4748.156357860566,
        7122.234536790848,
        9496.312715721131,
        11870.390894651415,
        14244.469073581697,
        16618.547252511977,
        18992.62543144226,
        21366.70361037254
    ],
    "NrPatches": {
        "median": 0,
        "std": 0.0,
        "max": 0,
        "min": 0
    },
    "Correctness_Per_Patch": [
        "W",
        "W",
        "W",
        "W",
        "W",
        "W",
        "W",
        "W",
        "W",
        "W"
    ],
    "Correctness_Per_Patch_original": [
        "wrong",
        "wrong",
        "wrong",
        "wrong",
        "wrong",
        "wrong",
        "wrong",
        "wrong",
        "uncompilable",
        "wrong"
    ],
    "patches": [
        "  public final boolean isEmptyType() {\n// buggy code\n//     return isNoType() || isNoObjectType() || isNoResolvedType();\n   return isNoType() || isNoObjectType();\n  }\n",
        "  public final boolean isEmptyType() {\n// buggy code\n//     return isNoType() || isNoObjectType() || isNoResolvedType();\n   return isNoType() || isNoResolvedType();\n  }\n",
        "  public final boolean isEmptyType() {\n// buggy code\n//     return isNoType() || isNoObjectType() || isNoResolvedType();\n   return isNoType() || (isNoObjectType() && isNoResolvedType());\n  }\n",
        "  public final boolean isEmptyType() {\n// buggy code\n//     return isNoType() || isNoObjectType() || isNoResolvedType();\n   return isNoObjectType() || isNoResolvedType();\n  }\n",
        "  public final boolean isEmptyType() {\n// buggy code\n//     return isNoType() || isNoObjectType() || isNoResolvedType();\n  }\n",
        "  public final boolean isEmptyType() {\n// buggy code\n//     return isNoType() || isNoObjectType() || isNoResolvedType();\n   return isNoType();\n  }\n",
        "  public final boolean isEmptyType() {\n// buggy code\n//     return isNoType() || isNoObjectType() || isNoResolvedType();\n   return isNoType() || isNoResolvedType() || isNoObjectType();\n  }\n",
        "  public final boolean isEmptyType() {\n// buggy code\n//     return isNoType() || isNoObjectType() || isNoResolvedType();\n return isNoType() || isNoObjectType() || isNoResolvedType();\n  }\n",
        "  public final boolean isEmptyType() {\n// buggy code\n//     return isNoType() || isNoObjectType() || isNoResolvedType();\n   return isNoType() && isNoObjectType() && isNoResolvedType();\n  }\n",
        "  public final boolean isEmptyType() {\n// buggy code\n//     return isNoType() || isNoObjectType() || isNoResolvedType();\n   return false;\n  }\n"
    ]
}