{
    "TOOL_BUG_ID": "codet5_large-Math-73",
    "Time": {
        "mean": 77.17299818992615,
        "median": 77.17299818992615,
        "std": 0.0,
        "max": 77.17299818992615,
        "min": 77.17299818992615,
        "count": 6
    },
    "Joules": {
        "mean": 11620.903414070608,
        "median": 11620.903414070608,
        "std": 0.0,
        "max": 11620.903414070608,
        "min": 11620.903414070608,
        "count": 6
    },
    "JoulesNormalized": {
        "mean": 4809.747037208081,
        "median": 4809.747037208081,
        "std": 0.0,
        "max": 4809.747037208081,
        "min": 4809.747037208081,
        "count": 6
    },
    "NrExecutions": 6,
    "ExecutionsIds": [
        "s0",
        "s1",
        "s2",
        "s3",
        "s4",
        "s5"
    ],
    "ExecutionsInferenceIds": [
        "s0",
        "s1"
    ],
    "NrExecutionsInference": 2,
    "ExecutionTime_Per_PatchMedian": [
        10.214046955108643,
        17.65393042564392,
        25.0938138961792,
        32.53369736671448,
        39.973580837249756,
        47.413464307785034,
        54.85334777832031,
        62.29323124885559,
        69.73311471939087,
        77.17299818992615
    ],
    "Joules_Per_PatchMedian": [
        3556.164241737127,
        4452.246371996403,
        5348.328502255678,
        6244.410632514954,
        7140.49276277423,
        8036.574893033506,
        8932.65702329278,
        9828.739153552056,
        10724.821283811332,
        11620.903414070608
    ],
    "JoulesNormalized_Per_PatchMedian": [
        971.3245424270626,
        1397.8159307360645,
        1824.3073190450664,
        2250.7987073540685,
        2677.2900956630706,
        3103.7814839720727,
        3530.272872281075,
        3956.764260590077,
        4383.255648899079,
        4809.747037208081
    ],
    "Inf_ExecutionTime": {
        "mean": 2.7741634845733643,
        "median": 2.7741634845733643,
        "std": 0.21906380851937518,
        "max": 2.929064989089966,
        "min": 2.6192619800567627,
        "count": 2
    },
    "Inf_Joules": {
        "mean": 2660.082111477852,
        "median": 2660.082111477852,
        "std": 213.715818632074,
        "max": 2811.2020160794254,
        "min": 2508.962206876278,
        "count": 2
    },
    "Inf_JoulesNormalized": {
        "mean": 544.8331541180607,
        "median": 544.8331541180607,
        "std": 30.452903148066248,
        "max": 566.3666084408756,
        "min": 523.2996997952459,
        "count": 2
    },
    "Val_ExecutionTime": [
        7.439883470535278,
        14.879766941070557,
        22.319650411605835,
        29.759533882141113,
        37.19941735267639,
        44.63930082321167,
        52.07918429374695,
        59.51906776428223,
        66.9589512348175,
        74.39883470535278
    ],
    "Val_Joules": [
        896.0821302592753,
        1792.1642605185507,
        2688.2463907778265,
        3584.3285210371023,
        4480.410651296378,
        5376.492781555654,
        6272.574911814929,
        7168.657042074205,
        8064.73917233348,
        8960.821302592756
    ],
    "Val_JoulesNormalized": [
        426.4913883090019,
        852.9827766180038,
        1279.4741649270056,
        1705.9655532360077,
        2132.4569415450096,
        2558.9483298540117,
        2985.439718163014,
        3411.931106472016,
        3838.422494781018,
        4264.91388309002
    ],
    "NrPatches": {
        "median": 0,
        "std": 0.0,
        "max": 0,
        "min": 0
    },
    "Correctness_Per_Patch": [
        "W",
        "W",
        "W",
        "W",
        "W",
        "W",
        "W",
        "W",
        "W",
        "W"
    ],
    "Correctness_Per_Patch_original": [
        "uncompilable",
        "uncompilable",
        "uncompilable",
        "wrong",
        "uncompilable",
        "uncompilable",
        "uncompilable",
        "uncompilable",
        "wrong",
        "uncompilable"
    ],
    "patches": [],
    "Correctness_Per_Patch_origina": [
        "uncompilable",
        "uncompilable",
        "uncompilable",
        "wrong",
        "uncompilable",
        "uncompilable",
        "uncompilable",
        "uncompilable",
        "wrong",
        "uncompilable"
    ]
}