{
    "TOOL_BUG_ID": "plbart_base-Lang-6",
    "Time": {
        "mean": 142.72811198234558,
        "median": 142.72811198234558,
        "std": 0.0,
        "max": 142.72811198234558,
        "min": 142.72811198234558,
        "count": 5
    },
    "Joules": {
        "mean": 13900.698057061432,
        "median": 13900.698057061432,
        "std": 0.0,
        "max": 13900.698057061432,
        "min": 13900.698057061432,
        "count": 5
    },
    "JoulesNormalized": {
        "mean": 4909.253538948296,
        "median": 4909.253538948296,
        "std": 0.0,
        "max": 4909.253538948296,
        "min": 4909.253538948296,
        "count": 5
    },
    "NrExecutions": 5,
    "ExecutionsIds": [
        "s1",
        "s2",
        "s3",
        "s4",
        "s5"
    ],
    "ExecutionsInferenceIds": [
        "s0",
        "s1"
    ],
    "NrExecutionsInference": 2,
    "ExecutionTime_Per_PatchMedian": [
        14.389812588691711,
        28.64962363243103,
        42.90943467617035,
        57.16924571990967,
        71.42905676364899,
        85.6888678073883,
        99.94867885112762,
        114.20848989486694,
        128.46830093860626,
        142.72811198234558
    ],
    "Joules_Per_PatchMedian": [
        1480.658381664753,
        2860.662790042162,
        4240.667198419571,
        5620.67160679698,
        7000.676015174389,
        8380.6804235518,
        9760.684831929208,
        11140.689240306616,
        12520.693648684024,
        13900.698057061432
    ],
    "JoulesNormalized_Per_PatchMedian": [
        494.16091060638416,
        984.7267581999299,
        1475.2926057934758,
        1965.8584533870217,
        2456.4243009805673,
        2946.990148574113,
        3437.5559961676586,
        3928.121843761204,
        4418.68769135475,
        4909.253538948296
    ],
    "Inf_ExecutionTime": {
        "mean": 0.13000154495239258,
        "median": 0.13000154495239258,
        "std": 4.5855771179852704e-05,
        "max": 0.1300339698791504,
        "min": 0.12996912002563477,
        "count": 2
    },
    "Inf_Joules": {
        "mean": 100.65397328734397,
        "median": 100.65397328734397,
        "std": 1.0351393024877127,
        "max": 101.38592730760575,
        "min": 99.9220192670822,
        "count": 2
    },
    "Inf_JoulesNormalized": {
        "mean": 3.5950630128383665,
        "median": 3.5950630128383665,
        "std": 0.30949938875788,
        "max": 3.813912129402155,
        "min": 3.376213896274578,
        "count": 2
    },
    "Val_ExecutionTime": [
        14.259811043739319,
        28.519622087478638,
        42.77943313121796,
        57.039244174957275,
        71.2990552186966,
        85.55886626243591,
        99.81867730617523,
        114.07848834991455,
        128.33829939365387,
        142.5981104373932
    ],
    "Val_Joules": [
        1380.0044083774092,
        2760.0088167548183,
        4140.013225132227,
        5520.017633509636,
        6900.022041887045,
        8280.026450264455,
        9660.030858641863,
        11040.035267019271,
        12420.03967539668,
        13800.044083774088
    ],
    "Val_JoulesNormalized": [
        490.5658475935458,
        981.1316951870915,
        1471.6975427806374,
        1962.2633903741832,
        2452.829237967729,
        2943.3950855612748,
        3433.9609331548204,
        3924.526780748366,
        4415.092628341912,
        4905.658475935458
    ],
    "NrPatches": {
        "median": 0,
        "std": 0.0,
        "max": 0,
        "min": 0
    },
    "Correctness_Per_Patch": [
        "W",
        "W",
        "W",
        "W",
        "W",
        "W",
        "W",
        "W",
        "W",
        "W"
    ],
    "Correctness_Per_Patch_original": [
        "uncompilable",
        "wrong",
        "wrong",
        "wrong",
        "uncompilable",
        "uncompilable",
        "wrong",
        "uncompilable",
        "uncompilable",
        "wrong"
    ],
    "patches": [],
    "Correctness_Per_Patch_origina": [
        "uncompilable",
        "wrong",
        "wrong",
        "wrong",
        "uncompilable",
        "uncompilable",
        "wrong",
        "uncompilable",
        "uncompilable",
        "wrong"
    ]
}