{
    "TOOL_BUG_ID": "codet5_large-Chart-8",
    "Time": {
        "mean": 103.3258683681488,
        "median": 103.3258683681488,
        "std": 0.0,
        "max": 103.3258683681488,
        "min": 103.3258683681488,
        "count": 6
    },
    "Joules": {
        "mean": 12108.428930687904,
        "median": 12108.428930687904,
        "std": 0.0,
        "max": 12108.428930687904,
        "min": 12108.428930687904,
        "count": 6
    },
    "JoulesNormalized": {
        "mean": 5005.475513339044,
        "median": 5005.475513339044,
        "std": 0.0,
        "max": 5005.475513339044,
        "min": 5005.475513339044,
        "count": 6
    },
    "NrExecutions": 6,
    "ExecutionsIds": [
        "s0",
        "s1",
        "s2",
        "s3",
        "s4",
        "s5"
    ],
    "ExecutionsInferenceIds": [
        "s0",
        "s1"
    ],
    "NrExecutionsInference": 2,
    "ExecutionTime_Per_PatchMedian": [
        10.98572039604187,
        21.245736837387085,
        31.5057532787323,
        41.765769720077515,
        52.02578616142273,
        62.285802602767944,
        72.54581904411316,
        82.80583548545837,
        93.06585192680359,
        103.3258683681488
    ],
    "Joules_Per_PatchMedian": [
        1786.1240772426129,
        2933.0468387365345,
        4079.969600230456,
        5226.892361724377,
        6373.815123218299,
        7520.73788471222,
        8667.66064620614,
        9814.583407700062,
        10961.506169193983,
        12108.428930687904
    ],
    "JoulesNormalized_Per_PatchMedian": [
        576.7429572641851,
        1068.8243523836138,
        1560.9057475030424,
        2052.9871426224713,
        2545.0685377419,
        3037.1499328613286,
        3529.231327980757,
        4021.312723100186,
        4513.394118219615,
        5005.475513339044
    ],
    "Inf_ExecutionTime": {
        "mean": 0.7257039546966553,
        "median": 0.7257039546966553,
        "std": 0.5304518059884101,
        "max": 1.100790023803711,
        "min": 0.3506178855895996,
        "count": 2
    },
    "Inf_Joules": {
        "mean": 639.2013157486915,
        "median": 639.2013157486915,
        "std": 481.73279204357647,
        "max": 979.8378397226334,
        "min": 298.5647917747497,
        "count": 2
    },
    "Inf_JoulesNormalized": {
        "mean": 84.66156214475635,
        "median": 84.66156214475635,
        "std": 74.58798835501894,
        "max": 137.40323450565347,
        "min": 31.91988978385922,
        "count": 2
    },
    "Val_ExecutionTime": [
        10.260016441345215,
        20.52003288269043,
        30.780049324035645,
        41.04006576538086,
        51.300082206726074,
        61.56009864807129,
        71.8201150894165,
        82.08013153076172,
        92.34014797210693,
        102.60016441345215
    ],
    "Val_Joules": [
        1146.9227614939214,
        2293.8455229878427,
        3440.7682844817646,
        4587.6910459756855,
        5734.613807469607,
        6881.536568963528,
        8028.459330457449,
        9175.382091951371,
        10322.304853445292,
        11469.227614939213
    ],
    "Val_JoulesNormalized": [
        492.08139511942875,
        984.1627902388575,
        1476.2441853582861,
        1968.325580477715,
        2460.4069755971436,
        2952.4883707165723,
        3444.569765836001,
        3936.6511609554295,
        4428.732556074859,
        4920.813951194287
    ],
    "NrPatches": {
        "median": 0,
        "std": 0.0,
        "max": 0,
        "min": 0
    },
    "Correctness_Per_Patch": [
        "W",
        "W",
        "W",
        "W",
        "W",
        "W",
        "W",
        "W",
        "W",
        "W"
    ],
    "Correctness_Per_Patch_original": [
        "uncompilable",
        "uncompilable",
        "wrong",
        "uncompilable",
        "uncompilable",
        "uncompilable",
        "uncompilable",
        "uncompilable",
        "uncompilable",
        "uncompilable"
    ],
    "patches": [],
    "Correctness_Per_Patch_origina": [
        "uncompilable",
        "uncompilable",
        "wrong",
        "uncompilable",
        "uncompilable",
        "uncompilable",
        "uncompilable",
        "uncompilable",
        "uncompilable",
        "uncompilable"
    ]
}