{
    "TOOL_BUG_ID": "incoder_1B-Time-15",
    "Time": {
        "mean": 38.50888373851776,
        "median": 38.66842472553253,
        "std": 1.1805936878560555,
        "max": 39.88868033885956,
        "min": 36.86891210079193,
        "count": 5
    },
    "Joules": {
        "mean": 6772.526239703893,
        "median": 6812.191043680906,
        "std": 265.46124891049294,
        "max": 7017.973673194646,
        "min": 6352.530449098349,
        "count": 5
    },
    "JoulesNormalized": {
        "mean": 4042.659390542507,
        "median": 4107.1753954648975,
        "std": 235.31389851770606,
        "max": 4202.228655350208,
        "min": 3630.047231948375,
        "count": 5
    },
    "NrExecutions": 5,
    "ExecutionsIds": [
        "s0",
        "s1",
        "s2",
        "s3",
        "s4"
    ],
    "ExecutionsInferenceIds": [
        "s0",
        "s1"
    ],
    "NrExecutionsInference": 2,
    "ExecutionTime_Per_PatchMedian": [
        4.369870543479919,
        8.369717478752136,
        12.349352478981018,
        15.388893485069275,
        19.330263018608093,
        23.33049499988556,
        27.330613017082214,
        31.310572028160095,
        35.288934111595154,
        38.66842472553253
    ],
    "Joules_Per_PatchMedian": [
        1055.2610606729982,
        1728.0869702160358,
        2393.9221100151535,
        2915.472358566523,
        3570.7700042545794,
        4244.110016328096,
        4928.6836703002455,
        5603.091145139932,
        6260.03969156146,
        6812.191043680906
    ],
    "JoulesNormalized_Per_PatchMedian": [
        496.4154081940651,
        919.1685304045677,
        1326.9244112730025,
        1653.321243929863,
        2063.6568842172624,
        2486.4883481264114,
        2920.41166151762,
        3333.2424937129017,
        3750.0427753090858,
        4107.1753954648975
    ],
    "Inf_ExecutionTime": {
        "mean": 0.38984453678131104,
        "median": 0.38984453678131104,
        "std": 0.014115991090662673,
        "max": 0.3998260498046875,
        "min": 0.37986302375793457,
        "count": 2
    },
    "Inf_Joules": {
        "mean": 385.3803457438945,
        "median": 385.3803457438945,
        "std": 14.077150249378414,
        "max": 395.3343941450119,
        "min": 375.42629734277716,
        "count": 2
    },
    "Inf_JoulesNormalized": {
        "mean": 77.81140133142466,
        "median": 77.81140133142466,
        "std": 6.645518854329948,
        "max": 82.51049277782442,
        "min": 73.1123098850249,
        "count": 2
    },
    "Val_ExecutionTime": [
        3.9800260066986084,
        7.979872941970825,
        11.959507942199707,
        14.999048948287964,
        18.940418481826782,
        22.940650463104248,
        26.940768480300903,
        30.920727491378784,
        34.89908957481384,
        38.27858018875122
    ],
    "Val_Joules": [
        669.8807149291036,
        1342.7066244721414,
        2008.5417642712591,
        2530.0920128226285,
        3185.389658510685,
        3858.729670584202,
        4543.303324556351,
        5217.710799396038,
        5874.659345817566,
        6426.810697937011
    ],
    "Val_JoulesNormalized": [
        418.6040068626404,
        841.357129073143,
        1249.113009941578,
        1575.5098425984384,
        1985.8454828858378,
        2408.6769467949866,
        2842.600260186195,
        3255.431092381477,
        3672.231373977661,
        4029.3639941334727
    ],
    "NrPatches": {
        "median": 0,
        "std": 0.0,
        "max": 0,
        "min": 0
    },
    "Correctness_Per_Patch": [
        "W",
        "W",
        "W",
        "W",
        "W",
        "W",
        "W",
        "W",
        "W",
        "W"
    ],
    "Correctness_Per_Patch_original": [
        "wrong",
        "wrong",
        "wrong",
        "wrong",
        "wrong",
        "wrong",
        "wrong",
        "wrong",
        "wrong",
        "wrong"
    ],
    "patches": [],
    "Correctness_Per_Patch_origina": [
        "wrong",
        "wrong",
        "wrong",
        "wrong",
        "wrong",
        "wrong",
        "wrong",
        "wrong",
        "wrong",
        "wrong"
    ]
}