{
    "Group_ID": "s_1223_1224",
    "TOOL_BUG_ID": "TBar10C-Closure-115",
    "patch_correctness": true,
    "ExecutionsIds": [
        "1223",
        "1224"
    ],
    "NrExecutions": 2,
    "NrOutliers": 0,
    "SLB": {
        "median": 64.35,
        "std": 0.6363961030678917,
        "max": 64.8,
        "min": 63.9
    },
    "PowerAvg": {
        "median": 114.2,
        "std": 0.42426406871192446,
        "max": 114.5,
        "min": 113.9
    },
    "Time": {
        "median": 5522.2557191848755,
        "std": 6007.998064189603,
        "max": 10725.062971830368,
        "min": 318.1939799785614
    },
    "Joules": {
        "median": 651284.7051475763,
        "std": 710437.7527767969,
        "max": 1271836.9362132067,
        "min": 37388.75282599926
    },
    "JoulesNormalized": {
        "median": 297078.9660696683,
        "std": 323818.4805780506,
        "max": 579232.5492627023,
        "min": 17056.15750536919
    },
    "NrPatches": {
        "median": 175.0,
        "std": 190.5255888325765,
        "max": 340,
        "min": 10
    },
    "Joules_Per_PatchMedian": [
        9057.074059081076,
        9380.887201040983,
        9675.80248247385,
        9972.105475848912,
        18876.957549321654,
        27786.631434577703,
        28088.948012572524,
        37075.74707224965,
        37375.20593700409,
        37697.04497924447
    ],
    "ExecutionTime_Per_PatchMedian": [
        76.86824786663055,
        79.53834128379822,
        81.92839777469635,
        84.34789645671844,
        159.9865084886551,
        235.3746279478073,
        237.85458254814148,
        313.8030605316162,
        316.23311853408813,
        318.863169670105
    ],
    "JoulesNormalized_Per_PatchMedian": [
        4110.759680128097,
        4262.675908988714,
        4403.786686396598,
        4544.349797147512,
        8581.713381659985,
        12640.058211046458,
        12782.79879488349,
        16882.110875052214,
        17025.218102812767,
        17177.898875612023
    ],
    "Correctness_Per_Patch": [
        "W",
        "W",
        "W",
        "W",
        "W",
        "W",
        "W",
        "W",
        "W",
        "W"
    ],
    "Correctness_Per_Patch_original": [
        "uncompilable",
        "uncompilable",
        "uncompilable",
        "uncompilable",
        "uncompilable",
        "uncompilable",
        "uncompilable",
        "uncompilable",
        "uncompilable",
        "uncompilable"
    ]
}