{
    "TOOL_BUG_ID": "codet5_small-Closure-97",
    "Time": {
        "mean": 365.56421744823456,
        "median": 365.56421744823456,
        "std": 0.0,
        "max": 365.56421744823456,
        "min": 365.56421744823456,
        "count": 6
    },
    "Joules": {
        "mean": 41728.0041267693,
        "median": 41728.0041267693,
        "std": 0.0,
        "max": 41728.0041267693,
        "min": 41728.0041267693,
        "count": 6
    },
    "JoulesNormalized": {
        "mean": 18475.203164166218,
        "median": 18475.203164166218,
        "std": 0.0,
        "max": 18475.203164166218,
        "min": 18475.203164166218,
        "count": 6
    },
    "NrExecutions": 6,
    "ExecutionsIds": [
        "s0",
        "s1",
        "s2",
        "s3",
        "s4",
        "s5"
    ],
    "ExecutionsInferenceIds": [
        "s0",
        "s1"
    ],
    "NrExecutionsInference": 2,
    "ExecutionTime_Per_PatchMedian": [
        36.8937029838562,
        73.4126490354538,
        109.93159508705139,
        146.450541138649,
        182.96948719024658,
        219.48843324184418,
        256.0073792934418,
        292.52632534503937,
        329.04527139663696,
        365.56421744823456
    ],
    "Joules_Per_PatchMedian": [
        4465.304752099514,
        8605.604682618381,
        12745.904613137247,
        16886.204543656113,
        21026.50447417498,
        25166.804404693845,
        29307.10433521271,
        33447.40426573157,
        37587.70419625044,
        41728.0041267693
    ],
    "JoulesNormalized_Per_PatchMedian": [
        1882.4839048504834,
        3726.1193781077873,
        5569.754851365091,
        7413.3903246223945,
        9257.025797879698,
        11100.661271137002,
        12944.296744394305,
        14787.932217651609,
        16631.567690908912,
        18475.203164166218
    ],
    "Inf_ExecutionTime": {
        "mean": 0.37475693225860596,
        "median": 0.37475693225860596,
        "std": 0.006658021952962952,
        "max": 0.37946486473083496,
        "min": 0.37004899978637695,
        "count": 2
    },
    "Inf_Joules": {
        "mean": 325.00482158064847,
        "median": 325.00482158064847,
        "std": 6.614473645874776,
        "max": 329.6819607496262,
        "min": 320.3276824116707,
        "count": 2
    },
    "Inf_JoulesNormalized": {
        "mean": 38.848431593179754,
        "median": 38.848431593179754,
        "std": 2.4313848541211,
        "max": 40.56768031120305,
        "min": 37.12918287515646,
        "count": 2
    },
    "Val_ExecutionTime": [
        36.518946051597595,
        73.03789210319519,
        109.55683815479279,
        146.07578420639038,
        182.59473025798798,
        219.11367630958557,
        255.63262236118317,
        292.15156841278076,
        328.67051446437836,
        365.18946051597595
    ],
    "Val_Joules": [
        4140.299930518866,
        8280.599861037732,
        12420.899791556598,
        16561.199722075464,
        20701.49965259433,
        24841.799583113196,
        28982.09951363206,
        33122.39944415093,
        37262.69937466979,
        41402.999305188656
    ],
    "Val_JoulesNormalized": [
        1843.6354732573036,
        3687.2709465146077,
        5530.906419771911,
        7374.541893029214,
        9218.177366286518,
        11061.812839543822,
        12905.448312801125,
        14749.083786058429,
        16592.719259315734,
        18436.35473257304
    ],
    "NrPatches": {
        "median": 0,
        "std": 0.0,
        "max": 0,
        "min": 0
    },
    "Correctness_Per_Patch": [
        "W",
        "W",
        "W",
        "W",
        "W",
        "W",
        "W",
        "W",
        "W",
        "W"
    ],
    "Correctness_Per_Patch_original": [
        "wrong",
        "wrong",
        "wrong",
        "wrong",
        "wrong",
        "wrong",
        "wrong",
        "wrong",
        "wrong",
        "uncompilable"
    ],
    "patches": [],
    "Correctness_Per_Patch_origina": [
        "wrong",
        "wrong",
        "wrong",
        "wrong",
        "wrong",
        "wrong",
        "wrong",
        "wrong",
        "wrong",
        "uncompilable"
    ]
}