{
    "TOOL_BUG_ID": "incoder_1B-Closure-36",
    "Time": {
        "mean": 37.17066367467245,
        "median": 36.284109354019165,
        "std": 2.8363759633781496,
        "max": 42.50269138813019,
        "min": 34.763957381248474,
        "count": 6
    },
    "Joules": {
        "mean": 5368.147515813509,
        "median": 4936.7610689043995,
        "std": 962.2214218596613,
        "max": 7258.091762059927,
        "min": 4748.830186969041,
        "count": 6
    },
    "JoulesNormalized": {
        "mean": 1735.8131138126057,
        "median": 1990.798047286272,
        "std": 772.3491386077383,
        "max": 2246.2880916297436,
        "min": 174.9108233034611,
        "count": 6
    },
    "NrExecutions": 6,
    "ExecutionsIds": [
        "s0",
        "s1",
        "s2",
        "s3",
        "s4",
        "s5"
    ],
    "ExecutionsInferenceIds": [
        "s0",
        "s1"
    ],
    "NrExecutionsInference": 2,
    "ExecutionTime_Per_PatchMedian": [
        2.785036087036133,
        5.7848581075668335,
        10.784726023674011,
        15.784517049789429,
        20.794634580612183,
        23.79439353942871,
        25.784696221351624,
        28.7844055891037,
        33.774320006370544,
        36.284109354019165
    ],
    "Joules_Per_PatchMedian": [
        1091.9789109230042,
        1383.5519063651561,
        1982.4051883995533,
        2580.0717665195466,
        3175.9415754914285,
        3483.167627924681,
        3731.7812165141104,
        4043.913261693716,
        4650.690896534919,
        4936.7610689043995
    ],
    "JoulesNormalized_Per_PatchMedian": [
        293.98873356580725,
        422.6726799190044,
        704.0901034474373,
        983.0985374987125,
        1257.1002458930016,
        1380.0945926606655,
        1485.6968054533004,
        1590.8384696424007,
        1867.5614335656167,
        1990.798047286272
    ],
    "Inf_ExecutionTime": {
        "mean": 0.7850505113601685,
        "median": 0.7850505113601685,
        "std": 0.0068326784931920966,
        "max": 0.7898819446563721,
        "min": 0.7802190780639648,
        "count": 2
    },
    "Inf_Joules": {
        "mean": 816.0663324058055,
        "median": 816.0663324058055,
        "std": 5.920673248536524,
        "max": 820.2528806090355,
        "min": 811.8797842025756,
        "count": 2
    },
    "Inf_JoulesNormalized": {
        "mean": 188.44779666066165,
        "median": 188.44779666066165,
        "std": 1.817681187488524,
        "max": 189.73309135437,
        "min": 187.1625019669533,
        "count": 2
    },
    "Val_ExecutionTime": [
        1.9999855756759644,
        4.999807596206665,
        9.999675512313843,
        14.99946653842926,
        20.009584069252014,
        23.009343028068542,
        24.999645709991455,
        27.99935507774353,
        32.989269495010376,
        35.499058842659
    ],
    "Val_Joules": [
        275.91257851719854,
        567.4855739593506,
        1166.3388559937478,
        1764.005434113741,
        2359.875243085623,
        2667.1012955188753,
        2915.714884108305,
        3227.846929287911,
        3834.6245641291143,
        4120.6947364985945
    ],
    "Val_JoulesNormalized": [
        105.54093690514563,
        234.22488325834277,
        515.6423067867756,
        794.6507408380509,
        1068.65244923234,
        1191.6467960000039,
        1297.2490087926387,
        1402.390672981739,
        1679.113636904955,
        1802.3502506256104
    ],
    "NrPatches": {
        "median": 0,
        "std": 0.0,
        "max": 0,
        "min": 0
    },
    "Correctness_Per_Patch": [
        "W",
        "W",
        "W",
        "W",
        "W",
        "W",
        "W",
        "W",
        "W",
        "W"
    ],
    "Correctness_Per_Patch_original": [
        "uncompilable",
        "uncompilable",
        "wrong",
        "wrong",
        "wrong",
        "uncompilable",
        "uncompilable",
        "uncompilable",
        "wrong",
        "uncompilable"
    ],
    "patches": [],
    "Correctness_Per_Patch_origina": [
        "uncompilable",
        "uncompilable",
        "wrong",
        "wrong",
        "wrong",
        "uncompilable",
        "uncompilable",
        "uncompilable",
        "wrong",
        "uncompilable"
    ]
}