{
    "TOOL_BUG_ID": "codegen_2B-Math-11",
    "Time": {
        "mean": 635.2412143945694,
        "median": 635.2412143945694,
        "std": 0.0,
        "max": 635.2412143945694,
        "min": 635.2412143945694,
        "count": 6
    },
    "Joules": {
        "mean": 73564.4060435474,
        "median": 73564.4060435474,
        "std": 0.0,
        "max": 73564.4060435474,
        "min": 73564.4060435474,
        "count": 6
    },
    "JoulesNormalized": {
        "mean": 32038.775563889747,
        "median": 32038.775563889747,
        "std": 0.0,
        "max": 32038.775563889747,
        "min": 32038.775563889747,
        "count": 6
    },
    "NrExecutions": 6,
    "ExecutionsIds": [
        "s0",
        "s1",
        "s2",
        "s3",
        "s4",
        "s5"
    ],
    "ExecutionsInferenceIds": [
        "s0",
        "s1"
    ],
    "NrExecutionsInference": 2,
    "ExecutionTime_Per_PatchMedian": [
        65.9138058423996,
        129.1724067926407,
        192.43100774288177,
        255.68960869312286,
        318.94820964336395,
        382.20681059360504,
        445.46541154384613,
        508.7240124940872,
        571.9826134443283,
        635.2412143945694
    ],
    "Joules_Per_PatchMedian": [
        9672.655597245692,
        16771.738980168102,
        23870.822363090512,
        30969.905746012922,
        38068.98912893533,
        45168.07251185774,
        52267.15589478015,
        59366.23927770257,
        66465.32266062498,
        73564.4060435474
    ],
    "JoulesNormalized_Per_PatchMedian": [
        3624.5903307557105,
        6781.722023326158,
        9938.853715896606,
        13095.985408467055,
        16253.117101037504,
        19410.248793607952,
        22567.3804861784,
        25724.51217874885,
        28881.6438713193,
        32038.775563889747
    ],
    "Inf_ExecutionTime": {
        "mean": 2.6552048921585083,
        "median": 2.6552048921585083,
        "std": 0.050785772343869,
        "max": 2.6911158561706543,
        "min": 2.6192939281463623,
        "count": 2
    },
    "Inf_Joules": {
        "mean": 2573.5722143232824,
        "median": 2573.5722143232824,
        "std": 0.5036056711917751,
        "max": 2573.928317308426,
        "min": 2573.2161113381385,
        "count": 2
    },
    "Inf_JoulesNormalized": {
        "mean": 467.45863818526277,
        "median": 467.45863818526277,
        "std": 1.3302563067844873,
        "max": 468.39927144050625,
        "min": 466.5180049300193,
        "count": 2
    },
    "Val_ExecutionTime": [
        63.25860095024109,
        126.51720190048218,
        189.77580285072327,
        253.03440380096436,
        316.29300475120544,
        379.55160570144653,
        442.8102066516876,
        506.0688076019287,
        569.3274085521698,
        632.5860095024109
    ],
    "Val_Joules": [
        7099.083382922409,
        14198.16676584482,
        21297.25014876723,
        28396.33353168964,
        35495.41691461205,
        42594.500297534454,
        49693.58368045687,
        56792.66706337928,
        63891.750446301696,
        70990.83382922411
    ],
    "Val_JoulesNormalized": [
        3157.1316925704477,
        6314.2633851408955,
        9471.395077711344,
        12628.526770281793,
        15785.658462852241,
        18942.79015542269,
        22099.921847993137,
        25257.053540563586,
        28414.185233134034,
        31571.316925704483
    ],
    "NrPatches": {
        "median": 0,
        "std": 0.0,
        "max": 0,
        "min": 0
    },
    "Correctness_Per_Patch": [
        "W",
        "W",
        "W",
        "W",
        "W",
        "W",
        "W",
        "W",
        "W",
        "W"
    ],
    "Correctness_Per_Patch_original": [
        "wrong",
        "wrong",
        "wrong",
        "uncompilable",
        "wrong",
        "wrong",
        "uncompilable",
        "wrong",
        "wrong",
        "uncompilable"
    ],
    "patches": [],
    "Correctness_Per_Patch_origina": [
        "wrong",
        "wrong",
        "wrong",
        "uncompilable",
        "wrong",
        "wrong",
        "uncompilable",
        "wrong",
        "wrong",
        "uncompilable"
    ]
}