{
    "TOOL_BUG_ID": "codet5_base-Lang-10",
    "Time": {
        "mean": 126.23207259178162,
        "median": 126.23207259178162,
        "std": 0.0,
        "max": 126.23207259178162,
        "min": 126.23207259178162,
        "count": 6
    },
    "Joules": {
        "mean": 12941.204680472612,
        "median": 12941.204680472612,
        "std": 0.0,
        "max": 12941.204680472612,
        "min": 12941.204680472612,
        "count": 6
    },
    "JoulesNormalized": {
        "mean": 4489.213988512756,
        "median": 4489.213988512756,
        "std": 0.0,
        "max": 4489.213988512756,
        "min": 4489.213988512756,
        "count": 6
    },
    "NrExecutions": 6,
    "ExecutionsIds": [
        "s1",
        "s2",
        "s3",
        "s4",
        "s5",
        "s6"
    ],
    "ExecutionsInferenceIds": [
        "s0",
        "s1"
    ],
    "NrExecutionsInference": 2,
    "ExecutionTime_Per_PatchMedian": [
        13.190195560455322,
        25.750404119491577,
        38.31061267852783,
        50.87082123756409,
        63.43102979660034,
        75.9912383556366,
        88.55144691467285,
        101.1116554737091,
        113.67186403274536,
        126.23207259178162
    ],
    "Joules_Per_PatchMedian": [
        1798.8500283360481,
        3036.8894341289997,
        4274.928839921951,
        5512.968245714903,
        6751.0076515078545,
        7989.047057300806,
        9227.086463093758,
        10465.12586888671,
        11703.16527467966,
        12941.204680472612
    ],
    "JoulesNormalized_Per_PatchMedian": [
        524.9503285706043,
        965.4240685641767,
        1405.897808557749,
        1846.3715485513212,
        2286.8452885448937,
        2727.3190285384662,
        3167.7927685320387,
        3608.2665085256112,
        4048.7402485191838,
        4489.213988512756
    ],
    "Inf_ExecutionTime": {
        "mean": 0.6299870014190674,
        "median": 0.6299870014190674,
        "std": 0.2972590251490309,
        "max": 0.8401808738708496,
        "min": 0.41979312896728516,
        "count": 2
    },
    "Inf_Joules": {
        "mean": 560.8106225430964,
        "median": 560.8106225430964,
        "std": 272.15841987780965,
        "max": 753.2556867957113,
        "min": 368.36555829048154,
        "count": 2
    },
    "Inf_JoulesNormalized": {
        "mean": 84.47658857703195,
        "median": 84.47658857703195,
        "std": 43.95632424645716,
        "max": 115.55840352773646,
        "min": 53.394773626327435,
        "count": 2
    },
    "Val_ExecutionTime": [
        12.560208559036255,
        25.12041711807251,
        37.680625677108765,
        50.24083423614502,
        62.801042795181274,
        75.36125135421753,
        87.92145991325378,
        100.48166847229004,
        113.0418770313263,
        125.60208559036255
    ],
    "Val_Joules": [
        1238.0394057929516,
        2476.078811585903,
        3714.1182173788548,
        4952.157623171806,
        6190.197028964758,
        7428.2364347577095,
        8666.275840550661,
        9904.315246343613,
        11142.354652136564,
        12380.394057929516
    ],
    "Val_JoulesNormalized": [
        440.4737399935723,
        880.9474799871447,
        1321.421219980717,
        1761.8949599742893,
        2202.3686999678616,
        2642.842439961434,
        3083.3161799550066,
        3523.789919948579,
        3964.2636599421517,
        4404.737399935724
    ],
    "NrPatches": {
        "median": 0,
        "std": 0.0,
        "max": 0,
        "min": 0
    },
    "Correctness_Per_Patch": [
        "W",
        "W",
        "W",
        "W",
        "W",
        "W",
        "W",
        "W",
        "W",
        "W"
    ],
    "Correctness_Per_Patch_original": [
        "timeout",
        "timeout",
        "timeout",
        "timeout",
        "timeout",
        "timeout",
        "timeout",
        "uncompilable",
        "timeout",
        "timeout"
    ],
    "patches": [],
    "Correctness_Per_Patch_origina": [
        "timeout",
        "timeout",
        "timeout",
        "timeout",
        "timeout",
        "timeout",
        "timeout",
        "uncompilable",
        "timeout",
        "timeout"
    ]
}