{
    "TOOL_BUG_ID": "incoder_6B-Mockito-38",
    "Time": {
        "mean": 88.28265917301178,
        "median": 88.28265917301178,
        "std": 0.0,
        "max": 88.28265917301178,
        "min": 88.28265917301178,
        "count": 5
    },
    "Joules": {
        "mean": 12416.556164866684,
        "median": 12416.556164866684,
        "std": 0.0,
        "max": 12416.556164866684,
        "min": 12416.556164866684,
        "count": 5
    },
    "JoulesNormalized": {
        "mean": 6094.507781046628,
        "median": 6094.507781046628,
        "std": 0.0,
        "max": 6094.507781046628,
        "min": 6094.507781046628,
        "count": 5
    },
    "NrExecutions": 5,
    "ExecutionsIds": [
        "s0",
        "s1",
        "s2",
        "s3",
        "s4"
    ],
    "ExecutionsInferenceIds": [
        "s0",
        "s1"
    ],
    "NrExecutionsInference": 2,
    "ExecutionTime_Per_PatchMedian": [
        9.629067420959473,
        18.36835539340973,
        27.107643365859985,
        35.84693133831024,
        44.5862193107605,
        53.325507283210754,
        62.06479525566101,
        70.80408322811127,
        79.54337120056152,
        88.28265917301178
    ],
    "Joules_Per_PatchMedian": [
        2112.785642379522,
        3257.6490337669848,
        4402.512425154448,
        5547.37581654191,
        6692.239207929373,
        7837.102599316836,
        8981.965990704299,
        10126.82938209176,
        11271.692773479223,
        12416.556164866684
    ],
    "JoulesNormalized_Per_PatchMedian": [
        765.7496477484702,
        1357.833884781599,
        1949.9181218147278,
        2542.0023588478566,
        3134.0865958809854,
        3726.1708329141143,
        4318.255069947243,
        4910.3393069803715,
        5502.4235440135,
        6094.507781046628
    ],
    "Inf_ExecutionTime": {
        "mean": 0.8897794485092163,
        "median": 0.8897794485092163,
        "std": 0.678506435549237,
        "max": 1.369555950164795,
        "min": 0.4100029468536377,
        "count": 2
    },
    "Inf_Joules": {
        "mean": 967.9222509920596,
        "median": 967.9222509920596,
        "std": 742.7699005995519,
        "max": 1493.1398845672607,
        "min": 442.7046174168587,
        "count": 2
    },
    "Inf_JoulesNormalized": {
        "mean": 173.66541071534152,
        "median": 173.66541071534152,
        "std": 138.9343670628066,
        "max": 271.906843805313,
        "min": 75.42397762537007,
        "count": 2
    },
    "Val_ExecutionTime": [
        8.739287972450256,
        17.478575944900513,
        26.21786391735077,
        34.957151889801025,
        43.69643986225128,
        52.43572783470154,
        61.175015807151794,
        69.91430377960205,
        78.65359175205231,
        87.39287972450256
    ],
    "Val_Joules": [
        1144.8633913874623,
        2289.726782774925,
        3434.590174162388,
        4579.453565549851,
        5724.316956937313,
        6869.180348324777,
        8014.043739712239,
        9158.9071310997,
        10303.770522487162,
        11448.633913874624
    ],
    "Val_JoulesNormalized": [
        592.0842370331287,
        1184.1684740662574,
        1776.2527110993863,
        2368.3369481325153,
        2960.4211851656437,
        3552.505422198773,
        4144.589659231901,
        4736.67389626503,
        5328.758133298158,
        5920.8423703312865
    ],
    "NrPatches": {
        "median": 1,
        "std": 0.0,
        "max": 1,
        "min": 1
    },
    "Correctness_Per_Patch": [
        "W",
        "W",
        "C",
        "W",
        "W",
        "W",
        "W",
        "W",
        "W",
        "W"
    ],
    "Correctness_Per_Patch_original": [
        "wrong",
        "wrong",
        "plausible",
        "uncompilable",
        "wrong",
        "wrong",
        "uncompilable",
        "wrong",
        "wrong",
        "wrong"
    ],
    "patches": [
        "    return StringDescription.toString(m).equals(String.valueOf(arg));\n"
    ],
    "Correctness_Per_Patch_origina": [
        "wrong",
        "wrong",
        "plausible",
        "uncompilable",
        "wrong",
        "wrong",
        "uncompilable",
        "wrong",
        "wrong",
        "wrong"
    ]
}