{
    "TOOL_BUG_ID": "codet5_large-Lang-21",
    "Time": {
        "mean": 90.71814370155334,
        "median": 90.71814370155334,
        "std": 0.0,
        "max": 90.71814370155334,
        "min": 90.71814370155334,
        "count": 6
    },
    "Joules": {
        "mean": 9288.614300209283,
        "median": 9288.614300209283,
        "std": 0.0,
        "max": 9288.614300209283,
        "min": 9288.614300209283,
        "count": 6
    },
    "JoulesNormalized": {
        "mean": 2250.869815260172,
        "median": 2250.869815260172,
        "std": 0.0,
        "max": 2250.869815260172,
        "min": 2250.869815260172,
        "count": 6
    },
    "NrExecutions": 6,
    "ExecutionsIds": [
        "s0",
        "s1",
        "s2",
        "s3",
        "s4",
        "s5"
    ],
    "ExecutionsInferenceIds": [
        "s0",
        "s1"
    ],
    "NrExecutionsInference": 2,
    "ExecutionTime_Per_PatchMedian": [
        10.624002933502197,
        19.523351907730103,
        28.422700881958008,
        37.32204985618591,
        46.22139883041382,
        55.120747804641724,
        64.02009677886963,
        72.91944575309753,
        81.81879472732544,
        90.71814370155334
    ],
    "Joules_Per_PatchMedian": [
        2393.970664459467,
        3160.04217954278,
        3926.113694626093,
        4692.185209709406,
        5458.256724792719,
        6224.328239876032,
        6990.399754959345,
        7756.471270042658,
        8522.54278512597,
        9288.614300209283
    ],
    "JoulesNormalized_Per_PatchMedian": [
        511.3396643221379,
        704.6207922041417,
        897.9019200861455,
        1091.1830479681494,
        1284.4641758501532,
        1477.745303732157,
        1671.0264316141609,
        1864.3075594961647,
        2057.5886873781683,
        2250.869815260172
    ],
    "Inf_ExecutionTime": {
        "mean": 1.724653959274292,
        "median": 1.724653959274292,
        "std": 0.4876124004627851,
        "max": 2.0694479942321777,
        "min": 1.3798599243164062,
        "count": 2
    },
    "Inf_Joules": {
        "mean": 1627.8991493761541,
        "median": 1627.8991493761541,
        "std": 448.3699620473352,
        "max": 1944.9445900201797,
        "min": 1310.8537087321283,
        "count": 2
    },
    "Inf_JoulesNormalized": {
        "mean": 318.05853644013405,
        "median": 318.05853644013405,
        "std": 85.29676641635149,
        "max": 378.37245838642116,
        "min": 257.74461449384694,
        "count": 2
    },
    "Val_ExecutionTime": [
        8.899348974227905,
        17.79869794845581,
        26.698046922683716,
        35.59739589691162,
        44.496744871139526,
        53.39609384536743,
        62.29544281959534,
        71.19479179382324,
        80.09414076805115,
        88.99348974227905
    ],
    "Val_Joules": [
        766.071515083313,
        1532.143030166626,
        2298.214545249939,
        3064.286060333252,
        3830.357575416565,
        4596.429090499878,
        5362.500605583191,
        6128.572120666504,
        6894.643635749816,
        7660.715150833129
    ],
    "Val_JoulesNormalized": [
        193.28112788200383,
        386.56225576400766,
        579.8433836460115,
        773.1245115280153,
        966.4056394100191,
        1159.686767292023,
        1352.9678951740268,
        1546.2490230560306,
        1739.5301509380342,
        1932.8112788200378
    ],
    "NrPatches": {
        "median": 1,
        "std": 0.0,
        "max": 1,
        "min": 1
    },
    "Correctness_Per_Patch": [
        "W",
        "W",
        "I",
        "W",
        "W",
        "W",
        "W",
        "W",
        "W",
        "W"
    ],
    "Correctness_Per_Patch_original": [
        "uncompilable",
        "uncompilable",
        "plausible",
        "uncompilable",
        "uncompilable",
        "uncompilable",
        "uncompilable",
        "uncompilable",
        "uncompilable",
        "uncompilable"
    ],
    "patches": [
        "            cal1.get(Calendar.HOUR_OF_DAY) == cal2.get(Calendar.HOUR_OF_DAY) && cal1.get(Calendar.MINUTE) == cal2.get(Calendar.MINUTE) && cal1.get(Calendar.HOUR_OF_DAY) == cal2.get(Calendar.HOUR_OF_DAY) && cal1.get(Calendar.DAY_OF_YEAR) == cal2.get(Calendar.DAY_OF_YEAR) && cal1.get(Calendar.ERA) == cal2.get(Calendar.ERA) &&"
    ],
    "Correctness_Per_Patch_origina": [
        "uncompilable",
        "uncompilable",
        "plausible",
        "uncompilable",
        "uncompilable",
        "uncompilable",
        "uncompilable",
        "uncompilable",
        "uncompilable",
        "uncompilable"
    ]
}