{
    "TOOL_BUG_ID": "codet5_large-Closure-20",
    "Time": {
        "mean": 140.42006188631058,
        "median": 50.351069927215576,
        "std": 202.94551975224954,
        "max": 552.9286466836929,
        "min": 46.80007255077362,
        "count": 6
    },
    "Joules": {
        "mean": 17741.963220905265,
        "median": 6915.703011244535,
        "std": 24450.276187933563,
        "max": 67475.58323462606,
        "min": 6486.796747177838,
        "count": 6
    },
    "JoulesNormalized": {
        "mean": 7084.348301327229,
        "median": 1893.9043662190438,
        "std": 12044.169397931755,
        "max": 31432.78862719536,
        "min": 983.1723361730574,
        "count": 6
    },
    "NrExecutions": 6,
    "ExecutionsIds": [
        "s0",
        "s1",
        "s2",
        "s3",
        "s4",
        "s5"
    ],
    "ExecutionsInferenceIds": [
        "s0",
        "s1"
    ],
    "NrExecutionsInference": 2,
    "ExecutionTime_Per_PatchMedian": [
        5.840689659118652,
        10.839956283569336,
        15.83985722064972,
        20.830182790756226,
        23.320070147514343,
        28.310755252838135,
        33.29979062080383,
        38.30081129074097,
        43.28965663909912,
        50.351069927215576
    ],
    "Joules_Per_PatchMedian": [
        1415.0237220585345,
        2066.5801329672336,
        2716.6691863477226,
        3369.4203092813486,
        3675.5530872225754,
        4300.468010395765,
        4952.540270096063,
        5606.544779407977,
        6256.588599789142,
        6915.703011244535
    ],
    "JoulesNormalized_Per_PatchMedian": [
        308.84645057916646,
        491.55966230630884,
        668.9572236180306,
        845.2553497433663,
        926.3936712801458,
        1107.2771141052247,
        1283.886103475094,
        1463.3448393046856,
        1545.6910548031333,
        1893.9043662190438
    ],
    "Inf_ExecutionTime": {
        "mean": 0.8404611349105835,
        "median": 0.8404611349105835,
        "std": 0.4948800344326096,
        "max": 1.1903941631317139,
        "min": 0.4905281066894531,
        "count": 2
    },
    "Inf_Joules": {
        "mean": 766.7433411061763,
        "median": 766.7433411061763,
        "std": 458.3112151710797,
        "max": 1090.8183092474937,
        "min": 442.66837296485903,
        "count": 2
    },
    "Inf_JoulesNormalized": {
        "mean": 131.71082239151002,
        "median": 131.71082239151002,
        "std": 81.91066356332892,
        "max": 189.63040804862976,
        "min": 73.79123673439028,
        "count": 2
    },
    "Val_ExecutionTime": [
        5.000228524208069,
        9.999495148658752,
        14.999396085739136,
        19.989721655845642,
        22.47960901260376,
        27.47029411792755,
        32.45932948589325,
        37.46035015583038,
        42.44919550418854,
        49.51060879230499
    ],
    "Val_Joules": [
        648.2803809523583,
        1299.8367918610572,
        1949.9258452415463,
        2602.676968175172,
        2908.8097461163993,
        3533.7246692895883,
        4185.7969289898865,
        4839.801438301801,
        5489.845258682965,
        6148.95967013836
    ],
    "Val_JoulesNormalized": [
        177.1356281876564,
        359.8488399147988,
        537.2464012265207,
        713.5445273518563,
        794.6828488886357,
        975.5662917137147,
        1152.175281083584,
        1331.6340169131759,
        1413.980232411623,
        1762.1935438275336
    ],
    "NrPatches": {
        "median": 0,
        "std": 0.0,
        "max": 0,
        "min": 0
    },
    "Correctness_Per_Patch": [
        "W",
        "W",
        "W",
        "W",
        "W",
        "W",
        "W",
        "W",
        "W",
        "W"
    ],
    "Correctness_Per_Patch_original": [
        "wrong",
        "wrong",
        "wrong",
        "wrong",
        "uncompilable",
        "wrong",
        "wrong",
        "wrong",
        "wrong",
        "wrong"
    ],
    "patches": [],
    "Correctness_Per_Patch_origina": [
        "wrong",
        "wrong",
        "wrong",
        "wrong",
        "uncompilable",
        "wrong",
        "wrong",
        "wrong",
        "wrong",
        "wrong"
    ]
}