{
    "TOOL_BUG_ID": "codegen_350M-Chart-12",
    "Time": {
        "mean": 102.43619859218597,
        "median": 102.43619859218597,
        "std": 0.0,
        "max": 102.43619859218597,
        "min": 102.43619859218597,
        "count": 6
    },
    "Joules": {
        "mean": 11781.356345641612,
        "median": 11781.356345641612,
        "std": 0.0,
        "max": 11781.356345641612,
        "min": 11781.356345641612,
        "count": 6
    },
    "JoulesNormalized": {
        "mean": 4961.900802719593,
        "median": 4961.900802719593,
        "std": 0.0,
        "max": 4961.900802719593,
        "min": 4961.900802719593,
        "count": 6
    },
    "NrExecutions": 6,
    "ExecutionsIds": [
        "s0",
        "s1",
        "s2",
        "s3",
        "s4",
        "s5"
    ],
    "ExecutionsInferenceIds": [
        "s0",
        "s1"
    ],
    "NrExecutionsInference": 2,
    "ExecutionTime_Per_PatchMedian": [
        10.635055541992188,
        20.835182547569275,
        31.035309553146362,
        41.23543655872345,
        51.43556356430054,
        61.635690569877625,
        71.83581757545471,
        82.0359445810318,
        92.23607158660889,
        102.43619859218597
    ],
    "Joules_Per_PatchMedian": [
        1508.2046394944189,
        2649.6659401774405,
        3791.127240860462,
        4932.588541543483,
        6074.049842226505,
        7215.511142909526,
        8356.972443592547,
        9498.433744275568,
        10639.89504495859,
        11781.356345641612
    ],
    "JoulesNormalized_Per_PatchMedian": [
        534.5612143993377,
        1026.4878353238105,
        1518.4144562482834,
        2010.3410771727563,
        2502.267698097229,
        2994.194319021702,
        3486.120939946175,
        3978.047560870648,
        4469.974181795121,
        4961.900802719593
    ],
    "Inf_ExecutionTime": {
        "mean": 0.4349285364151001,
        "median": 0.4349285364151001,
        "std": 0.6150818348613151,
        "max": 0.8698570728302002,
        "min": 0,
        "count": 2
    },
    "Inf_Joules": {
        "mean": 366.7433388113975,
        "median": 366.7433388113975,
        "std": 518.6534036570695,
        "max": 733.486677622795,
        "min": 0,
        "count": 2
    },
    "Inf_JoulesNormalized": {
        "mean": 42.634593474864914,
        "median": 42.634593474864914,
        "std": 60.29442031841742,
        "max": 85.26918694972983,
        "min": 0,
        "count": 2
    },
    "Val_ExecutionTime": [
        10.200127005577087,
        20.400254011154175,
        30.600381016731262,
        40.80050802230835,
        51.00063502788544,
        61.200762033462524,
        71.40088903903961,
        81.6010160446167,
        91.80114305019379,
        102.00127005577087
    ],
    "Val_Joules": [
        1141.4613006830214,
        2282.9226013660427,
        3424.383902049064,
        4565.845202732085,
        5707.306503415107,
        6848.767804098128,
        7990.2291047811495,
        9131.69040546417,
        10273.151706147193,
        11414.613006830215
    ],
    "Val_JoulesNormalized": [
        491.9266209244728,
        983.8532418489456,
        1475.7798627734185,
        1967.7064836978914,
        2459.633104622364,
        2951.5597255468374,
        3443.48634647131,
        3935.412967395783,
        4427.339588320256,
        4919.266209244728
    ],
    "NrPatches": {
        "median": 1,
        "std": 0.0,
        "max": 1,
        "min": 1
    },
    "Correctness_Per_Patch": [
        "W",
        "W",
        "W",
        "W",
        "C",
        "W",
        "W",
        "W",
        "W",
        "W"
    ],
    "Correctness_Per_Patch_original": [
        "uncompilable",
        "uncompilable",
        "wrong",
        "uncompilable",
        "plausible",
        "uncompilable",
        "uncompilable",
        "uncompilable",
        "uncompilable",
        "uncompilable"
    ],
    "patches": [
        "    setDataset(dataset);\n"
    ],
    "Correctness_Per_Patch_origina": [
        "uncompilable",
        "uncompilable",
        "wrong",
        "uncompilable",
        "plausible",
        "uncompilable",
        "uncompilable",
        "uncompilable",
        "uncompilable",
        "uncompilable"
    ]
}