{
    "TOOL_BUG_ID": "codegen_6B-Closure-52",
    "Time": {
        "mean": 48.46663518746694,
        "median": 48.99308919906616,
        "std": 1.7643859864230227,
        "max": 50.81331968307495,
        "min": 46.133776903152466,
        "count": 6
    },
    "Joules": {
        "mean": 8145.946464876333,
        "median": 8407.485148870943,
        "std": 1335.0261390062915,
        "max": 9384.937055420876,
        "min": 6358.557530438899,
        "count": 6
    },
    "JoulesNormalized": {
        "mean": 1144.3628886342046,
        "median": 888.8212443470951,
        "std": 734.7210830079775,
        "max": 2545.8409619450567,
        "min": 617.5386420488354,
        "count": 6
    },
    "NrExecutions": 6,
    "ExecutionsIds": [
        "s0",
        "s1",
        "s2",
        "s3",
        "s4",
        "s5"
    ],
    "ExecutionsInferenceIds": [
        "s0",
        "s1"
    ],
    "NrExecutionsInference": 2,
    "ExecutionTime_Per_PatchMedian": [
        6.094762563705444,
        11.094449996948242,
        16.09468650817871,
        21.09474754333496,
        26.07460927963257,
        31.07431983947754,
        36.04335260391235,
        41.04358506202698,
        46.543235659599304,
        48.99308919906616
    ],
    "Joules_Per_PatchMedian": [
        1992.0385254859923,
        2788.613602173328,
        3530.027828288078,
        4317.74096634984,
        5072.192651754618,
        5822.440310955048,
        6574.793496048449,
        7311.245527124403,
        8054.191206306217,
        8407.485148870943
    ],
    "JoulesNormalized_Per_PatchMedian": [
        282.89879910945876,
        352.98243166208255,
        426.23845857381804,
        498.1580368876455,
        573.5892260968683,
        638.9256047189233,
        712.0546167910096,
        785.186294096708,
        857.2926291942592,
        888.8212443470951
    ],
    "Inf_ExecutionTime": {
        "mean": 1.0944395065307617,
        "median": 1.0944395065307617,
        "std": 1.5477711933327207,
        "max": 2.1888790130615234,
        "min": 0.0,
        "count": 2
    },
    "Inf_Joules": {
        "mean": 1190.3454119324683,
        "median": 1190.3454119324683,
        "std": 1683.4026254634853,
        "max": 2380.6908238649366,
        "min": 0.0,
        "count": 2
    },
    "Inf_JoulesNormalized": {
        "mean": 210.6031656861304,
        "median": 210.6031656861304,
        "std": 297.83785319203366,
        "max": 421.2063313722608,
        "min": 0.0,
        "count": 2
    },
    "Val_ExecutionTime": [
        5.000323057174683,
        10.00001049041748,
        15.00024700164795,
        20.0003080368042,
        24.980169773101807,
        29.979880332946777,
        34.94891309738159,
        39.949145555496216,
        45.44879615306854,
        47.8986496925354
    ],
    "Val_Joules": [
        801.693113553524,
        1598.26819024086,
        2339.6824163556093,
        3127.395554417372,
        3881.8472398221493,
        4632.09489902258,
        5384.448084115981,
        6120.900115191936,
        6863.845794373749,
        7217.139736938475
    ],
    "Val_JoulesNormalized": [
        72.29563342332835,
        142.37926597595214,
        215.63529288768763,
        287.5548712015151,
        362.9860604107378,
        428.3224390327929,
        501.4514511048792,
        574.5831284105775,
        646.6894635081289,
        678.2180786609647
    ],
    "NrPatches": {
        "median": 0,
        "std": 0.0,
        "max": 0,
        "min": 0
    },
    "Correctness_Per_Patch": [
        "W",
        "W",
        "W",
        "W",
        "W",
        "W",
        "W",
        "W",
        "W",
        "W"
    ],
    "Correctness_Per_Patch_original": [
        "wrong",
        "wrong",
        "wrong",
        "wrong",
        "wrong",
        "wrong",
        "wrong",
        "wrong",
        "wrong",
        "uncompilable"
    ],
    "patches": [],
    "Correctness_Per_Patch_origina": [
        "wrong",
        "wrong",
        "wrong",
        "wrong",
        "wrong",
        "wrong",
        "wrong",
        "wrong",
        "wrong",
        "uncompilable"
    ]
}