{
    "TOOL_BUG_ID": "incoder_6B-Math-75",
    "Time": {
        "mean": 74.42030656337738,
        "median": 74.42030656337738,
        "std": 0.0,
        "max": 74.42030656337738,
        "min": 74.42030656337738,
        "count": 5
    },
    "Joules": {
        "mean": 10297.066080874203,
        "median": 10297.066080874203,
        "std": 0.0,
        "max": 10297.066080874203,
        "min": 10297.066080874203,
        "count": 5
    },
    "JoulesNormalized": {
        "mean": 4547.9889792144295,
        "median": 4547.9889792144295,
        "std": 0.0,
        "max": 4547.9889792144295,
        "min": 4547.9889792144295,
        "count": 5
    },
    "NrExecutions": 5,
    "ExecutionsIds": [
        "s0",
        "s1",
        "s2",
        "s3",
        "s4"
    ],
    "ExecutionsInferenceIds": [
        "s0",
        "s1"
    ],
    "NrExecutionsInference": 2,
    "ExecutionTime_Per_PatchMedian": [
        8.535595059394836,
        15.856118559837341,
        23.176642060279846,
        30.49716556072235,
        37.817689061164856,
        45.13821256160736,
        52.458736062049866,
        59.77925956249237,
        67.09978306293488,
        74.42030656337738
    ],
    "Joules_Per_PatchMedian": [
        2297.6197325825688,
        3186.447104614973,
        4075.274476647377,
        4964.101848679781,
        5852.929220712185,
        6741.756592744589,
        7630.5839647769935,
        8519.411336809397,
        9408.2387088418,
        10297.066080874203
    ],
    "JoulesNormalized_Per_PatchMedian": [
        739.2256051003933,
        1162.4215355575084,
        1585.6174660146235,
        2008.8133964717385,
        2432.0093269288536,
        2855.2052573859687,
        3278.401187843084,
        3701.597118300199,
        4124.793048757314,
        4547.9889792144295
    ],
    "Inf_ExecutionTime": {
        "mean": 1.2150715589523315,
        "median": 1.2150715589523315,
        "std": 0.30348950947069936,
        "max": 1.429671049118042,
        "min": 1.000472068786621,
        "count": 2
    },
    "Inf_Joules": {
        "mean": 1408.792360550165,
        "median": 1408.792360550165,
        "std": 359.4815068909634,
        "max": 1662.984171783924,
        "min": 1154.6005493164064,
        "count": 2
    },
    "Inf_JoulesNormalized": {
        "mean": 316.0296746432781,
        "median": 316.0296746432781,
        "std": 97.94486828090595,
        "max": 385.2871551871299,
        "min": 246.77219409942632,
        "count": 2
    },
    "Val_ExecutionTime": [
        7.320523500442505,
        14.64104700088501,
        21.961570501327515,
        29.28209400177002,
        36.602617502212524,
        43.92314100265503,
        51.243664503097534,
        58.56418800354004,
        65.88471150398254,
        73.20523500442505
    ],
    "Val_Joules": [
        888.8273720324037,
        1777.6547440648078,
        2666.482116097212,
        3555.309488129616,
        4444.13686016202,
        5332.964232194425,
        6221.791604226828,
        7110.618976259231,
        7999.446348291634,
        8888.273720324038
    ],
    "Val_JoulesNormalized": [
        423.1959304571152,
        846.3918609142303,
        1269.5877913713452,
        1692.7837218284603,
        2115.9796522855754,
        2539.1755827426905,
        2962.3715131998056,
        3385.5674436569207,
        3808.7633741140357,
        4231.959304571152
    ],
    "NrPatches": {
        "median": 1,
        "std": 0.0,
        "max": 1,
        "min": 1
    },
    "Correctness_Per_Patch": [
        "W",
        "W",
        "W",
        "W",
        "C",
        "W",
        "W",
        "W",
        "W",
        "W"
    ],
    "Correctness_Per_Patch_original": [
        "wrong",
        "wrong",
        "wrong",
        "uncompilable",
        "plausible",
        "wrong",
        "wrong",
        "wrong",
        "wrong",
        "uncompilable"
    ],
    "patches": [
        "    return getPct((Comparable<?>) v);\n"
    ],
    "Correctness_Per_Patch_origina": [
        "wrong",
        "wrong",
        "wrong",
        "uncompilable",
        "plausible",
        "wrong",
        "wrong",
        "wrong",
        "wrong",
        "uncompilable"
    ]
}