{
    "TOOL_BUG_ID": "plbart_large-Chart-20",
    "Time": {
        "mean": 81.8487900018692,
        "median": 99.72049605846405,
        "std": 39.96234961644078,
        "max": 99.72049605846405,
        "min": 10.361965775489807,
        "count": 5
    },
    "Joules": {
        "mean": 9274.430570882561,
        "median": 11296.162583059075,
        "std": 4520.730211514117,
        "max": 11296.162583059075,
        "min": 1187.502522176504,
        "count": 5
    },
    "JoulesNormalized": {
        "mean": 3922.843234735727,
        "median": 4804.414867049455,
        "std": 1971.2540968889466,
        "max": 4804.414867049455,
        "min": 396.5567054808139,
        "count": 5
    },
    "NrExecutions": 5,
    "ExecutionsIds": [
        "s1",
        "s2",
        "s3",
        "s4",
        "s5"
    ],
    "ExecutionsInferenceIds": [
        "s0",
        "s1"
    ],
    "NrExecutionsInference": 2,
    "ExecutionTime_Per_PatchMedian": [
        10.174370884895325,
        20.123940348625183,
        30.07350981235504,
        40.0230792760849,
        49.97264873981476,
        59.92221820354462,
        69.87178766727448,
        79.82135713100433,
        89.77092659473419,
        99.72049605846405
    ],
    "Joules_Per_PatchMedian": [
        1290.1100719392298,
        2401.893684285879,
        3513.677296632528,
        4625.4609089791775,
        5737.244521325827,
        6849.0281336724765,
        7960.811746019126,
        9072.595358365776,
        10184.378970712425,
        11296.162583059075
    ],
    "JoulesNormalized_Per_PatchMedian": [
        490.17611232399935,
        969.5359739601611,
        1448.8958355963227,
        1928.2556972324846,
        2407.6155588686465,
        2886.9754205048084,
        3366.3352821409703,
        3845.695143777132,
        4325.055005413294,
        4804.414867049455
    ],
    "Inf_ExecutionTime": {
        "mean": 0.2248014211654663,
        "median": 0.2248014211654663,
        "std": 0.007347544394601178,
        "max": 0.229996919631958,
        "min": 0.2196059226989746,
        "count": 2
    },
    "Inf_Joules": {
        "mean": 178.32645959258076,
        "median": 178.32645959258076,
        "std": 3.7367778330262076,
        "max": 180.96876053810118,
        "min": 175.68415864706037,
        "count": 2
    },
    "Inf_JoulesNormalized": {
        "mean": 10.816250687837552,
        "median": 10.816250687837552,
        "std": 0.35890663883941826,
        "max": 11.070036005973776,
        "min": 10.562465369701329,
        "count": 2
    },
    "Val_ExecutionTime": [
        9.949569463729858,
        19.899138927459717,
        29.848708391189575,
        39.798277854919434,
        49.74784731864929,
        59.69741678237915,
        69.64698624610901,
        79.59655570983887,
        89.54612517356873,
        99.49569463729858
    ],
    "Val_Joules": [
        1111.783612346649,
        2223.567224693298,
        3335.3508370399472,
        4447.134449386596,
        5558.918061733246,
        6670.701674079895,
        7782.485286426545,
        8894.268898773194,
        10006.052511119844,
        11117.836123466494
    ],
    "Val_JoulesNormalized": [
        479.3598616361618,
        958.7197232723236,
        1438.0795849084852,
        1917.4394465446471,
        2396.799308180809,
        2876.159169816971,
        3355.519031453133,
        3834.8788930892947,
        4314.238754725456,
        4793.598616361617
    ],
    "NrPatches": {
        "median": 0,
        "std": 0.0,
        "max": 0,
        "min": 0
    },
    "Correctness_Per_Patch": [
        "W",
        "W",
        "W",
        "W",
        "W",
        "W",
        "W",
        "W",
        "W",
        "W"
    ],
    "Correctness_Per_Patch_original": [
        "uncompilable",
        "uncompilable",
        "uncompilable",
        "uncompilable",
        "wrong",
        "uncompilable",
        "uncompilable",
        "uncompilable",
        "uncompilable",
        "uncompilable"
    ],
    "patches": [],
    "Correctness_Per_Patch_origina": [
        "uncompilable",
        "uncompilable",
        "uncompilable",
        "uncompilable",
        "wrong",
        "uncompilable",
        "uncompilable",
        "uncompilable",
        "uncompilable",
        "uncompilable"
    ]
}