{
    "TOOL_BUG_ID": "codet5_small-Closure-55",
    "Time": {
        "mean": 189.51176249980927,
        "median": 28.339303731918335,
        "std": 250.82678007373343,
        "max": 513.3266010284424,
        "min": 26.699684381484985,
        "count": 6
    },
    "Joules": {
        "mean": 22455.714717332517,
        "median": 3810.0052737772467,
        "std": 29394.037680035282,
        "max": 60401.311889743796,
        "min": 3139.5785992741585,
        "count": 6
    },
    "JoulesNormalized": {
        "mean": 9966.956969134013,
        "median": 1371.3969617187977,
        "std": 14031.52854374241,
        "max": 28073.834176504613,
        "min": 415.5652814388276,
        "count": 6
    },
    "NrExecutions": 6,
    "ExecutionsIds": [
        "s0",
        "s1",
        "s2",
        "s3",
        "s4",
        "s5"
    ],
    "ExecutionsInferenceIds": [
        "s0",
        "s1"
    ],
    "NrExecutionsInference": 2,
    "ExecutionTime_Per_PatchMedian": [
        3.1200495958328247,
        5.609873414039612,
        7.599669933319092,
        9.589483976364136,
        12.06942343711853,
        14.559670567512512,
        19.54928958415985,
        22.039673447608948,
        27.029385328292847,
        28.339303731918335
    ],
    "Joules_Per_PatchMedian": [
        495.9898133397103,
        823.2077451288701,
        1085.7130741119386,
        1344.2487989664078,
        1672.5159393310548,
        1997.7155949950218,
        2652.6419028401374,
        2971.0550703465938,
        3631.5607987105845,
        3810.0052737772467
    ],
    "JoulesNormalized_Per_PatchMedian": [
        127.57745336890221,
        238.24852707982066,
        344.52829383611686,
        449.5059054911137,
        555.517344903946,
        665.9680773496627,
        914.4397159993649,
        1010.5552055180074,
        1270.7504441380502,
        1371.3969617187977
    ],
    "Inf_ExecutionTime": {
        "mean": 0.14007949829101562,
        "median": 0.14007949829101562,
        "std": 0.1843236785783916,
        "max": 0.2704160213470459,
        "min": 0.009742975234985352,
        "count": 2
    },
    "Inf_Joules": {
        "mean": 115.36793718338012,
        "median": 115.36793718338012,
        "std": 152.8608737197314,
        "max": 223.4568975687027,
        "min": 7.278976798057556,
        "count": 2
    },
    "Inf_JoulesNormalized": {
        "mean": 9.521184110641485,
        "median": 9.521184110641485,
        "std": 13.513212966123538,
        "max": 19.07646863460542,
        "min": -0.03410041332244784,
        "count": 2
    },
    "Val_ExecutionTime": [
        2.979970097541809,
        5.469793915748596,
        7.459590435028076,
        9.44940447807312,
        11.929343938827515,
        14.419591069221497,
        19.409210085868835,
        21.899593949317932,
        26.88930583000183,
        28.19922423362732
    ],
    "Val_Joules": [
        380.62187615633013,
        707.8398079454898,
        970.3451369285584,
        1228.8808617830277,
        1557.1480021476748,
        1882.3476578116417,
        2537.2739656567574,
        2855.6871331632137,
        3516.1928615272045,
        3694.637336593866
    ],
    "Val_JoulesNormalized": [
        118.05626925826073,
        228.72734296917918,
        335.00710972547535,
        439.9847213804722,
        545.9961607933044,
        656.4468932390214,
        904.9185318887235,
        1001.0340214073659,
        1261.2292600274086,
        1361.875777608156
    ],
    "NrPatches": {
        "median": 0,
        "std": 0.0,
        "max": 0,
        "min": 0
    },
    "Correctness_Per_Patch": [
        "W",
        "W",
        "W",
        "W",
        "W",
        "W",
        "W",
        "W",
        "W",
        "W"
    ],
    "Correctness_Per_Patch_original": [
        "uncompilable",
        "uncompilable",
        "uncompilable",
        "uncompilable",
        "uncompilable",
        "uncompilable",
        "wrong",
        "uncompilable",
        "wrong",
        "uncompilable"
    ],
    "patches": [],
    "Correctness_Per_Patch_origina": [
        "uncompilable",
        "uncompilable",
        "uncompilable",
        "uncompilable",
        "uncompilable",
        "uncompilable",
        "wrong",
        "uncompilable",
        "wrong",
        "uncompilable"
    ]
}