{
    "TOOL_BUG_ID": "codet5_base-Closure-40",
    "Time": {
        "mean": 78.49697935581207,
        "median": 78.51405560970306,
        "std": 0.8558220409943254,
        "max": 79.87202215194702,
        "min": 77.29382085800171,
        "count": 6
    },
    "Joules": {
        "mean": 10220.873079194625,
        "median": 10342.011299210788,
        "std": 352.03301431663687,
        "max": 10598.327245610952,
        "min": 9781.973091977836,
        "count": 6
    },
    "JoulesNormalized": {
        "mean": 3734.6713715950655,
        "median": 3475.700456601382,
        "std": 422.8344040773563,
        "max": 4281.182335901261,
        "min": 3432.6253259301193,
        "count": 6
    },
    "NrExecutions": 6,
    "ExecutionsIds": [
        "s1",
        "s2",
        "s3",
        "s4",
        "s5",
        "s6"
    ],
    "ExecutionsInferenceIds": [
        "s0",
        "s1"
    ],
    "NrExecutionsInference": 2,
    "ExecutionTime_Per_PatchMedian": [
        3.7154245376586914,
        6.725180149078369,
        60.12409567832947,
        63.123985052108765,
        65.13405346870422,
        68.12455642223358,
        71.0834766626358,
        73.14400708675385,
        76.14375412464142,
        78.51405560970306
    ],
    "Joules_Per_PatchMedian": [
        1067.8350234746931,
        1469.6863992989063,
        7939.84537370801,
        8291.790383565425,
        8618.49381327629,
        9018.79749711156,
        9375.994600236416,
        9715.465050631763,
        10122.463848978283,
        10342.011299210788
    ],
    "JoulesNormalized_Per_PatchMedian": [
        154.83906300663952,
        192.7128849446774,
        3223.8500256896023,
        3261.56992610097,
        3295.19744026661,
        3332.7652368903164,
        3367.465814155341,
        3404.561387580634,
        3442.856447404624,
        3475.700456601382
    ],
    "Inf_ExecutionTime": {
        "mean": 0.735243558883667,
        "median": 0.735243558883667,
        "std": 0.06369838661584863,
        "max": 0.780285120010376,
        "min": 0.690201997756958,
        "count": 2
    },
    "Inf_Joules": {
        "mean": 670.2708213746548,
        "median": 670.2708213746548,
        "std": 57.08928996375453,
        "max": 710.6390454411508,
        "min": 629.9025973081589,
        "count": 2
    },
    "Inf_JoulesNormalized": {
        "mean": 116.81841921210292,
        "median": 116.81841921210292,
        "std": 6.654384806377088,
        "max": 121.5237798333169,
        "min": 112.11305859088895,
        "count": 2
    },
    "Val_ExecutionTime": [
        2.9801809787750244,
        5.989936590194702,
        59.3888521194458,
        62.3887414932251,
        64.39880990982056,
        67.38931286334991,
        70.34823310375214,
        72.40876352787018,
        75.40851056575775,
        77.7788120508194
    ],
    "Val_Joules": [
        397.5642021000384,
        799.4155779242515,
        7269.574552333355,
        7621.5195621907715,
        7948.222991901637,
        8348.526675736905,
        8705.72377886176,
        9045.194229257108,
        9452.193027603627,
        9671.740477836132
    ],
    "Val_JoulesNormalized": [
        38.020643794536596,
        75.89446573257447,
        3107.0316064774997,
        3144.751506888867,
        3178.3790210545067,
        3215.946817678214,
        3250.647394943238,
        3287.742968368531,
        3326.038028192521,
        3358.882037389279
    ],
    "NrPatches": {
        "median": 1,
        "std": 0.0,
        "max": 1,
        "min": 1
    },
    "Correctness_Per_Patch": [
        "W",
        "W",
        "C",
        "W",
        "W",
        "W",
        "W",
        "W",
        "W",
        "W"
    ],
    "Correctness_Per_Patch_original": [
        "uncompilable",
        "uncompilable",
        "plausible",
        "uncompilable",
        "uncompilable",
        "uncompilable",
        "uncompilable",
        "uncompilable",
        "uncompilable",
        "uncompilable"
    ],
    "patches": [
        "      JsName name = getName(ns.name, true);\n"
    ],
    "Correctness_Per_Patch_origina": [
        "uncompilable",
        "uncompilable",
        "plausible",
        "uncompilable",
        "uncompilable",
        "uncompilable",
        "uncompilable",
        "uncompilable",
        "uncompilable",
        "uncompilable"
    ]
}