{
    "TOOL_BUG_ID": "LlamaRepairCL7bdcuda-Closure-12",
    "Time": {
        "mean": 350.9350953102112,
        "median": 350.9350953102112,
        "std": 0,
        "max": 350.9350953102112,
        "min": 350.9350953102112,
        "count": 1
    },
    "Joules": {
        "mean": 44238.5336597085,
        "median": 44238.5336597085,
        "std": 0,
        "max": 44238.5336597085,
        "min": 44238.5336597085,
        "count": 1
    },
    "JoulesNormalized": {
        "mean": 19890.5033593893,
        "median": 19890.5033593893,
        "std": 0,
        "max": 19890.5033593893,
        "min": 19890.5033593893,
        "count": 1
    },
    "NrExecutions": 1,
    "ExecutionsIds": [
        "s4"
    ],
    "ExecutionsInferenceIds": [
        "s1_cuda",
        "s2_cuda",
        "s3_cuda",
        "s4_cuda",
        "s5_cuda"
    ],
    "NrExecutionsInference": 5,
    "ExecutionTime_Per_PatchMedian": [
        60.8385351896286,
        118.85784721374512,
        176.87715923786163,
        234.89647126197815,
        292.91578328609467,
        350.9350953102112
    ],
    "Joules_Per_PatchMedian": [
        9489.455958378316,
        16439.271498644353,
        23389.08703891039,
        30338.90257917643,
        37288.71811944246,
        44238.5336597085
    ],
    "JoulesNormalized_Per_PatchMedian": [
        3667.936330598592,
        6912.449736356733,
        10156.963142114875,
        13401.476547873017,
        16645.989953631157,
        19890.5033593893
    ],
    "Inf_ExecutionTime": {
        "mean": 2.81923508644104,
        "median": 2.819223165512085,
        "std": 0.06391939628645943,
        "max": 2.8799989223480225,
        "min": 2.7287800312042236,
        "count": 5
    },
    "Inf_Joules": {
        "mean": 2545.0406017065047,
        "median": 2539.640418112278,
        "std": 51.3113740293621,
        "max": 2595.5709187626835,
        "min": 2472.621795427799,
        "count": 5
    },
    "Inf_JoulesNormalized": {
        "mean": 417.5689640259742,
        "median": 423.4229248404504,
        "std": 15.385228437054849,
        "max": 434.76414709091205,
        "min": 397.5946569561961,
        "count": 5
    },
    "Val_ExecutionTime": [
        58.019312024116516,
        116.03862404823303,
        174.05793607234955,
        232.07724809646606,
        290.0965601205826,
        348.1158721446991
    ],
    "Val_Joules": [
        6949.815540266038,
        13899.631080532075,
        20849.446620798113,
        27799.26216106415,
        34749.077701330185,
        41698.89324159622
    ],
    "Val_JoulesNormalized": [
        3244.5134057581417,
        6489.0268115162835,
        9733.540217274425,
        12978.053623032567,
        16222.567028790707,
        19467.080434548847
    ],
    "NrPatches": {
        "median": 0,
        "std": 0.0,
        "max": 0,
        "min": 0
    },
    "Correctness_Per_Patch": [
        "W",
        "W",
        "W",
        "W",
        "W",
        "W",
        "W",
        "W",
        "W",
        "W"
    ],
    "Correctness_Per_Patch_original": [
        "wrong",
        "wrong",
        "wrong",
        "wrong",
        "wrong",
        "wrong",
        "uncompilable",
        "uncompilable",
        "wrong",
        "wrong"
    ],
    "patches": [
        "  private boolean hasExceptionHandler(Node cfgNode) {\n// buggy code\n// \n    return false;\n  }\n",
        "  private boolean hasExceptionHandler(Node cfgNode) {\n// buggy code\n// \n   if (cfgNode == null) {\n      return false;\n    }\n    return false;\n  }\n",
        "  private boolean hasExceptionHandler(Node cfgNode) {\n// buggy code\n// \n   if (cfgNode == null) {\n      return true;\n    }\n    return false;\n  }\n",
        "  private boolean hasExceptionHandler(Node cfgNode) {\n// buggy code\n// \n   for (Node child : cfgNode.children()) {\n      if (child.isExceptionHandler()) {\n        return true;\n      }\n    }\n    return false;\n  }\n",
        "  private boolean hasExceptionHandler(Node cfgNode) {\n// buggy code\n// \n   if (cfgNode.getExceptionHandlers() != null) {\n      return true;\n    }\n    return false;\n  }\n",
        "  private boolean hasExceptionHandler(Node cfgNode) {\n// buggy code\n// \n   if (cfgNode.getFirstChild() != null) {\n      return true;\n    }\n    return false;\n  }\n",
        "  private boolean hasExceptionHandler(Node cfgNode) {\n// buggy code\n// \n }\n    return false;\n  }\n",
        "  private boolean hasExceptionHandler(Node cfgNode) {\n// buggy code\n// \n   if (cfgNode == null) {\n      return false;\n    }\n    if (cfgNode.getFirstChild() != null) {\n      return true;\n    }\n    return false;\n  }\n",
        "  private boolean hasExceptionHandler(Node cfgNode) {\n// buggy code\n// \n   if (cfgNode == null) {\n      return false;\n    }\n    if (cfgNode.getExceptionHandlers() != null) {\n      return true;\n    }\n    return false;\n  }\n",
        "  private boolean hasExceptionHandler(Node cfgNode) {\n// buggy code\n// \n   if (cfgNode == null) return false;\n    return false;\n  }\n"
    ]
}