{
    "Group_ID": "s_1223_1224",
    "TOOL_BUG_ID": "TBar10C-Chart-12",
    "patch_correctness": true,
    "ExecutionsIds": [
        "1223",
        "1224"
    ],
    "NrExecutions": 2,
    "NrOutliers": 0,
    "SLB": {
        "median": 63.75,
        "std": 0.6363961030678968,
        "max": 64.2,
        "min": 63.3
    },
    "PowerAvg": {
        "median": 113.1,
        "std": 0.848528137423859,
        "max": 113.7,
        "min": 112.5
    },
    "Time": {
        "median": 120.0472561120987,
        "std": 108.98462981992255,
        "max": 214.91510701179504,
        "min": 25.519248485565186
    },
    "Joules": {
        "median": 13769.998451733589,
        "std": 12502.900204789865,
        "max": 24694.41936854124,
        "min": 2963.8425368905064
    },
    "JoulesNormalized": {
        "median": 6141.786334389447,
        "std": 5555.096229668293,
        "max": 10956.031102156641,
        "min": 1325.5067841172217
    },
    "NrPatches": {
        "median": 20.0,
        "std": 11.547005383792516,
        "max": 30,
        "min": 10
    },
    "Joules_Per_PatchMedian": [
        1316.3342637360095,
        1364.5233097970483,
        1413.8773259103295,
        1462.0451527595517,
        1510.4545257151124,
        1558.559980678558,
        1607.063663202524,
        1655.5386965930459,
        1706.8872776687142,
        2971.84103217721
    ],
    "ExecutionTime_Per_PatchMedian": [
        11.460015892982483,
        11.859886884689331,
        12.269710421562195,
        12.670002460479736,
        13.069877982139587,
        13.469733476638794,
        13.870024919509888,
        14.269756436347961,
        14.689627408981323,
        25.74932289123535
    ],
    "JoulesNormalized_Per_PatchMedian": [
        585.8123959362506,
        608.5095983088015,
        631.7327768862247,
        654.3821442365645,
        677.2993908345697,
        699.9139988541601,
        722.8992708742617,
        745.8913667976856,
        770.4731027185916,
        1330.4252313435077
    ],
    "Correctness_Per_Patch": [
        "W",
        "W",
        "W",
        "W",
        "W",
        "W",
        "W",
        "W",
        "W",
        "W"
    ],
    "Correctness_Per_Patch_original": [
        "uncompilable",
        "uncompilable",
        "uncompilable",
        "uncompilable",
        "uncompilable",
        "uncompilable",
        "uncompilable",
        "uncompilable",
        "uncompilable",
        "uncompilable"
    ]
}