{
    "Group_ID": "s_1223_1224",
    "TOOL_BUG_ID": "TBar10C-Closure-18",
    "patch_correctness": true,
    "ExecutionsIds": [
        "1223",
        "1224"
    ],
    "NrExecutions": 2,
    "NrOutliers": 0,
    "SLB": {
        "median": 62.7,
        "std": 0.0,
        "max": 62.7,
        "min": 62.7
    },
    "PowerAvg": {
        "median": 108.35,
        "std": 0.7778174593052083,
        "max": 108.9,
        "min": 107.8
    },
    "Time": {
        "median": 5767.68047952652,
        "std": 5714.56591818089,
        "max": 10720.140585184097,
        "min": 816.7035191059113
    },
    "Joules": {
        "median": 647732.4025818349,
        "std": 645719.8256441115,
        "max": 1221252.1856185433,
        "min": 93011.0205616355
    },
    "JoulesNormalized": {
        "median": 286098.8365155221,
        "std": 287472.1790064814,
        "max": 549099.3709275004,
        "min": 41803.70991369486
    },
    "NrPatches": {
        "median": 76.5,
        "std": 79.16438593205912,
        "max": 151,
        "min": 10
    },
    "Joules_Per_PatchMedian": [
        9289.725901699067,
        18858.04642519355,
        28449.265790104866,
        37678.8224014759,
        46920.73287048339,
        56119.921422773594,
        65680.06994346976,
        74896.65517144202,
        84101.00276767014,
        93263.90956705809
    ],
    "ExecutionTime_Per_PatchMedian": [
        81.88844645023346,
        167.21631944179535,
        251.72431182861328,
        332.6627722978592,
        413.490882396698,
        493.98904156684875,
        577.8276586532593,
        658.555567741394,
        739.0844826698303,
        819.0927926301956
    ],
    "JoulesNormalized_Per_PatchMedian": [
        4155.320309269428,
        8373.58319619298,
        12666.151438450814,
        16820.866578400135,
        20994.854544210437,
        25146.808516532183,
        29450.275745910403,
        33605.22107405662,
        37760.40570427179,
        41906.791469144824
    ],
    "Correctness_Per_Patch": [
        "W",
        "W",
        "W",
        "W",
        "W",
        "W",
        "W",
        "W",
        "W",
        "W"
    ],
    "Correctness_Per_Patch_original": [
        "uncompilable",
        "uncompilable",
        "uncompilable",
        "uncompilable",
        "uncompilable",
        "uncompilable",
        "uncompilable",
        "uncompilable",
        "uncompilable",
        "uncompilable"
    ]
}