{
    "TOOL_BUG_ID": "codet5_small-Time-19",
    "Time": {
        "mean": 61.181454515457155,
        "median": 51.39425504207611,
        "std": 22.47990424679473,
        "max": 101.39143562316895,
        "min": 50.793965220451355,
        "count": 5
    },
    "Joules": {
        "mean": 7294.012018270492,
        "median": 6337.2455804169185,
        "std": 2324.516602005005,
        "max": 11444.16488302946,
        "min": 6028.331218665839,
        "count": 5
    },
    "JoulesNormalized": {
        "mean": 3184.6054980444906,
        "median": 2846.233530557156,
        "std": 937.8011469708679,
        "max": 4843.4709569215765,
        "min": 2536.497088289261,
        "count": 5
    },
    "NrExecutions": 5,
    "ExecutionsIds": [
        "s0",
        "s1",
        "s2",
        "s3",
        "s4"
    ],
    "ExecutionsInferenceIds": [
        "s0",
        "s1"
    ],
    "NrExecutionsInference": 2,
    "ExecutionTime_Per_PatchMedian": [
        10.49496304988861,
        13.475008130073547,
        16.474923968315125,
        26.57453203201294,
        29.554688930511475,
        32.55456900596619,
        42.654177069664,
        45.65407311916351,
        48.654133439064026,
        51.39425504207611
    ],
    "Joules_Per_PatchMedian": [
        1439.9560479819775,
        1824.2760559380054,
        2212.877772325277,
        3324.4565317749975,
        3712.1516744852065,
        4099.242515218258,
        5210.821274667978,
        5597.120349663496,
        5981.430374866724,
        6337.2455804169185
    ],
    "JoulesNormalized_Per_PatchMedian": [
        511.46924091577523,
        708.4434835076331,
        908.2153118491173,
        1389.5488358497619,
        1588.5668182730674,
        1786.979988837242,
        2268.3135128378867,
        2465.9280042648315,
        2662.7467796683313,
        2846.233530557156
    ],
    "Inf_ExecutionTime": {
        "mean": 0.3953549861907959,
        "median": 0.3953549861907959,
        "std": 0.007187217782865738,
        "max": 0.4004371166229248,
        "min": 0.390272855758667,
        "count": 2
    },
    "Inf_Joules": {
        "mean": 328.37728853225707,
        "median": 328.37728853225707,
        "std": 3.1484895674121733,
        "max": 330.6036068558693,
        "min": 326.1509702086448,
        "count": 2
    },
    "Inf_JoulesNormalized": {
        "mean": 30.135716915130587,
        "median": 30.135716915130587,
        "std": 0.7080216543977315,
        "max": 30.63636382818214,
        "min": 29.635070002079033,
        "count": 2
    },
    "Val_ExecutionTime": [
        10.099608063697815,
        13.079653143882751,
        16.07956898212433,
        26.179177045822144,
        29.15933394432068,
        32.15921401977539,
        42.258822083473206,
        45.25871813297272,
        48.25877845287323,
        50.998900055885315
    ],
    "Val_Joules": [
        1111.5787594497203,
        1495.8987674057482,
        1884.5004837930198,
        2996.0792432427406,
        3383.7743859529496,
        3770.865226686001,
        4882.443986135721,
        5268.743061131239,
        5653.0530863344675,
        6008.868291884662
    ],
    "Val_JoulesNormalized": [
        481.3335240006446,
        678.3077665925025,
        878.0795949339866,
        1359.4131189346313,
        1558.4311013579368,
        1756.8442719221114,
        2238.177795922756,
        2435.792287349701,
        2632.6110627532007,
        2816.0978136420254
    ],
    "NrPatches": {
        "median": 2,
        "std": 0.0,
        "max": 2,
        "min": 2
    },
    "Correctness_Per_Patch": [
        "C",
        "W",
        "W",
        "I",
        "W",
        "W",
        "W",
        "W",
        "W",
        "W"
    ],
    "Correctness_Per_Patch_original": [
        "plausible",
        "wrong",
        "wrong",
        "plausible",
        "wrong",
        "wrong",
        "wrong",
        "wrong",
        "wrong",
        "wrong"
    ],
    "patches": [
        "    } else if (offsetLocal >= 0) {\n",
        "    } else if (offsetLocal < instantAdjusted) {\n"
    ],
    "Correctness_Per_Patch_origina": [
        "plausible",
        "wrong",
        "wrong",
        "plausible",
        "wrong",
        "wrong",
        "wrong",
        "wrong",
        "wrong",
        "wrong"
    ]
}