{
    "TOOL_BUG_ID": "plbart_large-Math-57",
    "Time": {
        "mean": 192.94400465488434,
        "median": 192.94400465488434,
        "std": 0.0,
        "max": 192.94400465488434,
        "min": 192.94400465488434,
        "count": 5
    },
    "Joules": {
        "mean": 21379.4760494113,
        "median": 21379.4760494113,
        "std": 0.0,
        "max": 21379.4760494113,
        "min": 21379.4760494113,
        "count": 5
    },
    "JoulesNormalized": {
        "mean": 9286.542724072933,
        "median": 9286.542724072933,
        "std": 0.0,
        "max": 9286.542724072933,
        "min": 9286.542724072933,
        "count": 5
    },
    "NrExecutions": 5,
    "ExecutionsIds": [
        "s0",
        "s1",
        "s2",
        "s3",
        "s4"
    ],
    "ExecutionsInferenceIds": [
        "s0",
        "s1"
    ],
    "NrExecutionsInference": 2,
    "ExecutionTime_Per_PatchMedian": [
        19.429445505142212,
        38.70884096622467,
        57.98823642730713,
        77.26763188838959,
        96.54702734947205,
        115.8264228105545,
        135.10581827163696,
        154.38521373271942,
        173.66460919380188,
        192.94400465488434
    ],
    "Joules_Per_PatchMedian": [
        2246.4057994008067,
        4372.302493846417,
        6498.1991882920265,
        8624.095882737636,
        10749.992577183246,
        12875.889271628856,
        15001.785966074465,
        17127.682660520077,
        19253.57935496569,
        21379.4760494113
    ],
    "JoulesNormalized_Per_PatchMedian": [
        936.3800252854824,
        1864.1758807063102,
        2791.971736127138,
        3719.767591547966,
        4647.563446968794,
        5575.359302389622,
        6503.15515781045,
        7430.951013231278,
        8358.746868652106,
        9286.542724072933
    ],
    "Inf_ExecutionTime": {
        "mean": 0.15005004405975342,
        "median": 0.15005004405975342,
        "std": 0.028158309490128302,
        "max": 0.16996097564697266,
        "min": 0.13013911247253418,
        "count": 2
    },
    "Inf_Joules": {
        "mean": 120.50910495519636,
        "median": 120.50910495519636,
        "std": 23.185368897685493,
        "max": 136.90363652706145,
        "min": 104.11457338333129,
        "count": 2
    },
    "Inf_JoulesNormalized": {
        "mean": 8.584169864654527,
        "median": 8.584169864654527,
        "std": 0.7796604904143695,
        "max": 9.135473084449757,
        "min": 8.032866644859297,
        "count": 2
    },
    "Val_ExecutionTime": [
        19.27939546108246,
        38.55879092216492,
        57.838186383247375,
        77.11758184432983,
        96.39697730541229,
        115.67637276649475,
        134.9557682275772,
        154.23516368865967,
        173.51455914974213,
        192.79395461082458
    ],
    "Val_Joules": [
        2125.89669444561,
        4251.79338889122,
        6377.69008333683,
        8503.58677778244,
        10629.48347222805,
        12755.38016667366,
        14881.27686111927,
        17007.17355556488,
        19133.070250010493,
        21258.966944456104
    ],
    "Val_JoulesNormalized": [
        927.7958554208278,
        1855.5917108416556,
        2783.3875662624832,
        3711.1834216833113,
        4638.979277104139,
        5566.775132524967,
        6494.570987945795,
        7422.3668433666235,
        8350.162698787452,
        9277.958554208279
    ],
    "NrPatches": {
        "median": 4,
        "std": 0.0,
        "max": 4,
        "min": 4
    },
    "Correctness_Per_Patch": [
        "C",
        "W",
        "C",
        "W",
        "C",
        "W",
        "W",
        "W",
        "I",
        "W"
    ],
    "Correctness_Per_Patch_original": [
        "plausible",
        "wrong",
        "plausible",
        "wrong",
        "plausible",
        "uncompilable",
        "uncompilable",
        "uncompilable",
        "plausible",
        "uncompilable"
    ],
    "patches": [
        "double sum = 0;",
        "double sum = 0d;",
        "float sum = 0;",
        "int sum = -1;"
    ],
    "Correctness_Per_Patch_origina": [
        "plausible",
        "wrong",
        "plausible",
        "wrong",
        "plausible",
        "uncompilable",
        "uncompilable",
        "uncompilable",
        "plausible",
        "uncompilable"
    ]
}