{
    "TOOL_BUG_ID": "codet5_small-Mockito-28",
    "Time": {
        "mean": 141.01736092567444,
        "median": 141.01736092567444,
        "std": 0.0,
        "max": 141.01736092567444,
        "min": 141.01736092567444,
        "count": 5
    },
    "Joules": {
        "mean": 17446.881587356325,
        "median": 17446.881587356325,
        "std": 0.0,
        "max": 17446.881587356325,
        "min": 17446.881587356325,
        "count": 5
    },
    "JoulesNormalized": {
        "mean": 8435.930538743734,
        "median": 8435.930538743734,
        "std": 0.0,
        "max": 8435.930538743734,
        "min": 8435.930538743734,
        "count": 5
    },
    "NrExecutions": 5,
    "ExecutionsIds": [
        "s0",
        "s1",
        "s2",
        "s3",
        "s4"
    ],
    "ExecutionsInferenceIds": [
        "s0",
        "s1"
    ],
    "NrExecutionsInference": 2,
    "ExecutionTime_Per_PatchMedian": [
        14.390039443969727,
        28.459741830825806,
        42.529444217681885,
        56.599146604537964,
        70.66884899139404,
        84.73855137825012,
        98.8082537651062,
        112.87795615196228,
        126.94765853881836,
        141.01736092567444
    ],
    "Joules_Per_PatchMedian": [
        1977.9636500656607,
        3696.732309764624,
        5415.500969463587,
        7134.269629162551,
        8853.038288861513,
        10571.806948560476,
        12290.575608259438,
        14009.3442679584,
        15728.112927657363,
        17446.881587356325
    ],
    "JoulesNormalized_Per_PatchMedian": [
        859.5491933047772,
        1701.3693427979947,
        2543.1894922912124,
        3385.0096417844297,
        4226.829791277647,
        5068.649940770864,
        5910.470090264082,
        6752.290239757299,
        7594.110389250516,
        8435.930538743734
    ],
    "Inf_ExecutionTime": {
        "mean": 0.32033705711364746,
        "median": 0.32033705711364746,
        "std": 0.1842508488241648,
        "max": 0.4506220817565918,
        "min": 0.19005203247070312,
        "count": 2
    },
    "Inf_Joules": {
        "mean": 259.19499036669737,
        "median": 259.19499036669737,
        "std": 153.31213079657775,
        "max": 367.6030376911164,
        "min": 150.7869430422783,
        "count": 2
    },
    "Inf_JoulesNormalized": {
        "mean": 17.72904381155972,
        "median": 17.72904381155972,
        "std": 13.462090566900674,
        "max": 27.24817934036264,
        "min": 8.2099082827568,
        "count": 2
    },
    "Val_ExecutionTime": [
        14.069702386856079,
        28.139404773712158,
        42.20910716056824,
        56.278809547424316,
        70.3485119342804,
        84.41821432113647,
        98.48791670799255,
        112.55761909484863,
        126.62732148170471,
        140.6970238685608
    ],
    "Val_Joules": [
        1718.7686596989633,
        3437.5373193979267,
        5156.30597909689,
        6875.074638795853,
        8593.843298494816,
        10312.611958193778,
        12031.38061789274,
        13750.149277591703,
        15468.917937290666,
        17187.686596989628
    ],
    "Val_JoulesNormalized": [
        841.8201494932175,
        1683.640298986435,
        2525.4604484796528,
        3367.28059797287,
        4209.100747466087,
        5050.920896959305,
        5892.741046452522,
        6734.561195945739,
        7576.3813454389565,
        8418.201494932175
    ],
    "NrPatches": {
        "median": 0,
        "std": 0.0,
        "max": 0,
        "min": 0
    },
    "Correctness_Per_Patch": [
        "W",
        "W",
        "W",
        "W",
        "W",
        "W",
        "W",
        "W",
        "W",
        "W"
    ],
    "Correctness_Per_Patch_original": [
        "wrong",
        "wrong",
        "uncompilable",
        "uncompilable",
        "uncompilable",
        "uncompilable",
        "uncompilable",
        "uncompilable",
        "uncompilable",
        "uncompilable"
    ],
    "patches": [],
    "Correctness_Per_Patch_origina": [
        "wrong",
        "wrong",
        "uncompilable",
        "uncompilable",
        "uncompilable",
        "uncompilable",
        "uncompilable",
        "uncompilable",
        "uncompilable",
        "uncompilable"
    ]
}