{
    "sleep": {
        "executionIdentifier": "sleep_codet5-small",
        "joules": 7588.198925292492,
        "timeExecution": 9.989100933074951,
        "Wh": 2.10783303480347,
        "samples": 1000,
        "joulesNormalized": 7588.198925292492
    },
    "ft": {
        "executionIdentifier": "ftcodet5-small",
        "joules": 6027622.859017967,
        "timeExecution": 7004.991958141327,
        "Wh": 1674.3396830605463,
        "samples": 699461,
        "joulesNormalized": 706128.7096904162
    },
    "c": 104400,
    "t": 104429,
    "timeExecution": 7006.93778924081,
    "joulesNormalized": 706324.8565542191,
    "joules": 6029297.198701028
}