{
    "sleep": {
        "executionIdentifier": "sleep_plbart_base",
        "joules": 7574.943829452992,
        "timeExecution": 9.987107038497925,
        "Wh": 2.1041510637369423,
        "samples": 1000,
        "joulesNormalized": 7574.943829452992
    },
    "ft": {
        "executionIdentifier": "ftplbart_base",
        "joules": 7179931.129842116,
        "timeExecution": 7683.993121147156,
        "Wh": 1994.4253138450322,
        "samples": 767446,
        "joulesNormalized": 1351646.9362299852
    },
    "c": 109200,
    "t": 109929,
    "timeExecution": 7735.290108192176,
    "joulesNormalized": 1360670.293524048,
    "joules": 7227863.087659468
}